doc_id,primary_link,duplicates,hash_value,ftype
1,https://workdrive.zoho.in/file/fh79na2ee59b5947444e587f5ee3ef3646100,"https://workdrive.zoho.in/file/pabggb419de88bc864f8886541711380fb814,https://workdrive.zoho.in/file/fh79nf6fe06c090e247dca76a4a585d515bc2,https://workdrive.zoho.in/file/lpjr97069527d1c284dbdade0facf9e9631f0,https://workdrive.zoho.in/file/shhinbdbaf285f2f64f01b73dd75fe75462ea,https://workdrive.zoho.in/file/pw6rd7ef9cd6c3e4f4fb091b457fe3607df26,https://workdrive.zoho.in/file/ottdw0f92b729ca3d4314ad4f0c422dc9f0b3,https://workdrive.zoho.in/file/ottdw594b9a66f4b646f59c5b09bcac6654c8,https://workdrive.zoho.in/file/bhhqu540a093148284d0490750e9dc1db62f8,https://workdrive.zoho.in/file/jw0g3ef60d54230c544eaaeb6a316e51b20ce,https://workdrive.zoho.in/file/stxepbedd386b1591449e8284cff38f9c40d0,https://workdrive.zoho.in/file/im5rbdaff1034601c4455becf75df0e8bea77,https://workdrive.zoho.in/file/1etqy25fc4e997600442f940282e19146e7b6,https://workdrive.zoho.in/file/6fmw051cb6a85141c4382a8ae169d5a8b6a6c,https://workdrive.zoho.in/file/wdkrcbf7dfd790ecf44b7ad98793780dd54a2,https://workdrive.zoho.in/file/wdkrc1137608782c448a4973903bb546bf460,https://workdrive.zoho.in/file/iwnoja077fec544634a3a91a6fd11500b9977,https://workdrive.zoho.in/file/x4lgi486f09eecae4400dbd570609647e3965,https://workdrive.zoho.in/file/iwnoj8ad97a6143bf47de8639ae67d4d760b4,https://workdrive.zoho.in/file/jw0g37e2947b15d10427cb4e30fa9e8bac7b6,https://workdrive.zoho.in/file/mjszod410499740634b4594f2c3fc3ec245c1,https://workdrive.zoho.in/file/9rfbo3d928b2413c74410ab034e9c30a4d4b4,https://workdrive.zoho.in/file/up1lz578f46bfb2e049e8a0496a9624459f8b,https://workdrive.zoho.in/file/8r5l9101618f8bfeb48d491b662b376e84f70,https://workdrive.zoho.in/file/8r5l9101618f8bfeb48d491b662b376e84f70,https://workdrive.zoho.in/file/2ta2qdd5bd45f3c0641dea995a4c4f6393046,https://workdrive.zoho.in/file/88tepef602ab39088432c8b6ccd58509d5d02,https://workdrive.zoho.in/file/p7iy55bfdc40116a84dfc9daadc974d876ef8,https://workdrive.zoho.in/file/h18q4fd583e163ddf48ce87858914b8dfdc5e,https://workdrive.zoho.in/file/tq6e2e7273733645d4024ae4117ac8241193b,https://workdrive.zoho.in/file/h8u2hc8a61745c9e44958b47d33708cb92827,https://workdrive.zoho.in/file/tfuwl506f0f260c3e47228cb29926006ab530,https://workdrive.zoho.in/file/uapvbdbd543e0b6d4462dbdf23dde8d206f7f,https://workdrive.zoho.in/file/j85fx482edbdc034b4558a2f62b767d119774,https://workdrive.zoho.in/file/gnb8bb4b55ff170af446097f74d20ea9f28ea,https://workdrive.zoho.in/file/vj2t6f6306f62a6af4152b81a755e97d06f31,https://workdrive.zoho.in/file/o7ct87f828982b075496c935e00bc55d91bc6,https://workdrive.zoho.in/file/wtnfrc44ab3f0e98b4ba2b2ae348d94eadf17,https://workdrive.zoho.in/file/ocdz1053b18dec6c5438e9fb3096ab01be139,https://workdrive.zoho.in/file/xww6726a7a56000464ec5adc624466a848762,https://workdrive.zoho.in/file/hzqan572596b971894d44b09894e376fca449,https://workdrive.zoho.in/file/tpafi92261ddec19e486e9ff909e6cae07332,https://workdrive.zoho.in/file/qkmh612ced939b8804497b9a9f8a23e7c6013,https://workdrive.zoho.in/file/0nbai0b319e04e19c49d8aa6bdbab27cf9e97,https://workdrive.zoho.in/file/xfzrx7c401f881e9a4cb3883ae2dd940b125b",b736d2cbc829383c|b91ec7c79cb19190|bd21c05dc2c2ed4f,pdf
2,https://workdrive.zoho.in/file/4xdjh3f920bba2ec44ecab526118c15e31715,"https://workdrive.zoho.in/file/shhin6f3869a678744ca490867a362d7e08e8,https://workdrive.zoho.in/file/ojjbq7f48e4ffc3a54b6ca54cdbf8da7fb5f5,https://workdrive.zoho.in/file/jzztxca6f836ad91f43f8887e5ee6ba6e2c21,https://workdrive.zoho.in/file/bb9igf13aca6dd2bf45f7ab748688177f584a,https://workdrive.zoho.in/file/b2seff15f5be4c97f496494902d6305fc7bbd,https://workdrive.zoho.in/file/b2sef7ca8259af68046efbae60d387e54e3a9,https://workdrive.zoho.in/file/kkv2zc1784c7f331f402c83ed0bb3105acc9f,https://workdrive.zoho.in/file/du5hqc88677e686a840f69cf4b7ab009a6a3e,https://workdrive.zoho.in/file/cpg4j19a13a49e955497d99a56e8f1fb3964a",beb0c1c1947ac56e|bec33c3cc13cc338|b26149cfc39e9c34,pdf
3,https://workdrive.zoho.in/file/shhin21d291151d9547f89c34e09509f5ed5a,https://workdrive.zoho.in/file/krmj7b70ed5bdfac94477950b05f90e46afca,bfc2cc2f059de062|b799896668c9e692|af93936c92936c92,pdf
4,https://workdrive.zoho.in/file/qpkuu9ad3b66f19d34ac49edf38991622849d,"https://workdrive.zoho.in/file/cg2nn4e1f6a5fe24c4656a01d106fe858bea4,https://workdrive.zoho.in/file/qpkuu533c6754675d47cb8918d40110412f6d,https://workdrive.zoho.in/file/8ro2y99da032927ed4adc95a5b0af800ba68b,https://workdrive.zoho.in/file/ue0u09c2945d28b9345229e8a55ab7ca5d5f7,https://workdrive.zoho.in/file/8boq949c2499459ae4330a3a1f6cf479ebfcc,https://workdrive.zoho.in/file/q5ix528cad8bfdafa45738fe49b93a06e08f4,https://workdrive.zoho.in/file/tq6e206aa91494bf34669acb01394306c3cfd,https://workdrive.zoho.in/file/gnb8b48936eac6ad9432c9be155dcee06f024",ee6e9091954d6c6a|f1c62baa26714739|9b5e84a53b4ac4b5,pdf
5,https://workdrive.zoho.in/file/ottdweda5536144354ab7b92466e382b47e7b,,900c7f5b0c00f3ff|f2d852d6c872687a|bfb078b03f19d038,pdf
6,https://workdrive.zoho.in/file/mp021ac112f57db8f4bc3a4e8a077facb54ce,https://workdrive.zoho.in/file/z1hradb58b65028b0408d81d755f9ffed3ff5,a21d5db062dd9da2|807f7f41407f7f00,pdf
7,https://workdrive.zoho.in/file/cg2nna230b909fcdb4dcb981a3ffb46212845,https://workdrive.zoho.in/file/qpkuu608da4eb3f374e0da8c5244015a3f894,bf4a823d526a2fd0|bfb52fa1346ab00a|fe6b2ba0d4d0892b,pdf
8,https://workdrive.zoho.in/file/cg2nnaccbb127f65242d5921df214d6e79283,,ba4b4e30d195853f|fed0c0d4852f852f|bf3e3f8540e08566,pdf
9,https://workdrive.zoho.in/file/cg2nne74e2495ebd04003a73a25e12daa8d42,https://workdrive.zoho.in/file/rj234f5604a757d504faf9fcd06e20ee0bea4,fa6a5a2f05851772|be2fd0a5d029d495|ebbc782b94c3902e,pdf
10,https://workdrive.zoho.in/file/cg2nn35a3eb9730ed4b06a64d9cf348aba96f,,afc12f6bd4d0d0c2|bf6ae18181956795|bf8129954be56985,pdf
11,https://workdrive.zoho.in/file/cg2nn68b52cc28f6c43c1b4afed57b3d40470,,af3f36c0383070ed|bc37c5c0c2c88f2f|bd98d02dc02fc793,pdf
12,https://workdrive.zoho.in/file/4xdjh274d17ed8ef84173801ad48cf675d628,https://workdrive.zoho.in/file/0fhvia097babec6a54d49af1e3064b51329aa,bf2f85c39195c0f0|eb18d8729d8d324b|bac12fd08763d03e,pdf
13,https://workdrive.zoho.in/file/zu51z017009dab74f4feab313d2d39f0cd74e,"https://workdrive.zoho.in/file/ottdwe36d89c699334efd8ac7aacd58ffd8af,https://workdrive.zoho.in/file/zu51z60c26bca89f14645856dff21c6fd52ed,https://workdrive.zoho.in/file/zu51z490f95b8994240ca97f00459bebb792f,https://workdrive.zoho.in/file/zu51z6c42d5d1a42246bfbcbd77224af68e34,https://workdrive.zoho.in/file/zu51zc39f2af10cda4c5d8b47b3f4a7ff9d93,https://workdrive.zoho.in/file/zu51z3a7139b114ac40d797e17d004385c2d1,https://workdrive.zoho.in/file/v6hjg808b575a4a4845ee88f998dc7637aa56,https://workdrive.zoho.in/file/zu51zba394bd40e72460c82dbfd64a7ebdb18,https://workdrive.zoho.in/file/1x1sb39276a470e7949da9ef2644410ad1335,https://workdrive.zoho.in/file/1x1sb39276a470e7949da9ef2644410ad1335,https://workdrive.zoho.in/file/zu51z06be85c5fc96429e890c9f117fef21c8,https://workdrive.zoho.in/file/zu51z6e329f09156f4c31acf7337a7c076089,https://workdrive.zoho.in/file/bvye67330e44846e148ef877dbdab6d9e7e29",80d67f8fc1630df0|d500000000000000|a72d33c6d8d2c869,pdf
14,https://workdrive.zoho.in/file/4xdjhbb4382b8d9f245819a8698be99a6d90c,"https://workdrive.zoho.in/file/2yn4m4b1e8b3fb4c644a5a866dd47dc22244b,https://workdrive.zoho.in/file/hzqan274ea89d059f44f3a0eb7a1029f7709f",eb87870d032b0f2f|ab6efc3001c47a2f,pdf
15,https://workdrive.zoho.in/file/4xdjh87b58c5b181e4e4ca17223508c14514d,,bf2fc09517689ce0,pdf
16,https://workdrive.zoho.in/file/4xdjh29a877e36be04caab839917325170255,"https://workdrive.zoho.in/file/shhinef5acae67d3a4aeeb697868f231157e4,https://workdrive.zoho.in/file/shhin4a9f4f70bd0145539908e3de3b5053c5,https://workdrive.zoho.in/file/fh79n8252ffa02a3a49cfb99bbec3206a0a92,https://workdrive.zoho.in/file/fh79n8252ffa02a3a49cfb99bbec3206a0a92,https://workdrive.zoho.in/file/wtnfrba2bdfbd668f4bd8bf7bab332a94cc35,https://workdrive.zoho.in/file/stxep1dda1fb9e8eb4637aa8e6c610cb6f4a6,https://workdrive.zoho.in/file/1etqy9e473853e0d94f88ae33bc28244fd30a,https://workdrive.zoho.in/file/6fmw0f54d2893d3e24d509122a23b020fb0eb,https://workdrive.zoho.in/file/6fmw02ad1a94676544610bde690375553d0b0,https://workdrive.zoho.in/file/wdkrcf37a72b596cd4f8d95b4682c8fc87bdf,https://workdrive.zoho.in/file/wdkrc02118f53cb57436a81b24faf33ff77eb,https://workdrive.zoho.in/file/wdkrc60beedd1797547d08fc72caaae84a3ba,https://workdrive.zoho.in/file/scxnnbfac64e0112242dba9bd0b90f3fe6b95,https://workdrive.zoho.in/file/fdy6bf30fee03ea614aeaa68d610201a4c653,https://workdrive.zoho.in/file/3osm7def4041c8b894ae9b4a1f9cc3b72b6c3,https://workdrive.zoho.in/file/jw0g38e7d67aeb0f047419b2aef0e842e99ca,https://workdrive.zoho.in/file/88tep9af4307ad4a5440ca24750b2396f7a2c,https://workdrive.zoho.in/file/6jryn803f168822534c8bb81545ea5fda152d,https://workdrive.zoho.in/file/6jryn377dc77ad782409286b9ba0ca3571ebd,https://workdrive.zoho.in/file/p7iy5959bb4d8028b4048adab70eca1b34126,https://workdrive.zoho.in/file/uapvbeefb444e055b4d2489977e9449d52c22,https://workdrive.zoho.in/file/du5hqe4d42d61431c416aa5bf92376ffc214c,https://workdrive.zoho.in/file/5zxrp3dbc75c5145a4a5c8f8907305b84a136,https://workdrive.zoho.in/file/sxemb3f15e532d2b44c709f10f72431ba0897,https://workdrive.zoho.in/file/fdt9e1fd14c5038ba4502ac1e0c5d312ab228,https://workdrive.zoho.in/file/o7ct8bded40d512c240af9085a94974210e95,https://workdrive.zoho.in/file/tpafi8c7716e5d2414aaaab76f5132c6cb46e,https://workdrive.zoho.in/file/pu62r5ba7cb7de01d40a18ff096a6d4f926dd,https://workdrive.zoho.in/file/xfzrxeee8609bf151465f87c443930408bef9",b6669bcbcc398c90|bc66e3bcb191c2c2|bc2cc338c73cf0b8,pdf
17,https://workdrive.zoho.in/file/4xdjhd43412223b6b40d7ad79a15796e70288,,f93b8e8e4a1b1386|e94e4e13876b1a5a|ea8f32950d1a976a,pdf
18,https://workdrive.zoho.in/file/4xdjh621cb1976ce3444fa01c8b33a5cc7894,,f82568692d7827b6|fa85b5c387c28f28|fa78a542a57887c3,pdf
19,https://workdrive.zoho.in/file/4xdjhe0d823c39a5d417487eb6e3a54153304,,be34e0c1c379d199|be3e60c5859d91e1,pdf
20,https://workdrive.zoho.in/file/4xdjhfa4786ce7bb74b57bf3a7fb37f451722,,bd13d074c28fe4d2|ea679c6685b195d0|bf3fc0c8c8f096d0,pdf
21,https://workdrive.zoho.in/file/4xdjh8fc94add48b947b38275daef4c2c6ade,,9e1fe1e1e0e078b8|b990629f6295629f|9f1e1fc3e0c360f0,pdf
22,https://workdrive.zoho.in/file/qpkuudbf812a0241e45089dd523a8a359dbf1,,ee62429f9d8d811d|bece853f688485ca,pdf
23,https://workdrive.zoho.in/file/qpkuuc35ccf05b2e54676a1a309ed033a560d,,8f0fc07870871f2f|ef6b0fca84d484b4,pdf
24,https://workdrive.zoho.in/file/4xdjh832c3bdc732345cf9cf97350da119a51,,bfb7e06ac0c64ac1|9f1f1fe0e0e0603e|a963396339633963,pdf
25,https://workdrive.zoho.in/file/qpkuu4754d52c5df74af699d882a093b9c177,,f6a44a99cc33c26e|ba6a423cd0c5cdb5|f02570257cad5e8d,pdf
26,https://workdrive.zoho.in/file/qpkuu5097b6a27da944b0a2ada4888c590b1a,,be6ec1b181c23e4e|ba486a3bc58785c7|be23ccccc13a339c,pdf
27,https://workdrive.zoho.in/file/435hhd6d2c6c33bbf4bc684d153c5dc4d4b79,,bf27c5851f0c68e8,pdf
28,https://workdrive.zoho.in/file/435hh1f19ceaf8e2a4a35a1b26cbb3383de7d,,ba856a3ee5c26926|bf3b2f4b07029598|be7e7ac0c0859595,pdf
29,https://workdrive.zoho.in/file/435hh78aa641125314a968637507ef4840e78,,be8f8368f0e0613e|bb2b6b6a6a223e28|be7a7ac8c0c485b5,pdf
30,https://workdrive.zoho.in/file/435hh424279e3c7424925914cf1fcd84236d5,"https://workdrive.zoho.in/file/yhyso06e26257eeea4aa7a89cc7455e5b2b3f,https://workdrive.zoho.in/file/yhyso06e26257eeea4aa7a89cc7455e5b2b3f",ee6f9191949e60d1|b336cccd3318cc66|9f3f63e0e0e01c9c,pdf
31,https://workdrive.zoho.in/file/qpkuud1cd53dddede41caa27f687d7c061547,"https://workdrive.zoho.in/file/ofd563f5da48fc62b4868ac15eefc666114c1,https://workdrive.zoho.in/file/jw0g39430cd44a97f4173a0ff3dc8301ddc69,https://workdrive.zoho.in/file/ojjbq75b638db248042d789890737f4d30749,https://workdrive.zoho.in/file/jw0g321c8ef2b18354068a3705d0926d89971,https://workdrive.zoho.in/file/2ta2qc37784d89998480f96555794131eaf34,https://workdrive.zoho.in/file/x4lgi16fa36bb94954ac48331cee567044f77,https://workdrive.zoho.in/file/nkkihbd28b8b41ec0463bb18943f52e370c34,https://workdrive.zoho.in/file/nkkihbd28b8b41ec0463bb18943f52e370c34,https://workdrive.zoho.in/file/axleva512f95f9d414718ae401f11a7bb3758,https://workdrive.zoho.in/file/88tepfd85f256115241ff8230fee01ebfdfdf,https://workdrive.zoho.in/file/4xs0r17a5efbae9fb4c21978d596cafc677be,https://workdrive.zoho.in/file/zhubf3fdff98fa3c94d46b55b15e388a50b7d,https://workdrive.zoho.in/file/uakaf4becc2457e804d28b563cb74d28109b6,https://workdrive.zoho.in/file/sxemba95a7212039d4d379c72f153273cce5b,https://workdrive.zoho.in/file/ocdz12b8231b691924431b06fd7c6b871348a,https://workdrive.zoho.in/file/6ldvi912975c5dfaa4c6eb43fac426dec734e,https://workdrive.zoho.in/file/6ldvi988281df53c1489b8ed5aadbb431f033,https://workdrive.zoho.in/file/0clnu4c97fda24fb742a4847bd36cd7bab09a,https://workdrive.zoho.in/file/xfzrx81596601f66c4979bc2f530b0ef139b4",e766ca9e9a8a8919|be7ec2a1859994c3|bec8913fc1c1e287,pdf
32,https://workdrive.zoho.in/file/435hh01d8a6dd9a22469ca42dd55a2b3cfaa9,"https://workdrive.zoho.in/file/p7iy5de26208be4b74d78b387062007fe2c1f,https://workdrive.zoho.in/file/3bm7d9bf185aea6be4ffc9c35822860eea353,https://workdrive.zoho.in/file/thbd62740c4d5244d4edfab85d063551e1a2b",9e1e90e1e16b8f85|ebc18594952e2b6b|bf81c5d581a1856f,pdf
33,https://workdrive.zoho.in/file/435hh3573254ed4c744d4b54570c747aa0f82,,ea7a94956f6bc180|ba943a63c56bc11e|bc3c3cc3c3c3c32c,pdf
34,https://workdrive.zoho.in/file/435hh6d21fd3b67aa4838823604ee7f1a6fd4,"https://workdrive.zoho.in/file/2ojp34ed6937411a44e588898a28d6b3c2a2f,https://workdrive.zoho.in/file/z1hrae95a9a2e568b4184a2a4f8f79387b772,https://workdrive.zoho.in/file/sbacmb1080d28ebec46f08b02182f2ffcd356",eb68949733c0cc6b|eb4bcb34b4b49494|ba3e9c95e1c8cac1,pdf
35,https://workdrive.zoho.in/file/435hh456ad969cc904a1c9b85f2b5ff4646ed,,ef9295851a6bc6b0|ba6b85941e3a69e1,pdf
36,https://workdrive.zoho.in/file/435hh0f8c5c78567344989e1fefba9f4f7749,https://workdrive.zoho.in/file/ws66n2fbd78a7d5ac47ea8cd11b45dd0f5d6a,9ac5661ac57a913e|bf3fc0c0476fc0d0|be7e7ac0c0859595,pdf
37,https://workdrive.zoho.in/file/435hh5f0842cb3997431e9637111f3a6aee0d,"https://workdrive.zoho.in/file/435hh12c03672a85b459e9ff6633823ecdf7a,https://workdrive.zoho.in/file/shhin9346101579154f3882b22dab0709646e,https://workdrive.zoho.in/file/nybji51d287d983174800b6b357c0cb045742,https://workdrive.zoho.in/file/6fmw06a319da9c0d94dba8fbe3441b52814ec,https://workdrive.zoho.in/file/6jryn2cd0e1e4fc3f4220a8f92a790cf2abf7,https://workdrive.zoho.in/file/6jryn2cd0e1e4fc3f4220a8f92a790cf2abf7,https://workdrive.zoho.in/file/095h543e9e62a43484eb9a14cc0645df6207c,https://workdrive.zoho.in/file/stxep5a22dd4c74cb453da9c37c774e1bbeee",bfd0d02fc03637d0|bf6fd090c0c36b64|bf6a796ac094c433,pdf
38,https://workdrive.zoho.in/file/435hh30ef3f80767b45919ec3f540f011f52f,https://workdrive.zoho.in/file/3osm7c77d375e26054069b04e61049b90c996,be876278f06231bc|ea6a6a6a6a6a6a68|be7ac08585176b6a,pdf
39,https://workdrive.zoho.in/file/shhin200887040fe748c49bd9df6c36b88630,,bf6a849595952a6a|bf3cc8c38587c8c9|af2d2f2d2f290f20,pdf
40,https://workdrive.zoho.in/file/shhincd0554aca9e440d6ade20c9f38054591,"https://workdrive.zoho.in/file/fh79nca7f0daa12614036b0f0814fd1a07b2e,https://workdrive.zoho.in/file/2wk8f51af569e20f345429fab69c3a4602105,https://workdrive.zoho.in/file/2wk8fed035ebb0b474222b56da13dfc27eb3f,https://workdrive.zoho.in/file/jod1z3322f8bc9a8941ebbf43ac69ef8af221,https://workdrive.zoho.in/file/ziyfp4d3a87068b754abc84e214e1e769ffc1",bf6dc0d2d0c6c03e|bf3fc0c267c1d094|fa68c0879597c17a,pdf
41,https://workdrive.zoho.in/file/shhin3cbe4c5344f14b24ad2098f6827f8841,,8fd0f067c3c79168|aee79171d1669164,pdf
42,https://workdrive.zoho.in/file/shhin1dd75d47135541ab86cb15eadb873467,,fa85946a953c4c97|b131cecf476c3831,pdf
43,https://workdrive.zoho.in/file/shhina6cc7e0996e347c3b2884c67fb01f51c,,a11d5f20b0dfdea0|a1717531a1efce0c|802fff89087f7e80,pdf
44,https://workdrive.zoho.in/file/shhinc6be92fa688f41229fc4f874d4f35930,"https://workdrive.zoho.in/file/shhin77af7d2663b048c49c2755f97f3e107e,https://workdrive.zoho.in/file/8o8bp90151fbde9b84ccda84484e00f327266",bfd0c92fc02f72c0|bf6fd090c06fc494|bf6af8b78094d0c8,pdf
45,https://workdrive.zoho.in/file/shhinf04d3c7b7fa442dc89538241f9804958,"https://workdrive.zoho.in/file/7bvgnde323bd0864f4949865d046b133c63dd,https://workdrive.zoho.in/file/bwuch08d688d9fb6145d7a260526989ea3b01",da63a988d8dd8dc8|a7169669f0e1e0f4,pdf
46,https://workdrive.zoho.in/file/2ojp3a0ba1ab2631e48d8a5c23e1e71edd41b,,bf2f292f2b201a9a|af6e98396883c66a|9f3cf00fe10f3807,pdf
47,https://workdrive.zoho.in/file/shhin84e804bea35a4adfb5ca64fdb86ba2d7,"https://workdrive.zoho.in/file/yclw7badcb697123244ccbedebf35470ff106,https://workdrive.zoho.in/file/ea2zn81ac3512745c4603996b27621b76c43a,https://workdrive.zoho.in/file/7bvgn26ae28bb480f44b9af89b255a412bab9,https://workdrive.zoho.in/file/a7d21f62b0288f79f40c4ac21a16113cd9e73,https://workdrive.zoho.in/file/ufqv73afb21b35d934d27bd8f6fb494ac7b2a,https://workdrive.zoho.in/file/1yce0bc1603ca86594e8ca7e84eb2c38df2d0,https://workdrive.zoho.in/file/6fmw04907abcc25c749efb4de9e4105c19f34,https://workdrive.zoho.in/file/iwnoj5049d3702cce45c4b0708201cd34bf3f,https://workdrive.zoho.in/file/iwnoj366a6483b812492fb4bcb819175e7182,https://workdrive.zoho.in/file/za6tmcf3ca5c3bfa6430e828b350e20c71ec0,https://workdrive.zoho.in/file/6ldvid2f11f8a30644eee807cb3ea11855251,https://workdrive.zoho.in/file/thbd69319fb33615944c7b033e6c997420255,https://workdrive.zoho.in/file/qkmh669876305ec9c44a88e853cf217d470ea,https://workdrive.zoho.in/file/ydgt623c9ee340f024cf6908a4579485e5a4c,https://workdrive.zoho.in/file/8zi4k5f6f65e88a3a44f19088f267c9680e54,https://workdrive.zoho.in/file/x11zq344823c01db241d3bee8896d87669f5a",bf1f03c01ed8f0e1|ea95c83b92c8373a|fac32c3cc23c953c,pdf
48,https://workdrive.zoho.in/file/shhinb80a1ee9fcf04dd19bfe1d5c914eaa86,,c0bf80eeb3cc8297,image
49,https://workdrive.zoho.in/file/shhinc597e7658b9840888b2e8e350f710d7d,,97727670166187e3,image
50,https://workdrive.zoho.in/file/2ojp333c45cecc44149cf8cce24061892588d,,9bc4e031e313ce1f,image
51,https://workdrive.zoho.in/file/2ojp36aec679e848b496c9ebfaf514a66835a,,bb81d131c36b8397|bb3af04fc13734c0|af62d0da901f909f,pdf
52,https://workdrive.zoho.in/file/shhin4db085095266401e9f50e48a8c1b4214,,be85916e6c831e78|bf3ec4e03be0c431|9fe0c03fe0c01f3d,pdf
53,https://workdrive.zoho.in/file/2ojp36d95dc032f574a81b78e67ebcd67a504,,bf2f292f2a281a9a|af24784b857e95c1|9f7be120e03f1e60,pdf
54,https://workdrive.zoho.in/file/2ojp35a05e6bd730747a8b92588edb6614f9e,,b70dc962c927378c,pdf
55,https://workdrive.zoho.in/file/2ojp3e0d4ad0425d5404a8b53d6a352349073,https://workdrive.zoho.in/file/p7iy568cf02dff4a847859d40d74fee875c78,ee6e8d919191626e|be3fc1e2e2c01c1d|b93d6cc9c3c3c286,pdf
56,https://workdrive.zoho.in/file/2ojp3b63eb3fc90de42a9a387a88901c977e5,https://workdrive.zoho.in/file/2ojp3b63eb3fc90de42a9a387a88901c977e5,be95942d6ae6846a|bea592a5906e857a|beb5c06a0f946a3a,pdf
57,https://workdrive.zoho.in/file/fh79n3aa96ea1baff4cfa801621c39e49f22d,,8f5170950ef1f09e|807f7f41407f7f00,pdf
58,https://workdrive.zoho.in/file/fh79n818d771b406740c59d3444e33d4c8f9d,"https://workdrive.zoho.in/file/lhfbt9c87f802e2d748bc81c1c9c043575ea1,https://workdrive.zoho.in/file/wdkrc2c767e8d7bd148c1b051bae64271f2e6,https://workdrive.zoho.in/file/wdkrcd6a370b69ee140b9ad5ce8f23b44a155,https://workdrive.zoho.in/file/uapvb90abbcbb7c4048809145497223c0b60f,https://workdrive.zoho.in/file/o7ct8a663648f2be94080bba12493aaa45eb5,https://workdrive.zoho.in/file/tpafif2dcda1865954937a56a1420758ad9a6,https://workdrive.zoho.in/file/xfzrx2117d101cab144cead0afb3aa584b2f0,https://workdrive.zoho.in/file/ydgt6925c5fd30b0a4c0a8902be349ecee976",b264ce92ca9d6939|ec12956f9bb490c9|ed36c3cd92789289,pdf
59,https://workdrive.zoho.in/file/shhinab6d64515222451aa511218eb2009526,,bcc6c761c3e3c00f|bf68c09690976f68|9f1fc0e0f0f09cf0,pdf
60,https://workdrive.zoho.in/file/fh79n6b1af854bcb14fa9b915d594e8981086,,b839696d86d297c2|fa5ab52d812da554|facf923a8512856d,pdf
61,https://workdrive.zoho.in/file/k8yew831a258eac0f4e859527d5d9a99cfac7,"https://workdrive.zoho.in/file/pj5ce98ffc60f448d453da47b98639e18d769,https://workdrive.zoho.in/file/1yce0110999e88e1a451ebaae195d31f86243",bf2fc0c0173e7a48,pdf
62,https://workdrive.zoho.in/file/j6b7582b1b300e6d846439a3ac1fec7c7bb39,,9726c978261ec99d|b9c6cec43991ce4a|b8c787f0f83886c6,pdf
63,https://workdrive.zoho.in/file/j6b758e0faee6f249432eb114a45bc8eb8590,,979e8c8c31393537|bc3c38c3c3c3c764,pdf
64,https://workdrive.zoho.in/file/j6b756215bf61774249e9baef854b83726824,,da4ba4afa49427a9,pdf
65,https://workdrive.zoho.in/file/j6b753522ca995f23474e8949cc84d590cb12,"https://workdrive.zoho.in/file/j6b75d19bc91bf94240b5a862f80a46643f4e,https://workdrive.zoho.in/file/2ojp31195ced1e03245ebbd89ce519afbb00c,https://workdrive.zoho.in/file/4xdjh77a9c80b9eba46aa8318672ebf636541,https://workdrive.zoho.in/file/nw8j4b8d8520998c94f09915e1076ef807804,https://workdrive.zoho.in/file/ottdw2d6f8ab19b904c92aceacd7d572811cb,https://workdrive.zoho.in/file/jzztx0b6b44d3c892418da46f0ace279156f6,https://workdrive.zoho.in/file/jzztx82dbfbaa8fb541e0b984f65ee6844f33,https://workdrive.zoho.in/file/6fmw08f4cadfdce004de69e6a66546c50adde,https://workdrive.zoho.in/file/6fmw0a38419cb2be64ed08fb32a187df49747,https://workdrive.zoho.in/file/cpg4j5daed7df04654a47871df1d24ab8ce09,https://workdrive.zoho.in/file/cpg4j36a9a0c0a8c747ca8c0ae0552ff6930d,https://workdrive.zoho.in/file/jxur3d353f195b50e49fb97a3616ad5afd1b3,https://workdrive.zoho.in/file/jw0g33951b43abb5d4b47bccf42d99a4b2780,https://workdrive.zoho.in/file/iwnojf7e014cc94a849999cbf88ae0ada43d5,https://workdrive.zoho.in/file/jw0g3f43d098f34754eeca61fcc9738ed4b98,https://workdrive.zoho.in/file/bjqb6f24cb91ab8d94e35af2ee4db139dfe63,https://workdrive.zoho.in/file/bwtg75fba762fd73a4092a028082053551377,https://workdrive.zoho.in/file/8r5l9a5c37dfb424a45779d40ab0da9abca45,https://workdrive.zoho.in/file/9rfbobb6c120e273a4e72908c0abda7686252,https://workdrive.zoho.in/file/8r5l9a5c37dfb424a45779d40ab0da9abca45,https://workdrive.zoho.in/file/9rfbobb6c120e273a4e72908c0abda7686252,https://workdrive.zoho.in/file/88tep5669559fe7ed4d31a1c508ba5a960e29,https://workdrive.zoho.in/file/pj5ce04d479c8cf994e1fb82d6144706ca215,https://workdrive.zoho.in/file/qyqoq406b41f4cd85402f9cec19b304312526,https://workdrive.zoho.in/file/qyqoq1979933e81354802b0474dc82e8c2134,https://workdrive.zoho.in/file/c1j4y4dbb3ef35e5e4c5fb043961fdc47148d,https://workdrive.zoho.in/file/tq6e2ee14e3279d8149c5b33404b1c9b779f7,https://workdrive.zoho.in/file/h8u2h34e8a2cdff604d109924f1d94782f836,https://workdrive.zoho.in/file/zde0d64847330e94f4fc3a4b1b290a3973da4,https://workdrive.zoho.in/file/u95am22be67cf05204af6b5ff61c4f2c90af0,https://workdrive.zoho.in/file/pw6rdba5c8aeeb3c74ad7965dd339080a6f40,https://workdrive.zoho.in/file/1x1sbbe72b5fb87fa4d058e6b5a3ce9bd90df,https://workdrive.zoho.in/file/1x1sb53a60bbc0a614d1cbab342edd00320c2,https://workdrive.zoho.in/file/3lg88ced3ac543b824101819caff2465efef3,https://workdrive.zoho.in/file/xww67235ca87ef3834ffc90feaaa04ee8df2d,https://workdrive.zoho.in/file/xww67249879e5711640f1bce2dcf953b49e5c,https://workdrive.zoho.in/file/ywb266c0e373d32fc4252bfd3455087d21097",b662cb1fc29c1d68|bc67c3cec3b0c183|bc06c5b8c34fd03d,pdf
66,https://workdrive.zoho.in/file/j6b75bc49b26caa7c440181da9b49fe87504f,,b4cb349bcc38cf24|afd2d02d2fd2c02d|b836c79bc7c4c294,pdf
67,https://workdrive.zoho.in/file/j6b757fb3dc41c321418e91bcf66eb0c99b55,"https://workdrive.zoho.in/file/2n8m93643e8a6e82f44b784d817c04aeb408b,https://workdrive.zoho.in/file/8yand58deaadd8234421fbfa85529ca6cb6a0",97ac9eb99c253924|be0fc134d47885c7|bb6bc094949dc9f0,pdf
68,https://workdrive.zoho.in/file/ofd56c6a2864b44634c3d88b27eb0b82ffe65,,bad2852d708fcdd0|bf696a3e9036d0d0|fa7ee16087c58585,pdf
69,https://workdrive.zoho.in/file/k8yew7953db9d9d584b508f4e0368982d8020,"https://workdrive.zoho.in/file/2ra2h8a3928695ed6412ea1064c3d0222c257,https://workdrive.zoho.in/file/k8yew7421322815794053a083b24694d4dfd6,https://workdrive.zoho.in/file/6fmw0bc77848275cb43519f62ba06c42da934",be9c3e978923c268|bfc6c1d0c065943f|bb35c06ec19395d2,pdf
70,https://workdrive.zoho.in/file/hhrskf53f185e88b44929b871b5d5b24b2e62,,bf6ad06ec08567b0|bf6bc095d0787cc0|af6fd0c0c1c50f3a,pdf
71,https://workdrive.zoho.in/file/qqtbbba00787fe5994d04b11f9c78bfe26ccd,"https://workdrive.zoho.in/file/bhhqu7301edf310f546f7a327c8c930e46420,https://workdrive.zoho.in/file/bhhqucd1ff1f58ad845adb6be46472e6d4438,https://workdrive.zoho.in/file/fh79ned1ba992295e42a888bfa05892041df4,https://workdrive.zoho.in/file/shhin6ad2931b23e0425d866fd4f463e2d7ce,https://workdrive.zoho.in/file/4xdjhf8fd0fa3f635423f8e830d01cb5eaec4,https://workdrive.zoho.in/file/fh79necd7880b8cb34de694ba90b67069ff29,https://workdrive.zoho.in/file/shhinde5b9f2a6b0f4b4f8fb84f891b0b34a9,https://workdrive.zoho.in/file/4xdjh773adc6130ea4290b29f5e359301c00d,https://workdrive.zoho.in/file/shhin232c87e448134b8d9f55206455b43f4b,https://workdrive.zoho.in/file/4xdjh680bc45c0dc1450c9a78f584e7a7954f,https://workdrive.zoho.in/file/4xdjh680bc45c0dc1450c9a78f584e7a7954f,https://workdrive.zoho.in/file/2n8m978662d0cea2741b89180f07abd73693c,https://workdrive.zoho.in/file/ottdwa3682538c51241eda10f3298a2252bd0,https://workdrive.zoho.in/file/2ra2h9ed794c7b2264b37a19ff7ea6ae717b4,https://workdrive.zoho.in/file/sb1xj954c1cf2244a454396389fee12acf250,https://workdrive.zoho.in/file/wqwyd712910c5c00d469786a80734c265d40d,https://workdrive.zoho.in/file/ydzja7158cf556b51423a97410212d4439cc6,https://workdrive.zoho.in/file/b5ezs083b7e3c7dc749359b40f23684803ca5,https://workdrive.zoho.in/file/pj5cea8283d87ab674af1bc333efb098e0b70,https://workdrive.zoho.in/file/4xs0r2d39069e3a5b4376b87027b8717f64d1",ff7f81a17878802a|b0c8fbbe91263549|ea7a696699859781,pdf
72,https://workdrive.zoho.in/file/pabgg0de2755db9de461c8ff8e99d9a455fb2,,bfb1c01b846a99ce|eb9795689548c6c9|ee6e959591c3c1c1,pdf
73,https://workdrive.zoho.in/file/yjcwi7a4582b7aba54be09f472532beb8a3af,https://workdrive.zoho.in/file/qqtbb745d09f75aa5454abfac824a0c9a1e02,bf6b2f84d0d0d494|bf6ec093e0f18594|ef6f8c80d0d1a3e1,pdf
74,https://workdrive.zoho.in/file/qqtbb026418774b104351a4f0148192af8f0e,"https://workdrive.zoho.in/file/2yn4m6736ae6aa1db4c8ca83dc6cfbd959fbc,https://workdrive.zoho.in/file/sbacm97d5d61a123d438d8dd360db6a11a8e7",bfc0c03fc61dc4b1,image
75,https://workdrive.zoho.in/file/qqtbbd16293c58c074d999dbe03ef07bff83e,,9be4a54bc21de14e|bfc936c1c126d836|be3f3626a5c0c1d8,pdf
76,https://workdrive.zoho.in/file/ottdwf271f9ed4a444595af8473b4c06e3def,,968c9ebc8db86531|b9c669b0c639c669|bbe1c03fc4861fc4,pdf
77,https://workdrive.zoho.in/file/ottdw4fdaa86141c54cde8131085ca47ef32f,,af8592930e6d2d93|af6bc0951dc26a2e|e666999299669999,pdf
78,https://workdrive.zoho.in/file/2ra2hf27833d03cdd4480ae8b46370108897f,,bc10b383ad7c78c3,image
79,https://workdrive.zoho.in/file/gsz1oe4fc227f1dc040debfab3d01d592e117,"https://workdrive.zoho.in/file/hwc47ba12c1f61e6b40f989471b808aa0adc7,https://workdrive.zoho.in/file/bvye68500492c5ec14275b838d00dbaee5826",e798679869649867|bc8bd36c70936c70|bd392987c6c68666,pdf
80,https://workdrive.zoho.in/file/4xdjh0451ffe07d964e8a940e7a7d57da4dc4,,978e98393925b636|bae4c1c2903b8f1f|bf3ec0ccc06bc5e0,pdf
81,https://workdrive.zoho.in/file/shhin1396b065758347ae9d36fa8c7644e178,"https://workdrive.zoho.in/file/4xdjh243af4cf5cee4ed2a3aa20c27dcaa368,https://workdrive.zoho.in/file/2ojp3ed4d5b6ae8d046bdae5829ee87332ad6,https://workdrive.zoho.in/file/435hh8bdcbc10cff240ba98b9df5f449e2f2f,https://workdrive.zoho.in/file/2ojp3ddebb7c7f5a24b3586898666050f9d6d,https://workdrive.zoho.in/file/ojjbqca7b87cee94c4e239f8912725fad2949,https://workdrive.zoho.in/file/jw0g33859c33a14f7489b8dd5b46d08495fe4,https://workdrive.zoho.in/file/jzztxa15b1ba30a2f4056808cb1a51f06bc4b,https://workdrive.zoho.in/file/mwsxeec3c615abea14781bb2fbd995ed890a1,https://workdrive.zoho.in/file/7bvgn6486b17b4ca9452e87ab37cbfa20fa4c,https://workdrive.zoho.in/file/ufqv7d4213e58ad084014b1e70a2f4690ceaa,https://workdrive.zoho.in/file/6fmw0f8c8763edf9c4436b3649cdb04c267a3,https://workdrive.zoho.in/file/6fmw062f339c6e766457e9eb143458ceba3c6,https://workdrive.zoho.in/file/6fmw0ffde382949e543a0a18fb65f0d9f8ad2,https://workdrive.zoho.in/file/m6u9m700949bbaa374551a2d6d36b40b59786,https://workdrive.zoho.in/file/jxur3f995010bb1b14efdb7127dec31844742,https://workdrive.zoho.in/file/qe7xuced1ddf8ccbf47b1971e3f551bdc377f,https://workdrive.zoho.in/file/fdy6b5d614afe322a4c66b8e008911b17eeab,https://workdrive.zoho.in/file/iwnojf074582475a941b0b34a61961eb13a59,https://workdrive.zoho.in/file/fdy6bc0beb303b3924ea4849a355a8f860f67,https://workdrive.zoho.in/file/8ro2y935132b010c5499787fb6bd358350732,https://workdrive.zoho.in/file/jw0g3c74f59d765c94794865078f6c243dce0,https://workdrive.zoho.in/file/bwtg745abd5ff3e4a4784bb80c8398b041a21,https://workdrive.zoho.in/file/kkc9eaeca46f88db3478fb34553aa352c5fba,https://workdrive.zoho.in/file/8r5l99f2696d4760145219d84350446f5f89c,https://workdrive.zoho.in/file/8r5l99f2696d4760145219d84350446f5f89c,https://workdrive.zoho.in/file/6jrynb9b26466bbe0412b90062a11c63067b2,https://workdrive.zoho.in/file/6jrynb93115b1256c402594c88918c96d81a5,https://workdrive.zoho.in/file/p7iy5e144091a8b044c2382a4bbeaa6007cc6,https://workdrive.zoho.in/file/rgn6c8c75919bea154e45858c0e4d2b315f9a,https://workdrive.zoho.in/file/c1j4yf7a5ffaeb02441d7bb9ec59aada1a37c,https://workdrive.zoho.in/file/tq6e260ed048477f34c8db047d22dbb83c23d,https://workdrive.zoho.in/file/h8u2h016fd371ba364aa385a9b74acdba4666,https://workdrive.zoho.in/file/vj2t6e5712bf555084702a7742772ee50516e,https://workdrive.zoho.in/file/v6hjgb22e3799623c449a89d4674005da9b6f,https://workdrive.zoho.in/file/wtnfr6978e3c1c3664d578b753182d961b507,https://workdrive.zoho.in/file/ocdz1c66c156bba4a403c86c692cfe8712df7,https://workdrive.zoho.in/file/xww676a32a940c7a041d2a519e2a2cae726dd,https://workdrive.zoho.in/file/ncgb45051035e0d034b6fb899b87b4d1c8b33,https://workdrive.zoho.in/file/rj234bccd8ce84c1742bfae144f6df8e3bbb1",b6668ac3cc39693c|bc6be32cb1b8b130|bc78c738c107c72b,pdf
82,https://workdrive.zoho.in/file/4xdjhece6b7fa374f4be8862396f662ef9ca3,,93ce9e9cb9253431|ec936d92926d926c|bc993c66c366c3b0,pdf
83,https://workdrive.zoho.in/file/cg2nn97c10ef382904d818754247404dcd68e,,c39e9e9c9cb83921|ffd4e9249469844b|ebb58494d44d9497,pdf
84,https://workdrive.zoho.in/file/shhind963eecc97e44a519c0a4a43e8333256,https://workdrive.zoho.in/file/ufqv7fb89de563cca4b0897681672f2897541,bc9ae1871a749a65|bc1fd36864c69331|be1ec1e3c13c1c2e,pdf
85,https://workdrive.zoho.in/file/435hh0d937f21bddc4e5d9bf942922b67f14e,,87b6986d39653296|eae09537914acc9e|be69c49ec494e13a,pdf
86,https://workdrive.zoho.in/file/435hhf4a467903bb84892a46aac87dc5c7d5f,https://workdrive.zoho.in/file/4xdjhabb342c0bd6247f4b145537a23aef0b5,be03c31e1cc3e31e|af910e819b6eb14e|eb1f9d03630e9c68,pdf
87,https://workdrive.zoho.in/file/435hh3701cad5c8f94c2c809d99300d85ebaf,"https://workdrive.zoho.in/file/jod1zb6f74aba55a24021ae542c8720b1d1e6,https://workdrive.zoho.in/file/b2seff726690148d1497db2c6383c24e4b1f4,https://workdrive.zoho.in/file/mjszoe5acbc8704e14d45926c3586bb9d7ebb",e5187a6e666b1998|eac7953c914f9468|af3a9085d16ac53d,pdf
88,https://workdrive.zoho.in/file/qpkuu0b34c32e22a24692b879da87c7d2212e,"https://workdrive.zoho.in/file/8yandfb94aeaba4784740a85eec7a75794d6d,https://workdrive.zoho.in/file/cg2nn3294f41870394bd69b39f07f310adaff,https://workdrive.zoho.in/file/j15l43ccf94225b854299b59d0d919b46e082",afb5850e956ad3c0|ee39956cd06691c6|ea95946a94669937,pdf
89,https://workdrive.zoho.in/file/4xdjhd197e3490ae1440289f1dfe87c7141d1,,bf3363c191d0c17a|bfe0871fe025700f,pdf
90,https://workdrive.zoho.in/file/4xdjh37dbba4b6fae4bbcbffa113244b6364f,,ed92926d8d926d92|c8b3b744b7494a96|bf906e90364b906f,pdf
91,https://workdrive.zoho.in/file/cg2nn0ca42f85925541c4ac099c475d707370,"https://workdrive.zoho.in/file/b3vi32dbcbcbd2a3a4b26bcff39922c30fc04,https://workdrive.zoho.in/file/bvye619aedeb197f84dd89d8d34d59695865e",b09acf9dbcb09134|bf3684e6c1c1c16b|bf6f8595c06ad068,pdf
92,https://workdrive.zoho.in/file/4xdjh441dacd00c784637a70e8214d5a8255b,"https://workdrive.zoho.in/file/cg2nn918063fdd5f545b7af5b3d876b1a9e86,https://workdrive.zoho.in/file/pj5ce95b7c198a71c4de2860430ce9895a64e,https://workdrive.zoho.in/file/ottdw8b35c83f69a54789a1a37f7dcdf3475d,https://workdrive.zoho.in/file/2ra2h0b4282886df84b98bc0ff64090f1bf37,https://workdrive.zoho.in/file/hwc47a16aa1713a534bbd97e7ea56f239ced3,https://workdrive.zoho.in/file/bvye6422133769e2948eca937806d3714eb67,https://workdrive.zoho.in/file/v5kwj5e27b2a7e6314b52aa75f411b546776f,https://workdrive.zoho.in/file/wdkrc9b0f22f5ce7e4997a668a6860d7ba301,https://workdrive.zoho.in/file/k8yew73440ad4e77b438485b25d05118e9f47,https://workdrive.zoho.in/file/6fmw0fdcb3bd7d062400193f14ba1329cdad8,https://workdrive.zoho.in/file/6fmw0fbb921b792e94ece82de9e1b13a1facf,https://workdrive.zoho.in/file/6fmw0cba6f1a9faa249e1aed6f4d720796b84,https://workdrive.zoho.in/file/gsns715c7bf7d36c24742860c5761ec5b9403,https://workdrive.zoho.in/file/jxur354d39616016d4f2fa2ec77b1e328ee4c,https://workdrive.zoho.in/file/v5kwj5e27b2a7e6314b52aa75f411b546776f,https://workdrive.zoho.in/file/wdkrc4a1746a73e034e7886718d3342f2d849,https://workdrive.zoho.in/file/pj5ce19946f9b70f54b53bef5a6ebef6481a8,https://workdrive.zoho.in/file/4xs0r10265f3b1d4a4b6f99f4911b46dc741e,https://workdrive.zoho.in/file/p7iy56b8fb5084a7a4217a895fc2c5a8d66ca,https://workdrive.zoho.in/file/p7iy563ed5dffe10a4dc3aa69f86d04b9c75b,https://workdrive.zoho.in/file/p7iy55cefecbf18c048f08001d9b6c59f20a3,https://workdrive.zoho.in/file/fdt9e453874dd397d44dfb3252b097384c633,https://workdrive.zoho.in/file/tk5ivada497d501a0488e9ca284cb9e85ff73,https://workdrive.zoho.in/file/3bm7d3badf339c886466faf2880c1734f20d2",e45a1b2d649f6436|bee1489ec11e9669|f9708786609d9e0f,pdf
93,https://workdrive.zoho.in/file/hwc476297c10ac3ed4cc0a527bb8b010ca9a5,https://workdrive.zoho.in/file/bvye6993bde4d325e41869d5831dc62fb5696,928e9bbc35259c99|bfc7c09094b7c538|bf31c19ec46a9195,pdf
94,https://workdrive.zoho.in/file/hwc47e8db24d2de1b416992bdbfe50a236fb2,,bfe7879585c0c0e1|af6b85b0a44f846b|bf6a846ae4956487,pdf
95,https://workdrive.zoho.in/file/yjcwid46ee01c680046edb51799102f2ce45c,"https://workdrive.zoho.in/file/4xs0rfe9aba446200445d9dc6727cc4204692,https://workdrive.zoho.in/file/stxep1bdbe162115b403fa93d174d1ed1e8c2,https://workdrive.zoho.in/file/jzztxf83632c343fe49bab38931131e67d92d,https://workdrive.zoho.in/file/jzztx1e30005e17f048e78286c67abb57b72a,https://workdrive.zoho.in/file/6fmw0795d3f0e62b24ecba500e07d8abdd8ba,https://workdrive.zoho.in/file/6fmw0324071a2a10c480c892266fad3196cab,https://workdrive.zoho.in/file/cpg4jd3186afa90694f0abcdd1f217cd341ff,https://workdrive.zoho.in/file/k5zpv4f89c558609e4c8d909dda742489d891,https://workdrive.zoho.in/file/jxur3895d039e71824762815db108ce94fdb8,https://workdrive.zoho.in/file/qe7xueb05a1d073964e3b99a432e4f8156200,https://workdrive.zoho.in/file/wdkrc7408c1b76a8348c78993e127392457e5,https://workdrive.zoho.in/file/wdkrc9060fd96d88e4a09a114b95c089c8061,https://workdrive.zoho.in/file/wdkrcf448e02618f04a2e80e25939851de61b,https://workdrive.zoho.in/file/5ez6i2725e2d3b74b4a1291a57ff00f9195b5,https://workdrive.zoho.in/file/bwtg712eab7e222e946ee8bdf00f8e23be361,https://workdrive.zoho.in/file/bwtg77b8b0ce333b2414cb8e85e9ddc8c2b88,https://workdrive.zoho.in/file/8r5l905aa758a5eb0450cb4ace5b035101eb9,https://workdrive.zoho.in/file/8r5l905aa758a5eb0450cb4ace5b035101eb9,https://workdrive.zoho.in/file/egcqk4d6a7862d7f549169cbec86494989b58,https://workdrive.zoho.in/file/pj5ceacdb6170cd404bfaa6e3eb896504d494,https://workdrive.zoho.in/file/c1j4y6c7b6e5057874dd390dedabcf934165f,https://workdrive.zoho.in/file/tq6e2e7136cdb07ad4b219b56adbea7c8b9da,https://workdrive.zoho.in/file/h8u2ha052bb2a99834eb6b3978edc77b2bebc,https://workdrive.zoho.in/file/e3a7ee8e9d90d4e8b47f8a408654461044771,https://workdrive.zoho.in/file/jugh479af9ce8110c4e69b70d0adbc0159762,https://workdrive.zoho.in/file/er25ub66742712fb84729a4bf26283970d224,https://workdrive.zoho.in/file/j85fxf430f1d0ed2d4ce2b6419ff32adcd887,https://workdrive.zoho.in/file/vj2t6f186d5a7c32d4aa99c137a25c0a6612e,https://workdrive.zoho.in/file/u95amd5b0d106da2545219690478d480a0c1c,https://workdrive.zoho.in/file/o7ct8c473c7c353ec4f189aa2529dc6f6e714,https://workdrive.zoho.in/file/wtnfrd436e42db9bd43bea6ac4df4b051dc86,https://workdrive.zoho.in/file/ocdz1095dd55414f74e178821ab637ba78ada,https://workdrive.zoho.in/file/xww674a04de105efa4974b2d5a9e13230f118,https://workdrive.zoho.in/file/tpafi2073ba2e4b5044e8ad4b5a58c2efe992,https://workdrive.zoho.in/file/ywb262ac9d57203914d158e9ca3c65d46d5da",e7668a9e9a838939|be7ec2a1859994c3|bec8d03fc1c1e136,pdf
96,https://workdrive.zoho.in/file/hwc470c3acc8a12f74052af0a1ca287c848d1,,b2984cb263bdbd84,image
97,https://workdrive.zoho.in/file/hwc472b90797f4769488996957fdaf0d94ea8,,eb9cd06b2e94c193|bc3885c7c2674f98|be60c339c4ce950f,pdf
98,https://workdrive.zoho.in/file/lpjr9a690ccdea0c24ef39bb3a26a6d3e3282,https://workdrive.zoho.in/file/lpjr9a690ccdea0c24ef39bb3a26a6d3e3282,d0fa7af82d252585|c56e78334c93c78c|93e4c87ac53fc429,pdf
99,https://workdrive.zoho.in/file/uakaf7719498054c9430fa18a9eadd84092aa,"https://workdrive.zoho.in/file/k5iz61843a3acbc354f8e913c506a8cfb1956,https://workdrive.zoho.in/file/8o8bp7c90d4e2e33a4df38c0329fae6e1129c",afd0cc2fc03f72c0|bf6fd090c06fc494|bf6ad0b78095c0cd,pdf
100,https://workdrive.zoho.in/file/j6b75040f845de56244798eed1a845ca68c2d,"https://workdrive.zoho.in/file/tk5ivea9262d6297c48508a272b518ee92771,https://workdrive.zoho.in/file/tk5iv00cc0535ba084356a01b66db72f6724b,https://workdrive.zoho.in/file/zu51z59260631f1b84ee1aad89613c83f5d06,https://workdrive.zoho.in/file/dj9ia950a5e8e81184a738395583953763efd,https://workdrive.zoho.in/file/p7iy53e99d49b45de4df880cd2524f9a1cf9f,https://workdrive.zoho.in/file/zhubfda735cdfaed242f4bca5baba0e7f5976",aa6b138a62b16c7e|8000000000000000|ee6ccac2c3c3903e,pdf
101,https://workdrive.zoho.in/file/j6b75a0786bb6787f42dbae42f2c19d65ef2d,,fa36c36a92688d8d|fa3cc73a9169c183|ba3a85c56d91c3e1,pdf
102,https://workdrive.zoho.in/file/j6b75c3632ff6dc9441fba912d0860ff0834a,"https://workdrive.zoho.in/file/ottdw61c30866b9f64ecd97009fb59629b2fe,https://workdrive.zoho.in/file/ottdwcdaab51cb4304da3b6aa0c4f415503db,https://workdrive.zoho.in/file/ottdw447dbbb16c4a4ea492c9f3de640fd050,https://workdrive.zoho.in/file/stxepa83114bf1eb4488a9d22c3ab412d629f,https://workdrive.zoho.in/file/6fmw0d8b6fae71b9a44579eb951dcfc627940,https://workdrive.zoho.in/file/f9h0vbfa3399a95704152aa923c8d1f070789,https://workdrive.zoho.in/file/qyqoqb92b3f169d3e46669234edec6ac76093,https://workdrive.zoho.in/file/hvmufc214b30700c1442dbc3a0df58e027add",ee4c35c643ea9383|a76a15ec174e11e6|86f107bd3131658f,pdf
103,https://workdrive.zoho.in/file/j6b75b5cce4bae8f24e5485e530a7d0a9b8e4,"https://workdrive.zoho.in/file/dj9ia4f7abe20e7ff4a55aef565b8a4090c85,https://workdrive.zoho.in/file/i63n55693f2053ff8469f8d222cf16ab10d76,https://workdrive.zoho.in/file/rvdm50067101c4bd44410a2e584319e4f7da1",c02779c2f24d3c7c|8000000000000000|ba29d2c407caad7a,pdf
104,https://workdrive.zoho.in/file/j6b75b18b20bec89d483999fee631ded2974c,"https://workdrive.zoho.in/file/9rfbo2b232441f18c454baf11fda90ce03358,https://workdrive.zoho.in/file/4xs0rff6240fd62ce438bb48a8501197504c4",e240bf1fc22ff148|a63c9ec3a149c56e|bf2fc690c0cc9363,pdf
105,https://workdrive.zoho.in/file/pj5cef79f459979334592aed8297129b37278,,bc796dc08692c3ce|e96997c369689638,pdf
106,https://workdrive.zoho.in/file/j6b7517fde1730adb4c2da9a3aa3b927f51ca,"https://workdrive.zoho.in/file/wtnfr8aa9b9cf1aff4d2c80f95c9457668afc,https://workdrive.zoho.in/file/ltgcld9080d9bf3df4a92a020d390c621e96a,https://workdrive.zoho.in/file/9rfbo88f6a89fed66437dbce34b0f458325ff,https://workdrive.zoho.in/file/wtnfr8aa9b9cf1aff4d2c80f95c9457668afc,https://workdrive.zoho.in/file/ltgcld9080d9bf3df4a92a020d390c621e96a,https://workdrive.zoho.in/file/9rfbo88f6a89fed66437dbce34b0f458325ff,https://workdrive.zoho.in/file/nkuox2aa9a7448db546fe889a79a9dad7e758,https://workdrive.zoho.in/file/j6b75455fda617391420a9a00048cc94ca9bc,https://workdrive.zoho.in/file/82egn5bb67b32177d4e529088c983af89fc2c,https://workdrive.zoho.in/file/o7ct85a03645f3aed4e3e94df845631d5bc36,https://workdrive.zoho.in/file/1x1sb4d66f756c687417398f8dedb5395c7a9,https://workdrive.zoho.in/file/8r5l9ce78b17933614cc285fe9e560b1ac5e8",c0bfbda11919b31c|e5929a6d39612e36|e2c95962c963669d,pdf
107,https://workdrive.zoho.in/file/w3im2481115736443419e9455bc542930645d,,abf57addcc0c8442,pdf
108,https://workdrive.zoho.in/file/z1hrae72047768fa543f999196b9df0ac1b0e,"https://workdrive.zoho.in/file/ocdz10eb8b11ca0664116b7060263b0e1b09b,https://workdrive.zoho.in/file/i7f7e59685b1a166743ad9a34e5849c5f3c3c",fed595506ac76209|bf3f6ac0c0603e36|bf3f3bc1c0c0c6c4,pdf
109,https://workdrive.zoho.in/file/pj5ce83fd43c6642f4fadbfc1c93ba18f036f,"https://workdrive.zoho.in/file/x4lgifd74f8c0be574666b1357fbaecc86e0f,https://workdrive.zoho.in/file/ocdz14cef269621594b93a2d9fd12ba3de326",8ba89fa1c897e11e|af7e01d4059c55ae|9ffc41f841bc5194,pdf
110,https://workdrive.zoho.in/file/9rfbo88c53be66c5a46e0b841c1fbf1f3c736,,b766ce93c28c3949|b84ec7b9b1b1d046|b939c73cc68cc0c7,pdf
111,https://workdrive.zoho.in/file/fh79n21cf1d0d3cf048bcaf1122e97ef81e67,,f8256869b57865b4|fa7a5a87a5858538,pdf
112,https://workdrive.zoho.in/file/fh79n46eae961b636434ea845ae327bbf5fb5,,bf95786ac0c3d0c6|bf6a60701f87f0e0|bf6a196e506a3466,pdf
113,https://workdrive.zoho.in/file/ottdwc7b977f14a3a42b08916e07d295141ff,,bf6a786ec094c433|afd2d06b908679d1,pdf
114,https://workdrive.zoho.in/file/fh79nc8dc8f4d180e4f1e9c58eb0bf84c6de5,"https://workdrive.zoho.in/file/x11zqeceecc49816a4f1bb2136379ed8bfea3,https://workdrive.zoho.in/file/za6tm4a8c33586d7348b88e0d015ac67783f8,https://workdrive.zoho.in/file/rvdm543007773858a414688cb3d21046403b7",bac7c538c7c438c3|ba486a3bc58785c7|be33ccc4c13a339c,pdf
115,https://workdrive.zoho.in/file/ottdw37b40efc2a064403915133bbf4b8c388,,be8ee03c9e3860cb|b838389293c7c76d,pdf
116,https://workdrive.zoho.in/file/fh79n172f452718134434b13d8a94ee4db630,"https://workdrive.zoho.in/file/ottdw2f9dfaff2ceb4aa8a8579cadcc7eb0c1,https://workdrive.zoho.in/file/ojjbq1bd7c6734c5d4bf9ac9c841547c683cd,https://workdrive.zoho.in/file/stxepfcc65ad6376c47feb17cb6d8dfb9bcf4,https://workdrive.zoho.in/file/4xdjhee621d3495ab4f33aebf4c63bf747a8c,https://workdrive.zoho.in/file/bvye6fce79d6576a74528b9308f57ba53b73d,https://workdrive.zoho.in/file/hzqan7188a92a45c94f59bb809a03b2f2f071,https://workdrive.zoho.in/file/1etqycfe595e4aaaa46ffa73fb31959655ea6,https://workdrive.zoho.in/file/qe7xu49519326ac854158912aef109ab07f46,https://workdrive.zoho.in/file/wdkrc845f4b0563a244eab9a812c545b1b475,https://workdrive.zoho.in/file/wdkrcfb23fa881319429ca3770fe942b67850,https://workdrive.zoho.in/file/wdkrc655d1b1f41184b9c9e416a66b552f14f,https://workdrive.zoho.in/file/qqtbb391b2cf16355475b81c254bc93187901,https://workdrive.zoho.in/file/2ta2qbbbbf18403b2448da716b2482146d297,https://workdrive.zoho.in/file/2ta2qd38b3dcde0144fac8b548867d571533f,https://workdrive.zoho.in/file/egcqkda975da0a16d4b4ca50ad5e027ad5b94,https://workdrive.zoho.in/file/egcqkad24f97218fa4b3a9140a03d1d59cd8c,https://workdrive.zoho.in/file/axlevb4aa241cec1a40adbfe7b8b26c34e0bb,https://workdrive.zoho.in/file/wqwyd0908f28ec90d496bbcf32d009841c891,https://workdrive.zoho.in/file/p7iy5778c992c87f84a688b6990d66f71ee84,https://workdrive.zoho.in/file/suzm9f8c4568875b1411297d8b5d503f604ce,https://workdrive.zoho.in/file/uapvbc72a6efd80034722857b3b6d3740b3c9,https://workdrive.zoho.in/file/dixwu1c5fc30a37fe420d9e400d3dca74cbe0,https://workdrive.zoho.in/file/gnb8b42d86020ecab462e93d843b5f3710c05,https://workdrive.zoho.in/file/sxemb574fa9a53a1b4458a700df879db075e5,https://workdrive.zoho.in/file/o7ct87042ad15d9c245d39b872a7f0c1293ad,https://workdrive.zoho.in/file/v6hjg8f627d2719b44369895df422744326b1,https://workdrive.zoho.in/file/wdkrc6f9fc63f04cc49a7a1dbf10db686e3f2,https://workdrive.zoho.in/file/ocdz1824aa29039fb4a39b4cefe25279f24d8,https://workdrive.zoho.in/file/tpafi113d7cc17c284bbcbd4f06ec346ca1f6,https://workdrive.zoho.in/file/v6hjg479e446a7da64913a114d0638bbf70a9,https://workdrive.zoho.in/file/tpafi210133095c2143f5ac291c41685a48ff,https://workdrive.zoho.in/file/ywb2660481a0e9a3945cc91687835f5c6f6f4,https://workdrive.zoho.in/file/xfzrx48f1ee2dc0fc44588b378312669d9298,https://workdrive.zoho.in/file/x3dyz12c61373e33144a28f4745396c0f030b",b662ca1fcac83d68|bc67c390c398994f|bcf0c7b4f00fc3c0,pdf
117,https://workdrive.zoho.in/file/ottdw59b743434752486783f534250a794acc,,a2595d22a2ddbea2|807e7f2020fffe80,pdf
118,https://workdrive.zoho.in/file/ottdw1a7f1df1ed8f49b38f2fab886bee0d80,"https://workdrive.zoho.in/file/wqwydf81228e14c9e43a087361eb28331ad7e,https://workdrive.zoho.in/file/vg4j65a0e565b9e0c4532af51929cfb253f2c",fa87c77a92788988|ba7ec738946ac0e1|ba3a87c52793c3c8,pdf
119,https://workdrive.zoho.in/file/ottdw5e13c0cf4f994bccb0fcfc97e69b5a1f,,9f0fc3e0e060279f|b78f27c0e0609f27|9f0fb5e0e0e00f0f,pdf
120,https://workdrive.zoho.in/file/ottdwd33568d2afeb44718d2c3d58ae13f497,,9f620f0f230f2747|be89a14c1fb24e27|8f0797627ae0b427,pdf
121,https://workdrive.zoho.in/file/ottdw61d40ed7a75549539121eba7b8b9fc6d,,bb6a78e0c4878787|af2dd8b3d2a74884,pdf
122,https://workdrive.zoho.in/file/hwc47db8bee96eb5d453ca0daa947bbc9645d,"https://workdrive.zoho.in/file/bhhqu87b7d917f0794754aa5b4c8b568c9973,https://workdrive.zoho.in/file/bvye69b40c631be8f4dc99b7f026adbc0bd7d",fbc71a5384aec093|ef1db2c0e0e0856f|8f00b070e2e3f3e7,pdf
123,https://workdrive.zoho.in/file/ottdw9cd5e617ccea407fbc133c9432a6cc27,"https://workdrive.zoho.in/file/ufqv7a9534a78165547908ae93fcada13d7de,https://workdrive.zoho.in/file/qyqoqb860ddd4c1e7414bbc5b2f769d046f6c,https://workdrive.zoho.in/file/jugh47b42256869954b60838e638a5010a1e6",91311e9747b178f8|84952ec53f956ab1|85f03a8770873ff0,pdf
124,https://workdrive.zoho.in/file/ottdwaff493ef7d6145bdb9d6459e85f60f17,"https://workdrive.zoho.in/file/j6b753e64672b0d8845d7a7da94227f901f21,https://workdrive.zoho.in/file/stxep0d9ba367e97d4ce9b62c14ca4408d112,https://workdrive.zoho.in/file/bvye651dcffe685b04117a7ea0e5c0b3e31cf,https://workdrive.zoho.in/file/bvye69f398585c7e74d64a1e577b721e7fc61,https://workdrive.zoho.in/file/uakafb783ee9388b744089f75d57f2ddeb309,https://workdrive.zoho.in/file/8r5l9f24ebdb51944464990ee7c291429dde8,https://workdrive.zoho.in/file/8r5l9f24ebdb51944464990ee7c291429dde8",a78ccc9899ba99b2|b865e5616565cd61|ba38811ac7b5cd66,pdf
125,https://workdrive.zoho.in/file/bhhqu98f64a9117ec4b6382d8531980efff49,https://workdrive.zoho.in/file/nkuoxf332a72c40eb4c5ca1745e231c66b901,bfc0e03fc4b1e1c4,image
126,https://workdrive.zoho.in/file/bhhque894762b19fa4107b7bfe7f6194d3080,"https://workdrive.zoho.in/file/q5ix58b6b384c738d410da39b6cd9810d302d,https://workdrive.zoho.in/file/kdqtxbb654ee597a14e55906ce32727ca1041,https://workdrive.zoho.in/file/wdkrcac46fbe3d0994551a98dc58511129d39,https://workdrive.zoho.in/file/wdkrc8c85772235074c709b930685b50077a9",bc3c380ec3c3c3e3|bcc3633c9661863e,pdf
127,https://workdrive.zoho.in/file/ottdwf5d5a9c1587b499baafd3a578e4cb4b6,,82fdfd83b502ce42|bc8bd36c70936c70|bd392987c6c68666,pdf
128,https://workdrive.zoho.in/file/2ra2he81e6d3828af414fb5e93e8e8e82bb3a,"https://workdrive.zoho.in/file/flilt70fc18dc50774d8bb448b860c336d34d,https://workdrive.zoho.in/file/zu51z1c28b556c8ce461ab57b9e7e080dcf2b",bf3f3fc3c1c0c0c0|af62d061d4cec5cc|bf6bc04ac05e85e5,pdf
129,https://workdrive.zoho.in/file/2ra2h6953f73a19844449b11ffecdf4e8c5ee,,fa3c942f6bc1c123|bbc43a69946bc11e|a56c256c276c276e,pdf
130,https://workdrive.zoho.in/file/2ra2he8e84af16adf4c4086a6a2fe862e9bc6,https://workdrive.zoho.in/file/2ra2hadbd2a62c0b945a8a1e544874fa5d8a3,eac4952e6ac497b4|bab8b81ac1c64be5,pdf
131,https://workdrive.zoho.in/file/2ra2h2c11d47e7f844caa90abecc935747132,,fa9c956e6bc103a1|babc944be1e063c3,pdf
132,https://workdrive.zoho.in/file/4xdjh1f65dc2035ec4da496721eaaf04329a9,,b8e0c3c1bc968797|bbb5e428864bc9e4|bf4fc10fd0b4d0b0,pdf
133,https://workdrive.zoho.in/file/pabgg24445ce3f96147f6a765f3131511097f,,b3ae5848ca3376a9,pdf
134,https://workdrive.zoho.in/file/pabgg8e8edf48653540c88625756c3703a148,"https://workdrive.zoho.in/file/zu51z21fec48b15c94b9eaff3315fe76b08e7,https://workdrive.zoho.in/file/b5ezs5e0c1e1cc6d549808542bbc4721e4ec2",bf415415701745bf|af976bd4c0e8906a|eeb4156a60956acb,pdf
135,https://workdrive.zoho.in/file/pabgg64eea88582c246a597def67119e50bff,,bc9ec0309e9f30cb|b838329293c3c7cf,pdf
136,https://workdrive.zoho.in/file/pabgg72e80e5ad89a46f7a97135e479e0b35f,,becce03e8e70429d|bc3e633c1c38c99c,pdf
137,https://workdrive.zoho.in/file/hhrsk0a194b9290d9446683c6d39e46ee2c8f,,bf6e851fc095e070|8000000000000000,pdf
138,https://workdrive.zoho.in/file/pabggf2ab82316fff42df8bab3cd273b3c8de,,bec3c33496cd18cc|bee4a46607e363c4|be3c3e6826e123e1,pdf
139,https://workdrive.zoho.in/file/2ra2h5ab03f1bb8a44caa8e126298f1c949c4,"https://workdrive.zoho.in/file/ejk43f535d51534584376813d7a26660b033c,https://workdrive.zoho.in/file/p7iy58b3189bb038e43a3a7b011af59e2745e,https://workdrive.zoho.in/file/kjmwp2258320943af4ee09da4209396556994",c64e34e419c8bbea|a13b5693191956bb|b1e031ee474e4747,pdf
140,https://workdrive.zoho.in/file/yjcwi5a10dc9e9cee47b2a59b6a04d77c28c8,,ebc1c23a942fe169|b52fc0618fe09bc3|ba2f954294b546f1,pdf
141,https://workdrive.zoho.in/file/hhrsk219a2eed5d714e5d8ca2b9ccf8f99d6f,https://workdrive.zoho.in/file/iyeqtbea1bd3c523e480c985a5083b5c5bd3b,bf60c2c6e09e86cb|9f1f4fc0809d9f84,pdf
142,https://workdrive.zoho.in/file/pabggc10548acaf4541b49e2e671788b437f9,"https://workdrive.zoho.in/file/ea2zn66062acb54384a4c906eaf9bd31cfe78,https://workdrive.zoho.in/file/b3vi33758a739190a4003b760c2f563467653,https://workdrive.zoho.in/file/j85fxeff35bfa58d64ae6a597141232cd60bc",bc3c3c0ac3c3c3e3|bce3253ec33c06e1|a666276627662766,pdf
143,https://workdrive.zoho.in/file/qqtbb85b0fc65c77d49e28d9582c50dac01fb,,ea748187e31e98da|eb3a1eccc9c0b4b1,pdf
144,https://workdrive.zoho.in/file/hhrskedaf7cf633974277820fd09b2713aa56,"https://workdrive.zoho.in/file/8zi4k26398b7258824323b25a343c16ae12b4,https://workdrive.zoho.in/file/f9h0v5fcccf701bb1468fa775ea2494ac0066",b8c7c638c7c638c3|ba68387ac585c7c5|bb3bc1c4c4c03b3b,pdf
145,https://workdrive.zoho.in/file/hhrskb9b61642aac04524a2384a33f5776257,,9f8b0f1f4a1f0f02|bf3fc0c04e6fc0d0|8f0f0f97170f0bc8,pdf
146,https://workdrive.zoho.in/file/qqtbb2b3099764fd84dea90e36d9a9c8319ba,,be381e8ec127e1e1|bcb4c3632e9c3661,pdf
147,https://workdrive.zoho.in/file/hwc478abc6b7f18954aa3aaaf8c04b16bc110,,8f50700f8ef0be8e|806e7f4202fffe80,pdf
148,https://workdrive.zoho.in/file/lpjr9a52d996ba7cd430db68be38da0cf19ec,,ef2f9c9c603cc0e2|af97909ac48795b1|ee6a91eec433c1c4,pdf
149,https://workdrive.zoho.in/file/435hh77ab5f5f33c547cea1c2134ed66c3e11,,9f4a0f1f4a0b0f0f|be3f81c42c99916e|a727604a8f8fd8d8,pdf
150,https://workdrive.zoho.in/file/pj5ce4a8bb433570c48559f448ad54979380e,,ea81956e6ad197b0|bae4941f4bc43e68,pdf
151,https://workdrive.zoho.in/file/wtnfr28db04401de34d368f8d3298e265e2be,,be8c9d3bc562c2d0|ef81b03ac46ec31e,pdf
152,https://workdrive.zoho.in/file/hwc47d35e6f728f3b4a3585c1ee79e2806c34,,a72f1d93d2d0d0e4|bb76d067c4b0d095|bf6ac438c36bd0c4,pdf
153,https://workdrive.zoho.in/file/w3im241408840c6654036829adec79688c37f,"https://workdrive.zoho.in/file/stxepd4453a54b8dd4904ae85f9541e305f7b,https://workdrive.zoho.in/file/qe7xu00a9488d75c14c6bbf5a0241289e0786",fa7a85856a6a8578|bfc0c190913e3e6b|ea786c6699879781,pdf
154,https://workdrive.zoho.in/file/w3im2ba5342f16dd94329a782dd8bef24520a,"https://workdrive.zoho.in/file/2yn4m053ebb46b6074bdeb2db984ee50763e8,https://workdrive.zoho.in/file/ocdz1e9de9d7a197e4f64bc7f561a3590c0cb",ea6a94956f6ac05a|bab8b81ac1c64be5,pdf
155,https://workdrive.zoho.in/file/pj5ce556666a428344b0b98d54b1c43a3d033,,ee95956ac03e916a|ee6e1b91316ec4c4|9e1e1e1e1e1e0e96,pdf
156,https://workdrive.zoho.in/file/j6b754e535b54215e4145b6b6878fb5150ef7,,f240cdbaa4a61b8f|8000000000000000|ed9231cf304dd09e,pdf
157,https://workdrive.zoho.in/file/uhqn7fe33219c08144e1cae29ac06dddd4980,,bf1b86e4683eb1c0|aadcc13f6b85c81a,pdf
158,https://workdrive.zoho.in/file/w3im25d980984d92c41d4b214a3a0e8e09ef0,,bf0c1c39c03fb1e2|bfb3c06dd22cc093|ebd0906b863e9595,pdf
159,https://workdrive.zoho.in/file/z1hrad055ed6927284cf89397dd3430e92fd8,,ba62c4dac31dc92d|be5ac1949566c5d2|be7ac168c196c1c7,pdf
160,https://workdrive.zoho.in/file/u95am15f9d5969db743168f526d79dff5a35b,"https://workdrive.zoho.in/file/6fmw0a0136f66554449f09dfcea5a38cc0c3b,https://workdrive.zoho.in/file/flcw2062ac08816fc47f1999bf247a0b1d709,https://workdrive.zoho.in/file/pj5cebd7e0acd6dcd493c9d5ee248b9c37a55,https://workdrive.zoho.in/file/rvdm5305850d1265746b18678b2c2353a368f",f8352d68296d95c6|fa6987d2b03285cd|fa60a54e852eb572,pdf
161,https://workdrive.zoho.in/file/8yande29cd61b9dc54ce895bcede85ba912f3,,eb6c949633c0cc6b|e94bc93cb6b49494|b2389c94e3c9cbc3,pdf
162,https://workdrive.zoho.in/file/2ojp338c686771ea8493b965a990355d796d4,https://workdrive.zoho.in/file/scxnnbbc842d8de8b44639dc9c380aea36634,e596926d6d92306d|eb2db496944a4b95|bf27c4c8d13ec485,pdf
163,https://workdrive.zoho.in/file/z1hra7402eff50a4349faa79b747455e73d3f,https://workdrive.zoho.in/file/flcw25501ce312ae5411ab14ca7965318b660,be3ee9283aa52b90|be954b914f951694|b860cecfcfe130b0,pdf
164,https://workdrive.zoho.in/file/fh79n2e5c3ba2512d4920a4ed4aa82cfe0d99,,978c9c9a2ca9b26d|b996c66996867986|bf6f954ec098c291,pdf
165,https://workdrive.zoho.in/file/2ojp328d18c7e867d4430b1311a636f182644,,ea1b24a5b56e4aa6,pdf
166,https://workdrive.zoho.in/file/4xdjh93b5c1d527454276bfe789ccdf2d808d,,afc5746ad4d0d0d2|bf6ae01fc0956392|bf81b495ccc4c89d,pdf
167,https://workdrive.zoho.in/file/j6b75515e51d626204f09afab5cac3e5b08c3,,f57a8fc9f0b0c083|bfb1841b901e996e|ee3d95e491b1d04a,pdf
168,https://workdrive.zoho.in/file/ottdw740e7ea3bc4a48fea19dc192f903698d,,bf6ec09ce4d09195|af3ae0c5f013784e|b171717171717171,pdf
169,https://workdrive.zoho.in/file/pj5ce62c1e573845d4d7ba74ad0d95ca4bc0b,"https://workdrive.zoho.in/file/bjqb67e8372b1ab6a4901a79f77bbf505ba53,https://workdrive.zoho.in/file/ws66na9d02fd10eff4b47b2b0598eb123a343,https://workdrive.zoho.in/file/ws66na9d02fd10eff4b47b2b0598eb123a343",eb355aa594c2b54a|bee1419cb5e01d2e|afa6d0d83b2685ca,pdf
170,https://workdrive.zoho.in/file/2ta2q425c4ad8a27d4158be14f018d067ed0e,,afd0c92fc03f72c0|bf6bd090c06fe494|bf6af897809463c8,pdf
171,https://workdrive.zoho.in/file/bhhqu21e81a76771547c89b76aff09d8085a8,,cb4b66b434b4523e,pdf
172,https://workdrive.zoho.in/file/fh79n134b604484244548be599b7826a8f2ad,,b64b4b49c9b4b5b0|8000000000000000|e764929bcc339998,pdf
173,https://workdrive.zoho.in/file/095h5f714e4dd329742d4a3d5c70f74d93973,"https://workdrive.zoho.in/file/qyqoqd0fc9a765f834b8399d751a017af36b2,https://workdrive.zoho.in/file/168gje87b38bf16b740488e73a17fcd14036c,https://workdrive.zoho.in/file/168gj9fb44d6722234fa5851eba8dfdc7019b",9ce3e3141c6b63e1|bf27c0b0c46bb01f|ebc39c9cc31cc568,pdf
174,https://workdrive.zoho.in/file/s926222cf6b353a754a27a0f0a7af0dd4236d,,9ce3e3141c6b63e1|be6784b6c18d61c9|bf1ac13d94c3946c,pdf
175,https://workdrive.zoho.in/file/2ta2q494695a075ed4d33af6bd72bd66573f0,,8236fdc900527fad|afd0c92fc03f72c0|bf6bd090c06fe494,pdf
176,https://workdrive.zoho.in/file/s92626b3e65fb1de24b59bb1d9731e179e4b3,,94eae3151cea63e2|afd2d02d2fd2c02d|b836c79bc7c4c294,pdf
177,https://workdrive.zoho.in/file/s9262e3b0a6c7383a4540b5832d5f9156996d,,cdb6d096163a0f0f,image
178,https://workdrive.zoho.in/file/uef6dccd96fc3993840c5bcd4e19afb533b6b,,cd92d13636380f6b,image
179,https://workdrive.zoho.in/file/uef6d2bf58e035559467b92e08503e5e7f0df,,cdf2929f16662619,image
180,https://workdrive.zoho.in/file/uef6d35308ed3296e4f028af8c015ab0a3745,,e6949b694996263b,image
181,https://workdrive.zoho.in/file/s9262554bcb6a1e634810839f2e0c37bdc71a,,9c69e3941c6933b6|ec6e446fc612bb90|bfaac4ea391dc0c4,pdf
182,https://workdrive.zoho.in/file/uef6d95f1fee9093a43d4a5e8036b1f62444d,"https://workdrive.zoho.in/file/tz2iwffd400f394494a13b997c8e8906ce182,https://workdrive.zoho.in/file/tz2iwffd400f394494a13b997c8e8906ce182",9ce3e39c1c636392|e4d9606c99a69d87|bf3fd3c0c58dc0c0,pdf
183,https://workdrive.zoho.in/file/mwsxe1747a590b324498786de9bddb6a0db36,,9ce3e3141c6363e3|be6ac1958769c09e|fb91c606846a79f1,pdf
184,https://workdrive.zoho.in/file/mwsxe4c65a177f1064c58937d88f6b02522ab,,ad63d28825679ab9|bf27c039c1e227e1,pdf
185,https://workdrive.zoho.in/file/8o8bp2dd57097f24e4461ae417e49aab74651,,9ce3e3141c6363e9|bb6b8434d1c1e6e4|ba7ac5c5c194b698,pdf
186,https://workdrive.zoho.in/file/uef6db285761f82634dbd8b3870563e47172c,"https://workdrive.zoho.in/file/8o8bp58b2b81d47504d3e828c245e32d92cbe,https://workdrive.zoho.in/file/mwsxeaacfe384205440a39900b4eac16315da,https://workdrive.zoho.in/file/8o8bpc34e2d8ae20c4792be7230595ecba1ca,https://workdrive.zoho.in/file/7bvgn950f3b8eff454fc79a7f77e49ff44f09",9ce3e3141c6b63e1|bfc7c09094b7c538|bf31c19ec46a9195,pdf
187,https://workdrive.zoho.in/file/mwsxe43a367218a9f475eb2001cebace32e85,,9ce3e3141c6b63a3|bab5c16ac69c9d18|fabdc56ac3809594,pdf
188,https://workdrive.zoho.in/file/8o8bp12f3991db2894b4bb45b2bb772e79e38,,9ce3e3141c6363e3|afa5800f8f4e9bc4|a79ed890c861d2d7,pdf
189,https://workdrive.zoho.in/file/8o8bp2db91f6e74ca492ab01619eb3e2601d5,,956aea85156a6af1|bf37c068b462c09f|bfe3c02fd03e90e0,pdf
190,https://workdrive.zoho.in/file/zhubf16f5cd7eda4d4e69ac67f965cdd4ea6d,,946aeb95146a6be2|a322c8ddfd22768c|990984c6c63f3b3b,pdf
191,https://workdrive.zoho.in/file/a7d21f9af039744dd4d21a4662b07c16d1e21,,94ebeb1414696ba3|bee7c3c3c118cc19|be3ec03bc3c2ccc8,pdf
192,https://workdrive.zoho.in/file/zhubf552c2075b30643b7943241821e650a49,"https://workdrive.zoho.in/file/tq6e20fdd28ee93bd49bd81ef534900d27f8e,https://workdrive.zoho.in/file/ocdz14b0e264c6ae5487d92c2ab2971b9b52a,https://workdrive.zoho.in/file/ocdz1b2bf62a79f094512bc0ae36958bf3b83,https://workdrive.zoho.in/file/rgnwxc33008903b0044c387c48045256bddf6,https://workdrive.zoho.in/file/gs3k0362537c94eec4a0db4ecfdf67e48d9a9,https://workdrive.zoho.in/file/n7cyy446952dd00f048148b0fe0196f8c924c,https://workdrive.zoho.in/file/3bm7dab4bc70b5f6a4669a9e1a094bcf9a0ed",9cebe3161ce86383|8b436343617af82f,pdf
193,https://workdrive.zoho.in/file/f9h0ve5c2bb0ef9cb409ab32d8f3b0fb30eda,,c996b69f364b0f40,image
194,https://workdrive.zoho.in/file/wqwydac0a1fe261ed4824a25a5598d7810b38,,82fc2cf1b8c7a2c3,image
195,https://workdrive.zoho.in/file/f9h0v0a79ab0b47dc42289ca743902b7546c0,,ed94d64f192e2c19,image
196,https://workdrive.zoho.in/file/wqwyd6fc3105d46f64696a19d094f062ffd42,,83bcfc43033e5ad4|dfa14ad5962a42d5|ab0b0c74f5706673,pdf
197,https://workdrive.zoho.in/file/j15l43f5d06146a5a41b49be60cd54ce871b8,,9cebe3141c6b6392|be6b4a6bc095d095|bfe0856a85947b94,pdf
198,https://workdrive.zoho.in/file/j15l4f6980b65e0194ae0b7102994d512ce30,,946aeb95146a6be2|a362cd99f026769c|8f0dc8f0364fc9b4,pdf
199,https://workdrive.zoho.in/file/j15l47731478b454345a7af3ea6863d0a96cf,"https://workdrive.zoho.in/file/qyqoqb8a2155bc7e044ea8cbdb75e147c333a,https://workdrive.zoho.in/file/pj5ce7380e47c3d104dc1add434f302fa5774,https://workdrive.zoho.in/file/ws66nfa6a51d9912c43b7847baaabcb197a24,https://workdrive.zoho.in/file/za6tm1a31530d0d334c6ab3b47deed0fe86dd,https://workdrive.zoho.in/file/za6tm1a31530d0d334c6ab3b47deed0fe86dd,https://workdrive.zoho.in/file/rj23466cf75abc540474db58f496bf9adbd6d",e61a98e5461a6ae7|eac7953c914f9468|af3a9085d16ac53d,pdf
200,https://workdrive.zoho.in/file/zhubfe2a1056c2c114379babedc4145d97ae4,,9ce3e3141c6b63e1|bc93c39472683b6a|ec6e93901a913f93,pdf
201,https://workdrive.zoho.in/file/2kue138b4115205e84f02863d93f4faa94c7e,https://workdrive.zoho.in/file/fdt9e3cc23ec6ded1458e873212d0f397db68,9ce3e3141c6b63a3|be0fc134d47885c7|bb6bc094949dc9f0,pdf
202,https://workdrive.zoho.in/file/j15l4459d7c9b42af49138235acc284132fd4,,9ce3e3141ceb63a1|ba63879362789578|bac8c13a8797c578,pdf
203,https://workdrive.zoho.in/file/6jryn8434155d6fef4803951efac6d6fadd9f,,9ce1e31c1c6363e9|eae09537914acc9e|be69c49ec494e13a,pdf
204,https://workdrive.zoho.in/file/qyqoq1715da340896447590da26ff595eca09,https://workdrive.zoho.in/file/6jryn05ef4c1de293484d93c307db752bae08,bd40c2bf3f70408f|af853a7ad0c2d45a|8f0a1e3a3e487c3b,pdf
205,https://workdrive.zoho.in/file/6jryn18cc5a4f9f4a42c78c3cafecea7aa98e,,a24bddf5124a2cf1|efb5940ac20fc1da|bf91c14ac06e953e,pdf
206,https://workdrive.zoho.in/file/6jryn1ee0c4b5ef0e40dc94808caeb1c5f9df,,946aeb94146b6be2|a322dc99fe2226dc|af0f4bcada3434c1,pdf
207,https://workdrive.zoho.in/file/6jryn686f41bdfacb4446af38bc251378cb4e,https://workdrive.zoho.in/file/6jrynee91ef9644414964902b40379dc5b189,b24ecdf5120a6ce5|beb5801b946e99ca|bf6cc44ec09b9193,pdf
208,https://workdrive.zoho.in/file/6jryne20d9c7a8bb640b09e154d813adbe540,https://workdrive.zoho.in/file/uakaf4791212fe0044fa891f299e12e26535b,9ce1e31c1ce263e9|eb68949733c0cc6b|eb4bcb34b4b49494,pdf
209,https://workdrive.zoho.in/file/uakaf73d601fe49e04f908ef43d5f01d80d5a,"https://workdrive.zoho.in/file/o7ct8518a6863d19b4187acb059918ab612a7,https://workdrive.zoho.in/file/bvye69d8e5709b7a04eeaaf58554b36b2755b",94ebeb14146b9ae1|bf6dc0d2d0c6c03e|bf3fc0c267c1d094,pdf
210,https://workdrive.zoho.in/file/uakaf90937f23bb364f5285471db0dd8f1d86,,9cebe3161ce92383|bc65c1b1919ec65a|b838c7c1c8cb4b8f,pdf
211,https://workdrive.zoho.in/file/095h563c4fc68ad114957a230636c807b3136,,bc8bd36c70936c70|bd392987c6c68666|bbc0c43b91c42f3b,pdf
212,https://workdrive.zoho.in/file/p7iy55e3abfd3e1c147bebe614e5ebbaeb71c,,9ce3e3141c6b63e1|afb0c01f93c2932f|bbccd333c433c431,pdf
213,https://workdrive.zoho.in/file/095h545a43f71d5ca41e491e05899f8154413,,9ce3e3141c63b2e9|ea3b91969687c9c8|ee3f036b9195c5c0,pdf
214,https://workdrive.zoho.in/file/sxt5917785fab0fb54e53ae1919f953929382,,9ce3e3141c6b63e1|bf69c031c09cd1cf|b83fc64fc1e1434c,pdf
215,https://workdrive.zoho.in/file/sxt5951c4a1e2b94f4ec2bb8d3b8593d94aee,,9cebe3161ce92383|beb0e163e0074bce|bf3f7fe1c0c0c0c0,pdf
216,https://workdrive.zoho.in/file/nybjidabad886efd64c7ba08a890143f5d520,,946aeb94146b6be2|a323ccd9c9767688|8f78b0a4491eb7e1,pdf
217,https://workdrive.zoho.in/file/dj9iaed635d8172de4772953be301eb54b010,,9ce3e3141c6b63e1|be90c527c16bc599|bf84c07ad1c9c03f,pdf
218,https://workdrive.zoho.in/file/pj5ce5c7434220d8b4976892822cb8d57f378,,e71a98e5461a68e7|ea83973f981c95c4|af63c0b590b5c5ca,pdf
219,https://workdrive.zoho.in/file/w3im27091b3f629444c908184eed7c3c8e4cd,https://workdrive.zoho.in/file/2yn4m0969795d8f0a4cc28418955bd02593a6,be3bc2463d39e4c0|bf3ec0c06a6a3b94,pdf
220,https://workdrive.zoho.in/file/9rfbofad6cb94864c43a8a00f0cfee7a30e5c,,fa3881e5857ac38e,pdf
221,https://workdrive.zoho.in/file/b3vi3fe0f41ccdea04201823cc1ba06a47259,,8a1dfd9ab5bf4001|ca5adb0a853da5a5|ca6aff4a85b540a5,pdf
222,https://workdrive.zoho.in/file/uakafdf592f0c9d7a4d8f808d5d949c683a66,https://workdrive.zoho.in/file/f9h0v6db8faeeef1e45fd9cab9506841ad72d,9ce3e3141c6b63a3|be65c16b9096c393|bf7bc1649194c2e1,pdf
223,https://workdrive.zoho.in/file/xkzltbe37efd9b33d4baab84e48a7929e0883,"https://workdrive.zoho.in/file/8o8bp53108286527c4341a88b5ed35f8a9264,https://workdrive.zoho.in/file/6fmw0d3f14141edc54ee8a78602a108ed8b8d,https://workdrive.zoho.in/file/uakaf0aa3854a2f6049859fa1a0279b545843,https://workdrive.zoho.in/file/qe7xu4021dd5a24f9470da945b6cf22ccf99d",f8352d686d6985d2|fa6987d2b03285cd|fa60a54a873e9572,pdf
224,https://workdrive.zoho.in/file/g3f7tce6b2e8c294b4b53be40f9ec9e2e171b,"https://workdrive.zoho.in/file/dsn779912196010154ed985115c80ac73070d,https://workdrive.zoho.in/file/jw0g318d63b6216fa4181b50e065883d60fff,https://workdrive.zoho.in/file/gnb8bd6f2fba8511545a89dfd1e2afe5879bc,https://workdrive.zoho.in/file/kkv2z53c0bd3e3aed4d9e84b5d4f23e28e45a",a683da64999e66e1|bf904391c695d13b|bf2d607a84e5817a,pdf
225,https://workdrive.zoho.in/file/g3f7tc84bc97a63d747f18876908f9f6179f7,,e7569a9689591969|e9379664b168c987|ad61e336c80e978e,pdf
226,https://workdrive.zoho.in/file/pj5ce08fb66639cc546b782bd85ff9313fb49,,bf333280e6ccec0b|bfb187c9c44ec0c6|9b5ac4226b4fc4b5,pdf
227,https://workdrive.zoho.in/file/mp02144508d8f27d3423e98f5872e1b1b07a5,,be94e360844fd999|bf63c0c4cf18b133|fab54aa5ca94b143,pdf
228,https://workdrive.zoho.in/file/g3f7t6f74ee04ab8a41008c8342a41313a90e,https://workdrive.zoho.in/file/oyc0w806d89bd10e94039ae22d8cb89d7980f,9a91ec6a7b5a1d0c|b838c6c73932c7c6|9f0e14e161f1353e,pdf
229,https://workdrive.zoho.in/file/dsn7743261e333c774406b12b6b6516327f42,"https://workdrive.zoho.in/file/ojjbq3a46409f0eea4b2cbbf1c5154290b799,https://workdrive.zoho.in/file/jw0g335eecba23f444c98be25580125001b13,https://workdrive.zoho.in/file/jw0g3d385011769b24d66bdba23d18a97842a,https://workdrive.zoho.in/file/yclw7fa161f38acb94b37a241246cdc841456,https://workdrive.zoho.in/file/ydzja52c334060f3e4c9986139e7e38b586d5,https://workdrive.zoho.in/file/jw0g32dc11b0be92c46dfb3920658e6a4a32c,https://workdrive.zoho.in/file/3osm73d112657c77d4087af71fa509fab452c,https://workdrive.zoho.in/file/hwc476b8aad1269274ee1a6e0efd1218405fd,https://workdrive.zoho.in/file/sxemb40de1c320f71459cbab4c97e6a54f6c2,https://workdrive.zoho.in/file/9hgrq2b67ab6805e04dcd9e3c31fe8c785f61,https://workdrive.zoho.in/file/sxemb0eb1d2745578460196475a8f3fc4234a",b0005f7f368bc175|bae39cb5c04a639c|bf3fc16cc8c0e4c4,pdf
230,https://workdrive.zoho.in/file/g3f7t94575fb002454f0b9a18e90424ddb63b,"https://workdrive.zoho.in/file/jw0g31f9cad264847462fbd680656b8514beb,https://workdrive.zoho.in/file/gnb8b79b2253c573f4c08b232e62846db8b56",bf67d0d0286a3927|af2fd4d0c0c16bca|bf3fd0c0c06fc5c0,pdf
231,https://workdrive.zoho.in/file/g3f7t4b287a71ab58408cb247a03eb8489f13,https://workdrive.zoho.in/file/qq0vw5603c34f896d429ba2e444bcb9a5f0ea,bb9f8760e08d681e|ea78ce87950f8585|eab5d9d8d81a9164,pdf
232,https://workdrive.zoho.in/file/ojjbq5ef0d7d2394b44059a8d7b3c348a502c,,b636377ac8c9c8c8|ea78c687954687a5|eab5d9d0d0e29564,pdf
233,https://workdrive.zoho.in/file/ojjbqfb7365fd99864928b3d5d4f213b395df,"https://workdrive.zoho.in/file/mjszo00665d4937e04181a3160cc429db5e81,https://workdrive.zoho.in/file/3osm7b0617041678f4857b989bd2623b53f18,https://workdrive.zoho.in/file/q0i09984fb1320fb94c74a9d4a61b2b919ab4",a6c3da64999b6661|bfe01963c01fc03f|cb37b76ab5484ac0,pdf
234,https://workdrive.zoho.in/file/7be2wc559e6d8f4fa4b5ab63ca22bef70963a,https://workdrive.zoho.in/file/dj9iad9c457a38cdb4a409fb6f59f5dab564e,8f670f0f620f0766|be1f83a9c6863991|8f0f0787072f0fca,pdf
235,https://workdrive.zoho.in/file/7be2w0bfad3a937014ebc9bf1d8740168a8e7,,bc3c3c1c9863c3e3|ed6d6dc686929238|bc3c3c3c1cc3c3c3,pdf
236,https://workdrive.zoho.in/file/7be2w34c07a0acbca49d088dd35897159888a,"https://workdrive.zoho.in/file/7be2wa4a2e1f9da2d4c44a0770781dc5d608b,https://workdrive.zoho.in/file/3lg88d97567a9dfa34da58b3226455629238e",bf62c095944dcb36|e6c9c996d23c3836|bc66c3c3c31cc738,pdf
237,https://workdrive.zoho.in/file/7be2w2c0b8c97c8024c1095a28ab3ef544493,,a6d3ca64991e65c3|bf93c997c499602c|bf611f1dc899c348,pdf
238,https://workdrive.zoho.in/file/7be2w4ec4064173b84c269931bfc54711a77a,,bfc4c0e83fc0c03f|bf38cc3f33c8c4c0|bb87cc33c4ccc9e0,pdf
239,https://workdrive.zoho.in/file/7be2wba581d94682f49519c0fe1988416e3bc,,bae1c5879539981e|ba96c7c9b466c330|be3c38cbc3c3c1c1,pdf
240,https://workdrive.zoho.in/file/7be2w5430c31625344a16a52128425b4bb948,,ee91a542c9b6916e|ee6895e94a4e9591|eeb4626a4e95916a,pdf
241,https://workdrive.zoho.in/file/x9vjfd62a4a582f5f48bd9eb782f27ca5c9a4,,8f7004408fbebf8b|bba4c43b3a85947a|bb4f94e0c53ac513,pdf
242,https://workdrive.zoho.in/file/7be2w8a11ca5760b84b3781363ffeae6253f9,"https://workdrive.zoho.in/file/yclw71cc61f6427e94e4b8da80bc829257fd1,https://workdrive.zoho.in/file/q0i094d2b9a0272b142dc81c3e8875546f64e,https://workdrive.zoho.in/file/3osm71b0cfe46caa94f90a9db34f79acca973,https://workdrive.zoho.in/file/zxv1yda94ff3c7ab9463da898861b6c42deae",bf9484e16a58917b|fb1c1cc1857ae163|eb7a7a81943c9073,pdf
243,https://workdrive.zoho.in/file/yclw79558d41a64e946dfb2ed7d1cf310716e,https://workdrive.zoho.in/file/jw0g351d053fac2c24fc8ae8b0a5058f42bea,a6d3ca64991e65c3|bf9bc137c499602c|bf278197c1d2c4e1,pdf
244,https://workdrive.zoho.in/file/3osm7f8689415d4b14761902dde94a8c20348,https://workdrive.zoho.in/file/yclw7f2e002b5320c410f9e163ca01c39df54,ee1191eeec195364|bef2d078841ed80f|bf6ad095c26cc466,pdf
245,https://workdrive.zoho.in/file/jw0g31d0d229955fe41fd8f77ba613dfce1ba,,eeb5c41f956a91c0|bf6a94c5c1b0c09f|ee699136c06ad0cf,pdf
246,https://workdrive.zoho.in/file/jw0g330eb04ce3f524985a9433f4d5a0cf010,https://workdrive.zoho.in/file/fdy6b7cffcb9d54fa410bb55ff8bb6ebda654,86e0f91f26a71972|a3728999fe2266cc|a7058cccde36362d,pdf
247,https://workdrive.zoho.in/file/jw0g393dea1afc1c4459abb3e0afdac578a83,,bfb5c093904e9c1b|ef94916b64865b91|bf3f0fcac0e0e0c4,pdf
248,https://workdrive.zoho.in/file/jw0g375359d119fe24f44878d3718cdcfbcc1,,bf70c08fbf704087|bfb4c49f944a81d2|af9591dec44ac07a,pdf
249,https://workdrive.zoho.in/file/jw0g3be64a0eaec84431e89cc15f6e3bb58a3,,856afa95056a7a96|a3628dd9bc667688|b72309c9c9c9f236,pdf
250,https://workdrive.zoho.in/file/jw0g3175dc1b06db84dfd9aaad4a65f59fa92,,ba0f8760e0c76e1e|ea78c687998b85a5|eab5d9d8d8129564,pdf
251,https://workdrive.zoho.in/file/jw0g3996940423b444c5a949061dcf292662c,"https://workdrive.zoho.in/file/pu62r7dbd916ef32b4666bcfe0446be487163,https://workdrive.zoho.in/file/mg60ad277218258fe431e87f2f99235cd35b6",bf6a6a7a95a480b4,pdf
252,https://workdrive.zoho.in/file/jw0g3b7f7281d52954acf8c681850f263ffb4,https://workdrive.zoho.in/file/8ro2ya49a516f0170468c8da61af41faa994a,be941e4b946be152|9e3c1e3c1e3c0e6c,pdf
253,https://workdrive.zoho.in/file/jw0g3f51c32bdfbd6490e9ccc3112f1d57fef,,ef2a1a6596e3c5c0|de43425b4a5e63e2|fb84946a3bc02e6b,pdf
254,https://workdrive.zoho.in/file/jw0g304575fdaed6e4dff86dd0f624c170011,"https://workdrive.zoho.in/file/k5zpvc92bdfbea3a942499a424e3ea6be123e,https://workdrive.zoho.in/file/tpafi3c771f7f416946188c12a750eecf3754",e39496637894656b|d74f2aaad45454aa|f65da8a2d45554aa,pdf
255,https://workdrive.zoho.in/file/jw0g3158258b31f3f416b9c1055cef708503b,https://workdrive.zoho.in/file/q0i09fba781b2702840049ed145ab79d94ae8,be94e360944f9999|be63c0c6ce18b173|beb54285cab970c3,pdf
256,https://workdrive.zoho.in/file/jw0g3de62e68824244940bde6f90a4c40ca9a,,8f4b0f0f4b0f421f|be3f81c44c1d9176|8f0f8f87070f4bc8,pdf
257,https://workdrive.zoho.in/file/jw0g3942f78bbfc3e4f2db26151418f28bea5,,a6335a6e591bc661|be2fd0217a85d02f|bead52a1d4a5d0ac,pdf
258,https://workdrive.zoho.in/file/jw0g3a1777a835a004b7eb470a1c3b367feef,,bf30c0c4c53f3bc1|b3338cccccd8cc9c|be36c91dc199e126,pdf
259,https://workdrive.zoho.in/file/jw0g3737e42df7d294dd9959d71ec94e3df7b,,9fc3472bc0eaa22b|f6a255ab55e624c4|d4ab54ab75a325c2,pdf
260,https://workdrive.zoho.in/file/jw0g39213d9419c3347d082fb683ff160b5fc,https://workdrive.zoho.in/file/thbd6d2bbdae606264419a5a9d5f491c6405c,b8381fc7c7c76038|acc3933c6c93936c|ae2e2e2e2e2e2e2a,pdf
261,https://workdrive.zoho.in/file/jw0g3455d3f63e8664f2abbf2ec8e8075e21d,,eba295c9941eca2b,pdf
262,https://workdrive.zoho.in/file/jw0g3b2d11abbe51c4a67b56165527e1b1d16,,aff0e44b941fc4c1|9f1f1f1f03e0e0e0,pdf
263,https://workdrive.zoho.in/file/jw0g36ae147940eae417b8d61964ee080a2be,"https://workdrive.zoho.in/file/jw0g3e3585a0d3b32434fbdec43f85cf2c730,https://workdrive.zoho.in/file/g3f7t217e561d5bf5407984e65e81b1500740,https://workdrive.zoho.in/file/jw0g3e5030661452642a185057968953ab0c6,https://workdrive.zoho.in/file/7be2wf4682533f1404acf8ec5ef3a7f1e3fd6,https://workdrive.zoho.in/file/dsn77310ac05105704f48a489f0b8b8cdbd55,https://workdrive.zoho.in/file/ncgb427746e01dd7e46ea9445d30a5a6702f3",b762c81f3fc01c3c|bc66e1b0c399909f|bce0c7b0f10fc3d0,pdf
264,https://workdrive.zoho.in/file/jw0g381839049e7a74f29ae2923d8f58da7f3,,ea6897959527703a|bf6e916a6bd0c0c1|e2689d97950d723a,pdf
265,https://workdrive.zoho.in/file/jw0g3e7e9b75925b34e4f958a430fcf9bf5f1,,bc3c781887c3c3e3|bcc3633c16631c3e,pdf
266,https://workdrive.zoho.in/file/jw0g3e99d73e219ee44fa994d9c36250053cf,,af9f7ad060d0d0c6|bf7e60e09c95c1c1|af2f818768f0f078,pdf
267,https://workdrive.zoho.in/file/jw0g3de95fafb5dfe44e8b31d427f59854a4b,https://workdrive.zoho.in/file/9hgrq77a79dd0d22e47e3ad96d6229bed246d,b4413ed3cb3c493c|bf9ecf3230c5c031|bf6ac0943dc9cc1c,pdf
268,https://workdrive.zoho.in/file/jw0g30638e1cc89f84cd68812d1cf25112606,https://workdrive.zoho.in/file/ea2zn9b9e77ad00ca4b8eaafc6b9f87a62d12,e4d9606c99a69d87|bf3fd3c0c58dc0c0|e4d9606c9ba69987,pdf
269,https://workdrive.zoho.in/file/jw0g3279128741530414293e943cce0c9cc78,,bfc56395876a94c0|bf2f6ee2848585e0,pdf
270,https://workdrive.zoho.in/file/jw0g319c7a54d4cf440bd8f15e4e6cd1733b2,,bf2fc0d02868699f|af2fd4d0c0d06b6a|bf3fd0d0c02a2fc4,pdf
271,https://workdrive.zoho.in/file/jw0g39708d8c887be4e76bd6261ead5b02a10,,e68e993399646699|ae31276ad19c4e99|bbf4d039464e91c6,pdf
272,https://workdrive.zoho.in/file/jw0g31ee75e2617e24b55bc92ef45f7c0b2d1,,bcc63c078e2c9f64|bc3c9393c2c2c74d|9e2e1e2e1e2e1e26,pdf
273,https://workdrive.zoho.in/file/jw0g31b8fffc9fc2847e5af9270fdce7c8253,,b838c7c73c3893c5|9f1d1d1fc3c3c2c0,pdf
274,https://workdrive.zoho.in/file/ea2znd2a2f10aa85842f0ab1198ca52e5c72d,,af3f958703c1e06a|eb3f68b0842b9396|bf3f6ac08485e1b1,pdf
275,https://workdrive.zoho.in/file/ea2zn140e1a49afa74408b27446ee98b6df33,,e4ae2b43b36e849a|8000000000000000|b392cdcdc03b1e1c,pdf
276,https://workdrive.zoho.in/file/ea2zn888ddc1589444990ad477dfff8103b63,,bba4c43b3a85947a|bb4f94e0c53ac513|ab3f90799434d0ec,pdf
277,https://workdrive.zoho.in/file/ea2znb085ca0ee0714174a04d9efc8e2250e1,https://workdrive.zoho.in/file/nkkihb75c2d62eabe47e0a76a3985ea091d61,bf4ac0b53b4a609b,pdf
278,https://workdrive.zoho.in/file/ea2zn97b41ac6890445e79bce99f61fc044b2,,bf42c0953a6a3b95|e74698892576da8d,pdf
279,https://workdrive.zoho.in/file/ea2zn4a524419c38d4aa6834a566b1d591402,,bfb1854e916ec2c1|af3bc5c0d48791e4|af26956cc06995b5,pdf
280,https://workdrive.zoho.in/file/mp021aa0b294e8dc04ef7b287bb73477af390,"https://workdrive.zoho.in/file/ea2zne618201b24bb4e2398df87c72318e728,https://workdrive.zoho.in/file/bwuch872abab9434645d7bf64921a5bde3522",9f620f0f62072767|bf2f0dc48786170d|8f0f0f8717070fca,pdf
281,https://workdrive.zoho.in/file/ea2znae08c1134fd240ed9716e43532298218,,e4e25ad36b69c928|bfc0c03690cfcb1d|bf6ec2b0ccc8d0cc,pdf
282,https://workdrive.zoho.in/file/ea2znde7634273a7c428d94f98ab7476cf931,https://workdrive.zoho.in/file/m6u9m2acd98ca45d8463e8184c38158257455,b2638b93cb3c6d0c|be62c399c09f909d|be6cc34fc133e290,pdf
283,https://workdrive.zoho.in/file/ea2zn44c44aa9c2e94677a810e646bf551817,,b84610ec32efb1c7,image
284,https://workdrive.zoho.in/file/ea2zna8b8170444c3422087ac4ab2f697d7a6,"https://workdrive.zoho.in/file/fdy6bbd41d4eee705409cb47b37cef8a07345,https://workdrive.zoho.in/file/ocdz1ba8c878d0e4c4b1b9665e67ac0913dda,https://workdrive.zoho.in/file/i63n5345ea237824b436aa39a132abe5a96bf",ef82b11d0fe2d01d,image
285,https://workdrive.zoho.in/file/jw0g3c27b8945fb9646fdacef9943b2767940,,ef4cc0b39191917e|eb9ce063946b949c|bf3ee064e032c03f,pdf
286,https://workdrive.zoho.in/file/g3f7td079abfc8ed84e2c834c9bd08812d246,,bf40c0bfbf40318e|bf2dd4a55a2b42a1|ba2b5aa552a5d295,pdf
287,https://workdrive.zoho.in/file/mp021d4823024beb24686892984b0fde43063,,fe6a4beb85818585|9f1f1ee2e1c30307,pdf
288,https://workdrive.zoho.in/file/ea2zn844af84f19d44139a41ac85d94abe8e1,,9f1f43e0e0e0721f|8000000000000000|8f0fb070f8f0270f,pdf
289,https://workdrive.zoho.in/file/dsn770b463131be0d458d9315bec0762f7223,https://workdrive.zoho.in/file/ue0u0aafb7b4acf3445598e1c712717230bff,bf41c0bebf40409f|9fa5c66a5aa17a21|bbb19131d0ecccc6,pdf
290,https://workdrive.zoho.in/file/dsn776994051007154ecb84325b278b5f6d74,,aeb5c41f956b91c0|bf9dc06ec462c133|be6b81c09497c5b5,pdf
291,https://workdrive.zoho.in/file/jw0g328f21ec5a8314ec8becd5b8aea6c4e7a,"https://workdrive.zoho.in/file/zu51z0b299686b85545509b050bef73d590f0,https://workdrive.zoho.in/file/oyc0w978d85787beb412b8ef78a762f1e0f0f,https://workdrive.zoho.in/file/zu51z51b6d408301d44c5bf8e0a9e6c0e040c,https://workdrive.zoho.in/file/xnnzpc63a1123ba294f26ab78b7ed426ee1ca,https://workdrive.zoho.in/file/zotk8c444c38debd64f0686f6f6dc2b486616,https://workdrive.zoho.in/file/zotk8cd21418c04f347b7a31bea319f46b2a8,https://workdrive.zoho.in/file/zu51z298fa3f3ce81498b9b8b3dc0e91cb320,https://workdrive.zoho.in/file/zotk8d07e687b65a04b0ab76cd15b7406dae2,https://workdrive.zoho.in/file/xnnzp98967a42b86a4a72a7ade1fda23f1d19,https://workdrive.zoho.in/file/qq0vwd98d82579443476b9a89a9a7fa923c6d,https://workdrive.zoho.in/file/zu51ze5ce014e7b25491b9f25db9893651c7a,https://workdrive.zoho.in/file/zu51z3b28d1f44906400a96ea714dd4f94743,https://workdrive.zoho.in/file/ydzjaf8df965302bd4dee82315005f9a4d2e6,https://workdrive.zoho.in/file/q5ix560ab2dc6c4e8480f8842f44cd2166ee5",9d3dc0c2f2c0e3cd|a6082623fdf3d929|bfc158bf12e2c0e2,pdf
292,https://workdrive.zoho.in/file/g3f7t5baf0d16a20f4d1891332313d9d9802f,,bf40c0bfbf41308e|bf9390c4916a4e7a|be709c87951e907a,pdf
293,https://workdrive.zoho.in/file/yclw72007b218f3b74abbbaa19df95919918b,,beb5c41f956a91c0|bfb4c02b916ec1d4|ab65c1687c1dd08f,pdf
294,https://workdrive.zoho.in/file/yclw7a2f0f20363954e59b2bdc466532ddc8a,,c893b70c48b3becc|c893b74848b3b7cc|c89fb3404cbbe3c4,pdf
295,https://workdrive.zoho.in/file/yclw7eecad5cac6354549a7f4022a0492ffcb,,a733c90df2e296c8|a7667019d999c8ce|8f6a703e782a3c0f,pdf
296,https://workdrive.zoho.in/file/g3f7t5b5511c21e6a4dbd9aa0cb551b025ff6,"https://workdrive.zoho.in/file/mjszocbbc0b22198d446dab494776d8043fa2,https://workdrive.zoho.in/file/1j88oe7b14492838940b0b407885ab6e52e10,https://workdrive.zoho.in/file/s9262ea3bdfc7cf2f45ae98a2b2687cd1e43f,https://workdrive.zoho.in/file/7bvgn23430445a6dc49abba9be7b2ccf12758,https://workdrive.zoho.in/file/9rfbo6a61b1c3ffd6453bba63289b1938fec0,https://workdrive.zoho.in/file/gsg5w3f7adfc881a5478898ea1707b39c9845,https://workdrive.zoho.in/file/hcuw6cce58617abf54b5ba79fcfbbebc0bf72,https://workdrive.zoho.in/file/v5kwjb3616b6a1e294170a3308b7d6993a436,https://workdrive.zoho.in/file/wdkrcc8bffe1e6e75426ba85a8e27de21ec4f,https://workdrive.zoho.in/file/jrc3ze9488c2bc048494da28bc486092ba4b9",db5d28a52d2f34c8|8beb583734b4701e,pdf
297,https://workdrive.zoho.in/file/zu51z6e169965a7ff46fda08d97a98003e6d9,https://workdrive.zoho.in/file/ea2zn1ac2cb9c65cd45e29e4d8eeab71c058e,819c18260f476fdf,image
298,https://workdrive.zoho.in/file/jw0g3bb688b4737d2437c8b21722b6e30516a,https://workdrive.zoho.in/file/q0i09c13050c033a54220a86c48194ba6e243,beb1c16026d9d936|bb34c06b84cd7b94|be39993136c5c1c6,pdf
299,https://workdrive.zoho.in/file/jw0g3a4f94e840e294c8f893e1b548eb7a83f,,ff50437b852f8107,pdf
300,https://workdrive.zoho.in/file/zu51z4251f35f84c84261acb2385704341eea,https://workdrive.zoho.in/file/ea2zn33c3d1c72a2f43508285862e23cafd1a,e6649923d999cc27|be2b90955aead0e1|eab595e8c03b86c6,pdf
301,https://workdrive.zoho.in/file/g3f7t5d36ee0b0866424f94b553539ca5cfb7,,bf5fc189ca6891e0,pdf
302,https://workdrive.zoho.in/file/g3f7t0cdd1edb059b41a3bf12685e40253280,,956e98723c683d8d|a123def0d08ef61c|8f1ef0f0b4b4e069,pdf
303,https://workdrive.zoho.in/file/7be2w06317fa8a421413fa246afa3cb8f0a40,"https://workdrive.zoho.in/file/7be2we45c11aea6e8493485f29a2ff3b4de61,https://workdrive.zoho.in/file/ea2zn535d29ac4c7a42a3aef4f54d1e6b992d,https://workdrive.zoho.in/file/8ro2y8819fb9991194304a5606006ecc345f2",9562ea9917e61578|a122f639f40256fe|8f0ec4b43fcbc134,pdf
304,https://workdrive.zoho.in/file/7be2wbc066674f1a545038540579a6d9e26ae,"https://workdrive.zoho.in/file/q5ix5ccee37b3c4794893828596d37c3e5427,https://workdrive.zoho.in/file/2yn4mf14a72af090641eeac66228052d130f5,https://workdrive.zoho.in/file/zg3za071993c92d964ab49e491503b089981e",eb609e8665695a8e|cc93b36a4b54b4a3|f75629aa055457aa,pdf
305,https://workdrive.zoho.in/file/yclw733763eef4a674436adcd2c9f6db5db2b,,ea50972c68db912f|fd71714303131f1e|bc43c31a6d47986d,pdf
306,https://workdrive.zoho.in/file/ojjbqf612b500f68e442ea45908f36425f39b,https://workdrive.zoho.in/file/jw0g34ede0cbb4f7a4a77ab629679df3fffc4,a72f0d92d2d0d4f4|bb76d067c4b1d091|bf6ec43ec06bd084,pdf
307,https://workdrive.zoho.in/file/yclw748988b9ed71443fb88c991376a2cd1ba,,a6d3ca64991e65c3|bf9bc137c499602c|bfb585c59179c0c1,pdf
308,https://workdrive.zoho.in/file/ea2zn613dc66068dd4223acdfa3ed9013d04a,,afa7956b78c0d0d0|af6bd1c12b6bc0c1|a5612dc38bcb8bc3,pdf
309,https://workdrive.zoho.in/file/yclw7a9ee5d9239054e929199dbc13c9c2e03,,8776f889266619da|a326dc99f666a09c|a727272f09c9c9c9,pdf
310,https://workdrive.zoho.in/file/7be2w98b57454a46e4d94ad7f9a1cfdcb0805,"https://workdrive.zoho.in/file/vx7qw9b2b39acc68d441fa43772fe280ed735,https://workdrive.zoho.in/file/gs3k077458e08b6d9450ba41b81ca71cc435a",afb2e11760c89d9c|e63fc1e11c1e8563|d6bd94aec058c4ad,pdf
311,https://workdrive.zoho.in/file/yclw73a8309652c1d417b8f44badf70116826,,978ee871338e0e9c|bf6bd025c0f0c749|fac1c1789986876e,pdf
312,https://workdrive.zoho.in/file/zu51z15f88f0bb93847828796710b400427cb,https://workdrive.zoho.in/file/m6u9md88a6fbd3d9d4e738a646d25b941f1a9,bc3969649693d2c6|edc99364962c963c|e9c9966e9661909b,pdf
313,https://workdrive.zoho.in/file/zu51z4a60c0a581eb482a93404762fbfc7eef,,8f073bf0d8d00fc6|800b7f2a7f663f02|802a7f227f7a7f00,pdf
314,https://workdrive.zoho.in/file/zshat0e27277791304ccdacd75b794f993aba,,af2d70c2c0d08faf|af2783c9d1743478|cab5854ab5487ab5,pdf
315,https://workdrive.zoho.in/file/zshataf511cbb425447ada36d3c97916303c8,,be64c39bc33c3434|ed4d65b69531c492|f932863686cd92cd,pdf
316,https://workdrive.zoho.in/file/stxepf88bd5923a054d56818f7369d629916b,,ba1af9a5c226c36a,image
317,https://workdrive.zoho.in/file/stxepf91dd4060ad6491d957d614ea3fce141,"https://workdrive.zoho.in/file/bjqb6dd5cb4539cd5405aa4342c6b452f83a2,https://workdrive.zoho.in/file/v6hjg87dab4e3172e4779a70320a94b3d7cdb",9e1e90e1e16b8f85|bbc4c095967a0f6a|efb0c5c590c3907d,pdf
318,https://workdrive.zoho.in/file/stxep43c87c3f32464ce2a18ace3bb647c2b0,,bb2f2e6ae4e09191|e3634a269e9c8727|81692f6f0f870f13,pdf
319,https://workdrive.zoho.in/file/z1hra466bceea19d04ff687786fcb2aa45cd4,,b463c31c4dc31ee6|e699c63319c6b16c|ae3f91636393c6c0,pdf
320,https://workdrive.zoho.in/file/stxep9bb568fb9d08481981a40eb91a8793a4,"https://workdrive.zoho.in/file/bjqb6a4c1f8a31d764e09a7e79d497a5e025c,https://workdrive.zoho.in/file/za6tm88d5ec881f764af7979b0e300c00469b,https://workdrive.zoho.in/file/wqwyda83a338002a84eb4a67c4880864991f3,https://workdrive.zoho.in/file/xboj687b3a485ddfb44299ce1e848879a5fd0,https://workdrive.zoho.in/file/o7ct8eca654861d50429f95e39237f52b355c,https://workdrive.zoho.in/file/ocdz12c96879f76364ef2b65eeb8226b888e6",ef87871d070b1d0e|af6cf83887c0782d,pdf
321,https://workdrive.zoho.in/file/stxep4025b9672dad4a30afba1afe335eecec,https://workdrive.zoho.in/file/p7iy5ccda7f429f864cc4baec2a10b1b849f1,bc3dc3c3463c3991|ec6a93316cce9391|9c1c1c1fc3c7c7e0,pdf
322,https://workdrive.zoho.in/file/q5ix54c5674e432b44620b30022d113d51e3e,,8778f887e8077872|be0fc134d47885c7|bb6bc094949dc9f0,pdf
323,https://workdrive.zoho.in/file/ydzjabaa681321ee54756ab637917ce36fe36,"https://workdrive.zoho.in/file/ltgclc8fea5e70c844f0e896b60a5c1383455,https://workdrive.zoho.in/file/ltgclc8fea5e70c844f0e896b60a5c1383455,https://workdrive.zoho.in/file/gnb8b1fe4fc8e0010481a97489d36cc074224",bccc703c9e70ca9c|b838389293c7c76d,pdf
324,https://workdrive.zoho.in/file/stxepfdc2c4b25b9f4a399be31fbc55ab1c73,"https://workdrive.zoho.in/file/1etqy5af63cbf54b84b60a273721918c2fbcc,https://workdrive.zoho.in/file/6fmw09f930608c3764701a29612b3445fb001,https://workdrive.zoho.in/file/6fmw007518324ee564bf08fc1013d4f71033a,https://workdrive.zoho.in/file/jxur33c8dcbed372d455aa90802ce4cee436d,https://workdrive.zoho.in/file/kkc9ed00781c21a5b49a580688580cac4f0a2,https://workdrive.zoho.in/file/8r5l953b7db5db894428788c334a902091267,https://workdrive.zoho.in/file/8r5l953b7db5db894428788c334a902091267,https://workdrive.zoho.in/file/pj5ce2607ac2ec93140d9b5be877f116c916f,https://workdrive.zoho.in/file/c1j4y3790d139ded449aab8ebdaa8e3dfc902,https://workdrive.zoho.in/file/tq6e2e91a0c60c7bb4d128bffd560ee4ff337,https://workdrive.zoho.in/file/h8u2h1ba4de58c687406883fe436edd3e3227,https://workdrive.zoho.in/file/vj2t621f8c06104574f9eba6808f283e7ba37,https://workdrive.zoho.in/file/u95am434a056af71346dfb8e486cb0ba92186,https://workdrive.zoho.in/file/us2t7c9b7ecf5ff6e4fc586f29fc3ead3692e",b264ce92ca9d6939|ec1291c9d3b596c9|ed36d2cd906992c9,pdf
325,https://workdrive.zoho.in/file/q5ix5e510df8c0d8940609687046e19d2c051,"https://workdrive.zoho.in/file/jzztxd3153413323746958aab3f826b50b403,https://workdrive.zoho.in/file/jzztx6029af7d9d9d4945a10a92bafa4fbc85,https://workdrive.zoho.in/file/jzztxa2e913d6e5ad4f19993e3689537af50a,https://workdrive.zoho.in/file/jzztxde380322c7fd4255aadc10d0b5b76f8c,https://workdrive.zoho.in/file/qq0vwffcd732e2ef9461d8c47cee4833102f7,https://workdrive.zoho.in/file/3osm726ea457b6e2f4ef7acf073aede97ef74,https://workdrive.zoho.in/file/zotk895c2bee5ec67497eaf754ea258554b70,https://workdrive.zoho.in/file/zotk8d209dea5c64044f1b6dc13f9ceef9fde,https://workdrive.zoho.in/file/wdkrcc8b7ebad80164d0baa58c337c7a1c579,https://workdrive.zoho.in/file/p39vw8d6ed18990094bdfbb9f6499ee6fbdce,https://workdrive.zoho.in/file/biz3845d5a1c867bc4c48ac2cdc0dbdea3029,https://workdrive.zoho.in/file/xnnzp1970940e04b04ffdbb1f233f1d5ea7a0,https://workdrive.zoho.in/file/kjmwp83acfc3c159f44fab1672091c1ac7a6e,https://workdrive.zoho.in/file/l3h8e2984592e41bd41f4ae1b8db34124b964,https://workdrive.zoho.in/file/1x1sb8d1446d8f3354cd4bf7876dbf8e3c414,https://workdrive.zoho.in/file/uoq8f5171f26385ff4a8e9b1a095a96f8303a,https://workdrive.zoho.in/file/1x1sb8d1446d8f3354cd4bf7876dbf8e3c414,https://workdrive.zoho.in/file/uoq8f5171f26385ff4a8e9b1a095a96f8303a",e9ee561013246beb|a71e68670f98e585|bb1b3b1b3cc4c464,pdf
326,https://workdrive.zoho.in/file/zu51z16b1094be5174c289b909cc04f1e6236,,ba5064bdb46e521b|af8741af50ba54f0|b6e5592cc31c9cd2,pdf
327,https://workdrive.zoho.in/file/krmj7d34e2007349a4dd5b5e6982fd3a34069,,a3e1a76b81c32fe0|ebf16b2e840e9463|bec1c12e9ac1273e,pdf
328,https://workdrive.zoho.in/file/q5ix570bec6c4c6a44b788b0d1c4b730bb1ee,,8008ffff61008cff|bfc01e6b803fc718|bf2bc2c01d2f63d0,pdf
329,https://workdrive.zoho.in/file/i9w2z796c0341baae4898a993f682547487e6,,b3cccc3333cc3331|bb35c4c43333cccc|bf1fc09cc566c164,pdf
330,https://workdrive.zoho.in/file/q5ix5a0fd9f6710174d53a8066029954f37b0,https://workdrive.zoho.in/file/sbacm5535019b63f84d8eb8873e36cb6fae24,daa55a55ca3dc055|ac2437139b9b9333,pdf
331,https://workdrive.zoho.in/file/krmj78772221011c14add948ce951c5c51394,"https://workdrive.zoho.in/file/xww6743c973868e2e4c088a66e96e3a49947a,https://workdrive.zoho.in/file/225ve01cff623085049a690cfef3508a1e202",e461d39ea4598f61|bf26c07ad069c4b5|bf3f3e36c4c0c0c2,pdf
332,https://workdrive.zoho.in/file/q5ix525f15a2fa11d4e3ca76bb8d52650444a,"https://workdrive.zoho.in/file/jzztx0b863f441cda48bc8ebef8dff0e5784a,https://workdrive.zoho.in/file/5ez6i9b6e3d1c5b2944b68ec927c0d731d4f2,https://workdrive.zoho.in/file/qq0vw3d68f5ec0a744d65adfee3634ece2c66,https://workdrive.zoho.in/file/x11zqf017daa37c0549cfa4a14b04af48a98a,https://workdrive.zoho.in/file/kjmwpc19baf3e68fa44ce9962ce08d073039a,https://workdrive.zoho.in/file/wtnfr020ade657dc94819877c35d9fe468543,https://workdrive.zoho.in/file/ws66nd788fb9e1b8a46bf857c048d27f8a603,https://workdrive.zoho.in/file/wtnfr020ade657dc94819877c35d9fe468543,https://workdrive.zoho.in/file/ws66nd788fb9e1b8a46bf857c048d27f8a603",ad0d97b73948c691|d5d52ad52ad42ad4|bfaf1faa12e840e0,pdf
333,https://workdrive.zoho.in/file/q5ix52c10a845d0cb42a2a28ea15a332b22a4,,bee0e31f981ec161|be3cc0e01e9dc1e3,pdf
334,https://workdrive.zoho.in/file/q5ix500d20795f3124120b019fbb7a1ffc073,"https://workdrive.zoho.in/file/jzztxf8e9c12bb6754be38eb918ff3d164c8f,https://workdrive.zoho.in/file/jzztx4acafa091b484a60a07e09fbc591a0a9,https://workdrive.zoho.in/file/blstf53a5c27a3de24555bf97369c05449ce9,https://workdrive.zoho.in/file/bwtg7b70f0149656f45baab0434e07f929b17,https://workdrive.zoho.in/file/za6tmb8179e61e0ff43b18491d0b37f494e71",b6b2cb4d661a3865|bf27c93ac2d8c464|be3e38e0c1c1c3c7,pdf
335,https://workdrive.zoho.in/file/4ksft80b8cb0bf9f64ce489fe0bdf683bd485,"https://workdrive.zoho.in/file/140kfd564826148014f4f84109436f4e621ad,https://workdrive.zoho.in/file/x11zq9c7b83a4358e4437b159bf1985a28f8f,https://workdrive.zoho.in/file/blstf31848dcd67c546959eb6a23ccd3dbbf6,https://workdrive.zoho.in/file/533qv09623aa80bd64494a0158f548fb17361,https://workdrive.zoho.in/file/nkkih716bdbcb44364e2b9b0bbea34a25e2a7",eae8953df105cc52|80002a002a002a00|b38c9993c69bcc38,pdf
336,https://workdrive.zoho.in/file/q5ix5b548e1494ead443f811cccbd14fdf518,,be27e1e6d6989890|fe696b6a85969094|be3ec181817e3e32,pdf
337,https://workdrive.zoho.in/file/q5ix510621f5ac5ba440f8bcb65e5fac6c448,,8008ffff610898f7|d76687e024c68f2e|ee6e1f91c1e86885,pdf
338,https://workdrive.zoho.in/file/q5ix558092815b27047f8ab987efb9827ced5,,bfb4c2c29d18994b|bf6fc0e49219d063|be63c09fc39cc131,pdf
339,https://workdrive.zoho.in/file/q5ix584644cf5025a48b58e2da81e2b010471,,a015dfff2a95904a|ff848e6a85608e2f|ebc9956b2694b494,pdf
340,https://workdrive.zoho.in/file/jzztxd85b1438fdc0429881393a5004a9c544,,fb94c56263c99893|bbe1c06ecc38912f|fa9cc4c385799163,pdf
341,https://workdrive.zoho.in/file/jzztx0f4f1e38a4484661844fd73b894320b7,,fcb8f8d0a1470747|bfc6904b9594c56a|bf6ad4c3e09594d0,pdf
342,https://workdrive.zoho.in/file/jzztx8031019dd067405ba0fe0d9ba0450061,"https://workdrive.zoho.in/file/oyc0w30aa0f2ecbe04521aee9e8fb4e133b90,https://workdrive.zoho.in/file/wdkrc7c0017604dc847efb03c74d74c339264,https://workdrive.zoho.in/file/bjqb673c600b6cbb04bf79d9df1ab4d1cb073,https://workdrive.zoho.in/file/8r5l9d807693d9b0243e8b4d185e145e93988",a4145b5f37a205f5|eee0859c956be11c|bf93c269d04cc4b6,pdf
343,https://workdrive.zoho.in/file/3osm7eb3548a219894c8d8b10fbb47dc72ce9,https://workdrive.zoho.in/file/ahy2r33da7cbf9c0541cc82e986d8c5188aa4,8f6e0f0f0b0b0f0f|be3b81c42f91466e|8f0f0f8707279cd8,pdf
344,https://workdrive.zoho.in/file/hzqane630cac09fd84926bf38695943b024db,,fb1684597b8f4470|e699669966992699|bee1c81ec1d99649,pdf
345,https://workdrive.zoho.in/file/zr77m0ccf3998059e41e2a65d3fe459e6700d,"https://workdrive.zoho.in/file/dixwu150c566220624d508e84f205b16e5634,https://workdrive.zoho.in/file/dixwudde2fd80b29842a1b752950fc9166e32,https://workdrive.zoho.in/file/dixwu1fa67a27f5e7437294526962848d3481,https://workdrive.zoho.in/file/0vc133b52a897fb0546d48f091c265928e7ea",ed659292696a8c6d|bf27c17ad069c4b0|bf3f3e36c6c0c0c0,pdf
346,https://workdrive.zoho.in/file/hzqan17bda68cbb6443ed8370455869bdacdb,,eb92966cb991e42c|b389cc663399cc66|f6217c91d28fc187,pdf
347,https://workdrive.zoho.in/file/1j88o7effab941c70416282744f33ca6c0fcf,"https://workdrive.zoho.in/file/e3a7e6686f392bb7448ccbcb291872e82b38f,https://workdrive.zoho.in/file/e3a7ee0e34cef1eef443e978e57207a25ad71,https://workdrive.zoho.in/file/1j88obf9126dc8cfb4fb59da3dc9ba05c9978,https://workdrive.zoho.in/file/k8yew1d594b0edbdb47b38bbea7ff91ab533d",a3005dff3fa280d5|ebc1d493913cb51c|bf67c34dc066c491,pdf
348,https://workdrive.zoho.in/file/n7cyy70b4d9b104d947809439aaab22135f6b,,eb1d3d6a9591c095|bf49c066c29595d9|ea6a4a9595959595,pdf
349,https://workdrive.zoho.in/file/n7cyy8a4eda57991e4767bbb55e40a6b752e8,,930a7178358787f5,image
350,https://workdrive.zoho.in/file/n7cyyc896ecfddaf642d4be9779d84a9acced,,ead4d46a1a95c6d2|bec36760e070f835|abb6c36ad2c286ca,pdf
351,https://workdrive.zoho.in/file/3osm78665f996ca2749cea7d71446cd80d475,,be630734959493ec|b6c12373c7702e66|ed6d929296529696,pdf
352,https://workdrive.zoho.in/file/3osm731d68e29032c4250ad0070cdd7b01890,,be630794949495ee|b23246cdcdcd3332|ed92926d6d349692,pdf
353,https://workdrive.zoho.in/file/3osm749d1df3dbc454c5c9436b649126d5b78,,af6b0734949094fe|bf7206cc07e13663|ed6d9292965a9692,pdf
354,https://workdrive.zoho.in/file/x9vjf3faea627385942c3be0d4126aa74ed9c,,c1c9b6b64d690796|fa4aca7ac085b5a5|be36363ec1c9c1c1,pdf
355,https://workdrive.zoho.in/file/n7cyy9f67e57045434e0e860b1fe53b161321,,a1145d7b63ae80f5|eb97c0d895639c68|be97c568c83dd034,pdf
356,https://workdrive.zoho.in/file/tk5ivc78da5c2d89f443896d1345eca117b47,,bfb0940b950ecb93|bb1f803f9036c4e5|bb2a9538c47b9c26,pdf
357,https://workdrive.zoho.in/file/tk5ivbcb4031122134a54af821da5a66f3382,https://workdrive.zoho.in/file/j15l44bc2affebb474ff0ac8833afa6a1b727,fbd1860e8d0e7670|da52b4afa5c94b22,pdf
358,https://workdrive.zoho.in/file/nybjif3412005b66e47f6972a40677bc91f39,,be95c66af14891e4|aec091b5c46f913b|af6ec191943a9bc2,pdf
359,https://workdrive.zoho.in/file/y7vxkd0f7906be41049ca9c6882fa1bc9d365,,af2dd0d0902f2fd4|ea2495cb4a34b5cb|ea3695496ab69549,pdf
360,https://workdrive.zoho.in/file/tk5ivcc5c5634b1e14028ac7c4b7d695424d9,https://workdrive.zoho.in/file/3bm7dc08365e881424c919e3ccc940a559691,915dee003fce60f1|b38c31cec6c3cc33|bfce6072c099c666,pdf
361,https://workdrive.zoho.in/file/psfdkb333b0f862c640e688a92aaf8ac838b2,,f82d6869b97a2496|fa5aa5cb1ca5c381|b232323333333737,pdf
362,https://workdrive.zoho.in/file/nybjie8c2bc3d54764aae98db2bb52fd27d97,https://workdrive.zoho.in/file/m6u9m00149f7e373b45f89f7636d6cefe6ac4,ee4c17c469ea9391|a73b40b1713b1b93,pdf
363,https://workdrive.zoho.in/file/psfdk45d231d250f04c7a8006f59e2dbe4b13,,bf74708fc0c8c8cb|f055878e2a6a8f95|ad55d42baaaac2c6,pdf
364,https://workdrive.zoho.in/file/095h5d24486111c3c43d1bd0cd7f35e6639fd,"https://workdrive.zoho.in/file/6fmw0a8dd9300b4f34b12815a6f3f217b7744,https://workdrive.zoho.in/file/6fmw0f2b0abef3a40496c8728aa5ab3d8aedc,https://workdrive.zoho.in/file/6fmw0ece1c792bcf946e2813b7e1a8dc9395c,https://workdrive.zoho.in/file/6fmw023dceeb5141d4ae8856e1675d92b6f1e",bf3d422960643f4d,pdf
365,https://workdrive.zoho.in/file/095h574067fc157374e55a86aab1d8109a77a,,af2743838f8f0b2a|8f0f0f0f0f270727|8f0f0f0f0f270727,pdf
366,https://workdrive.zoho.in/file/dj9ia4ebb7e515ded4b91b12713e4427cdb29,,bf8194e54ebcc286|bea1c46a2f95c82b|bf2fc4c094942e6b,pdf
367,https://workdrive.zoho.in/file/095h59856a146bb664835928c0d2b64224059,,af858587856f856a|bf6e85914c66f085|a7c527c527c527c4,pdf
368,https://workdrive.zoho.in/file/s926214f9737699504e9d97a7e073a726999e,,fa61a582c33c3cda|ea7899e68659c686|b978c69ec4c53dc0,pdf
369,https://workdrive.zoho.in/file/095h57123110bb23e4413b67563e5075abbaa,,bea5d4294aeac43c|bfe81fc027e827c0|fe6a6a6a6a6a2a06,pdf
370,https://workdrive.zoho.in/file/s9262cb46796d4f33495f81bfbb206349c3e9,,bf40156a3b1f403f|ba6dc1f187f88134|bfe41b2bc01b46a3,pdf
371,https://workdrive.zoho.in/file/s92621c61dfd2dd3f4f4c916bbc3ba33e21e9,https://workdrive.zoho.in/file/zu51z688e42736c94474086dce465502f4b4d,d77e24b6923a8994,pdf
372,https://workdrive.zoho.in/file/s9262e8cc41b013bc4ebeaa61b32d7b63ba08,,cb4d36b2654a7455|8be11fe1345bf00e,pdf
373,https://workdrive.zoho.in/file/s92620727f6a7380d423daaa63de68e1b339b,,8f07c7c3783c60f8|9f9f70e1e0608d63|fa74a574c1c5b4a1,pdf
374,https://workdrive.zoho.in/file/s9262e14abbe617e0412381e1169cf068ad39,,bf1e6e3b629090c5|bf602e1f601fe4d0|bfc43f6a816ac0b4,pdf
375,https://workdrive.zoho.in/file/s9262a55fdfd01acd41c787d0721a0a972ef5,,ef3fb5c0c03295c8|afe581c3c1e5916a|bfb0816b3885337a,pdf
376,https://workdrive.zoho.in/file/s92623c0d9994f27642af895e7397306a8ba6,,fa63c72a89989599|f87868c987878796,pdf
377,https://workdrive.zoho.in/file/s9262e0ed1d689f794fe587c4348aed6db114,,ee9b854a95b54a64|bfc6c03bc4c43b8c|ae52d25ad25ad2d2,pdf
378,https://workdrive.zoho.in/file/s92620a0ac9e8df5b4e2ba2eaaa744d9a9f94,,fbf4a50bd064915c|fa5ec7e0b8a5e060|faa384b697e42968,pdf
379,https://workdrive.zoho.in/file/uef6d82e01247e6554da3a42d579f879cc53d,,af6295646e91cd4c|9f610327e13fe01e|9f1ee13e07e01ee0,pdf
380,https://workdrive.zoho.in/file/uef6d0fe7762616f249e68c6edfbe30996377,,ee97830f1e05436e|bfc203271f071f83|bf2f8fc181cb2360,pdf
381,https://workdrive.zoho.in/file/uef6dc94e0db2c8404833aa67cc4fb0a700af,https://workdrive.zoho.in/file/dj9ia695efebdae25417890f42010a3aadc0d,af60956c6e91d94c|9f01c31fe11fe01e|9f1ee01fe2e01ee0,pdf
382,https://workdrive.zoho.in/file/mwsxe7d75b6b98df3401bab1cf6b1c1d34a15,,bc229336c25bcb65|b839c1c336a4c56f,pdf
383,https://workdrive.zoho.in/file/mwsxe5f619e811fda486db6d95a6c9cd54e5a,,af2f0f4a72d08587,pdf
384,https://workdrive.zoho.in/file/uef6d1ab619b5d1234bceb35b1955d5b2144e,,bf3f96c42c6cc4c0|beb4946a2e95c46a|be3e2ec486949c3c,pdf
385,https://workdrive.zoho.in/file/uef6dd9948c12059047939ff2d124c767e31a,,daa5a55aa5525aa5|bf3ec14ac6c0c23e|fa7a7b948485858d,pdf
386,https://workdrive.zoho.in/file/mwsxe3284ef8e71d54049b4e81d47779ff5ac,,bf0e5a6a6060713f,image
387,https://workdrive.zoho.in/file/uef6d8b2b574ea43345bc9c82712ec184a73d,,fac0e56f429c6a4a|ef1db2c0e0e0856f|8f00b070c2e3f7e7,pdf
388,https://workdrive.zoho.in/file/uef6d76dee7c9a7924c7aad9a79f63803091c,https://workdrive.zoho.in/file/kdqtxab000128123a4b4c981fc79791e39a18,fd43036843b915d7|8000000000000000|9601be3614be693e,pdf
389,https://workdrive.zoho.in/file/uef6d3b98ea7a55274b97ba8eb10d26ba94dc,,d0950f9ee9e21e2c|ab346bd4d04bd42b|be68c197c295956a,pdf
390,https://workdrive.zoho.in/file/fukzmc8e55d2aaafb4d99b675b017161ceb86,,9b3b1f2307c6c6c4,pdf
391,https://workdrive.zoho.in/file/mwsxedd9d8ed6e5af43e3abd36a699ae6c674,,cb6b4bb49494b496|bf7886e4073917e0|bcc3c33c07c33c3c,pdf
392,https://workdrive.zoho.in/file/fukzmddd1029e42c14507a7584ecd4732ccff,,9f1e1a8c27a7e1e0|eb6e8db4342c9383|9f0f654123ce3c27,pdf
393,https://workdrive.zoho.in/file/mwsxeb5938a024c7e4dd6b607e571e95665a8,,fac9853e7ac1113a|e64966c4c9e4983f|a727dccc69989893,pdf
394,https://workdrive.zoho.in/file/mwsxefba785a52fc242c58ba57f24793fe8ef,,bfc160268b2e3bc3|bf4ec02ec82ec363|be35d12ce323c346,pdf
395,https://workdrive.zoho.in/file/8o8bp73aeef243dee4bce82fa5332507716d8,,f82d6168a9796e34|fa79834e8586a1d3|fa56a1c38794856b,pdf
396,https://workdrive.zoho.in/file/8o8bp5fd3a110894e4f0a923263c33f2782ea,"https://workdrive.zoho.in/file/b3vi31aa40c8a43c74c5fba0733970466cb8a,https://workdrive.zoho.in/file/za6tm07613d8b031c4b08a5f25001bb694e7e,https://workdrive.zoho.in/file/7p3pg29c99b0dd5764e78b1cecfd27a355080,https://workdrive.zoho.in/file/u95amc5cb05ddc871475995863f3ecfec47ec,https://workdrive.zoho.in/file/balhu872485ab1a264b2f84148dc01c8df8be,https://workdrive.zoho.in/file/nkuox90055b436bab4696b05ae6d01dd96b0b",edd3d26c826c6b90|af1235ed12ee6186|ee954d6e154b6452,pdf
397,https://workdrive.zoho.in/file/8o8bp324a968127e74bcd8b60f62487e6698d,,bc3c3c88c3c3c3e3|bcc3253e612e32e3|b666366636662666,pdf
398,https://workdrive.zoho.in/file/8o8bped90311f981048169bb936b6f3c4dace,,bf1040e01fbf51e3|a855956e4a153d6e|f7053a2ed03a916b,pdf
399,https://workdrive.zoho.in/file/8o8bp44dc1d4187f04231839559ca89c2366c,,a770e067d80d8fd8|bf71610e8c8fd0d4|9f1ff060cecc6c48,pdf
400,https://workdrive.zoho.in/file/8o8bp4ee2207ce3c646e291596a8676285790,https://workdrive.zoho.in/file/sxt59f0d86976adfb4dd5b926551ec58307db,bf3f363626c4c4c0|cab5b54ab54aa54a|ca4ab54aa564b5b5,pdf
401,https://workdrive.zoho.in/file/8o8bp8bea1db35f5d43d594ac4488975b656e,,be63271ec0ccc3f0|b8388ec6c6c63b39|bf3f3f9594903060,pdf
402,https://workdrive.zoho.in/file/8o8bp196489af5e9f4d79879cf3503701b941,,bf95d26dc8c0847a|bab5c02b95d02f95|ba2dc2c13f6a2dc2,pdf
403,https://workdrive.zoho.in/file/8o8bp26d8f5151a29420592d5433b608ddce0,,9fe0e09f0fe0281f|bf3f0f1f0d8c84a0,pdf
404,https://workdrive.zoho.in/file/8o8bp6e975c37370c447499d827138b7dee9c,,bf3e6a2ae290d095|bd87706c9278c671|bfc0356e91255a35,pdf
405,https://workdrive.zoho.in/file/fukzm54b4951b5f9540ada3c53048d9ad22ba,https://workdrive.zoho.in/file/8o8bp8ea4c751d4044e6aae8e01ed68f28ab2,885bff90beff0040|a666db9999646626|a2cddf0699770299,pdf
406,https://workdrive.zoho.in/file/kdqtxae204f4a06a943fc81aefa494bf4afeb,,bc796dc08692c3ce|e96d97c2693a3078,pdf
407,https://workdrive.zoho.in/file/fukzm0d39dbbc0d4e49ff958dc55ab6cf24a3,,be3f6e3bc0949085|9fe0861fe00ff4c1|bfc43f62916ac0b4,pdf
408,https://workdrive.zoho.in/file/kdqtx22045cf25eac4edc850fe74549a80575,,bc796dc08692c3ce|eb3892e3903896cf|ef6990f890cb9196,pdf
409,https://workdrive.zoho.in/file/kdqtx4976628ccbb54ca9b7c2e0551a0ba9dd,,eeb1c44bd14e93c2|ef4bc139903bd0cc|bfc8c4b5c139c037,pdf
410,https://workdrive.zoho.in/file/8o8bp3cdceaf7d3e74f75af743796868a3d6d,"https://workdrive.zoho.in/file/zu51z0d85a629cead4d8a9aa27b85d1fac59b,https://workdrive.zoho.in/file/095h52aea57a6856e4dbc90df8d0ac019c329",ee15913f4ace1591|8000000000000000|9611be3601be693e,pdf
411,https://workdrive.zoho.in/file/kdqtxdaeef56999a34518ba9005b9f589df68,https://workdrive.zoho.in/file/zhubfec75b0119f0b476da06fe8266766e971,abc1942f36944b6d|9fe2e01fe138871c|9f1f1c1f94e1e0e0,pdf
412,https://workdrive.zoho.in/file/kdqtx38eefcfdd4914bec8d464b4bec9b038d,,bb2fc4723b0dc4b0|e67f999581c6c2c2|bf35c03e852b386a,pdf
413,https://workdrive.zoho.in/file/kdqtx83b3e482b8c749beb4a791bde59a3992,,becce03c8f3c20ce|bc38389293c3c76d,pdf
414,https://workdrive.zoho.in/file/kdqtx67b43cbabb614a11a4df01f8742e5687,"https://workdrive.zoho.in/file/qe7xu12fd207604824621b22b4ff674bc0e14,https://workdrive.zoho.in/file/uakaf725e866ec62f4543894417276dfca96c,https://workdrive.zoho.in/file/ofd56a297a59c13964625806aa5025e714fed",b1719b96ce8c2c6c|ee3e94c0c961b593|ed56c129b6e1b093,pdf
415,https://workdrive.zoho.in/file/l4d772864dccb039646928a1b9a908b4f8ae4,,fb2b84946a6ad02f|aa22d18337d5cc7a|ab02ff7f400085bf,pdf
416,https://workdrive.zoho.in/file/l4d77bdb88046be3c4d41935f1917589dda31,,d2359d24a4dadd62|e363e16561dada0c,pdf
417,https://workdrive.zoho.in/file/x4582533ed666d40f4dc89b57cb53b7c2739e,,80a17f5f817e815b|faa5855a85e55a38|ba6a879e6a97c0a1,pdf
418,https://workdrive.zoho.in/file/x45827e29b1df1c0b41758dcd283072a67b95,,9f6f60e0e0c10f9e|ea95646ab56a91a6|ee663595911b466a,pdf
419,https://workdrive.zoho.in/file/095h5d2179bce9e3a45c3a9895206bbf8665b,,bf463f471f430303|be89a14c1fb24e27|8f07976678e0b427,pdf
420,https://workdrive.zoho.in/file/x4582e475515154d341ffbd534d7e7c66982b,,bcc6976e27648368|bcc1973cc13ec1c6|b838383e0fc6c7c6,pdf
421,https://workdrive.zoho.in/file/095h583be03cc6cd84f65a77b1e77be8bb864,,ec30b91946ce8f1b,image
422,https://workdrive.zoho.in/file/095h51200f5ea8568442bbc37e007578e1879,,9f0f1fe0e0e0611f|bb33333333233323|8f0f95f078e0f027,pdf
423,https://workdrive.zoho.in/file/x45827c4ab28afa99479c9ef2d201e9d917cd,,d57203dc297c89d5|8000000000000000|d511033963ceccee,pdf
424,https://workdrive.zoho.in/file/mwsxe81d8f44214fa47a4b832940c86e713a4,,801b7f1091ffbf80|b4347521935f3d2c|803fff85407fba80,pdf
425,https://workdrive.zoho.in/file/x4582584aa05172bd4151b5af21ec3d009e44,"https://workdrive.zoho.in/file/wyumw75e9805da1fc4ca4ab83f22bc282a2ee,https://workdrive.zoho.in/file/9rfbobc113dc7952249a1b22ef2c6f86fd964,https://workdrive.zoho.in/file/9rfbobc113dc7952249a1b22ef2c6f86fd964,https://workdrive.zoho.in/file/rvdm5b226025ae9344f98b38d9e9924705695",ea1c95e162cb952e|b3646c33cccc931b|be973c9636269868,pdf
426,https://workdrive.zoho.in/file/qyqoqd7969101aba142c9a001c040c3cbee06,"https://workdrive.zoho.in/file/j15l4fc0de29516b044819e9606da509ec170,https://workdrive.zoho.in/file/ywb26df3c7942276f4d8bac9b6b057e034557",fec2c22f95913895|be2ac66e896a3e84|be6ec06ac33e8591,pdf
427,https://workdrive.zoho.in/file/x4582ba5ada33d73c46ecba88b7512ef7213f,,ca1aa5c5da42b6ae|ee9297916a69ec44,pdf
428,https://workdrive.zoho.in/file/7bvgnb999cdef948e490bafe6b75f6e82f7ad,,ab3ac9d994e194d4|eb37943794c8cc49|bb49cc378436c837,pdf
429,https://workdrive.zoho.in/file/7bvgnd91a7e96f19c46138aabed8765d8d35d,,bf279097c0268f78|be3e78f0c1958781,pdf
430,https://workdrive.zoho.in/file/7bvgnd75b66e59b29472aaca3c1af7e22e096,"https://workdrive.zoho.in/file/bjqb6ee5ca180aade404ebd69a59dc5382b21,https://workdrive.zoho.in/file/7p3pgc2c6c7b64c1a4af4b01c9cbf4067e9c6,https://workdrive.zoho.in/file/uoq8fbccafaaa45e24f7a8f4a51666d7f9b1a",ae83c31e1ce3c33c|bf03830f8733702f|bf0f8f0f85c01b8c,pdf
431,https://workdrive.zoho.in/file/7bvgn0beb2dbf43484abea11c650605cabaf3,,e7929bc2cc2d9869|b3b20bc3ce2d9839|bf2fc0cd26a7c188,pdf
432,https://workdrive.zoho.in/file/7bvgn4798c7cef5b44e6daad329f80363e739,,af6b3f95d0c0403b|bfd06ac0b06b916e|ea6a903f85c16ee2,pdf
433,https://workdrive.zoho.in/file/7bvgn1f476d916e1d4b628cdc6df0953463b4,,bd60e8cb9a8ed264|8f3d3a52386ab86a,pdf
434,https://workdrive.zoho.in/file/7bvgnc941b350a8a0481692776ef5ac95c4b9,"https://workdrive.zoho.in/file/a7d21a89fc7ba6e2841a590b461a689386f31,https://workdrive.zoho.in/file/6fmw07b5fc06ff2df4d2094df63d08433cd8e,https://workdrive.zoho.in/file/jxur3e250429601614b079adb2c2e786a2201",b83969e487d297c2|da52a56da564a55c|cace923aa532a56d,pdf
435,https://workdrive.zoho.in/file/7bvgna47addb7ef024ff3b19d1ffde05335a1,,bf14b0d4c6e1d1ca,image
436,https://workdrive.zoho.in/file/7bvgn9a50ee964d644e2096313629f199e543,,a363cccd23630dcd|af2fd5d09463c2c2|af39d26bc4c42993,pdf
437,https://workdrive.zoho.in/file/im5rbf7631cf5e3a144e9b02afdf3c94cc3b4,,beb4c563cb589099|bfb4e0c68e89d0c3|be3e26c8cdd8d0c1,pdf
438,https://workdrive.zoho.in/file/mwsxec184d2ce240e4714b62bfeb312e65b7a,,ebb46bc594699449|e9b4c92d96699668|eb69923496b44b69,pdf
439,https://workdrive.zoho.in/file/im5rb2fa080b56a7d4dd997d6d3475bed5916,"https://workdrive.zoho.in/file/za6tm9a3c1245608a432a8b516138df793464,https://workdrive.zoho.in/file/p7iy588d16c39032a402982fc209dd22363d9",be943e6ac16b63c0|eb3e41943fd59441|ba3a3a3a28e8a5e5,pdf
440,https://workdrive.zoho.in/file/im5rb10335d3051674f209e04a5c3ed3589a5,,af6bd994d494c48c|f933c64696b4b4c8|f93b866e9622864b,pdf
441,https://workdrive.zoho.in/file/im5rb5459c539d9ef442d8e506714da5d2bdd,,bf3f363634d4c0c0|cab5b54ab4cb944a|ca4ab54ab590b5b5,pdf
442,https://workdrive.zoho.in/file/im5rb10ec92e66e9f489e92b760d0a5a79123,,bfcac83f05c9d070|be35c3ca8c947331|bf95522f947a8560,pdf
443,https://workdrive.zoho.in/file/im5rb5bd0be6de6f54c459647626aac7ad03e,,ab6b3f95d0c0c03e|bf946a6b906e906a|ea6a903f85856ee2,pdf
444,https://workdrive.zoho.in/file/im5rbf88fcec2f04c4c64a8b8f659e83bcf3d,https://workdrive.zoho.in/file/j15l47ab2bc4649fb4f318c361e1c434c6387,856afa85056e697a|a3629cd98176769c|870dc8f62fc9d036,pdf
445,https://workdrive.zoho.in/file/a7d2183e488143c1d4f18839732db32c0eaa3,,bf2f8595c4c0917a|bf6bd095629c906a,pdf
446,https://workdrive.zoho.in/file/a7d2109728afbb065478bbfb3be0a4ec053e5,,af10832fd46be8d4|af2b2a2b7f6a90c0|ea85957a6a2ad4a3,pdf
447,https://workdrive.zoho.in/file/a7d216a8991e6a43244398626e7aa38073140,,af87854ef070707a|bfe03f0fc2d0816a|bf3fe04ad06a8525,pdf
448,https://workdrive.zoho.in/file/a7d21c0f8dae42d3347058e933fa1883c4634,,bfa7c195b0c2606e|bf3e2ec0c1c12f94|b6e6842fc4374999,pdf
449,https://workdrive.zoho.in/file/a7d21a3f4dd20ae704dc5a2d9010563efe3a7,"https://workdrive.zoho.in/file/f9h0v847726bd79c04ac5a54b93b2ed05333d,https://workdrive.zoho.in/file/qyqoq59f00c0731994bb69ad72d533e7be77b",cc46f78b09ca96b4|e65a054e56ed316c|951747b1682f64b9,pdf
450,https://workdrive.zoho.in/file/hfa811af5639c042e4f3d890d3ebc8267a837,,faa7c74ac81995a4|f8388764c4879d97,pdf
451,https://workdrive.zoho.in/file/1yce07cec38898b4341f688a19959689601b5,,be66c2c4919d89ad|bc9a85958765c366|bc3c3fcacbc0e1c0,pdf
452,https://workdrive.zoho.in/file/zu51z1ef7544e55de43e4991bbd8413a80d6e,,877cf883074f0778|bf26c0a03bcb9e1c|ef6a909591c96ccc,pdf
453,https://workdrive.zoho.in/file/zu51z7af9646986f5461b83f00256793766fc,,be3c3cb69826c2c9|bf9062cdca9d9948|af9b0c84dbe0e463,pdf
454,https://workdrive.zoho.in/file/xww67cdbb78b32ba242d693a8dc742d7e5688,,bf3f94c43d69c0c0|beb1946a2f95c06a|be3e84c0953d2d63,pdf
455,https://workdrive.zoho.in/file/hfa81ad2d3dcf7f5c43e58273d65c5a5f9e29,,b6199966c90ce7c6|8be89717f5849496,pdf
456,https://workdrive.zoho.in/file/1yce0beae4c29c1dc4d8b997b2ae594bff3d1,,bfc2c03d3fc22394|bfe292e5943a8c1c,pdf
457,https://workdrive.zoho.in/file/1yce0be528610221f4f4cb7a53aaea19c1d03,,be2f6a2f6a94c490|bfb42d6b81438372|eb7a94c1bcc69154,pdf
458,https://workdrive.zoho.in/file/zhubf1a985a7a5aee42a4b156366fc1b7ef07,,bfd1703e8b2ec0c1|be5cc83cc93bc151|be31c12ec3aec931,pdf
459,https://workdrive.zoho.in/file/wdkrcf1171a9fa3274fcbab43650eed7243d2,,9ee0e11e1ee1e11e|bff2e2e2f060c889|8fc59cc0e069f197,pdf
460,https://workdrive.zoho.in/file/wdkrc74b0c0beb34f41b1b65ce6bd07f1eec6,,b98bfed6830d80f0|ea3b954891b56a2b|eec06a5ad03b9137,pdf
461,https://workdrive.zoho.in/file/wdkrc234ffb0e3c7e4d539ca98433449d563a,https://workdrive.zoho.in/file/2ta2q52a95655f0764472976889bcd4f88fb5,b6c6cc3933d8cc61|bf35c33ad049c8e4|ea6e975b62c96184,pdf
462,https://workdrive.zoho.in/file/wdkrcc013ed0e275d419b9c3e4ceca272a01d,"https://workdrive.zoho.in/file/2ta2qa4f408a607c54bf192f1d5f46f55c2ba,https://workdrive.zoho.in/file/0clnu99a6e32a76b04daab36280d6f719d0ff",b838c7c73e3c90e1|bf3ec1cb68b01394|ea66c74b3cc9b190,pdf
463,https://workdrive.zoho.in/file/wdkrc3a54f868ac0b420ea566bdc6550b47e6,,be0ec3c09c63c9b6|beb4c463c19b8c69|bec7c119c1e6846d,pdf
464,https://workdrive.zoho.in/file/zu51z4fdbed126b40473ca7fa685e58fb24b6,,fe689585683ed02e|8000000000000000|bfe02f2ec03fc086,pdf
465,https://workdrive.zoho.in/file/wdkrc478d95277a024ae9a127c606264dd37c,https://workdrive.zoho.in/file/2ta2q30b203d22bcc43a3818117535aed86f7,b88beed6035d0bb0|ea9581c1d46ef427|bf1c9ce1e0e0d01f,pdf
466,https://workdrive.zoho.in/file/1etqy03fa456582144f6f89c020f005ce6549,"https://workdrive.zoho.in/file/qe7xud5df22fa80ca41b1a49e2959cdb4cf12,https://workdrive.zoho.in/file/b3vi3a1d76e56bd83459cb13a54b2d01454b8,https://workdrive.zoho.in/file/c1j4y06fa7e5db2864114b6affbf6bcba0479,https://workdrive.zoho.in/file/u95amffa26db580b3455a86f7166dc1b32d0a,https://workdrive.zoho.in/file/xww67fb813d0fb34046099342aaa7efd4e5ea,https://workdrive.zoho.in/file/1j88ob1cb7c4ff80446ac9ed70ab31ce92916,https://workdrive.zoho.in/file/0nbai70fa451deb154f95b1f17cb807930558",b865e5616565cd61|ba38811ac7b5cd66|be3ec3c33383c191,pdf
467,https://workdrive.zoho.in/file/1etqyc7e0a317f6f74b5fa56cd148d7a264d4,,be70c161e16dd06d|be3ec11ac9b19561|be3ec1e13b83c198,pdf
468,https://workdrive.zoho.in/file/wdkrc2a501b8b95f543808a02bf150c7b36b5,,a21d5d2298dfb788|803fff82407f3f80,pdf
469,https://workdrive.zoho.in/file/wdkrc7c4857940f6041b4947805c94c6c7647,,d23d5b2584dab562|e363e72540da5aac,pdf
470,https://workdrive.zoho.in/file/6fmw01ee263c5c04846849c802cb6bc36a09c,"https://workdrive.zoho.in/file/jxur357f20a2954624cec978424098c478e60,https://workdrive.zoho.in/file/jxur3149111421aac4682a02a3708a830f9b8",b6669ac3cc39683c|bd6ec62ca1b1b1b0|b86cc739c738e099,pdf
471,https://workdrive.zoho.in/file/gsns77abb5318bc564eb388cdc9992a073029,https://workdrive.zoho.in/file/2ojp39739341f76da4351bae4a1e42c842cef,ee6e9093914d6c6a|f30e298d26734e39|bb5a84a53b4ac4b5,pdf
472,https://workdrive.zoho.in/file/6fmw0536dc9ac3380442fb7188614af28bfb6,,b83858c7c7c76538|bcc3633c9661863e,pdf
473,https://workdrive.zoho.in/file/6fmw01b56cd98dfd441a49e27225679f8f6f2,,b8380fc7c7c74638|bc78c3872c683c97,pdf
474,https://workdrive.zoho.in/file/6fmw0927888e59ac441d38d0dfdda33236a8b,"https://workdrive.zoho.in/file/6fmw0a0f0cf4f4cdb4d909e908fcf6915b9f2,https://workdrive.zoho.in/file/6fmw01086cddae2b9417e90c4084bd06035f2,https://workdrive.zoho.in/file/qkmh66539eedc497c4c6f84c0735658e0db39",bf373e3e2434c4c0|bf65c5c5c89d8162|bf4dc0c6c4b3e063,pdf
475,https://workdrive.zoho.in/file/gsns765e9b08580d94f0bbf44ffa33fbb8462,,bf373e3e2434c4c0|bf36c58d489f8462|bf6cc046c436e06f,pdf
476,https://workdrive.zoho.in/file/gsns79f170afe9dce4cd1b6bf8bc076a6bee3,,bf373e36e494c0c0|bf3cc1ccd891626a|bf5dc08e9039c4bc,pdf
477,https://workdrive.zoho.in/file/jxur33eb3186228e34ab584c9022254f7a670,,be4441c17e3ebe81|eab5c0c397c0957a|eae833b795cbc0c0,pdf
478,https://workdrive.zoho.in/file/6fmw0219e8de107e14629998b5173e508a340,,bf373e362694c1c0|bf64c5c4c0b5626b|bf6dc4c6a128c5b4,pdf
479,https://workdrive.zoho.in/file/6fmw09135df0343884d6ebb3689a4b2fe061f,,bf373e36e494c0c0|bf64c1ccc893626b|bf5dc0cf9039c4b0,pdf
480,https://workdrive.zoho.in/file/6fmw0350cb7ab109f4a5a816654fcb8767b5e,,9f37708f8dc0c9c8|f15543aa8aaa8eda|9f55c4aaaa2b283b,pdf
481,https://workdrive.zoho.in/file/6fmw05342ecd6eb6b4e50b2c7f50aba2fd4d3,,bf363e363694c4c0|9f8f1f639ce028e0|9f1f1f1e8ec4c0e0,pdf
482,https://workdrive.zoho.in/file/6fmw0a5002fe491484283baa9d67b7020d5f7,,bfc46162b02f9c9c|b560318e89e33ecb|b165316165ce8ece,pdf
483,https://workdrive.zoho.in/file/6fmw046a15dbcd8b64d17bc1ed3da95a8b75f,,bf3f36371594c0c0|bf4bc863f8a086a5|bfe5c0b5c2a0cae2,pdf
484,https://workdrive.zoho.in/file/zu51z32b87e4d27f04a148a9d26f015d5f8cb,"https://workdrive.zoho.in/file/6fmw065eaa7592eac49a686a5ce42534e356b,https://workdrive.zoho.in/file/6fmw0f70089371f014df4890811f0d2a770a8",df5ea8b694580d94,pdf
485,https://workdrive.zoho.in/file/2bmyqf72cfdc216fd4a0ab25cab02006f743e,"https://workdrive.zoho.in/file/6fmw0969f6aebc22e4a35b2b58c989fa4f9ea,https://workdrive.zoho.in/file/6fmw05847026501164a8f818b171874f992af",bf373e363464c4c0|ea739325a52d85e4|ea658553976b832c,pdf
486,https://workdrive.zoho.in/file/m6u9m6e9e0175f37a4b649f0a782b413d07b7,,bf3f363626c4c4c0|bf4bc862e8a581b5|bf63c061c167c86b,pdf
487,https://workdrive.zoho.in/file/gsns77fc8c3b6c48a41d48be6a76636a2e27d,,bf74f00fc0c8c87a|f1558f8e8a6a60f1|af55d02aaaabc2c5,pdf
488,https://workdrive.zoho.in/file/6fmw0eab657790261475d99215bfa73b87d09,,bf373e3694d4c0c0|fa37953585c8c0da|ea45971ba5a4a5ca,pdf
489,https://workdrive.zoho.in/file/m6u9m8b56e0cc949a4ee09f0516a9ab693646,,bf626a3b1f6a9090|bf3f3a1ac0c0c42f|af912f2f916ed0c0,pdf
490,https://workdrive.zoho.in/file/gsns79c83c061cad1484aad1a411b273c6928,,bfe4954e8f0e48c4|a76427e427e427e4,pdf
491,https://workdrive.zoho.in/file/jxur3c080a7e4f29045f2a3ba632dc78d526e,https://workdrive.zoho.in/file/6fmw00302b990f5af4593bdd95c661396ede3,da5ea52a25a03fa5,pdf
492,https://workdrive.zoho.in/file/k8yewb8c8cd680ccb4e8295bff94a34be8296,,9668e9961669e996|be6ac1958769c09e|fb91c606846a79f1,pdf
493,https://workdrive.zoho.in/file/2bmyqdfa76d5c3ea8440d924864f2af09fbd9,https://workdrive.zoho.in/file/6fmw0665aef40f8ec4a508a384ed1c4de0d06,ffd4e9249469844b|ebb58494d44d9497|eb4b9494d6c4d495,pdf
494,https://workdrive.zoho.in/file/6fmw0a3571c0e4f9c4695bcdaf349e2785ad1,,f4836e807e917f84,pdf
495,https://workdrive.zoho.in/file/6fmw06aa803c31d134a9291fdce1ea0387400,"https://workdrive.zoho.in/file/6fmw0882b265314b14e26a02f8f6b3e2a1199,https://workdrive.zoho.in/file/6fmw028f9e139a3a64bf98951084b9ed4ee9f,https://workdrive.zoho.in/file/zu51z044a3bd8b2e54524a0d050d32d6ce5d1",bf6ad094a52b2b70|ee95956a958d6291|eeb1956a6a919562,pdf
496,https://workdrive.zoho.in/file/6fmw07acd68caad914ed1a6a4f162a1a71176,,bf6bd094842b6b34|bf3fe0c0c01c3f31|e36a6d684ae50da5,pdf
497,https://workdrive.zoho.in/file/6fmw06a1c8f4686a4461baba59248e3efa6da,https://workdrive.zoho.in/file/6fmw06a1c8f4686a4461baba59248e3efa6da,bf6bd094842b6b34|bf3fe0c0c01c3d39|afe04e7e401fe087,pdf
498,https://workdrive.zoho.in/file/6fmw0897402710c784cb9943f9d98570a866f,,bf6ad494282b2bd4|ee956a6a9562916a|ee95916a959c6295,pdf
499,https://workdrive.zoho.in/file/gsns748538b39aa64493593f9d12b7296d4d4,,bf3f373694c4c0c0|b340376a3b6a2b6a|b34837683b6a2b6a,pdf
500,https://workdrive.zoho.in/file/6fmw08ec9386e8c5749b8a16ac2ce5a41ae09,https://workdrive.zoho.in/file/6fmw0c38432c8bc3a4c74af5bc2aa2bff1644,ee6480995bf4263b|cbb4a64a5534ceaa|cbb4aa4bb475864a,pdf
501,https://workdrive.zoho.in/file/zu51z345ad8b91b8f412089fed2560e6098bb,,ef3791f0626ac4d0|bf2dd086c0b5d1b8|ee9091e0c07bc76e,pdf
502,https://workdrive.zoho.in/file/zu51z367fc1ebda9f468b9ba14242925a40a8,,eb6161e1e1e360e3|bfca41cd41fa40b5|beee419741b74087,pdf
503,https://workdrive.zoho.in/file/6fmw009705c202a9247fcaeae1fb89bb70a58,,f8256d78a5782696|fe725ec226a18da1,pdf
504,https://workdrive.zoho.in/file/m6u9m9c6eeca77e0544dc85ceaeafaa5a5e8e,,f7762336127a1994,pdf
505,https://workdrive.zoho.in/file/6fmw0c1119085886548849e75d2f6f4eed80b,,f8356c69b56824d6|fe7a4eca06721585,pdf
506,https://workdrive.zoho.in/file/6fmw07ba940e0a73b484ea6e1de37c95ca879,https://workdrive.zoho.in/file/6fmw059456877c3bd4bff94c0609f6ab68fb6,eacac49595253f85|afc8e0954e363a95,pdf
507,https://workdrive.zoho.in/file/6fmw042a7de905fe842ed8db1d0bdaa83a328,,f8256969b57826d4|fa5a85a1ce348da3,pdf
508,https://workdrive.zoho.in/file/6fmw05122f528ba3d4c018615b3abf50eb1f6,"https://workdrive.zoho.in/file/zu51z49a470e525744a67bf9ffd471036289c,https://workdrive.zoho.in/file/zu51z3198428bee7a4bbcbc60cfd013b99965",be3ec1c19033cdc9|b8e7c785859a8798|b86fc76ac525c590,pdf
509,https://workdrive.zoho.in/file/m6u9m03b5bdaa07164bc2b44874c6961b32bc,,e07e8c8ecf263287|b333b393cccc4c8c|bfeb948711a69185,pdf
510,https://workdrive.zoho.in/file/6fmw077190c1017f6450a94b131fb3160d83e,https://workdrive.zoho.in/file/88tep91cbbc445f824774a6eabbc7ffd3b9cd,bf3f27656121b580|bf3f3fe0c0c0e181|ba95913a6f95c06a,pdf
511,https://workdrive.zoho.in/file/6fmw0466d6809f6144a419040da9e580d3792,"https://workdrive.zoho.in/file/6fmw07535bc5935174eb5959c4e0f2164277c,https://workdrive.zoho.in/file/6fmw0836315379c4041b68a9fc8c3321e5be5,https://workdrive.zoho.in/file/iwnoj072976f10a684e20aa35dc004291d69b",cba4b45b4be63498|cae5b595bd4ae028|ebe07056fd87c0a1,pdf
512,https://workdrive.zoho.in/file/6fmw0bdc270524523411ca0a8027556127af6,https://workdrive.zoho.in/file/zu51za0013b8ec65d4a52be9fcea709fecdd0,be3ec9c19033e1c9|b846c727c787c689|b868c72fa44ac6b5,pdf
513,https://workdrive.zoho.in/file/6fmw08ab10453428c401a860b8ef49aefd363,,bfe1c9a5a524948e,pdf
514,https://workdrive.zoho.in/file/6fmw05a0a02bef0b940f1a975bfcd1441f85c,,d642ad3e2a54a9ad,pdf
515,https://workdrive.zoho.in/file/6fmw0f4eb537f6f2643dfb02af03d5a9a6ff5,https://workdrive.zoho.in/file/sxt598796f39221544e0cad3c1e8470aba611,ff7704181c0e07f3|8000000000000000|aa64c24fcbc3603f,pdf
516,https://workdrive.zoho.in/file/6fmw0c0d69235b9ea45c68f332c061f2f3c07,https://workdrive.zoho.in/file/6fmw0dfb7e281d6f1465ca2374f6e24217690,ea20b692d9ca7279|bb60a5d98e668c4b,pdf
517,https://workdrive.zoho.in/file/6fmw04f63652b195f4a96b11c1a37d5101ecc,,d37321b6137869e4,pdf
518,https://workdrive.zoho.in/file/6fmw09fc05da1bb4242bebb6f3acf2c5ba8a5,,af95d46ad0d0d4c6|8f2bf0c0c56e6a6a|af2ed0b197c17036,pdf
519,https://workdrive.zoho.in/file/g3f7t9fe71b84d34a447dbcc8db9606755039,https://workdrive.zoho.in/file/thbd6ce2649b368ba486a93ca1205ef81559a,f57a8fc9f0b0c083|bfb5950b940d895a|bf6cd0c1c4b5c1c3,pdf
520,https://workdrive.zoho.in/file/3osm70938f1a5a650425f9852a27743403192,,fa3a85c1943dcacc,pdf
521,https://workdrive.zoho.in/file/qq0vw2bb2942737994db5a9cc5589670a5fb0,,eb9494ab96af8862|bf37c0e8937ac0c4|afb1c6aed028d586,pdf
522,https://workdrive.zoho.in/file/qq0vwed4cb471eb9e42b39066d232e1eb6e17,,e6e6939b3c2449d1|b16be6961c4a5b31|eb36c137d0c1d6c1,pdf
523,https://workdrive.zoho.in/file/xnnzp6a59d3f5035e4634bacbfd4a713cbe0d,,af261bd8d9e02666|e9ee561013246beb|a71e68670f98e585,pdf
524,https://workdrive.zoho.in/file/qq0vw9e93c3ed316641fa8363fcb974ceb3e3,,8e1664d9f0640ff3|f2fa48d343c14c7c|bf3f6c689195c0c4,pdf
525,https://workdrive.zoho.in/file/xnnzpb7f0c0ac927d4413a299869977513818,"https://workdrive.zoho.in/file/nqd585213ec115beb4d43aaa2578485bcfd6b,https://workdrive.zoho.in/file/xnnzp95345b58b2aa419fb811db6382f8997b",d5d02e0f860f3f38|f31c0ec6cc6271e9|bfc07a87057e806e,pdf
526,https://workdrive.zoho.in/file/zotk8e0ec1096d34942298965b4acf95f8761,,bfc0c03638cd6e3a|be3fddc0606a68d0|eb2f97e09097c498,pdf
527,https://workdrive.zoho.in/file/zotk8a5588cb7155040ff85cfaa0141a4e075,"https://workdrive.zoho.in/file/zu51zac77cc66082547e2964ec1f076ff2d73,https://workdrive.zoho.in/file/zu51z5b61cb62c11f49a28277c91a5e574081",be3c3cb69826c2c9|bfb46249c18c9c3e|eb9d5c3485dad8c0,pdf
528,https://workdrive.zoho.in/file/zotk8ff5c60f5949a4bdebdb1dfcd4c288e6c,,ad0d97b73948c691|8080008000800080|bfbf1faa02e840e0,pdf
529,https://workdrive.zoho.in/file/zotk8640cb2c69d04473b8a71cc9528275219,,a73e38b0b6a69364,image
530,https://workdrive.zoho.in/file/jxur398523f71d05f4fc59e3f8559a3d53532,,af85387ad0c6d45a|8f68587a3a625c3b|b4613c621eca9ecb,pdf
531,https://workdrive.zoho.in/file/82egnd4ceac268c0645b49205869968cd6700,,b6411f40b2bec9b6|b939393030ffe684|81e8ff6000ffff00,pdf
532,https://workdrive.zoho.in/file/82egn898778b6ba2f40049d781ef4cba5cf72,,be3fd4a86cc0843e|be85c46a95d06a37|be2cc4c03e6a67c6,pdf
533,https://workdrive.zoho.in/file/82egn093a6ac8fff540ff98c737c7e3b3c268,,fee785b085984378|bef0d01cc54fc195|bf9fc06b8543e085,pdf
534,https://workdrive.zoho.in/file/82egnf60f0e350578444487f1d5789f8bcf90,,bf66c0e3ca999119|bf37c0ce8538d071|bf3ec0c58d907863,pdf
535,https://workdrive.zoho.in/file/82egnf0cca656a4154398951fd0925cad165b,,bf7ff480c0177890,pdf
536,https://workdrive.zoho.in/file/cpg4j459df6ba896e49ce9f4586053ba694d7,"https://workdrive.zoho.in/file/qe7xuc562dfbf69fe4b2ba255f32017a22c2f,https://workdrive.zoho.in/file/c1j4y6182bae1f1a3479bbf4c01bc7f941d7b,https://workdrive.zoho.in/file/u95am8ee92241f33e417a81a36f08643315bf,https://workdrive.zoho.in/file/0nbaicf6967df1d0746cc96e97d0b58e86f06",b736c2cfca293838|b91ec7679cb19190|bd61c0d9c26e6d0e,pdf
537,https://workdrive.zoho.in/file/82egn47f17d9b8ffd4b1c9e42902df675a403,,beb2c1cbcc1c9949|be3ec168ca95f091|fa91e4c699c1983b,pdf
538,https://workdrive.zoho.in/file/cpg4j9a586310021b49b38b1b2d0cfb23c331,"https://workdrive.zoho.in/file/tk5iv2cfe5c8c7e984e8da0cf614f33aa3fa9,https://workdrive.zoho.in/file/4xs0r3bae657ee25e45519d40fa2a345f5c6e",ea6e37364a68c9c1|e948b46c95b3b195,pdf
539,https://workdrive.zoho.in/file/cpg4jb4cdacd75bb0441d99b66018f3d14a9c,"https://workdrive.zoho.in/file/x4lgi8c1401ccaec6468a9d071a98d561d55c,https://workdrive.zoho.in/file/jw0g357c5a959fdce4a77bd6439d6e2b4e7bd,https://workdrive.zoho.in/file/8ro2y4e9001a12e1a4afd91ef8142890f74d6,https://workdrive.zoho.in/file/fdy6b87889e8c8d434a2b86f7a91a6e3fcce2,https://workdrive.zoho.in/file/jw0g39725d8e72b1e444489ab7f9c437ae2c8,https://workdrive.zoho.in/file/8o8bpcef7e3701a2849c29f33be3884c287b2",b766d293c2d46859|fb4f80b087cc4a4f|fa729535c64e846c,pdf
540,https://workdrive.zoho.in/file/cpg4j13c3280cb5a74a6a85fad281186ea5c2,,bc3c3c08c3c3e3e3|ace227f6236c076c,pdf
541,https://workdrive.zoho.in/file/cpg4j856ea53ceb384d81a08b98937750d060,"https://workdrive.zoho.in/file/u95am8f8dfefdec3548dbb71533a853016267,https://workdrive.zoho.in/file/iyeqt3fc74aadeacf4ae597009add613b0cf7",ee6e91196b6b4a84,pdf
542,https://workdrive.zoho.in/file/cpg4j03fdd257c1034a4989b390c33954105a,,bfa5d42d4ac0866e|be85c46a95d06a37|be2cc4c03e6b67c4,pdf
543,https://workdrive.zoho.in/file/jxur3ff5bc5267f6544c8aa1b3f18419976a6,,9668e9961669e996|b996c66996867986|bf6f954ec098c291,pdf
544,https://workdrive.zoho.in/file/cpg4j8f240c343ccf4a84999aa3cee461f507,https://workdrive.zoho.in/file/88tepcd806cfb77ba4b7cbeb7846313b9b92b,eb37165a5aa561c1|b93986303192cfcf|e8b34b4f94689666,pdf
545,https://workdrive.zoho.in/file/o7ct885ad1c9af55b4ed09f818b1fb64969d5,"https://workdrive.zoho.in/file/4xs0r2fc25567744141cf94bf460e4cf0fd2f,https://workdrive.zoho.in/file/4xs0r3d49c56888c847ddad8a519dcb9692a1",e81cd1d2b5c95a66|ef2d8cc69b61f030|ab62983d9497c5a6,pdf
546,https://workdrive.zoho.in/file/jxur39f9b1cbe337942f794698698bf54ea23,"https://workdrive.zoho.in/file/ws66nbf845c10065944fa895cc27b0822e8fb,https://workdrive.zoho.in/file/1etqy43ac24f7092247e1842a7d362c70831f,https://workdrive.zoho.in/file/tcomlec0205a1ce9e414db67e95e59d8c55c7,https://workdrive.zoho.in/file/zshatb6e9547044424c3ba1fa19666ed724ad,https://workdrive.zoho.in/file/nkooe22202cea6c2e443893bc8663029d92af,https://workdrive.zoho.in/file/m6u9m31f9539da0034eafb08ab4cdffeae071,https://workdrive.zoho.in/file/flilt7456a538cff04070a9582337a957af0c",bf3f4eccc4c02133,pdf
547,https://workdrive.zoho.in/file/jxur3c276b01c05e24ed78311511206568df3,"https://workdrive.zoho.in/file/zu51z1fdb7fdc2ec64df6a8440847662f5795,https://workdrive.zoho.in/file/zu51z1537e035904943899c58134f8ccb103b",ea6c9596c968c1b5|eab6c0b597c99449|be68c13ac78f8594,pdf
548,https://workdrive.zoho.in/file/jxur39fbfd42cffb942d69ca410d919c3e63a,,f8352d78256d85d2|fa6d8772a5c48552|fac3879e8561a532,pdf
549,https://workdrive.zoho.in/file/zu51z325f9ebdeaf9466882c42881fed8c38c,,b9c5c633919e9949|b838c7c7c792906d|b83892c7c7c7c788,pdf
550,https://workdrive.zoho.in/file/wmwqidac84ec68ae64972b972ebd24b19c893,,a322dc99f27626d8|870dc9f233c8dc36|a3cc9872e6d8b626,pdf
551,https://workdrive.zoho.in/file/v6hjg62b6a5b9a0444f8c94981309745027d7,https://workdrive.zoho.in/file/rgnwxf0a5934a8da64a10824daf7fb44d425e,bf3f484b6b486036,pdf
552,https://workdrive.zoho.in/file/v6hjg8ffc9f43949b4bf4b3c358aacd31759b,,bcbd43c1a25cbc83|c64e4e4e4e4e4e4e|9030eaebcb8705b7,pdf
553,https://workdrive.zoho.in/file/v6hjg04dfe4d3fcd84de5bbf0cc9a9dfb6f6b,,9f6a0f0f621f4b03|af2f0d858783871d|8f0f8f87070f4bc8,pdf
554,https://workdrive.zoho.in/file/2wk8f0899078c5f6b4f638bd90a54637090d6,,b24dffb28cf70840|b0cecf91263e91cc|8f7f7f00607f6820,pdf
555,https://workdrive.zoho.in/file/2wk8fbdc03bb78bfa485e9bef6879cb217568,,9668e99796861679|b837e5e49131d135|f89cc13a8f619a99,pdf
556,https://workdrive.zoho.in/file/zu51zf5d7d391e7f043279f8562b3959528fb,,f4a1cf062fdb502c|8000000000000000|b6d536d71cc61cc0,pdf
557,https://workdrive.zoho.in/file/2wk8f73dabc25053c4e718484a2042098063b,,a000ffffbf8080b5|bf63c0f0c19d984e|be3e3a72d1c1c1c1,pdf
558,https://workdrive.zoho.in/file/2wk8f3084be86f63f4ae98446d2cad7d37876,"https://workdrive.zoho.in/file/o7ct85d542e85f64545a2a5e7de46a783a90f,https://workdrive.zoho.in/file/o7ct8b304c1491bbf478a8476722fc577859e,https://workdrive.zoho.in/file/ltgclbd8b0fb12b1b430fb5f75495e49d3b7f,https://workdrive.zoho.in/file/1j88o65b7a544bc6b453989db5a333b36ad0d,https://workdrive.zoho.in/file/zr77mb2b4e3b4a0f94ca78656f0c45d514fa5",ec6c9393916c6c6a|f3548cab33545c33|bb7b6b68c0c4d494,pdf
559,https://workdrive.zoho.in/file/2n8m9e663168d875e4f4f9efed6686ec94264,,afc62f070647876a|87720f1f5c0fe807|8f0f0f0f87870727,pdf
560,https://workdrive.zoho.in/file/qe7xucd47200275f942d5bce0bb7da7823499,,8fc866cd30c770f8|bf37373633c0c0c8|9f3ff0e0c4c40727,pdf
561,https://workdrive.zoho.in/file/2wk8f08176483ff8b48aa8c4ad65aea46eb8b,,ee6e9093914d6c6a|f1c6298f26714e39|bb6a84a73b4ac4b4,pdf
562,https://workdrive.zoho.in/file/2n8m9b22f158879474f4c95039fb23709e851,,8f0f0f0f0f0f0727|bf3fc1c0466fc0d0|8f0f0787072f0fca,pdf
563,https://workdrive.zoho.in/file/qe7xu7452a8e80a7349b7a16352a65bd8e5b0,"https://workdrive.zoho.in/file/l4d77006a1a3b25c4442eb040553b414bea18,https://workdrive.zoho.in/file/8o8bpe999aa78097e48df9c07049232e436aa,https://workdrive.zoho.in/file/mwsxe1d903a38058f4dcfa60d55a67fb5b705,https://workdrive.zoho.in/file/4xdjha74a168882954ec58508b3f1d2948a60,https://workdrive.zoho.in/file/2ojp32fd32a17e1cb4cf58970143ce92cfbdc",fa1f177a52a5c085|f831b4cbcf84c338|f8c2c73595855a78,pdf
564,https://workdrive.zoho.in/file/qe7xu14b808297e4844d188f0204a2eb5e26a,,cbb64a4eb649b648|ee956e2c106a936e|be4a6236128f3e36,pdf
565,https://workdrive.zoho.in/file/qe7xu546bc486b28d4f4b83e9dc9a82b70079,,bfc4c43b93c43931|bfb1c0e7851cd191|be95c3c89d98d072,pdf
566,https://workdrive.zoho.in/file/qe7xu401105c7a6c542f89c3a12493f38aafa,,bf601df8633cc01d|ade09d68e23ec01f|bfe19d62e236c01c,pdf
567,https://workdrive.zoho.in/file/qe7xu5f4c752979794bb1a2735ba1162ec90b,,eea7935224adc958|fa728785d8785887|be9cc32fe16191e0,pdf
568,https://workdrive.zoho.in/file/jod1ze55e752d84444cc69a2b8d5a5657f677,,bf6ad494842b2b74|bf68629595ca846b|9f85626e346363c5,pdf
569,https://workdrive.zoho.in/file/cpg4jf1124acd61824164bb23df0335d10a3d,https://workdrive.zoho.in/file/8ydc6b18890ac95ad4715bd148acdb6a33217,eb23871e816b0b2f|8f2ffc0207c47a27,pdf
570,https://workdrive.zoho.in/file/o7ct88a04342aaf1b4f4d8c7d333832e3d37c,,9668e9961668e997|be0fc134d47885c7|bb6bc094949dc9f0,pdf
571,https://workdrive.zoho.in/file/jod1z5d63557602694b88b1c4b25db5643907,,be701ee121e1e366|bce31c6e1e3c033c|be3c3e3c86c083f2,pdf
572,https://workdrive.zoho.in/file/zu51zec42f83042f14531843653b58aaf7487,,ff768c0b4b60941d|ba3ec16fe3328063|bf63c233c09ec29c,pdf
573,https://workdrive.zoho.in/file/zu51zffffce3aaf26484aaa5d03bedb476be6,,ea6a9517ccc49339|bec6c253e163c0ad|be3ecbc346c2883c,pdf
574,https://workdrive.zoho.in/file/wdkrcefa4357063634e19919b5c9ad9f9a363,,bf36c0c36a989939|bf3fc0c49c98d191|fe6290c09d3fd033,pdf
575,https://workdrive.zoho.in/file/wdkrc35bf7fc6d2bf47b78795a22e30aa4e62,,a2005dff6b9380ed|ebcdc0b195ca9592|bf27c138c8e6c4d1,pdf
576,https://workdrive.zoho.in/file/wdkrc407f7c97942b4d5c8eebed523e3d3a4e,,be3ec1c13e058c3e|be3ec9c8f0b39184|eb66c66a3cc9b091,pdf
577,https://workdrive.zoho.in/file/zxv1y633a67af13f442dd901e1129ff662659,"https://workdrive.zoho.in/file/iwnoj76955834393b4134bdc214f9c95c7816,https://workdrive.zoho.in/file/2kue1e744bf45636a46b2a06ea0666b613b53",be94c163cc9cf861|bfb4c4c49d187863|be85e0cc857b91b1,pdf
578,https://workdrive.zoho.in/file/zxv1y4961eb436a5d4bb78c721b2bacc7a571,,bf94c062c4d8997b|fb95816b8568d8d1|e31edec18d959831,pdf
579,https://workdrive.zoho.in/file/zxv1y0a191a0902d04bf5b814dd0e01457d1e,,bec3e06a9ce39891|be3cc7601c9ce1c3|bee3e09c1c1cc371,pdf
580,https://workdrive.zoho.in/file/mjszo4231bd388f3b468ca1f2ba159d26d0c5,https://workdrive.zoho.in/file/ea2zn7a594aea6e3145779a70ef1a7743df4e,a34bcde0f2c8d82e|bc2fc70fc330e1b0|bc38c3c3c7c2c3c3,pdf
581,https://workdrive.zoho.in/file/mjszo0736433533da4b6fa96d1c05f2e2b482,"https://workdrive.zoho.in/file/5ez6iaab7fa6f198648338b679cd8e55031e1,https://workdrive.zoho.in/file/iwnoj68230c64fcb74f99abe8ecdb1e55914d,https://workdrive.zoho.in/file/scxnn5110fdfbd19e4165b02863581c470e13,https://workdrive.zoho.in/file/3osm799be5ae6d49e43718ed1dea9d1c80db8",a6e3972f4648d2c5|eeaa9b016874969b|c49b9ae6b19568e8,pdf
582,https://workdrive.zoho.in/file/zxv1yc3db42b7f1de4823bdb729098c470129,,bec3c13cc3c13cc3|bf3bc4c4393bc0c4|be9c63c0c313c43f,pdf
583,https://workdrive.zoho.in/file/5ez6i7acd25e3e01c40a283171a56612a63aa,,96c69e6c39993896|bfb0c0e391e7680b|bf83d0f0c11e871e,pdf
584,https://workdrive.zoho.in/file/5ez6icc358c3b9ba94424a3548b196def3cd9,https://workdrive.zoho.in/file/5ez6i1d43243ff5e5424aa1b398fe62d8f934,b34e50724c373f0d,image
585,https://workdrive.zoho.in/file/8ro2yee5cffa5ec9e4127b4a9de0d2caad4b8,"https://workdrive.zoho.in/file/zi6bra17aac663aa04037b778d0bf5552bca5,https://workdrive.zoho.in/file/5ez6ib573bdb1d197401d947cdd10dcc8b2a6,https://workdrive.zoho.in/file/iwnoj5c0b4b9d1989434aabe98c623615b5a8,https://workdrive.zoho.in/file/fdy6bff86ba998e21447296a8508ead9a3082,https://workdrive.zoho.in/file/2kue12de5aaf464734d43949f448135ea2a1c,https://workdrive.zoho.in/file/g3f7tf7ebf3b93e6144e4b7b0195e64459643,https://workdrive.zoho.in/file/dsn7723bd80171d134b22992f063785702bda,https://workdrive.zoho.in/file/x4lgifaa66eda1c374775be66b7de1f70e646,https://workdrive.zoho.in/file/vj2t6dcb154213b914d21954a6677d4f3638c",a5445edf63a804f5|ebc390b6951de318|be9bc36cc838c4b4,pdf
586,https://workdrive.zoho.in/file/5ez6ib55d5cea78c34336bc78115a545b0668,https://workdrive.zoho.in/file/8zi4ka2b6376af6694b9da9a913a54deac18f,bf5e5060601f1f2d,image
587,https://workdrive.zoho.in/file/iwnoj815bea2055b246c0982fa685a4382513,,b33b19797360c8c9|e9a9987a23629dc5|a72dc96a72f29858,pdf
588,https://workdrive.zoho.in/file/5ez6ib21ae053a7124943bbcb7fb43b2f407c,,b923878e0f391b8e|eb84836b847b947a|b333f37333048ccc,pdf
589,https://workdrive.zoho.in/file/iwnoj255b48607d8b4a0da74feb396e5c021f,,e332c7921c4d9ccd|be97c562e131c4cc|be3ec5c464e59119,pdf
590,https://workdrive.zoho.in/file/iwnojc658c4e1fdc24ab1b7299082259b61a0,"https://workdrive.zoho.in/file/bhhqud79647c5b42547409287856d1ebface5,https://workdrive.zoho.in/file/3osm7e94dc4ffd5cd4ec6a7a93459b6469574",9686e7ad39986586|b79fc063c862d98c,pdf
591,https://workdrive.zoho.in/file/iwnojb62e8e2ec05943ecae15ff29bd105bbd,"https://workdrive.zoho.in/file/g3f7tbdabb54444844148a0f7e3876684d05c,https://workdrive.zoho.in/file/3osm71ed22db1628540edb4e08628be41dc37,https://workdrive.zoho.in/file/x4lgicf6d6cce44434abcb9e61e69d595be5f",bc92c7a93c34c996|abb5a5c0e0b4da4b|da27851fb484b56a,pdf
592,https://workdrive.zoho.in/file/iwnojaa5f110923624907b71beb71edf75340,,af689c0f709fc1d0|9f60848f782f603f|9f0f60e23e7e3860,pdf
593,https://workdrive.zoho.in/file/iwnoj5f12be6aa6514559899f069bfdeb2424,,bf781f6a6087c00f|bf0f9f7a50c07068|9f0f3f1e3e606160,pdf
594,https://workdrive.zoho.in/file/fdy6ba4d93f79b033416d9fdc217bb7d635cc,,9f167060292f2f2f,image
595,https://workdrive.zoho.in/file/iwnoj76960c76df354d519dadeb3a31172538,,81aefa054bdab545,image
596,https://workdrive.zoho.in/file/fdy6b8128ec7b769f4a5783d80d8220e45cf8,"https://workdrive.zoho.in/file/fdy6b909577b3cc68422da152db48e2db1455,https://workdrive.zoho.in/file/3osm7d1127fa00cb748f3ab2b57574863bfb6,https://workdrive.zoho.in/file/8ro2y0b9a08ebdfc643418d7a520e7abf1b17",96c796b92c998c93|af33b0e4911be41b,pdf
597,https://workdrive.zoho.in/file/fdy6bf5e630f40c3e40379b8c22daddb0b068,,bcb2c7c3c0ccd878|be33c0c6cec9c1e1|be34e46e8c99f0c1,pdf
598,https://workdrive.zoho.in/file/fdy6bd5358e61a42c46fd9a368db3f4a96c4f,,beb6c0c3ca38b079|beb6c185cac990e3|fa6b9164863e3ac1,pdf
599,https://workdrive.zoho.in/file/scxnn8bd0cb9667814b418728db5b2af9dd5b,,eb3b95c462721d0d|a6298926271d6777|be67e130c3c5c139,pdf
600,https://workdrive.zoho.in/file/fdy6b41e61adf36104546b6e36e44a5c11af6,,ea7314056b58bca7|bfeac230948f63c4|bec07a40957bc13e,pdf
601,https://workdrive.zoho.in/file/2kue1b2b7a5ca431645ab9475b380191a0683,https://workdrive.zoho.in/file/qyqoqab2d2d4a5819471381bd026a6c57e0a3,af90c06f9fc06197|bb46c4b1394e0fb1|ee95806a97916a97,pdf
602,https://workdrive.zoho.in/file/fh79n947b70d4effe4c24b1cf8969acffd13c,,bf3bc0c04e2a3bb1,pdf
603,https://workdrive.zoho.in/file/mp021780d416213414f1582fb4ff91175ceaf,,af3f3e7a5042506a|8f8f1be07060d47e|9f3f70607a1f09e0,pdf
604,https://workdrive.zoho.in/file/g3f7tf4edf14334c8483b961c0272ea98d471,https://workdrive.zoho.in/file/3osm720b2a6849e9a48b3a5b0556bdc397136,8a5f75240edafaa0|806f7f8080ffbf80,pdf
605,https://workdrive.zoho.in/file/bhhqu8c70c40a221d4ad793b800486f4545c7,,aac081fec3fed015|ef2dd02ad4a1d1aa|ae7a81fc81ec81d9,pdf
606,https://workdrive.zoho.in/file/ojjbq1d2f5e5019ea4b63b1e031fcdc471701,"https://workdrive.zoho.in/file/2yn4ma95d48fb1d1a4dbf907b80585739eb06,https://workdrive.zoho.in/file/1x1sbc1576393393c47ef88597f714f6c92f9,https://workdrive.zoho.in/file/1x1sbc1576393393c47ef88597f714f6c92f9,https://workdrive.zoho.in/file/balhuf395e1b8a47b4710a808979f3db66c9f,https://workdrive.zoho.in/file/thbd6b072abdd2df74059be20f688294a4667",e0b87503aad789ea|8000000000000000|e46426cb9bdb1934,pdf
607,https://workdrive.zoho.in/file/ea2zndd8d8a764b904ec6b799daffe35ef89b,,afb5c41b956e91c0|be3fc0e39490951b|be6fc0b195c2c495,pdf
608,https://workdrive.zoho.in/file/3osm7ebf408cb3f5d48f69b0484374bcaacbc,,e31c1d1898f3f782|e373bf60007f9f00|805f7f0101ffbf80,pdf
609,https://workdrive.zoho.in/file/3osm79d2ff9546f4e46309c68992172be4254,https://workdrive.zoho.in/file/x4lgi9905e51a52ef4011b4cf2e99179c0a57,9668e9961668e997|bf3684e6c1c1c16b|bf6f8595c06ad068,pdf
610,https://workdrive.zoho.in/file/jw0g3c678e3e03f4f4939ada393357a20a80c,,e3709e86617bda84|d5572aaa555554aa|f757a8aa545454aa,pdf
611,https://workdrive.zoho.in/file/3osm76e7e9801435f4d26bcfa1f0c20b57d49,,ba852a0f854a3fe6|be09e10e3f324ea5|be7ac18585174b6a,pdf
612,https://workdrive.zoho.in/file/x4lgie1b056e1df7a48d18839010f64bbf54b,,be3dc3c2d2922c65|b83b33339a60c9ce|eb906b92916b906f,pdf
613,https://workdrive.zoho.in/file/3osm75c416244a71643f89b9e9c5461d4b917,https://workdrive.zoho.in/file/8ro2y0e28f3ae9ca44ae587700367cbf9f88d,bc98683e8d70cf1c|ec6d6dc786929292,pdf
614,https://workdrive.zoho.in/file/x4lgi64364179590e445d8dbaa78dfce8cf30,,bc3c1c8cc3e3c3c3|bc3c3c1cc3c3c3c3|bc3c3c3c83c3c3c3,pdf
615,https://workdrive.zoho.in/file/x4lgifcbaba6a158b404d91d03ef77d74f8c5,,ba5a1a3f87858587|be2f85e0b58f64c0|bf85346ac1c3a47a,pdf
616,https://workdrive.zoho.in/file/x4lgi860289034d8542f7973952c02813303b,,af628c87c4636fe0|bd2dc31fc2cb90d0|be3e1fc9c9c0e070,pdf
617,https://workdrive.zoho.in/file/x4lgib321bcd8df5a4b0cbce315a0950e5459,,bcce703c9e600e9d|b838389293c3c7cf,pdf
618,https://workdrive.zoho.in/file/x4lgi1e0dd88b86214c9c9dd17e99fd5ae901,,eb95cbb648d4d02a|cfb5c8c0b54f9468|9f1faae0c1c1513e,pdf
619,https://workdrive.zoho.in/file/8ro2y6227232b53b34dbc8e732bf2651947fd,,af856a70d1d3c5d0|bf8f6060e03e0f0f|bf84c466d89bc48d,pdf
620,https://workdrive.zoho.in/file/x4lgi7acd1cd789414b70943316109e8785a8,,ebb54ba648c5516a|cfb5c8c0b54f9468|9f1faae0c1c1516e,pdf
621,https://workdrive.zoho.in/file/x4lgie3a516dc5fdc48f587ddb5f631621868,,9707aba8f05455ab|9707aba8f05455ab|9707aba8705457ab,pdf
622,https://workdrive.zoho.in/file/8ro2y31cf67d9f8a74e359480b97549970a5d,https://workdrive.zoho.in/file/f9h0vc87c53b4b6fd4cb7b1623e2ab45a669d,bfc23c8786640f3c|be36233e1e618c1e,pdf
623,https://workdrive.zoho.in/file/8ro2y3a5b4e5af0d94a25ae6079dfb2a52268,https://workdrive.zoho.in/file/8zi4k4b73f1a4c35240d0bcfeb175bec192dc,bf270f0b9ae0e0f0|bf7ec1a1a58d6860,pdf
624,https://workdrive.zoho.in/file/8ro2y62eae805a04e4d15a8ad6057bf477b33,,bb4f6a614e319b84|b8a1c60ec4e57bb1|9e3d1e3d1aad1a81,pdf
625,https://workdrive.zoho.in/file/8ro2y2ab75c6d636c44c68a2609ee6434882d,,b5a1e1701f8f485e,image
626,https://workdrive.zoho.in/file/8ro2y7c5622555b334d6d9298bf128fe07700,https://workdrive.zoho.in/file/jw0g3935ec6359a4d439d90bf9756aa990340,fa85956a853c5c87|f121de8ede867121,pdf
627,https://workdrive.zoho.in/file/ue0u0394909e53a304e55913c46aabb188d07,,ca9b25b564db4874,pdf
628,https://workdrive.zoho.in/file/8ro2yfcc6ba2116fd41d8b86408db46cf40bb,https://workdrive.zoho.in/file/ncgb4b59ecb461b8a4366bf0085ae2fc016b7,becec03c0fce30c6|bc38389293c3c76d,pdf
629,https://workdrive.zoho.in/file/8ro2y55ba90fb3d3c4f8fa814bff67c5de9eb,,bf3d956a6ac0c2c2|be9c3c60c1636b87|9fe03c0fe02f23f0,pdf
630,https://workdrive.zoho.in/file/8ro2yb44726a6728f465cb8f3130b41c38cb4,https://workdrive.zoho.in/file/wqwyd03f79757095447d7931fb206ae1cf477,ea85956a95997a85|b1319e8fc7cc6c30,pdf
631,https://workdrive.zoho.in/file/ue0u09e2533c3cd6b40e8a2b4b18ce7afa518,,9f1f0fc1e0e0e03e|bfdc603e0f6c208e|b8389397c6c696c6,pdf
632,https://workdrive.zoho.in/file/ue0u07b5f6645703f4d95b55ad0f5f46b94de,,eb994a369966a558|fb398c85c6735a88|ef6fa988905236a6,pdf
633,https://workdrive.zoho.in/file/ue0u0d44bc1c335f848fd8111abd779bbbd09,,eb9936b4c9669862|fa6acc667a5894a4|fe4198a12f35596a,pdf
634,https://workdrive.zoho.in/file/ue0u0c1c6e26a29e34c12bbe405da9a28bc0a,,bc3c3887c3c3c363|bc3c3c0cc3c3c3e3|e969b595969292d2,pdf
635,https://workdrive.zoho.in/file/iwnoj3693566901704c1c8f25feef68e81705,,b626ca93cacc3969|bd4fc64ec690b0b1|b868c63bc01fcfe0,pdf
636,https://workdrive.zoho.in/file/ue0u0b2dc3500dfc5467c95646fd94f97c230,https://workdrive.zoho.in/file/ea2zn8e3941bc5df54f1e8867a3caaf8bd059,f7668a9a98c98939|be7ec2a1859996c2|bec8c03fc3c0e336,pdf
637,https://workdrive.zoho.in/file/5ez6i51cd4bb3ab43475584f1d9877f3b62a8,,b0c78c38cd389bc7|bff087f08f27c0c0|bf3fe0619c1e84e0,pdf
638,https://workdrive.zoho.in/file/iwnoj8147c66d13184f0b995e5f16a4667ac5,https://workdrive.zoho.in/file/pxhcg92d168e584e04343b6e94d03d2d7376c,96e78f98398c9496|ab34f063d0d193d3|af2fc5c0c20b7cd4,pdf
639,https://workdrive.zoho.in/file/fdy6be3b3c2e95fda4e908a60bfc1968e59a5,https://workdrive.zoho.in/file/8ro2y776fd084b9cc454d898a776f34eb3fe9,85e6da5961c69678,pdf
640,https://workdrive.zoho.in/file/fdy6b297b35eb9764465d9948b2c4946d9db5,"https://workdrive.zoho.in/file/435hh56966ffb73464cb2a81dc0d4b80109f4,https://workdrive.zoho.in/file/dsn779ee1cc4a60444faa8f470d4ba2420111,https://workdrive.zoho.in/file/3osm78f2a087c4a3d4ae78f7295f245f7cebd",b6868f9c6998b4a6|af26f072d0956978,pdf
641,https://workdrive.zoho.in/file/iwnojd8ace136904b451bb8a241eae9b8bdc5,"https://workdrive.zoho.in/file/8ro2y851ddfb5b1ba454691ca5370e2279ec8,https://workdrive.zoho.in/file/vo03pf3449b822eea460dacf2cca75071f0f2,https://workdrive.zoho.in/file/tpafi1cf3fa29e9b646a9b4a32168e77f82b1",ef87871c070f1d0e|af68f81b87d07807,pdf
642,https://workdrive.zoho.in/file/x4lgif4dea6f188c2454791e24b74ac8ef2b8,https://workdrive.zoho.in/file/x4lgif4dea6f188c2454791e24b74ac8ef2b8,a626f0f0f06b0b9d,pdf
643,https://workdrive.zoho.in/file/x4lgi1cfe7eb299f74d60ac964cdc541facfc,"https://workdrive.zoho.in/file/8ro2y238381a056c04ab58e217dd0b45d61ac,https://workdrive.zoho.in/file/x4lgi52e20d79cb58479da45373fe26193aac,https://workdrive.zoho.in/file/x4lgiae0e05eff48a48e2a18c19c490f0daee",9666e99961669699,pdf
644,https://workdrive.zoho.in/file/ue0u05b134eead0b54792b7c510f40228d317,,ae2ee0d094b74bc3,pdf
645,https://workdrive.zoho.in/file/x4lgie97036d81b9f49dc87dba343a21cb89b,"https://workdrive.zoho.in/file/xboj69c262d3716f7436b9ac0188e443b614d,https://workdrive.zoho.in/file/hzqand9c6403c92cc4b25ac9c466da751f6d7",bb23868e2b3b0b8e|e9848b69946b947b|b333f170230fcccc,pdf
646,https://workdrive.zoho.in/file/x4lgic4ea1b9e9ea240379555e1c6bfa7fded,,af95f06ac0c7e3c0|af95c0c0213f957e|9f3e700f1ec0c0de,pdf
647,https://workdrive.zoho.in/file/jw0g3b9c0731e28d441e2a2fef18d55db35f6,https://workdrive.zoho.in/file/8ro2ycf78f49694b64243a9d95448b0b4256f,be83c30e1ec1e31e|af17950e0fb5a44a|e363079c9c9c9b62,pdf
648,https://workdrive.zoho.in/file/8ro2y09574e164ec4460198aa02dce095e53a,,aeb1851f916ed3c0|bf91916ec06cc46e|ea48c06e3f999595,pdf
649,https://workdrive.zoho.in/file/8ro2y954a5f703b5746cfaaaf1194379d976d,https://workdrive.zoho.in/file/8ro2y07f2b3d4686549a49cbda833b2611116,9fc0e01e9e601f1f|bb3b3b3a3a3a3808,pdf
650,https://workdrive.zoho.in/file/8ro2yb502b6a0f2ff405e98b8fa41b746ba8f,,957aea9d15661538|a342f68136dede0c|a324f03cf663165e,pdf
651,https://workdrive.zoho.in/file/8ro2y75310b876c9a420c974ce027ddfbcc3b,,bfc0eb1117e81b15,image
652,https://workdrive.zoho.in/file/scxnn3f6e0323fd204d25abd0a26958f39c57,,9766e89936665998|a322dcd9f1667688|8909c5f439e1c73e,pdf
653,https://workdrive.zoho.in/file/ue0u04534b087560d46e69ceb737638d36e58,,c58e9a316d6f9298|ee6ad1959595486c|be95c1b6c06bc44b,pdf
654,https://workdrive.zoho.in/file/iwnojdf0e59e1eb654f458c502b0089838c6f,,bf69e087d0d4d494|bf4a95b1c934c23c|bf6bc166c0cce44a,pdf
655,https://workdrive.zoho.in/file/ue0u0fa1315c15b8c478e972c9d67e99c7d11,,af48152f4a1bb595,image
656,https://workdrive.zoho.in/file/ue0u0a99caa4b7f42426598a05ca77f7c778e,"https://workdrive.zoho.in/file/ncgb4b2c548bd28d44cceb20b00877f78d22c,https://workdrive.zoho.in/file/1yce0814e3fff052b449f839a40a183f31fbf",eb37766b95c091c0,image
657,https://workdrive.zoho.in/file/ue0u04bc3c1bc04c948af9a183019d0e62fcc,,e39c946b98679562,image
658,https://workdrive.zoho.in/file/ue0u0c20e0a1778894199b872bab5337f0653,,bfc8609f2cb388f0,image
659,https://workdrive.zoho.in/file/ue0u06c527a32c6fc4b10aca0ebc7d377f439,,fad495948570e17a,image
660,https://workdrive.zoho.in/file/8ro2y6bbe4695f52645b4a09c62dd57cc6bb5,,9fc0e01e9ce08f1f|bf3f2fcec0c0c0b0,pdf
661,https://workdrive.zoho.in/file/ue0u0539f75643e3641b7994cf77245bc28f5,https://workdrive.zoho.in/file/x4lgi91df272723b34688ab4d14d2946fd012,b83818c7c7c7c738|bcc3691ec13c1ee1|ae2e2e2e2e2e2e2a,pdf
662,https://workdrive.zoho.in/file/ue0u00196b711a0f2413a91a6f19652a2c60f,,bfc4c233cec4b1c4,image
663,https://workdrive.zoho.in/file/2y7ypfab9177572ce4e94862db3aa83be6b69,https://workdrive.zoho.in/file/82egn76edb6be16e64043b3ef267c5c8f60c2,bc1ec38d1cc59c66,image
664,https://workdrive.zoho.in/file/8ro2y59baca91c1d04940adead56a8774dbfc,,9396ce6931869e39|ba32c1c5cde4cc99|f82dc58787e0e43a,pdf
665,https://workdrive.zoho.in/file/ue0u01cd51a47411b4f638e110b5c47d4bdaf,,9299a68dad2799b2,image
666,https://workdrive.zoho.in/file/mjszocdd4fa3b101546e882d9d0a98ebd7753,,be97e3628598d191|be37c0c68d789171|be36c0648d19d1f3,pdf
667,https://workdrive.zoho.in/file/q0i09d4f103af233d443ab354f2e0cc1006b9,,ea95644bdba4916a|eeb1b4954a4a9595|eaa59b646e4a954a,pdf
668,https://workdrive.zoho.in/file/x9vjf20064a2bef4f4312aab1b7240f08ccf0,,d5162abe5cf10c4d|d25735da2d350535,pdf
669,https://workdrive.zoho.in/file/q0i09a831ebeb3dfe4122832d899a6b11cd67,,b938c2c76c341ed3|bf3bb525684a84b4|b61d389dda36c294,pdf
670,https://workdrive.zoho.in/file/3osm7af6e528ce8e74390a84ed7dc38bac046,,a6c3ca64999e66e1|bf906bc16285d13b|bf856af0816b817a,pdf
671,https://workdrive.zoho.in/file/3osm76a1fbd0e47ea4bcdbb64602253a9bd30,,cab0655f4a4dcd62|e3cb9c58a4a79ca4,pdf
672,https://workdrive.zoho.in/file/jw0g3de8a304b41504f0cbe23032cec3cf263,,bfb0c0ca333fc8c8|b666e3c966262699|be36e21cc899d899,pdf
673,https://workdrive.zoho.in/file/3osm73732e064a7154e8aaf17936c6f9a47bc,https://workdrive.zoho.in/file/ydzja1f4e7c4862994df9b7a14fb016bcb52d,bf2fd0d03868191f|af2fd4d0d0d0696a|bf2fd0d0c06a2fc4,pdf
674,https://workdrive.zoho.in/file/jw0g3ee58832e4af247aa85b40844dbcc314c,,a6d3ca64991e65c3|bf99c18dc699612c|ca37b54a1d4c8cb5,pdf
675,https://workdrive.zoho.in/file/jw0g38b3495ee069d4175a016d162d6797b43,,b2e3e51c099f72e0|e2e849d973b3d809|bfb794c8c0649437,pdf
676,https://workdrive.zoho.in/file/jw0g314111610ed58408f9026df8c991c0aaa,,bf331b3838e0e0ce|e992967393690769|e93296c6966a9666,pdf
677,https://workdrive.zoho.in/file/vo03p4acde8f41a5341adb425e0cd0c2de050,,8901000ffefafe96,image
678,https://workdrive.zoho.in/file/qqtbb01a2c61beac64256af982868258419b6,,ea4b95956a6a604f|ba6ae4c4941e3e69,pdf
679,https://workdrive.zoho.in/file/bjqb63e51a986a6c54751920d83dff28103ab,,b86ac79495c36b38,pdf
680,https://workdrive.zoho.in/file/sbacm62aa42aef1df49ec9da4d190c85cf0d2,https://workdrive.zoho.in/file/cpg4j85ef66168c3c47199aed6af5eeef9a6a,fac0c29db9859933|bfd0c4c4854a3f95|bf3e7a4ac0878781,pdf
681,https://workdrive.zoho.in/file/b3vi3c21fb4075f3b4164b43767b85fe91ccf,,bfc0c0371fc0623f|eae0951f6ac0953e|b9e0c41f39e0c61f,pdf
682,https://workdrive.zoho.in/file/w28oad8957075f35b4d6f8bcbf05b79822674,https://workdrive.zoho.in/file/us2t730d90939db2848ddb8a0545dc98c6240,bb40c63fe0b9c487,image
683,https://workdrive.zoho.in/file/1x1sb67b0a714208d417c821e09e08cfc3ac7,,ee6a919297911db4,image
684,https://workdrive.zoho.in/file/1x1sbf5824cf4f7db4608bbd36d8948fe4b47,,bc2c3c3c87984c9f|bc389393c2c3c74d|9e1e1e1e1e1e1e1c,pdf
685,https://workdrive.zoho.in/file/8boq9245d027fca6d44be8d76e8093cbccdef,,fa1bb564a5846e91,image
686,https://workdrive.zoho.in/file/2yn4m34121267397e4ed5b42f7d6a4ba85d69,,bcce602e9e38ca3c|b838329293c3c7cf,pdf
687,https://workdrive.zoho.in/file/2yn4mb0a5c8017d804c15a295de1405cd7970,"https://workdrive.zoho.in/file/sb1xj8e75bb899160469ab1bb79e9b72e5cb8,https://workdrive.zoho.in/file/cpg4je41c83cc6b1f4dab87eb7b247eca1856,https://workdrive.zoho.in/file/hzqan4979a39a44554ca79d672c5564ea93f5",bccec03c9e6062cf|bc38389293c3c76d,pdf
688,https://workdrive.zoho.in/file/1x1sb7323a5e1a5f24c4abba8b27dbcaac51f,,bf87638f0f808d23|be7a87b184c62d91|8f0f0f879517070f,pdf
689,https://workdrive.zoho.in/file/sb1xje5553d517e684b74850a861e691421f3,,be87c30f1c0fc3e0|bf0f04079f858f34|eb9f9d63229c6062,pdf
690,https://workdrive.zoho.in/file/1x1sb9c3045bfb7854e58a7f6940e3ba6a26e,https://workdrive.zoho.in/file/gnb8b9bc3c59298224b3393ddcbec83f3e7ac,9f0e4f0f0a1f0f07|be3e81852e95916e|a727624e8d8fc8d8,pdf
691,https://workdrive.zoho.in/file/8zi4k0d9afa5063dc4941a47b4d62e6e489c0,,ee95830f1e47416e|afc68387253f95c0|bf07832b9187c5a6,pdf
692,https://workdrive.zoho.in/file/8zi4k7a9df5d8563b49008c67ab191aa96a35,,8f0f0f0f0fc6f0e0|be1e81c1c13e1e3e|bf35916e66e0484e,pdf
693,https://workdrive.zoho.in/file/b2sef0ef21e1f96b64efa97555c4ff50dc43a,,b8388fc7c7c70698|bcc3633c16631c3e,pdf
694,https://workdrive.zoho.in/file/8zi4ke6e158b6ff5b4ada929bbb6d9102a236,,b307997262f09d0f|b0cecb319c31cf26|b06438999999db76,pdf
695,https://workdrive.zoho.in/file/sb1xj66703e4e8cdb4210ba07ad34c1e6e010,,8362fcc507017e3f|836ee0c487437a6f|837ee881070d7e2f,pdf
696,https://workdrive.zoho.in/file/2yn4mb6550731d1114df8af5301e61d933e13,,bfc8c0373fc0601f|aa9dd4602b9cf4e1|bbc6c4313bc6c439,pdf
697,https://workdrive.zoho.in/file/8zi4k2faaa3a2d34d453cbe4ccf6c146ea592,,bfc8601f0e609f27|ec6947c792949693|9e2e1e2e1e2e1e26,pdf
698,https://workdrive.zoho.in/file/2yn4m2322b109b5aa46538afe72c1b76288de,,af856af8c06a875a|bf3e2e2e2a68c8c8,pdf
699,https://workdrive.zoho.in/file/8boq94c6a1d2757824e79b28f4e7aca4631f7,"https://workdrive.zoho.in/file/uoq8fb3eb67779c77495eb3d095bbfa96a4fd,https://workdrive.zoho.in/file/uoq8fb3eb67779c77495eb3d095bbfa96a4fd",fa94946b9461c13f|ba2e3e518514e99e,pdf
700,https://workdrive.zoho.in/file/p39vw6f976ee18b56407dad972199d6554fa0,,9f1f1e5878c1e1e0|e69e986794698768|8f0f943ed0872b87,pdf
701,https://workdrive.zoho.in/file/b2sefef01148e391b46af839a61a6efcbe270,,8f0f0f0f8fd0e0f0|be6ce3c1c13e1e18|bf3f9af0e0892960,pdf
702,https://workdrive.zoho.in/file/b2sef3db5777593884988a9d10b4549c5bfdb,,bb078e862b1b8e8e|e9b4a66a966a9495|8f0f87c4f0f07878,pdf
703,https://workdrive.zoho.in/file/8boq9c320274429564a6b9278af48e3ad8d9e,,ea954bb468d5554a|cfb5c8c0a54f9568|9f1faae0c1c1517c,pdf
704,https://workdrive.zoho.in/file/b2sefc4a57b0218464b72a77f41f6952c4a62,https://workdrive.zoho.in/file/533qv8abbe9bbf44d4c8bb51cb21ee8d63b1a,bec3833ec16a94e8|ee6c1c1ecc3e9158|bf1fc0b09fe1601a,pdf
705,https://workdrive.zoho.in/file/2yn4m05c1d71ffe1840fbb3f7745d8c2ab28c,,8300fcfc0f84fcf4|8706e8c40f9d7cb5|8766e8c4079d7ca5,pdf
706,https://workdrive.zoho.in/file/8zi4k9f3fd64ee9fb47df938ef0f7e3715669,,ab6924969696d6c5,image
707,https://workdrive.zoho.in/file/b2sef677be534ce0c4aa49ae32cac93b248cf,"https://workdrive.zoho.in/file/kkc9ede3447fe098f4a5387a66ab275326034,https://workdrive.zoho.in/file/1j88o66908b07730d4fdb8771d3a29709e47d",e3709e86617bda84|cc97b26a5b14956a|f756a8aa4654d4aa,pdf
708,https://workdrive.zoho.in/file/b2sef44d4853589c74321b0da8ef86d3407ac,,8f0fc07870871f4f|eb6b4bcac890b4b4,pdf
709,https://workdrive.zoho.in/file/2yn4mf829fa9d6970421598a545e2e5fe5399,,bc9c6c3ccc30cf38|ed6d65c786929292,pdf
710,https://workdrive.zoho.in/file/b2sef12950743411842839e1d5227028c1f5f,,ea94956a6a943e63|bab913439466c53e|9e1e1e1e1e1e1e1c,pdf
711,https://workdrive.zoho.in/file/2lzjf8a32905286324c0787690a14a42f0fa9,,ec6e9293916d6c62|f3548caa33545573|bb3b6a6ac0c4d4b4,pdf
712,https://workdrive.zoho.in/file/8zi4kc18c8cde57d547fca95718b12d29ae0d,"https://workdrive.zoho.in/file/2yn4m53e8653f7a0f44538a38d4296e852689,https://workdrive.zoho.in/file/ocdz1e860dfe7183a493da58ceb0e0ed5d443,https://workdrive.zoho.in/file/i63n510275bd8f0da4eec9e32b4d4a4dfd095",b8381fc7c7c7c038|bce3253ec33c06e1|a666276627662766,pdf
713,https://workdrive.zoho.in/file/b2sefbcdd0549c2794f128fa69bd9a1eb3e2d,https://workdrive.zoho.in/file/flilt73ae59f52a044b9a808699a3525f5f82,be47c18f1e07c127|af3f910e0f910e4e|e363039d9c9c9c99,pdf
714,https://workdrive.zoho.in/file/bjqb65f70189d98af48a48397c1c98bcbee7a,,bfc4c03bc63b602e,image
715,https://workdrive.zoho.in/file/bjqb6201a3efa73434136991facee56c1b368,,908f700fe9ce19e6|b33f1d454707151d|b434facac3c38387,pdf
716,https://workdrive.zoho.in/file/bjqb6b701067fc7864d4cbefea5b14e2a4d2b,,eb07971c814f1b2d|af2ff82a07877038,pdf
717,https://workdrive.zoho.in/file/b3vi3c1a2ffbf21254b849cf05a2282a62846,,bc8f60932c9738c7|bc3c386869699c9e,pdf
718,https://workdrive.zoho.in/file/vo03p12bab31d3cb9498093a6881ffd165acc,,bcce3c248e3cc738|bc2c839797686c3c,pdf
719,https://workdrive.zoho.in/file/bb9ig7ac536256492454183ca03eac2d3876e,,ba38846e6bc3c347|ed6de54fc4961290,pdf
720,https://workdrive.zoho.in/file/bjqb6ac629c1be8e041c1a9e09e211a93496b,,9d4b2a6a4b4b4b4b,image
721,https://workdrive.zoho.in/file/bb9igfe8b1cdac8d142d3baf9eb19278a83e4,,bc9cf83c9e68608e|b8389b96c6c696c6,pdf
722,https://workdrive.zoho.in/file/w28oac7147ddf46e14d8ab36ff27ad7e5abef,,be3e1e8cc1e16361|9fe1f0630f70e01e|ae6c266486d686f6,pdf
723,https://workdrive.zoho.in/file/sbacmc79bdcbd64f74f0bbc5422c48abc8bb1,,bfc61f0e431f4219|8f0f0f0f0f0f0f0e|8f1f977068d0170f,pdf
724,https://workdrive.zoho.in/file/w28oa1adbafa4d70f4a2599d1f26ad3f52b24,"https://workdrive.zoho.in/file/x11zq8c3f42ac4f2d4daeb734b09eeb4bc0a8,https://workdrive.zoho.in/file/uoq8f1cd142d42eeb4967b37837f0f6a9dd6b,https://workdrive.zoho.in/file/uoq8f1cd142d42eeb4967b37837f0f6a9dd6b",aec7831e1e83631e|bf07810f112f1e2f|bf63858c0f1fc185,pdf
725,https://workdrive.zoho.in/file/bjqb6ba2757d067a942acaf11ddcd1ed4124a,"https://workdrive.zoho.in/file/za6tm4c8f11182e24402bb7f0e545c0f9eb17,https://workdrive.zoho.in/file/7p3pgd09e6ffe15d44924a1c710aec1cdf3ee",ea946a2ec16b6bc1|ea3e43940fcdc463|ba3a3a3a2a69e1e1,pdf
726,https://workdrive.zoho.in/file/bb9iga826f46de93e4cbc81b7dcd4b9e020cd,,b36347cc98652667|b063c6c737618d74|ef6f90902e660e6a,pdf
727,https://workdrive.zoho.in/file/vo03pd7b2d1bd9397467f990ba2143792160b,"https://workdrive.zoho.in/file/kjmwpf45bf593024b47ae814995e512f9e3b2,https://workdrive.zoho.in/file/kjmwp563bc337518647fa9e406258bc9794fa,https://workdrive.zoho.in/file/f9h0v8cecaa384e0c4fbdb114f6d1dd030915,https://workdrive.zoho.in/file/c1j4y68c7e90b012b4f87815323e08268777c,https://workdrive.zoho.in/file/jugh490674f7633b44a7fb49e018ff2bfaaee,https://workdrive.zoho.in/file/6fmw0f4d8d085d37f4ba3960397a3f5f62b9f,https://workdrive.zoho.in/file/gnb8b66c1c973754847a885a4b0bf6cefe050,https://workdrive.zoho.in/file/u95am0566dac9a822465592668109a7a936d2,https://workdrive.zoho.in/file/u95am36fad1dba56143fb8525b14a0c982ec4,https://workdrive.zoho.in/file/1j88o2362a83014a94b4c983287387ce7126e,https://workdrive.zoho.in/file/ocdz1f07bbbf5c4b44391913b6b26281ceaee,https://workdrive.zoho.in/file/hzqan496664d7764745c1b50af5c096f5ebee,https://workdrive.zoho.in/file/6ldvi97a652fa0bbb447bb25aba293bb6ae37",c8c3b63c48e3b69c|c88bb760489fb7c8|c99eb661489eb3c1,pdf
728,https://workdrive.zoho.in/file/blstf2ecf924541b24306b82e6c5886456905,"https://workdrive.zoho.in/file/b3vi303a42af32edc46e0becda8c1b0e075ac,https://workdrive.zoho.in/file/533qv2170734b44c746188c5101b8e98fa569,https://workdrive.zoho.in/file/yhyso4c673f73f4fb462488ca11a5f4aa10d2,https://workdrive.zoho.in/file/rj2347c67a2960950463aa30e43122af7afbe,https://workdrive.zoho.in/file/qkmh6df31ef2ab34c4868bc4bcc9d7de8c24f",bccc3c3cdc380e9c|b838389293c3c7cf,pdf
729,https://workdrive.zoho.in/file/2yn4m6cd5f0349ae6499c9226edc308371d6a,,bec8381f1c609f3c|bc383a92c3c3696d|9e1e1e1e1e1e1e1c,pdf
730,https://workdrive.zoho.in/file/b3vi38dafcd7da2a24278ad01477b3d1a5ab6,,fa9c952e6ac183a3|bae0951b4bc53e68,pdf
731,https://workdrive.zoho.in/file/2yn4maac2da833dc54cd5918204e1bff849b7,,ee6e9093914d6c6a|e94e6a6a273195b1|8b4e84a53b5ad4b5,pdf
732,https://workdrive.zoho.in/file/biz382a25055f01614de786bc345d6672cbe3,,be874768f0e0613e|bc526a78c66a78c6|be7a7ac8c0c485b5,pdf
733,https://workdrive.zoho.in/file/bjqb69ba087eced404882ac4185e9bccdea10,,be701ec11be16363|da423ca5a5bd435a|ae6c266486d686f6,pdf
734,https://workdrive.zoho.in/file/x11zq6d83eda0ef1c4bc5ba81bca33497a997,"https://workdrive.zoho.in/file/za6tma616a77159744ef7a0a7f96fcfaa0b62,https://workdrive.zoho.in/file/x11zqe1737f42fdd84e7eb1b9ac6864406c73,https://workdrive.zoho.in/file/x11zqe1737f42fdd84e7eb1b9ac6864406c73",becdc2388d8f3864|bc3c9c926169c99e,pdf
735,https://workdrive.zoho.in/file/sbacmd38fce29da6b4fc5a592068bc261f27f,,bbc7c01bc61a9636,image
736,https://workdrive.zoho.in/file/vo03p6e1a9a544f7f4117b66a11263f74541f,https://workdrive.zoho.in/file/yhysocaae9c9b2fdf49138fe0f13f53366003,9f4be01e1ee00f1e|e69e986794698768|8f0f943ed0872b87,pdf
737,https://workdrive.zoho.in/file/b2sefcd565ea0f3b94e8db900d4801821e6b3,,ae83933ec3b698e0|ee6c683c3c95b438|ef854a6ab51e9530,pdf
738,https://workdrive.zoho.in/file/8boq9cdd082efbe714183bb0647d7f526d063,,9e61e19e1e1d1e61|af1ed033d2b4d096|bf2fc169b0b0c44e,pdf
739,https://workdrive.zoho.in/file/8boq9fce262fdaf5e4a41989c67f02bd0e80f,,af2f3f9391d0604c|9fea604b60ea684f|bc3e833687c63169,pdf
740,https://workdrive.zoho.in/file/8zi4k67bb324cf17a49f8838c46d502981143,,bf91950f853ce1c2|bf7ec0c19097c4e4|ef6c90ecc0b59133,pdf
741,https://workdrive.zoho.in/file/8boq91bfb85a7bbc449a282e02b7529206a84,,837cfc83036e0f78|bc4cc3c3c33db8e0|bf39c1c6c6c0193d,pdf
742,https://workdrive.zoho.in/file/blstf1636bda4f864478e9d39668225e81cce,,b4794f18348ffc90|807f7f0100ffbf80,pdf
743,https://workdrive.zoho.in/file/bb9ig4b82d7a2ecc54ebeb0f136e962d5a429,,eeb5c02b9b4e95c0|fa6f85d0c08795f0|afc4d06bc12b853e,pdf
744,https://workdrive.zoho.in/file/f03zh894ced67ee2f4037905d1da31e98f66a,,afb5810f9f4a91c4|eb6f94d09578c4c1|eec4943b919dc02f,pdf
745,https://workdrive.zoho.in/file/2yn4mae0eb929f81b4aa3bbe82ccc27f56060,,b61e4949b6b7c8c8|807f7f0080ffbf80,pdf
746,https://workdrive.zoho.in/file/bb9ig9936e29fbbed4f1da98ed4d629f230b5,https://workdrive.zoho.in/file/1j88oaabb3a0414a144339c63aa6402e14783,b333cc2cccc333b2|bf3f2fc3c0c0d0d0|bc9bc363c7c461c2,pdf
747,https://workdrive.zoho.in/file/bwtg7a69d51d2849d4ac28487f1d5d0b1c087,,bfa5814a952e8b1b|eed9d1a7c064903e|af85c1c2d4b5917a,pdf
748,https://workdrive.zoho.in/file/b3vi394842a5a298147b082b6f78a17e7fc51,,92ce8c6d99bc6692|be37c1d0c46bd01e|eb479c9cc11cc768,pdf
749,https://workdrive.zoho.in/file/bwtg7944be942ce8a466db63f05af0a395610,,a7e0602fb42dd86e|bf6e906bdab0a490|bf6ec0a3d04fe0b0,pdf
750,https://workdrive.zoho.in/file/2yn4m438e2f0887914bbbbfff0884db24ad08,,bbc4c61bb064d993|e6e6926686999969|bf6ec097c4c1c9c1,pdf
751,https://workdrive.zoho.in/file/bjqb6d43afd3e66ab41248669387691df7e77,,d5d2a53e2deac1c0|dc7e47c138c5383c|c3a65dd076e349c8,pdf
752,https://workdrive.zoho.in/file/bjqb6056ed8a2553a42e583602c403752e740,,bf90c0c7cc78989b|bf94c16e8478d073|be3fc0c4959cd161,pdf
753,https://workdrive.zoho.in/file/x11zq1a82f3db89c74407b336b6dfcef9b385,https://workdrive.zoho.in/file/ywb2603dd0416f4984ee7a9eedfbac6a872f3,bf6f8080525e2d2f|bb4fceb00060ecbd|bbd185e4856887f2,pdf
754,https://workdrive.zoho.in/file/bjqb6758e596d12184178a7d4789cd723d5ed,,bf2fd081d091943f|bf85d0add0a178e8|bff05aa1508fe00f,pdf
755,https://workdrive.zoho.in/file/8zi4kcec220adf926477787514f2cf7e4c1bc,,df0a5062721f1f35,image
756,https://workdrive.zoho.in/file/bjqb68520fd135da1404d94b2916b92bce252,"https://workdrive.zoho.in/file/b2sef3bea3fa9c4e04ec1a922c306e9d9119f,https://workdrive.zoho.in/file/p7iy5fbdb53ca95f94bc886c4875d1d2ca165",b373cc2c8cc333b4|bf3f3fc3c0c0c190|b897c76a87c862c5,pdf
757,https://workdrive.zoho.in/file/8boq94ab9ff0677624bf2803ad979bdbdac21,,fa7a3a2da58585c4|bf6494a685669566|bfe10e06e11ee11e,pdf
758,https://workdrive.zoho.in/file/x11zq46f1818bed374e2390c0d5a75825d9b0,,ea83953ce4631b96|ee6a6e62449730ce|ee95916662b1196e,pdf
759,https://workdrive.zoho.in/file/bb9ig571297e3f8744bc6bc4e75581bd87be4,,ea6ae29999959585|f84f87cb67c0e0b0|be65c16b9096c393,pdf
760,https://workdrive.zoho.in/file/kkc9ebbd8b4852aac433e806f0271bddde5ed,,939ecc8d6d31b831|bf2b90e4c1d6c07a|bf60c098c2cfc367,pdf
761,https://workdrive.zoho.in/file/bb9ig14c61cee9215414cb0e9bca3573e046e,https://workdrive.zoho.in/file/bb9igf5d08d961fd448f78193b18d72ef877d,9fc7b560b0c03fc4|bfc394b46272e1c1|ba90f04dcf4ec02f,pdf
762,https://workdrive.zoho.in/file/sbacmbb642910300d4cdbafd2045aedbdb5ba,,afb1c51b9469d8c4|ae31d5ecd14ad04b|ebc0903ed415c53f,pdf
763,https://workdrive.zoho.in/file/sbacm68f577d7c95241afaa2831b6ca621ce0,,beb1811f956acac4|eb3d91c394c2c66a|af3591647c1bc487,pdf
764,https://workdrive.zoho.in/file/2yn4m0c89bd70407248afa988a62f59cb2048,,bf60c0c0e0b79f87|bf2f2fe160e06185,pdf
765,https://workdrive.zoho.in/file/8zi4k2fb48b1119654140ac6b909d0959c7bc,,a040862f7ee4f5da|80e1c39ec3613d7d|bf2a4a4ec2c6e2d4,pdf
766,https://workdrive.zoho.in/file/8zi4k11a9ab1136d74c3e8ad77ef851ff4189,,b39b89c6cc29ce31|bc7a6394876b3898|bc8f67988738624e,pdf
767,https://workdrive.zoho.in/file/2yn4m9deaa681fd1a4bdf925946c6fe160210,,fa7a3a85858595d4|bee19487c116e13e|a707078dd8f8f0d4,pdf
768,https://workdrive.zoho.in/file/8boq999e6807b045347e8bafcb672354648f8,,e67e818181e15e7e|b86ec67e4e684e18|fa7a7ac64e4e1680,pdf
769,https://workdrive.zoho.in/file/8boq9ef74575d521e4688a22b72526a7f4376,,fe85c168857a989d|fa7ac185856ec385,pdf
770,https://workdrive.zoho.in/file/2yn4m740b493da6b24685bb9eff2c3135b6de,,fa7a912d85a595d0|af2fc16ad0956ac4|ade0e44e9a13f2b4,pdf
771,https://workdrive.zoho.in/file/8boq9272b0de75f82433999fa27df1e6ad319,https://workdrive.zoho.in/file/13zc93c94dc9c716c4578a5b2f3e4bc3769d3,e619c6869d669966|ba3ac7c53ec121b8|fa6487878dc13dc1,pdf
772,https://workdrive.zoho.in/file/2yn4mec5e58011d02494892c665e2b5e5877c,,d28a29d585b5ca7a|f05a464e5b648fa5,pdf
773,https://workdrive.zoho.in/file/2yn4meb4c51df850e47b892544bc2d31c1859,,fa788787d8788439|b38a5d33c2ccc1d3|faeac5258585b51a,pdf
774,https://workdrive.zoho.in/file/n5d2h489f860b6112401f91838ad107eee65d,,e712639c341c6d6d|e363636363e3e1a0,pdf
775,https://workdrive.zoho.in/file/140kf187f43928f0c49689cac80a94d6a1fb7,,b2494ecc32b3cfc4|803fffc2407f9b80,pdf
776,https://workdrive.zoho.in/file/f03zh7738cac6623048b2805bfc6db74c7371,,ef15d0e9163369c2|8000000000000000|d2a572ad5c4c8d5a,pdf
777,https://workdrive.zoho.in/file/140kf18c53deec5964232a159023518fd48eb,,ac61d11b923efc2c|fe4f816e85a4d8c4|e99e93619e618c72,pdf
778,https://workdrive.zoho.in/file/bwtg794b956143b334b988d981a753d15677f,,b3cc6933cc33938c|b3d22cd2333dcc2c|ba629595859b681f,pdf
779,https://workdrive.zoho.in/file/wyumwfc1a48829a0246488b39455506a9f614,,bf2fd081d081953f|bf33633f1fc0c0c0|b48f702cdb24cf31,pdf
780,https://workdrive.zoho.in/file/2yn4mb09f6f9ae9a14dfcb85c5efca0e3b7c4,,fa6a85977a3294c4|bc8fc7c43863c338|e92c9292cb6f8e98,pdf
781,https://workdrive.zoho.in/file/x11zq1638e1e2c62d4abc905550ba945c9868,,9967624619bce699|806e7f8080ffff01,pdf
782,https://workdrive.zoho.in/file/nqd58d51a452a17734ec9a61d65f5fcf9fae7,,fa07876e95989c49|fa7a958585c98b92|fc6e668495949cd8,pdf
783,https://workdrive.zoho.in/file/b2sef6b7a5894933d41e98c735a6a0a5f58c5,,c9593686c0dd9fb0|cadb5b42803fada1,pdf
784,https://workdrive.zoho.in/file/zxv1y4f1bb331afff47ffa8aaceff0a03b6d8,"https://workdrive.zoho.in/file/sbacm1d36472d026b487caed539a0e473253c,https://workdrive.zoho.in/file/za6tmfa4bdf2f32474cd69f579f1890ca95b1,https://workdrive.zoho.in/file/1x1sb4f51e47ab266454b8efb4e4abd4e2142,https://workdrive.zoho.in/file/1x1sb4f51e47ab266454b8efb4e4abd4e2142",abf4c7d6430be882|b2cc34678c738b9c|a2221999dc67f729,pdf
785,https://workdrive.zoho.in/file/9rfbob1e8f7a08ff14bc0b2ec4528bf327304,,faa585487a86975a|ed1e9263c265c31e|bd64c11bcac3969c,pdf
786,https://workdrive.zoho.in/file/bb9ig24833ae670ea482ca0139a5aa133f30f,"https://workdrive.zoho.in/file/thbd67576ddac09b344d59813d57912d9a423,https://workdrive.zoho.in/file/bjqb66c475d2c4a8a417b8107ae19d11a31f4",fa6aa7875b3084e4|bc8bc7c53863c338|ed2c9092ca6f8f98,pdf
787,https://workdrive.zoho.in/file/vo03p3c2f54b95fcc4db2b46251d69e9a2590,"https://workdrive.zoho.in/file/bjqb6c51ea3df30b04b3580cdea73df12fc12,https://workdrive.zoho.in/file/7p3pge2f93a3757be4b00bd3da99839bdc4cb",ecb1919a46b3e613|ea2497b7c04e329b,pdf
788,https://workdrive.zoho.in/file/w28oabd456250d7454d759e7b607eafc9fc94,"https://workdrive.zoho.in/file/7p3pgaa9485a254034691a5246d76465c1b81,https://workdrive.zoho.in/file/7p3pgd7f7537adbb5425693c23f00358cb900",ec98bb9b4691c913|bf1790e0e0d88797,pdf
789,https://workdrive.zoho.in/file/bjqb65f69198aad834899ac963bb3a76171b2,"https://workdrive.zoho.in/file/vo03p45745eef45864ec4bd7d9a13740733e1,https://workdrive.zoho.in/file/za6tme8c665c9804f4bfcb69eaddbaa09e79a",cebc91bc46b3c407|e893526d936ea592,pdf
790,https://workdrive.zoho.in/file/vo03p366938cd29944604ba6fcee616a3e7b0,,bfe292e3943a8c1c|8f0f0f0727272766,pdf
791,https://workdrive.zoho.in/file/bb9ig8a143334ebb84f40a1a6a5df5360d62c,,e8689793e5a64a6c|8f6ff050b06fc285,pdf
792,https://workdrive.zoho.in/file/x11zqc6702fe5463945f586675b06f54cdd13,,d9d8a606a745c9da|ef1db240e0e0c56f|8f089074c2e3f3e7,pdf
793,https://workdrive.zoho.in/file/biz387ae8ca654d914a2697b3965e8c040a2f,,ead2d26c836c6b94|af3a3aad3a806b86|ee954f6c154a6652,pdf
794,https://workdrive.zoho.in/file/sbacme6989582a5324ee3a34f914658890e03,,efb5954e9568c091|bf3dc5c0cac09497|bb6fc0c0c7918597,pdf
795,https://workdrive.zoho.in/file/bb9igf6bf78f089464dd5ac514654f2c2bac7,https://workdrive.zoho.in/file/v6hjg112a9c04333d49a1a8fdd2749a646a7b,f8cb83bc6e499826|f0368e6d85873999|fae081cc856b857b,pdf
796,https://workdrive.zoho.in/file/bjqb66e5cb507566848d7880ce7a9745d2c1b,,bf6d442dd03ac2d2|ba6ae0e0879795e1,pdf
797,https://workdrive.zoho.in/file/vo03p52fa66eb546e4a8991b2031599e9e86e,,8a8197c1cb1f3e59|88b4a5b4b7e8c7d0|bbcec0319cecb5a0,pdf
798,https://workdrive.zoho.in/file/x11zqacdd315ff01441a09fd2da2e82ad2443,,ee9140eaadadf881|bbb03318c6cecc8e|b16a6271ce9f8495,pdf
799,https://workdrive.zoho.in/file/w28oaaf0f662307e44b4bb8553c98b334add6,,ee9691cd8138876d|b6c38f8ec83cc90d|af2f6bd0d0d094b4,pdf
800,https://workdrive.zoho.in/file/w28oa4d23d97b43e844dfb9b052447d8376b3,,af3f2f0b2bc268c0|bf1ce04ee01f1fc0|bf1f611ee0e8e061,pdf
801,https://workdrive.zoho.in/file/b3vi3995d5d287db7413aaaa424c27874dfe6,,fad1c1c594b2c56c|ff85808581d9a17f|e64ccd9b98339338,pdf
802,https://workdrive.zoho.in/file/sbacmc07806be36d34eff8ee2320172d97ed5,,e59a9a6d08b6c6c9|be3dc0ce3a91906e|be1ec0e3e1e1691c,pdf
803,https://workdrive.zoho.in/file/vo03p5315c7b358dd4b72a840038a540b8ff0,"https://workdrive.zoho.in/file/yhyso3f482be99adb45febf49edcd11f1ea7f,https://workdrive.zoho.in/file/yhyso3f482be99adb45febf49edcd11f1ea7f,https://workdrive.zoho.in/file/0nbai1c6bd611f1f14c548b56c9714f127a8c,https://workdrive.zoho.in/file/xfzrx3dbbc8b819ad4cfd8fec3cc573f5abce",bf2f2f0b2bca60c0|bf1cc04ee04f1f61|bf3f601ee068e069,pdf
804,https://workdrive.zoho.in/file/vo03p4da4b70e348d40a58aa9dcc54af8c6af,,8aa9c556f05f8c2d|aa36e0c99df19463,pdf
805,https://workdrive.zoho.in/file/b3vi3514587d6d8374d9e88d941ec0478e6c9,,c1123fe917ec3893|bee03ec18387c13e|be9ae1689195c60f,pdf
806,https://workdrive.zoho.in/file/biz382b7395808a6247648dc5435ebdfb17e0,,b8ecc793380e3978|9fe14c4e604ef03b|9fc0f07a783ce443,pdf
807,https://workdrive.zoho.in/file/bb9igfa059690f2da49e8aa7ed9c349fdcebf,,a002dfbf78ccb701|b32f0d2f8cb2d3c0|be62c11dc8e11fd8,pdf
808,https://workdrive.zoho.in/file/sbacm2ca0f8568b4441f58ad1c6c790008ce8,,e23562ca9dca9d4a|bf37e0cfc062c069|b83ac7c739c3c690,pdf
809,https://workdrive.zoho.in/file/v8ybo71edc0a012484aaa8b3b2159cd650e9d,,af35424256f7d292,image
810,https://workdrive.zoho.in/file/sbacmee702d7cbda94f16b16d9bcb4c775828,,eaddc75489aac0a5|e26c3433ccd3c3cc|bb1089e2e627cd9a,pdf
811,https://workdrive.zoho.in/file/f03zh5f3c29813afc48bfbbaae67b519ee98c,,b667595941664763|bc3cb89898b96363,pdf
812,https://workdrive.zoho.in/file/sbacmc8c45269bb5a413dbfe0e587082b86a0,,bfc568d09cd0d4c5|af60783f1c6a2387|af8f917a3c60ca61,pdf
813,https://workdrive.zoho.in/file/sbacm727afb92156d4749a434c68fc356677d,,bfd394640d3cc2c6|be94c06a1f946a2f|be2e84841c6e6be3,pdf
814,https://workdrive.zoho.in/file/kkc9e07218a7fddec4332bc32edfd4438e7e0,https://workdrive.zoho.in/file/bb9ig7bc668fec2d043a385e39f1823820a02,9f70e0871f7960e2|beb7c066c538944e|ba3eedc0d0b585c2,pdf
815,https://workdrive.zoho.in/file/8zi4k3e6d91fceb1a4f278fcb6582b9f3e35d,"https://workdrive.zoho.in/file/8boq96392c75a162a4dd0a494653b8ab117b7,https://workdrive.zoho.in/file/f03zh93483d07ae4541fdb1e85e0513c122b8,https://workdrive.zoho.in/file/b3vi3b1c38087401547928319e6d644654e5c,https://workdrive.zoho.in/file/jybkfd3ea6eba3dc947b4a81a926466e9ae9f",9ce3e31c1c7b03e2|bfb3c068853c989d|bf3fc0c2a585c2a5,pdf
816,https://workdrive.zoho.in/file/b3vi39ffebc6747464e5486e7e3accef86951,,bf2fd46a62c0d01e|bf3ac095914f487a|a12525258f8f8f8f,pdf
817,https://workdrive.zoho.in/file/f03zh0ad6325ab9554e2b9d172c2641cf4a01,https://workdrive.zoho.in/file/bjqb6982bd9dd8b9d4b67991ccf821114afb5,9ef3e18c1e7f6080|bf35c065e1f0c4ca,pdf
818,https://workdrive.zoho.in/file/8zi4kfb2ff98a52e9479b8e516a9b236a3ed3,,9ff0e08f1f501f60|bec3c194c17c946b|be97c168d068c597,pdf
819,https://workdrive.zoho.in/file/8boq9f913149efec34b6b98054037d038299d,,9ff9e0041e7f1c60|bf35c065e1f0c4ca,pdf
820,https://workdrive.zoho.in/file/sbacm1914cd22158c47a58adb2eea32ca0b89,,c19e9e3a8b389969,image
821,https://workdrive.zoho.in/file/bb9ig2247d3a9160340a88c9b1a24f6b614aa,,9e73e1801f7f0c61|bf36c069d09dc878|be3fc1c0c687c1d2,pdf
822,https://workdrive.zoho.in/file/sbacm51583cbdb44547128fe5deb96c0d8465,,9de7407ca170e798,image
823,https://workdrive.zoho.in/file/vo03p9c731d4b304a4b89b8b8887a397ea096,,9e61e19e1e611de1|ee68911bc1b39578|af1a9185d2a5c5c7,pdf
824,https://workdrive.zoho.in/file/bjqb6a317b588b3be466fa82bad0ba788cac9,,9f60e09f1f611f60|ea1e1e6a6a1a1e6a|be3ec4c1c1c13b3a,pdf
825,https://workdrive.zoho.in/file/vo03pe5d473c774a847b1a8ac8b15cf245909,,bf81c07e7f812742|bfc17a2ac03a8727|bf6ec197d083906a,pdf
826,https://workdrive.zoho.in/file/b2sefc9cb9c9a1ce841efaff81ff609a2e739,https://workdrive.zoho.in/file/bb9ig0dcc5cb792a34c5ca300a89cafd94889,bd40c2bf3d582ce2|b65cc5264af3368c|bfc03fc03e81d02f,pdf
827,https://workdrive.zoho.in/file/w28oa4fcece1ac3dc49958513b41a69633a8d,,ea6ac03e959d9585|eaca95b5c54ac235|afd4d16ad03b9407,pdf
828,https://workdrive.zoho.in/file/b2sef2c58b59e10b345b486d0a4ff1c583330,"https://workdrive.zoho.in/file/x11zq896818d7382a40adbd71576d3b4ef21e,https://workdrive.zoho.in/file/vo03p3506d1b190194323b85783912188ba09",9f50e0af1f60701f|bfc0c03239cd3e3a|bf3fdbc0606a29c0,pdf
829,https://workdrive.zoho.in/file/7p3pg122fe979332d4c44b63e4e3b6cfd26bd,,fb3b1a84e4e5d098|ea95d02a1e6bd4e1|ee93d04e916fc431,pdf
830,https://workdrive.zoho.in/file/8r5l9b531d7df703741fe82054c6af967b3f7,,8bdb16865ba434d3,pdf
831,https://workdrive.zoho.in/file/nw8j4ad696fd59d1048539d28ffff8f857b43,,b65e0a320b6ef0dc|be36c1e9ca4ac1a5|ab3e94c93db65290,pdf
832,https://workdrive.zoho.in/file/kjmwp45928afeca264231bfd048979d88fa84,https://workdrive.zoho.in/file/sbacm7a2fa963e3964fc4936475ac903cc7cf,bc7d6d2c1c10c796,image
833,https://workdrive.zoho.in/file/533qv12e9d4d13e9b442c8dffcfd8fc00dd9f,,bf2a4a6a483a7a39|bf3fc0c09c9da1e0,pdf
834,https://workdrive.zoho.in/file/kjmwp253f285cddb441059dfac7804d0fd4d1,,be31c1669998c79c|be68959fc01fc0c5|fe3e3da5c1c0d0c1,pdf
835,https://workdrive.zoho.in/file/533qv576a8cf2f6f2427493859bf16c2ba21f,,9f4a0f1f0b0f0f19|be99810c3fb24e27|8f0f977268c0b41f,pdf
836,https://workdrive.zoho.in/file/nkkihbcc70abe936540c1b0a9f0d7945adbb8,,b3554d4430bfcccc|b2323732b23f7cc0,pdf
837,https://workdrive.zoho.in/file/nkkihfec541d43a3741e099801e5ff7eb0f8e,https://workdrive.zoho.in/file/nkkih1a07f23b4a194b0fae8ba4ae09f7fbfb,bfc0c03239cd3e3a|be3fdfc0606a29c0|eb6f97e09097c098,pdf
838,https://workdrive.zoho.in/file/za6tmc5816b011da64cc1a72bdf2bdba1ca30,,bf39c1c03b3f8684|9f1f3f1fc6c0c0c0,pdf
839,https://workdrive.zoho.in/file/nkkih962a5312e7b4474b95036a3f4a5f6499,,9b46c4bae2cbb126|be0f41d005ce62ef|be0f51d005ee41ee,pdf
840,https://workdrive.zoho.in/file/za6tmfc66a21d1c7f4d7eb6ddddb376c3a548,,a00c77b18cff9da0|b072cf4d3073cf88|b1b19a6f27b35061,pdf
841,https://workdrive.zoho.in/file/za6tm9fb1df566c1c47a5b62b69f6929958e1,,af6c92930e6b0b96|afc09d6ae095c22f|af7e8181f20ece61,pdf
842,https://workdrive.zoho.in/file/za6tm66a82f9e9d6e4ca49e7eda3ae7c3dbed,"https://workdrive.zoho.in/file/glt05057e4f32bc9c4ef58c8a323a4d2a6047,https://workdrive.zoho.in/file/bjqb640f1b81325e84905be961a36fde88e87,https://workdrive.zoho.in/file/0nbai385afb3c8ade469faf8657fe9a40554f,https://workdrive.zoho.in/file/5zgbmfe0b405552fd471f96b36b3ae9239aac",bf6f6a6b4b49c080|bf3f3ac0c1c98dc0,pdf
843,https://workdrive.zoho.in/file/za6tma3bddfe5422b40db96c5b6655a2ef6d0,,be36c0c0c13f366e|bf1f950fc0e0e1e0|bf689169c4b1c1c7,pdf
844,https://workdrive.zoho.in/file/za6tm0a0f8ce6d6b24aa2aef1f32ba585be22,,bfc1c03e29c93ec1|bf2fc1e390c0666a|ea3f85e096879896,pdf
845,https://workdrive.zoho.in/file/l3h8ea93b4ae8d5ab4389872aac6156778966,,bc9a383e9a308f3c|b839399686c6c6cd,pdf
846,https://workdrive.zoho.in/file/l3h8ef2927c8179f74d1a8454c32477d36b15,https://workdrive.zoho.in/file/qkmh66798979279b64c4db1184897984b3c74,ca5a352f26374ad4|ca4ad1c95a366a6b,pdf
847,https://workdrive.zoho.in/file/7p3pg9c5e2d7aae2b49dc86b035ca7b2c0259,"https://workdrive.zoho.in/file/yhyso3a973b6aa476489a8a857fc52ad73435,https://workdrive.zoho.in/file/yhyso3a973b6aa476489a8a857fc52ad73435",bea7c560c19dc178|be3e3f3d85c0c2c0,pdf
848,https://workdrive.zoho.in/file/za6tmbde633ec5e4445c78c001ea1f4d414c8,,b633c349c99c3ccc|afcfc0cbc0d9c06a|bf6ac14bc0d4946d,pdf
849,https://workdrive.zoho.in/file/l3h8e9262f53e84074c2188194de01b78dbb4,https://workdrive.zoho.in/file/nkuoxd8152a61e5fe4e9fb7eca64638ef4a3f,e846951de66a09db|bf85856bc07af094|bf2fc073d0946dc0,pdf
850,https://workdrive.zoho.in/file/l3h8edec275096edd4c7ba4cd8cdb35b9862c,"https://workdrive.zoho.in/file/balhu4be9c031e6f84b8eb0bbf2e6ae03e1cb,https://workdrive.zoho.in/file/6ldvi8af6d37b42694e4f834d8299353b022f",e619ddeb892422ce|efd105ee7a82823a|ea49c2d39da4953c,pdf
851,https://workdrive.zoho.in/file/7p3pgb0e5fd5010dd4f3bb3545cd13bb1846a,,ef62568d8d899929|af62f066843ed03e|af3e94e2d43ec160,pdf
852,https://workdrive.zoho.in/file/7p3pgc2b1c93411124fe1b14d57bcf5190bce,,e3339cac635b9425|d5d5abaa0555552a|d6e12a2ec15c1de9,pdf
853,https://workdrive.zoho.in/file/l3h8e3d77a4dcd95e4691a1f2016717052dad,,faef8692106de584|8000000000000000|f6751cfc16901d52,pdf
854,https://workdrive.zoho.in/file/7p3pge9eaf195f52f407cab82c96fc738f6fa,,ea6b94956e6ae00b|ba7ae0a4943e3a69,pdf
855,https://workdrive.zoho.in/file/ws66na6218622296f480a84ae4ecfbd75a406,,bc381c9cc12de3e3|b0613025a79ecf9e|ec6c6c6c6949c9c9,pdf
856,https://workdrive.zoho.in/file/ltgcl711ec877b8214f20af5114fcaae88df6,"https://workdrive.zoho.in/file/jw0g3b16bde11f0d6420194104c2fe9fcfd89,https://workdrive.zoho.in/file/iwnoj986c2801dc894d1db5a4ee2245fba68e,https://workdrive.zoho.in/file/us2t7817df238590c40838c63c2be1835870b",9ce3e3141c6b63e1|bfc794c5c131c86a|bf4bc196c16a9499,pdf
857,https://workdrive.zoho.in/file/ws66n3d45db80ab71429c8a07cc0390c9ea1f,,ead1952f6ad1903c,pdf
858,https://workdrive.zoho.in/file/nkkih460637c371e944c5997ff50a29c62762,,e04f9eb0654f3a32|eae2c0cac42f9d35|bf86c079d06e4995,pdf
859,https://workdrive.zoho.in/file/yhysodff09966f8354acba08c4b1c4c5232d6,,9ce3e3141ce361e3|bf3684e6c1c1c16b|bf6f8595c06ad068,pdf
860,https://workdrive.zoho.in/file/7p3pgb8ed25c01ca843f2a16d5cd132d01c6b,,9cebe3141c6963a3|be97c160c196c19f|be7bccc0a395c027,pdf
861,https://workdrive.zoho.in/file/yhyso23182462f5e04098974c266bb99cc867,"https://workdrive.zoho.in/file/yhyso23182462f5e04098974c266bb99cc867,https://workdrive.zoho.in/file/xkzlt7c3e3989042c4dca924eeec2c21ab870",98e7e71818e563a3|be34c1c6c8c17bc9|aa0895dc6b9795c3,pdf
862,https://workdrive.zoho.in/file/l3h8e3e86e4396db448e588481d7773a78665,https://workdrive.zoho.in/file/l3h8e3e86e4396db448e588481d7773a78665,98e7e7e1a581a4f0,image
863,https://workdrive.zoho.in/file/za6tm61d7eeea8b6141ec9420c4b9c299f1ab,https://workdrive.zoho.in/file/za6tm61d7eeea8b6141ec9420c4b9c299f1ab,98e3e783e591e492,image
864,https://workdrive.zoho.in/file/za6tm8efa924b4f2947e9949b73632eaf5841,https://workdrive.zoho.in/file/za6tm8efa924b4f2947e9949b73632eaf5841,94ebeb14146b63a3|be6ac1bce181cbe0|bf6ac03dc185cbe0,pdf
865,https://workdrive.zoho.in/file/1x1sb0b82216470ba404eb673b17966ddba9c,"https://workdrive.zoho.in/file/uoq8f7248836430d54d0b9f3ac7f8a28f7757,https://workdrive.zoho.in/file/ws66nf11638db4c7e4f4f81595b65aaec72f7,https://workdrive.zoho.in/file/1x1sb0b82216470ba404eb673b17966ddba9c,https://workdrive.zoho.in/file/uoq8f7248836430d54d0b9f3ac7f8a28f7757,https://workdrive.zoho.in/file/ws66nf11638db4c7e4f4f81595b65aaec72f7",bf35c065e1f0c4ca,pdf
866,https://workdrive.zoho.in/file/1x1sbd771c217c2e244a1b8d3f14f08ad2c3e,"https://workdrive.zoho.in/file/uoq8f41c7290180d14a818eaaa5568ecd850c,https://workdrive.zoho.in/file/1x1sbd771c217c2e244a1b8d3f14f08ad2c3e,https://workdrive.zoho.in/file/uoq8f41c7290180d14a818eaaa5568ecd850c",beb7c066c538944e|ba3eedc0d0b585c2,pdf
867,https://workdrive.zoho.in/file/ws66ndd6447c4f11d41dc92e7586f831a5f03,https://workdrive.zoho.in/file/ws66ndd6447c4f11d41dc92e7586f831a5f03,af40d0bf3f40449f|bc39c3c6c2c3923d|adcdb239c133c694,pdf
868,https://workdrive.zoho.in/file/1x1sb2dc99bfd8fcf4af998e02d7ed32fb283,"https://workdrive.zoho.in/file/1x1sb2dc99bfd8fcf4af998e02d7ed32fb283,https://workdrive.zoho.in/file/2ta2qdcaad91829384f7ba0809c59dfbc3d98,https://workdrive.zoho.in/file/82egna1d1479c20174bb8a9abb3e1636861d2",cb44b5ca96b32695,pdf
869,https://workdrive.zoho.in/file/wtnfra81ed52f2ff2487c834f3f70861203f0,https://workdrive.zoho.in/file/wtnfra81ed52f2ff2487c834f3f70861203f0,f880876e87797887|aff085e08578f097|bf7885d00f7ac087,pdf
870,https://workdrive.zoho.in/file/1x1sb1ef4b4fa421a4296a5b47382c8ad38af,"https://workdrive.zoho.in/file/9rfbo755323ef6d1549329b3d9a65a4235844,https://workdrive.zoho.in/file/1x1sb1ef4b4fa421a4296a5b47382c8ad38af,https://workdrive.zoho.in/file/9rfbo755323ef6d1549329b3d9a65a4235844",bf60c02fd098cf95|be25c08f857a99d2,pdf
871,https://workdrive.zoho.in/file/1x1sbb87e9fbe953f408f915ac814e20388e9,https://workdrive.zoho.in/file/1x1sbb87e9fbe953f408f915ac814e20388e9,fae8c490b99139c7|e4a69b9922666c9b|e3cb6c66c16cc398,pdf
872,https://workdrive.zoho.in/file/9rfboa49ebfb37298452fb724df4d17993cd3,"https://workdrive.zoho.in/file/7p3pgd24fff4b3f9449e39b998788defeda5e,https://workdrive.zoho.in/file/9rfboa49ebfb37298452fb724df4d17993cd3,https://workdrive.zoho.in/file/7p3pgd24fff4b3f9449e39b998788defeda5e",bfb3c068853c989d|bf3fc0c2a585c2a5,pdf
873,https://workdrive.zoho.in/file/ltgcl1cd5316487014d86967d11f1ef6b55c8,https://workdrive.zoho.in/file/ltgcl1cd5316487014d86967d11f1ef6b55c8,be07834e1e87e11e|af97854aa5a14e1b|e363079d9c9c1d62,pdf
874,https://workdrive.zoho.in/file/yhyso06529eb5bac646179121b79bce3588af,https://workdrive.zoho.in/file/yhyso06529eb5bac646179121b79bce3588af,ee90956ac43e916e|ee6e43d1961a9471|8e5e0e5e0e5e0ec6,pdf
875,https://workdrive.zoho.in/file/yhyso0c86183b5cb54417b7771d5e9d6e5c23,https://workdrive.zoho.in/file/yhyso0c86183b5cb54417b7771d5e9d6e5c23,fe94946bc143c16b|ea3e43d41f4bb441|9e1e1e1e1e1e1e16,pdf
876,https://workdrive.zoho.in/file/ltgcl33a18a32d9aa4bc6b1fcf3ffa116701f,https://workdrive.zoho.in/file/ltgcl33a18a32d9aa4bc6b1fcf3ffa116701f,eb419196c66e89b9|ee90b16e913bc03b|af66c46e1999c499,pdf
877,https://workdrive.zoho.in/file/yhyso51d6f7f2115b4b7aa4968c5ca64e07ea,"https://workdrive.zoho.in/file/yhysoba8a9e0c88f9441b836aeba8eb28b452,https://workdrive.zoho.in/file/yhyso51d6f7f2115b4b7aa4968c5ca64e07ea,https://workdrive.zoho.in/file/yhysoba8a9e0c88f9441b836aeba8eb28b452",8fc0e01f1fe08f0f|bb3b3b3b3b381808,pdf
878,https://workdrive.zoho.in/file/yhysoaed2fe45f00e4155ba9abb9c1b93f4f1,https://workdrive.zoho.in/file/yhysoaed2fe45f00e4155ba9abb9c1b93f4f1,ef6b3a2e1a1265c1,pdf
879,https://workdrive.zoho.in/file/yhyso1ace8b4a6033481583dcd501db6c2b89,https://workdrive.zoho.in/file/yhyso1ace8b4a6033481583dcd501db6c2b89,afd0c0633b6366c5|af3b1a66c4e4842f|bfe4c4e186638565,pdf
880,https://workdrive.zoho.in/file/yhyso403a0d2a73f64496804f7316d4f1dec6,https://workdrive.zoho.in/file/yhyso403a0d2a73f64496804f7316d4f1dec6,eac4953e6ac4953a|bab8941bc1c64fc5,pdf
881,https://workdrive.zoho.in/file/9rfbobdf341e981cd48c8a633ed01eaa93396,https://workdrive.zoho.in/file/9rfbobdf341e981cd48c8a633ed01eaa93396,8aea3683e97d0a72|bad2c4253bc23e35|b33b0e2e3323cccc,pdf
882,https://workdrive.zoho.in/file/uoq8f9a6c5b2d92314030a9f49460181b2075,https://workdrive.zoho.in/file/uoq8f9a6c5b2d92314030a9f49460181b2075,be43831e1ec1c33e|bf1f810f87838dc1|e39d85639cc1639c,pdf
883,https://workdrive.zoho.in/file/za6tme5cb120542af4f5585e305ddded36a4e,https://workdrive.zoho.in/file/za6tme5cb120542af4f5585e305ddded36a4e,ea94956b9561c16b|ba2e1f51b414c39e,pdf
884,https://workdrive.zoho.in/file/za6tmcc077350188e410db0aec852fa40dbc1,https://workdrive.zoho.in/file/za6tmcc077350188e410db0aec852fa40dbc1,8f0f68f0e04b0f1f|e69e98638569963a|8f0f943ed0872b87,pdf
885,https://workdrive.zoho.in/file/uoq8f9fc07ec5e71e48ff87691069472a1ec7,https://workdrive.zoho.in/file/uoq8f9fc07ec5e71e48ff87691069472a1ec7,8f0f0f0f0f0f8f84|be1ec1c1c31f1e1c|af1f8f0ec1910ea5,pdf
886,https://workdrive.zoho.in/file/ws66nffc4d984adac4daf8d5f0511b00fcb61,https://workdrive.zoho.in/file/ws66nffc4d984adac4daf8d5f0511b00fcb61,9fe10f60e01ee11f|a5609b9ae69e9361|8f6e600fe1f00ff0,pdf
887,https://workdrive.zoho.in/file/uoq8f7e122815d4b840629341bed7146a36a5,"https://workdrive.zoho.in/file/ws66n2b3efd7bc1d94a2e94a07b1ea3f17458,https://workdrive.zoho.in/file/uoq8f7e122815d4b840629341bed7146a36a5,https://workdrive.zoho.in/file/ws66n2b3efd7bc1d94a2e94a07b1ea3f17458",fe378169c0c89dd8|ab3bb7359585c0c1,pdf
888,https://workdrive.zoho.in/file/uoq8fc42b14b3ba504e67941c4ca3bb1f3337,https://workdrive.zoho.in/file/uoq8fc42b14b3ba504e67941c4ca3bb1f3337,b81997b6686638d9|b8cbc534674a98b5|bff03aa5e80fc01a,pdf
889,https://workdrive.zoho.in/file/ws66nedc23f35b1384c9ebaa7d41ea9019f65,https://workdrive.zoho.in/file/ws66nedc23f35b1384c9ebaa7d41ea9019f65,bf61e2c0e191878f|bf2f2fe160e06185,pdf
890,https://workdrive.zoho.in/file/ws66n6586dfa34ef545bab959a623b64daa60,https://workdrive.zoho.in/file/ws66n6586dfa34ef545bab959a623b64daa60,bf63c4e0838d954e|bf3e3f6273c081c0,pdf
891,https://workdrive.zoho.in/file/ws66n59e9f8f43e074eb497a26a983510ac64,"https://workdrive.zoho.in/file/ws66n59e9f8f43e074eb497a26a983510ac64,https://workdrive.zoho.in/file/shhind5d1645cad024884b5e290f43373ba89,https://workdrive.zoho.in/file/vg4j6ae8b4aaa952f4719b8bbafb4297237cd,https://workdrive.zoho.in/file/ydgt6bf4cf9d5481e491c82ec1342e1effc6a",ad651e9f9b6c6024|b6c964669966999a|b7609d8e8d9d6262,pdf
892,https://workdrive.zoho.in/file/ws66n84d1d85e16ca45cc99ac5f1f34b4878b,"https://workdrive.zoho.in/file/ws66n84d1d85e16ca45cc99ac5f1f34b4878b,https://workdrive.zoho.in/file/rvdm5d738a4ebc38140d2aba6c08cbbf04c3b",af6b282f2b2e07c1|afcc916be0628567|af272f27274721e0,pdf
893,https://workdrive.zoho.in/file/7p3pg5e8620c95f194e0da3fa02cb700c926e,"https://workdrive.zoho.in/file/7p3pg5e8620c95f194e0da3fa02cb700c926e,https://workdrive.zoho.in/file/nkuoxc8a38c044e6447d399adfab533b40100",bf2f2f486f4a81c0|becf2c3007668d36|a62637f099d81b4e,pdf
894,https://workdrive.zoho.in/file/uoq8f90c985905eb343e48988ce3ca9073021,https://workdrive.zoho.in/file/uoq8f90c985905eb343e48988ce3ca9073021,abd4c7d6421fe882|b3cc34238c739b9c|aba219d968677629,pdf
895,https://workdrive.zoho.in/file/za6tmf044a0245f2a4f25865f4f0343c051b5,"https://workdrive.zoho.in/file/za6tmf044a0245f2a4f25865f4f0343c051b5,https://workdrive.zoho.in/file/ncgb402c1dd39f7bb4d9cbae9e136e21132e1,https://workdrive.zoho.in/file/hvmuffd913fd39a03446cb04076d9fb88683b,https://workdrive.zoho.in/file/i63n591bb80d12b3c4835832f0a26cda138c4",bf5b4a784b433c88|b36c8c33529da5cc|bbb08e8fe076c08d,pdf
896,https://workdrive.zoho.in/file/uoq8f31cf19dffe864e86baccdd1af727ac8c,https://workdrive.zoho.in/file/uoq8f31cf19dffe864e86baccdd1af727ac8c,b78c3393cc33cc2c|9f9fe060c13ed06a|bf2aa43ca03fa26a,pdf
897,https://workdrive.zoho.in/file/ws66n8f0c2fbaf27f4a8eb5aaa70e240c4580,https://workdrive.zoho.in/file/ws66n8f0c2fbaf27f4a8eb5aaa70e240c4580,bf3fd1c028c8982f|bf6bc132c0cf34c1|9e1e3f1f1e1e1e00,pdf
898,https://workdrive.zoho.in/file/xnnzp0cabe131d1534b15af9cf4339ef18cc7,"https://workdrive.zoho.in/file/xnnzp0cabe131d1534b15af9cf4339ef18cc7,https://workdrive.zoho.in/file/zu51zca96611b103148b7a686f895a2e5f69d",979e9964393d3126|be85c392c56d906b|be3cc563c2e25295,pdf
899,https://workdrive.zoho.in/file/kjmwp68c1e2606658457ca0036c9dfa901188,https://workdrive.zoho.in/file/kjmwp68c1e2606658457ca0036c9dfa901188,ea16354b48b5cdac,image
900,https://workdrive.zoho.in/file/yhyso10c735131b904d1a88e90936087fbd85,https://workdrive.zoho.in/file/yhyso10c735131b904d1a88e90936087fbd85,9ce3e3141c6363e3|bfb1c3e1c50bc40e|ba3ac6c7c749c191,pdf
901,https://workdrive.zoho.in/file/qn8e2a160afdbbd0a43f0806360bd56852d9b,https://workdrive.zoho.in/file/qn8e2a160afdbbd0a43f0806360bd56852d9b,bc3c3c88c3c3c3e3|bcc36d1ec13c98e1|ae2e2e2e2e2e2e2a,pdf
902,https://workdrive.zoho.in/file/qn8e262ff8d428ff944a786b7d21af91d5b2c,https://workdrive.zoho.in/file/qn8e262ff8d428ff944a786b7d21af91d5b2c,eb1e1663949ce594|ee39916ec291c66c|d5752b2a23555565,pdf
903,https://workdrive.zoho.in/file/1x1sbbf3cdc657b59452cb2f625f6a50ab934,https://workdrive.zoho.in/file/1x1sbbf3cdc657b59452cb2f625f6a50ab934,973ee8c1062e51db|a326c8f9213676d9|b636363636363634,pdf
904,https://workdrive.zoho.in/file/ws66nb26892b2081342c59722235a73741f98,https://workdrive.zoho.in/file/ws66nb26892b2081342c59722235a73741f98,bab0c5c79078c76c|bec33c3cc33cc330|f66149cec39e9834,pdf
905,https://workdrive.zoho.in/file/l3h8ec9783d794c9248a8bc96fdccbff15b81,https://workdrive.zoho.in/file/l3h8ec9783d794c9248a8bc96fdccbff15b81,ef87871d030b0f0f|af6cf80985f07a07,pdf
906,https://workdrive.zoho.in/file/yhyso5298505d9be341249f1b974596cd3cfc,https://workdrive.zoho.in/file/yhyso5298505d9be341249f1b974596cd3cfc,fe7a729185818d0f|bd31c22fc48e9393|af2f0f8f85858585,pdf
907,https://workdrive.zoho.in/file/ws66n0714f60ce05c4aac879264b8a74fbe81,https://workdrive.zoho.in/file/ws66n0714f60ce05c4aac879264b8a74fbe81,b6b41cd9b55c19a1,image
908,https://workdrive.zoho.in/file/1x1sb5f7c24afc4bd436cb6e79f7715f9f4ad,https://workdrive.zoho.in/file/1x1sb5f7c24afc4bd436cb6e79f7715f9f4ad,a6dafbe2540b126c|bedac16bc0942e95|87f0fcf0f568e005,pdf
909,https://workdrive.zoho.in/file/qn8e20097c0c4929c4fbfbc715300cd1b85a2,,af6a6a1f87f08494|af3e2e3e26b48494,pdf
910,https://workdrive.zoho.in/file/7p3pg016782c631a2415fb699cbfbb8e630ac,https://workdrive.zoho.in/file/zg3za4b6d16dc270440e084403102e57a0206,bf1f0b626a39e086|bb68606ad83dc569|bb3b39c4c4c48717,pdf
911,https://workdrive.zoho.in/file/yhysof576414b07b14c14953679c5895ff3c7,,fe63c2c4c3b4143e|bc9cc363d08fc362|be0fa4c29735c334,pdf
912,https://workdrive.zoho.in/file/yhyso928a914fdfa44ead8047367ef01e0620,,9f5e0e6a9e5461e0|da5acaa5a5a1e9a4,pdf
913,https://workdrive.zoho.in/file/7p3pge30542a29b8c44e48140eb851e2a8492,,bf3f4cc8c8193383,pdf
914,https://workdrive.zoho.in/file/ws66n528f972aafcb41ad82e7c52e1b1887ed,"https://workdrive.zoho.in/file/w878l1684db54d4b944df9d8c56072de25430,https://workdrive.zoho.in/file/ottdw6b57a873ee0d4661a90a25a4a50576b8,https://workdrive.zoho.in/file/2ra2hca4eaad82fef4d95a37b3f4b098a8ab9,https://workdrive.zoho.in/file/0clnu08cc6d840090458fb48fdbd5e2407a57,https://workdrive.zoho.in/file/rj2345990f49a9114430ba55f358b2c371d38,https://workdrive.zoho.in/file/xfzrx26e146c8566b44e9accfe64daa3852b6,https://workdrive.zoho.in/file/dj9iaedddc54c711b43bba830c9e830d0cc33,https://workdrive.zoho.in/file/m6u9mc75b4fa9a81c45e5a1c2d84edbd0eb2b,https://workdrive.zoho.in/file/jugh4623d6be91ce341f69ea09dfbbd5522bd,https://workdrive.zoho.in/file/v6hjg6a003ca33d4640bd8828b701c786059a,https://workdrive.zoho.in/file/4ksftb18022c0ec16447ea41ab80f77318fe6,https://workdrive.zoho.in/file/4ksftabb8f19c2f254d78af14423980b4aeaf",bf3f68c8c0c01f17,pdf
915,https://workdrive.zoho.in/file/za6tm32d310acc6974f74b7fd3974a3c86e24,"https://workdrive.zoho.in/file/bjqb6852cfd466a2f4273a42795041d49f7b0,https://workdrive.zoho.in/file/be2orb758610a83384bd2802b7eb1cfe6a5b1,https://workdrive.zoho.in/file/fliltbeca550d7bda47a0a7356c41a68c738f",bf0f0b666a79e084|bb6a646a92670765|bb2a3de4c5c40727,pdf
916,https://workdrive.zoho.in/file/2ta2q286ea627cb914bcca0d97856b641fc0e,,dada659522e29574|cac859bb489f91d8,pdf
917,https://workdrive.zoho.in/file/2ta2q4ed819ead4d14cb9ad782275ad84e72e,,83befc0003ff7e08|be0ec3c09c63c9b6|beb4c463c19b8c69,pdf
918,https://workdrive.zoho.in/file/2ta2q5c7583c8f4b04bb89a346424e3e2f824,,ca35b5ca4a3535ca,pdf
919,https://workdrive.zoho.in/file/2ta2qaafb744041664fa98d2b728b8b5af42a,,a414597f378a82f5|eab5c15c954c35c9|be97c368916cc4b4,pdf
920,https://workdrive.zoho.in/file/2ta2q9e812c02390b4ce782d78c5fafc7564c,,92eded1212ed2cb8|bfe2f0a6c3e0d04a|bfd5d490d060c5b5,pdf
921,https://workdrive.zoho.in/file/2ta2q6be1877ba8b04cff8c956a968e8f5340,,e95396ac695216e9|bf2fd0c028681d3f|bf3fd268c0c02ec6,pdf
922,https://workdrive.zoho.in/file/2ta2q97bfeb6e1b944bf993e4bde9fb8db69e,,971768e86839f8e8|aff0f1b462608d8d|bf3fc4c06ac48595,pdf
923,https://workdrive.zoho.in/file/2ta2q3a171b4f90e3490abe00f22414460628,,857afa85fa859518|af30923be0c56bd4,pdf
924,https://workdrive.zoho.in/file/2ta2qafe64b71e88f4551bc4665ae1e00f26b,,906bafbcae90e390|bff2e2e2f060c889|8fc59cc0e069f197,pdf
925,https://workdrive.zoho.in/file/x3ibeed5515637bd043d9b0b3109e31452178,,ab6b3f95d0c0c037|bf813f6a856b8186|bf85916e81506f69,pdf
926,https://workdrive.zoho.in/file/x3ibe46d1f9939f19488cbefe464b6ed79cc0,,ba7a922f958585c5|a4343499997964ef|af2db6929969c4c4,pdf
927,https://workdrive.zoho.in/file/ufqv7c683edfad39b4c6f8b737b8362d1e714,,95c6ea7935860679|afb3e062e06ad09d|bff1d462c09cc06e,pdf
928,https://workdrive.zoho.in/file/egcqkd6dab524d7fb4ed5badd442a45e4bc81,,bf6a90c14b343a6b|bf4b4a4a1b0bcac9|bf0b4b4b1b1b4b84,pdf
929,https://workdrive.zoho.in/file/ufqv766bdf5acc1a646d99ea3765659c5282d,,a227fff8c0c8c88d|af6bc03f852f8468|bf3f34f42040c3c7,pdf
930,https://workdrive.zoho.in/file/egcqkb33a1de50ff8465d8f06bfb85aa8552c,,82fdfd0202fdbd80|a323e2e4f4323b4b,pdf
931,https://workdrive.zoho.in/file/egcqk03367dc1f93246ee8f1190f0d7e68036,,8bb4f40a0bf5b49a|a727e2f07631d1d0,pdf
932,https://workdrive.zoho.in/file/x3ibe3b247622255046ac82a05112df702773,,ce4ce1b50eb2b90b|cee5405e40e15f9e|b75a1ff011f0109f,pdf
933,https://workdrive.zoho.in/file/k3ygk8498e7814419483ab2ab98c5b70bf7aa,,8f70e087f0989d8f|eb0f9e9495f89068|bbcac03dc47aca34,pdf
934,https://workdrive.zoho.in/file/egcqk4c5002687a974058ac178e77f379cbc3,,92eded12426d38bc|bf77e022d4d048dc|af61f060f097d652,pdf
935,https://workdrive.zoho.in/file/egcqk9c020911b7ee45f9aae34cfc3915b42e,,abb1e16ac1833bb1|ee6e0c6ac19533e1|bf23c1946a6e9594,pdf
936,https://workdrive.zoho.in/file/egcqk138559cf452340dd8c76a9c76e2abd89,,9668e9961669e996|a79de2c8d0b38d62,pdf
937,https://workdrive.zoho.in/file/k3ygkc1a3a73a31b641c7af88d30c52718e27,,bbe11e16441f33cc|f1b5255e0e750751,pdf
938,https://workdrive.zoho.in/file/x3ibee52d97ab0ec94da0820d01c7fbb79b16,,82fbf0ea05855ada|8365076a057bfb25|8b780525056bfb6d,pdf
939,https://workdrive.zoho.in/file/k3ygk01325322cff04036850ab6abce82aa9f,,fc2383d4e26b0f85|af64e0e5d126d43a|a323e2e4f4323b4b,pdf
940,https://workdrive.zoho.in/file/k3ygk09b074f9ea974ee78e3a129bb2dc70cf,,bfe1601ec11e9ce1|bf38e08fc1601e3d|be3ec01ec1e1611f,pdf
941,https://workdrive.zoho.in/file/x3ibe65cc3fc8fda74a97953528bbaf7182ad,,e64f9b3083cd6456|e99ee16096699e2a|bf3fc0c9bcc0c027,pdf
942,https://workdrive.zoho.in/file/k3ygkcbf99d2ddf7b44be848d4e3cb7a683c9,,8ec1934ee0b34ef8|aa6ad16ef891859c|ab6bd02b6bd4908b,pdf
943,https://workdrive.zoho.in/file/x3ibeeeab931f90db493796be02a79966b99d,,fe88c3e32956b298|e34868cbcbc3cc2d|9f3ee03be0c0381f,pdf
944,https://workdrive.zoho.in/file/x3ibeb9bf5ee077fc498bbb492c0a7107bbbf,,8d54f2af8fd0700d|bbd0c40d69a32f5c,pdf
945,https://workdrive.zoho.in/file/x3ibec42758c76b1f47b59e4a1889ff6003c2,,a0105f7f2eaa81f5|ebc89436953bc03e|bf93c369d0a4c4b4,pdf
946,https://workdrive.zoho.in/file/ufqv752b28a5cd8d245fbbd274f9a5577c956,,af94911bc6e4e469|bb6ce039e49191c7|b96981c40e6e6ccf,pdf
947,https://workdrive.zoho.in/file/ufqv75230bcc29c864cd39e9c72360f0553c2,,afc01b2bd02fc03f|af2e6ec0d07a7ac0,pdf
948,https://workdrive.zoho.in/file/ufqv7bcccc2ce9e16405eb1a9ad8b8763628c,,be23e2c39d9c9891|be60c4cfc079c1b3|be26c2c68d9d70e1,pdf
949,https://workdrive.zoho.in/file/ufqv70dfaa5d76cee4ea2bb22391ec27d752b,,b38ecc1ecc63c833|fab5c24aa55aa54a|daa5a55aa51aa52d,pdf
950,https://workdrive.zoho.in/file/k3ygkcc7d5fab0f9f4870ba3b4ee252d33e33,,bb95c070de6a3195|bd3dc07dd13441d1|e9dd9638cc614936,pdf
951,https://workdrive.zoho.in/file/ufqv74d81218439ec492e8060799a365db685,,c1cdbe3669491696|ea4acb4a84b5b4b5|bab1968ec94bc586,pdf
952,https://workdrive.zoho.in/file/ufqv7ed9499e6a77d4c1b822d72e2a78ab0c3,,ee91c16e959c9961|ee3ec0c19d3e3891|be6e66c585999131,pdf
953,https://workdrive.zoho.in/file/4ksftf921ccdf618d4d18a70b0dc582839e77,"https://workdrive.zoho.in/file/ufqv7668b490b09fd4f52ad76453421fc4dd9,https://workdrive.zoho.in/file/g25go2392757be0c34388a16dd40eb5be5729",b371c0db3132cd69|bf2fc06ed890e4c1|e96b9ec961c0f096,pdf
954,https://workdrive.zoho.in/file/4ksft43a6c4fdb2514efebdc9d5a81c3f0986,,8c7bf1840e797992|af06fc36c44bc193|8f07ff0ef81ef000,pdf
955,https://workdrive.zoho.in/file/ufqv7dfed249114034f7aa80448097fa0925a,,be2760c3979c9139|be38c0ccc79eb063|bf95c064c938f0b3,pdf
956,https://workdrive.zoho.in/file/axlevadedb31a0abb4e87be71b4c57b4787ca,https://workdrive.zoho.in/file/axlevb5993a92e66b407e830ba01d88e975d0,857afa85057afa81|ee7bb129b9248986|be7ac0913d36c6c4,pdf
957,https://workdrive.zoho.in/file/axlev6030516c32104028b7a3768d20f2e822,https://workdrive.zoho.in/file/2wk8f4be12f22123242f2a0d20ca32b71ffaf,a3005d7f36ae01f5|ebc49536943bc839|bf3fc068c894e4d1,pdf
958,https://workdrive.zoho.in/file/4ksft310064a79a5442f698f5f0440952c085,,b9c6843a3267c3cb|e939363236c296c7|bcc3c33cc30ee13c,pdf
959,https://workdrive.zoho.in/file/flcw22753f66afa364cd19e05826fa90e7b2a,,eaf49a9525c86ec2|8000000000000000|eb4b494bc4a5b4a6,pdf
960,https://workdrive.zoho.in/file/4ksft5130b38f665c4ecc8068b7a626943640,,e597d268b1924c8f,pdf
961,https://workdrive.zoho.in/file/4ksft823f4b4ad8ec40bc942225d790bd0607,,bf22e01f9ec0d01f|be3ec11ec11e91e1|be3ec21ec19cc1e1,pdf
962,https://workdrive.zoho.in/file/4ksft45ceffd53c6d4c41b28f93825aaacf8e,,caa5f54a0bb4708f|cba5f44a0bf1708d|caa5f44a0bb5708f,pdf
963,https://workdrive.zoho.in/file/ufqv7c48462a044a241359c0542586bdcdbd2,,ebca9ab0079ce42d|ec91966f916ec390|be9e6968c089933e,pdf
964,https://workdrive.zoho.in/file/flcw22147be4a1c304509b5e09a1438cc522d,,e4659e9a67581867|be27cb789398c1c1|be7a4ac3c195b584,pdf
965,https://workdrive.zoho.in/file/4ksft499345bea5c347229eadd7753ccf73d5,,bc9fc9e0c330c1cb|bcced1389b60c1c7|be61e14ac29e869e,pdf
966,https://workdrive.zoho.in/file/4ksft6f09c5485f3546a1a499a0af1352fbb5,,be87e2608d9d9871|bf3fe0c0859dd091|be66c0c68f3ce1c1,pdf
967,https://workdrive.zoho.in/file/flcw2f9f23c6371184757a8306cd83921bbd3,,9cebe3161ce8238b|af35e070f087c297|bf3f95c0c4626ae0,pdf
968,https://workdrive.zoho.in/file/4ksft026f7bedf1f040b1aa989713ab16a14b,,b64bc9e0b04b4f2e|b83ac7ccc9c1b4c3|be3ec133d1e6e0c0,pdf
969,https://workdrive.zoho.in/file/flcw2edde84bc9d384c7fa56b61b98ad93d4b,,96c687b929299e27|bf27e0f07294d458,pdf
970,https://workdrive.zoho.in/file/flcw29e49fbb6ca5d4f66b0971569cd7b8e0d,,9778e887177068ea|ea33b342863cb5c9|ecc991629735c2b5,pdf
971,https://workdrive.zoho.in/file/88tep7c60a282ea574eaca0ee87894e5b4b06,,eb7a1ae2e115ca0e|b61da54ad96bc924,pdf
972,https://workdrive.zoho.in/file/88tepabcfcdeb20344dbeb5c326369ac4249c,,ea3e920f6d6a123a|bb3c2e136a686a6a|ac1a2acf9b6c3c32,pdf
973,https://workdrive.zoho.in/file/88tep770728e8aa4944b1a53f748594fb3e5a,,bc3cc3c32c3c3993|ba3fc232960e9792|ea6a97392e1aa41e,pdf
974,https://workdrive.zoho.in/file/88tep4f9c85e2c92d4949869e7d5782ed02ec,,e33898c76d921a67|ea9d2690cbb46a9c|be6862629ec19fc8,pdf
975,https://workdrive.zoho.in/file/88tep128d8a3a3194457ea1d0435fa7ebd3a3,https://workdrive.zoho.in/file/uapvb6303a2c0130c4f3c8008024f5a46c70f,b9dcc2051deae827|e2e6969669599d09|8000000000000000,pdf
976,https://workdrive.zoho.in/file/88tep8208ea96d0664ac39d8a4edd1690ad34,,dd36b56a4ad894c8|be43c93c99e0e19c,pdf
977,https://workdrive.zoho.in/file/88tepeaed590ecae44270899995c9ea876f16,,82fcfd0202fc7db0|ba95c160959c9d6b|eb4bc1b494b494da,pdf
978,https://workdrive.zoho.in/file/88tep080193f5370248ff9e3fded244ab7e0d,,c962ad35d85ea1a5|ca35995b955ba426,pdf
979,https://workdrive.zoho.in/file/88tep93588ef4731a4f05bf23446b1862710c,,ecb4cb926c681ec3|ba624bc23a3e1b2e|ba662e366a5a2e2a,pdf
980,https://workdrive.zoho.in/file/88tep6370a48d3e0e4d02b8f1fdb61f1890b8,,82ecfd1202ec7db1|bf67c036c17870cc|bf6e81cac5b3c085,pdf
981,https://workdrive.zoho.in/file/88tepb73b2f6fc3684ed3a0213e0d3ce0696b,,dbb4a502eaa8b4f4|e673f10fa548a994,pdf
982,https://workdrive.zoho.in/file/88tep5b49883fb08d4fad916537099f938807,,fa6bc13895132597,pdf
983,https://workdrive.zoho.in/file/88tep2543062fc84447e6b8b3f66a29e49844,,82fdfd0202fd3da0|be6ac198c5956bc1|b070cecf3130cece,pdf
984,https://workdrive.zoho.in/file/88tepc5584aae029645adaff133cb3589fb46,,e21b8da4d0f2b5a5|a61ad964996691db,pdf
985,https://workdrive.zoho.in/file/88tepe4c85174f2f8486085ba30dd2009b3df,,ea696a84959e956a|e79795986a98906e|be35c0b5c0d6c5ca,pdf
986,https://workdrive.zoho.in/file/hzocpd49cc9f5232d4c638e49937b4709ab95,,a0185fff6c9980e6|ebc994b6912e1972|be2fc3789168c9c8,pdf
987,https://workdrive.zoho.in/file/1ladq925fbffa33c84442827ee0792a4ce401,,aad5dfd4c0e0d125|ac2cd39393c4cccd|ac2cd3d3d3c48c9c,pdf
988,https://workdrive.zoho.in/file/flcw20aa52e405fa14ff7b391fc84e5c8164b,,d3713da8885ff1a0|ca5bdd4aa4b55a48|d252dad2d07f6720,pdf
989,https://workdrive.zoho.in/file/flcw2ee327fbd20104ba981c93b58692e9cc5,,bf0fd094856b2b62|bf4f81856168c76c|b72d68629d8585e3,pdf
990,https://workdrive.zoho.in/file/flcw2f09778bac6d040caab19678cf595a239,,80567f1090ffff80|803fff80407fbf80,pdf
991,https://workdrive.zoho.in/file/88tep534a693f4a444ba0973815d4e2249b1c,,af94bef01ba08ec4|e91f9e61c061d83d|bf3fe83614203666,pdf
992,https://workdrive.zoho.in/file/1ladq2bcb47bba0db4f1fba7205acb4e34465,,e96197c7b0900beb|9c69c1e3ce9823f1|ce4ab89999acb495,pdf
993,https://workdrive.zoho.in/file/7bvgn14656ca70ba5431f956cfe952588d0a3,"https://workdrive.zoho.in/file/im5rbbb259573f5184349ba99d63e763dbab3,https://workdrive.zoho.in/file/rgnwx8e448e19f6c344c3a2a5f20e421d3845,https://workdrive.zoho.in/file/x3dyz4c6df3b7eeb146e6be750c7240bf3956,https://workdrive.zoho.in/file/u95am428a48b3d6354e82b8951ead82ab8d83",9ce3e31c1ce363a1|beb0846bc09c9c9f|bcc3c33cc5c31c4d,pdf
994,https://workdrive.zoho.in/file/ziyfp9c24cd240b314659890296a2db27b51e,,bf3f363634d4c0c0|bf4a4a6af8928695|bf95d8b5c8b0c88a,pdf
995,https://workdrive.zoho.in/file/wqwyd436a28de127e4438ab9da4ad170fdf5c,,94ebe31414eb63e1|bf3f9094946b4bc0|be78c08f879cc163,pdf
996,https://workdrive.zoho.in/file/88tepc4ac66fae9c64252b8b9ba8261be1d04,,ba26c98d3630c9de|bf6e01b7009539d5|ff3f55c4c0c0626a,pdf
997,https://workdrive.zoho.in/file/qyqoqca60bd5aab54479396e4c201b47f1e2e,https://workdrive.zoho.in/file/us2t7466f80bb7e0a4260bc16140c9086ad7b,9cebe314146b63a3|b89ec631c36e930e|b81cce21c3b3c7c5,pdf
998,https://workdrive.zoho.in/file/88tepdf213fcbc00a45339e58197b8b0b462c,,b5f7d9b098558912,pdf
999,https://workdrive.zoho.in/file/psfdk2764d0ae366b4f3cb2ff75f08d66b295,https://workdrive.zoho.in/file/tk5ivf2a1d34463a5478a985cf4d6a506dabc,9ce3e3141ce363a3|af1cd063d0b4c56b|af3ed04b9c1c94f0,pdf
1000,https://workdrive.zoho.in/file/9rfboc253dce83cc840a6b338080b3779e70a,"https://workdrive.zoho.in/file/1ytda6b214acb553b4107a624b85eeb5bfa87,https://workdrive.zoho.in/file/flcw2b263be50c5ec43edac9693cfe624ba11",fb171e339348b1c2|b23232323232fdcf,pdf
1001,https://workdrive.zoho.in/file/dj9iafa6309c2bebe4ec0b1a4be4bc50e5a4e,,aa8d6a8f986695e2,image
1002,https://workdrive.zoho.in/file/095h591bb5af05f1441ff9063b14e00417461,,bf7c6823685c331c,pdf
1003,https://workdrive.zoho.in/file/dj9ia176b8274b0ae43d997123548ccadd74f,,b9c72b39c639c2e0,image
1004,https://workdrive.zoho.in/file/tk5iv68df4352c73046148b3e3f5f455f5f91,"https://workdrive.zoho.in/file/lwpx0941d40d6b7d14604aacf2217ba5fb413,https://workdrive.zoho.in/file/rvdm55e0c7fc28eb540e8a33ed8d315ef40d3,https://workdrive.zoho.in/file/q5ix51419161447e44d2d84c6b2354a25d914",a7191f6719606799|b72727e4e4cc0c9c,pdf
1005,https://workdrive.zoho.in/file/s9262981ece895d6d44f19e6c5d8479324dd5,"https://workdrive.zoho.in/file/jxur3e5d18fed3dae4e3a9bea02ad4ce6f4d1,https://workdrive.zoho.in/file/gnb8ba1223443187e43bca9f157eae2b4ce3c,https://workdrive.zoho.in/file/82egn8e5e9d569f544c858c38f3183bc317af,https://workdrive.zoho.in/file/cpg4j6c56d68283a047e3851ac4ef8122ba58",ae2e2a5b1b1b1b64,pdf
1006,https://workdrive.zoho.in/file/uef6d26bba443f25d470092649d9f698af733,https://workdrive.zoho.in/file/iyeqtf2fad38513b04bf9a062ef15a115ee43,ea1e17374ae2e1c8|fa7a6848ce869696,pdf
1007,https://workdrive.zoho.in/file/mwsxe8c4ba7bf1f0d4110b9a95d19225b9b7b,,ad1b5a61cb9a619c|bd60681e8ec6d297|af3fd0d036e8c0d4,pdf
1008,https://workdrive.zoho.in/file/mwsxe86d4f88f2b4547e0a6bc068ad1f215ab,"https://workdrive.zoho.in/file/ncgb4d665ce1cad0b4e9c996e5b2f31f1afbb,https://workdrive.zoho.in/file/hvmufcfe414c335af4940864fe200e7c5220c,https://workdrive.zoho.in/file/rvdm5056cfe8f648741b69e59d58bb79934a4,https://workdrive.zoho.in/file/flcw2ad944fc979d44a04b909e99258489882,https://workdrive.zoho.in/file/b5ezs3c649f1f8eb84616b0637095d87eb862",eb1e16364a69e1c5|ea4b95b4949636b4,pdf
1009,https://workdrive.zoho.in/file/mwsxec01afdc434a34d52a15390ba52b37ca9,"https://workdrive.zoho.in/file/xfzrx8e093c48653646459877e93fa7afa583,https://workdrive.zoho.in/file/0clnu4619dd4220574150b1580d084b2584f2,https://workdrive.zoho.in/file/0clnu8042592c32374a31be31463e52d55779,https://workdrive.zoho.in/file/i63n58d37eb74832b4d2da78188f9dcb41e3c,https://workdrive.zoho.in/file/0clnu799e2dc720994e8887b1387c15ebe9bb,https://workdrive.zoho.in/file/pu62r20ea9a3e175a49578f9ad152601f7e65,https://workdrive.zoho.in/file/x3dyzd3b6deb24f0b44fb96551a42d6094617,https://workdrive.zoho.in/file/rj234cf37fc9a19024063929221e658ea388b,https://workdrive.zoho.in/file/rj2349c587765c90644098ff1792edee2c6a2,https://workdrive.zoho.in/file/0clnu148c8bd894e241c99c754ffa4c7a3d1b,https://workdrive.zoho.in/file/0clnu86f9ac5bc21849719983f1eee5d1c6ed,https://workdrive.zoho.in/file/0clnu7e864acb9840496aae5e1fc0c0ca3a51,https://workdrive.zoho.in/file/0clnuaa51267a58554067ba5c46e58c496265,https://workdrive.zoho.in/file/i63n50c6896fd6c624a138c9853929419bd3d,https://workdrive.zoho.in/file/xfzrx0f28662a38544734af1c396d3aba378f,https://workdrive.zoho.in/file/p1sjs684114d649f94c629779aa6b398558f9,https://workdrive.zoho.in/file/13zc9c680486c85464dc986912e8f112db86a,https://workdrive.zoho.in/file/4ksftb81f4bc8667a46de8cd21d371fe94e00,https://workdrive.zoho.in/file/4ksft535e65dd7b3341fd88abef6b2b576df1,https://workdrive.zoho.in/file/4ksft7f186c9071be47a0a852180dc06f1449,https://workdrive.zoho.in/file/4ksft83d20e58db2a4107a33e2f3bf95c06b2",bf3f6ae2e2c01c18,pdf
1010,https://workdrive.zoho.in/file/8o8bp5f677ed2e1494cc29a0a6f017d398a03,"https://workdrive.zoho.in/file/wtnfrb3340a9d8be343529180ad29417355c7,https://workdrive.zoho.in/file/ncgb49467544fde1448d0ad4caad609fd111a,https://workdrive.zoho.in/file/rj234e8aeb24ffbbf4e388ffae9d4b5393d02",ea27161a1a6ba5cb|b8c7c76287388739|f831b54aa5e64aa5,pdf
1011,https://workdrive.zoho.in/file/kdqtxf16476c858ad44feb4315d10b8c0c212,https://workdrive.zoho.in/file/u95am565a764b86004a14be9c10e43528ce14,fa4e36364a798790|e96c96b54b63324a,pdf
1012,https://workdrive.zoho.in/file/095h5a9e97ecb6aab4d5a813e7a3574365b65,"https://workdrive.zoho.in/file/zhubf7a29160925d44aa88c7cc7a8f8e66da1,https://workdrive.zoho.in/file/b2sef96d62b201129494cb2c2e5ac2087b23d,https://workdrive.zoho.in/file/x9vjf1d7b5addb10f49f6bd79ee6c232039da,https://workdrive.zoho.in/file/rgnwxd360bdcbf9f94677bb92b49df58d6134,https://workdrive.zoho.in/file/0clnu6d2f25f56b61433680e5d416378c282e,https://workdrive.zoho.in/file/qe7xudbd9d5a7c6294835b4b367104958df47,https://workdrive.zoho.in/file/3lg883b56228242074e1ba1a08b58915d9900",bf2b6a7a3a2a6a80|e96194699696f961|ad6961709e8e9693,pdf
1013,https://workdrive.zoho.in/file/f9h0v48fe37072b8642f3917ada5ee91e772b,"https://workdrive.zoho.in/file/pabgg2fe63bfcfe114ffe9951decc705747ea,https://workdrive.zoho.in/file/0fhvi1f6a3b888cfc443ca12dd369d0ff2ec1",ba071a72c7b0c7f0|fa4a874ac635a587|f84ac74aca34b5a5,pdf
1014,https://workdrive.zoho.in/file/mwsxe24057083f8374cf0b5346b137d101f4a,"https://workdrive.zoho.in/file/ottdw809b0e121aa942ef9452046fa243b562,https://workdrive.zoho.in/file/tcoml7049381a32084543b657fada9f8e18af,https://workdrive.zoho.in/file/u95am395a1467e07d45b8aa5e713628a11bc7,https://workdrive.zoho.in/file/pz3gw87731ea8ab4442e99b0d542d916bb836",ea5e17364b6ac1c1|eaa5b66a49b19495|fa6a6a4a4acb8d85,pdf
1015,https://workdrive.zoho.in/file/im5rb3a61bac731de41bd9ee8089a346fdff6,https://workdrive.zoho.in/file/dixwud1bf1d69afd842f9baba6b24580d7d6e,be0b3b6b6372c884|b63636c6c9c9c989,pdf
1016,https://workdrive.zoho.in/file/7bvgn1854e33c658c46af840107f38d4de754,"https://workdrive.zoho.in/file/im5rbbc623818c985439b9fff274c07afba0b,https://workdrive.zoho.in/file/w878l02e3e9eb9ef4401b87afad50ab8bd21e,https://workdrive.zoho.in/file/ottdw7b7c876c34944d7c8365291837c2c77c,https://workdrive.zoho.in/file/ncgb45c77a9a5f8aa419083b99e123909fcfd,https://workdrive.zoho.in/file/tk5iv8a06e06aca094b3cbd0880fd5fbde3aa,https://workdrive.zoho.in/file/hfa81adbf238eec204238939a4d1a18d7ed8e",ba0f1e3a4770c1c7|fa66ca38ca48b5c6|f8c6b5c2b530ce38,pdf
1017,https://workdrive.zoho.in/file/7bvgnd80a214e4bc94002b6f6e10f7c4b391d,https://workdrive.zoho.in/file/py0o8fe4de9c4886a4423829caf970d222cc8,ad0e9e61619ec365|be6a48e2d08d2737,pdf
1018,https://workdrive.zoho.in/file/ejk432352c7071889458f8bb3aa4b150ea5a1,https://workdrive.zoho.in/file/0nbaic7cd5c82ced8468ca77a82a36d1fcc81,ee599d22196c529d|ee6e6e6e6c949090,pdf
1019,https://workdrive.zoho.in/file/a7d218b2fc0d121c5495995793417cc2dc475,,ad659e9b9a6464e0|a6d9661c587299f2|b7499c8fc86299cc,pdf
1020,https://workdrive.zoho.in/file/a7d217145e1d0886d452086b27ca625381e17,,ea1e97366168ca95|eaad92b692698596|e868686893979797,pdf
1021,https://workdrive.zoho.in/file/ejk43c5b6ffd9fe964bf2bdd6dd724dcc9c40,"https://workdrive.zoho.in/file/y1ay0d0bfde3624b74b47ad42a0cdb9262fac,https://workdrive.zoho.in/file/8yandcde7d658642f46eb9c14396e263cb627,https://workdrive.zoho.in/file/z1hraa238fcee553943918ea70930089a0ec4,https://workdrive.zoho.in/file/fh79n0db0235e1f164d228f59b1f50f3b4ac7,https://workdrive.zoho.in/file/stxep6f969b43112b4f60b7c7a2bb443c8f07",da2f2d5a25d2c5c1|f8b47a639543c68c|e969859696b69686,pdf
1022,https://workdrive.zoho.in/file/ejk432ef5b9bafa754cd5849e7099f8799d11,"https://workdrive.zoho.in/file/gsg5wb2b288714a864e55af7b4073a9bf1875,https://workdrive.zoho.in/file/88tepe3f0df9fd4cf4543b92b4d677d2f7b1d",ea371636a54a96e1|e8a5925a946d95b5|e9694996969696ca,pdf
1023,https://workdrive.zoho.in/file/a7d2198d52b6c53144bfaa2bbad735fe751f0,"https://workdrive.zoho.in/file/u95amf5c975a5914f40bb9e44ad0f89c02538,https://workdrive.zoho.in/file/2bmyq66155d561d644d5fbbf97d1d0eca9f5c",ea1e37364ae9c1c1|eab5b64ab5929541|fa6a4a4a8495b5b5,pdf
1024,https://workdrive.zoho.in/file/6jrynca7506809a6047419d651d3a7c819829,https://workdrive.zoho.in/file/gbhc366520cf7283548389f22a4633e7dc5f8,e96b9e7861639924|b161c696c6975959,pdf
1025,https://workdrive.zoho.in/file/6jryn3650a2056dd243fd8e56dce29a9eed57,,af3b906a6b91946a,pdf
1026,https://workdrive.zoho.in/file/mwsxea7952080065849f798021cc42cfe2c10,,bc65c39a3c65349a|afc0c0e47c3d85a7|bf52e08c8425976f,pdf
1027,https://workdrive.zoho.in/file/6jryn31f0c0416990415f9e301518ff87ff37,https://workdrive.zoho.in/file/e5ovz2ad79e26eaca47eab4e3f71931e0ac43,bf0f6eb886e0e0d0|a778986666d89972|b7e2cc9d9861a196,pdf
1028,https://workdrive.zoho.in/file/zhubfae47deff145c4eae8ddad671f6a1f178,"https://workdrive.zoho.in/file/hhrsk10b45f18c2704db8800619fb9a9cd109,https://workdrive.zoho.in/file/pu62ra5e83dc8b7ea47e486bfb13a5a7ca80f,https://workdrive.zoho.in/file/pu62ra5e83dc8b7ea47e486bfb13a5a7ca80f,https://workdrive.zoho.in/file/hvmufeaead0f3f91d439f8d1239913de8d767,https://workdrive.zoho.in/file/0fhvi51e4996a1cc14601a96d97646426c9f1",bf3f6a4a1f6060c2,pdf
1029,https://workdrive.zoho.in/file/uakaf46ead6a5de814ff694b8c130a1585db4,"https://workdrive.zoho.in/file/w878ld67367d27df44ba291b08ca270008c2d,https://workdrive.zoho.in/file/hfa8174ed1c08a1e34d85b4da9a55af812bc4,https://workdrive.zoho.in/file/88tepbd3278417b0f45f0a0d535e50cb987aa",fa0e1734354acaf1|b4e634e634e614e6,pdf
1030,https://workdrive.zoho.in/file/uakaff8f8181d20fc4de59fbae989e606ca16,https://workdrive.zoho.in/file/shhin830c0da6cced4acd99cd6a70412b0d33,e73b1c9c86616966|b83838783de187c7,pdf
1031,https://workdrive.zoho.in/file/1ytda5530ddcc88b64125b1661bdf433847cc,https://workdrive.zoho.in/file/z1hra37f200c884ee4d7ca78811956eee3cda,fb0e35364a71c5c8|ea4ab5a5962d954a|da5a5a5a5a5a9694,pdf
1032,https://workdrive.zoho.in/file/6jrynf4204aef772d4401a95ed940424ee56c,https://workdrive.zoho.in/file/gbhc3cd2758d4aa084edbb4b976648248fccc,fa0735425aa5a5f8|fac6a57846318579|fa85c6b5a5c6215a,pdf
1033,https://workdrive.zoho.in/file/i7f7e3e76dc34986a4e24a97965cb9476459b,,eb1636f0b4cac195,pdf
1034,https://workdrive.zoho.in/file/i7f7eb9e9c1536bc24905ae9965c9bf0da6d7,,ea1e36334bf0c8c9|e94ad6646c9293b3,pdf
1035,https://workdrive.zoho.in/file/r9vhte2f1b32fad704804bd1f75a661a9b42e,https://workdrive.zoho.in/file/u95amb2d53459b1114629889dfb43692fcfd5,fa0f354e7ac0c1a5|fa31b549c6c6ce84|ca4a4a4a4a7eb6b6,pdf
1036,https://workdrive.zoho.in/file/w878lac5a0742588841388cb26e9b7444e8d2,"https://workdrive.zoho.in/file/tk5ivc5b84ce5b94045c099c2bdc7416a661c,https://workdrive.zoho.in/file/tk5ivc5be021e6b0f4fffa7946b52c3f37ea7,https://workdrive.zoho.in/file/tk5iv05818c9436464808a06e538d06b179a1,https://workdrive.zoho.in/file/tk5ivc146e75b6c9a40948e1c57badaaff9c4,https://workdrive.zoho.in/file/lwpx036c5885fe9124563a0b09edc6278809c",bf2fc40f85c091f1,pdf
1037,https://workdrive.zoho.in/file/y1ay070c5bc5aa22c450a8191f605f36d4320,,ea16373b7269c285|e85a929695b5926d|e86992d26aa5b55a,pdf
1038,https://workdrive.zoho.in/file/r9vht526fc988d77a412a85ac49d630469b94,,bf4c6823c81b33dc|e666666666666626,pdf
1039,https://workdrive.zoho.in/file/mnji93b17d1cae05343b8b0882aa93044e527,,ad92433e532d32d3|be3f1f91c1c1c0c6,pdf
1040,https://workdrive.zoho.in/file/w878lcf2614cccab14cbfbdc6a8a3104b7360,https://workdrive.zoho.in/file/k8yew3fe98c351bf540d8b8b850924109290a,ea1e365a6168cb95|e9da5a69924ab5a4|e9696969694d9496,pdf
1041,https://workdrive.zoho.in/file/mnji9099ce5434c394e7bafb5e0a54d97c98c,https://workdrive.zoho.in/file/ocdz1dd47c0d08e6c4207b680c970dce418aa,bf4a5b681b6ac087|bf3f8486c5c07ae0|bfc0912fc0a4e13f,pdf
1042,https://workdrive.zoho.in/file/y1ay0d10b9c5fc0954d45a8504bbb2c23f424,"https://workdrive.zoho.in/file/ywb26aab788084f604fcd9209e365d671033e,https://workdrive.zoho.in/file/tk5iv434e175982ae41068faa950398257435,https://workdrive.zoho.in/file/u95amdb3c849539364814a7472f7fdf43251d,https://workdrive.zoho.in/file/u95amf44679a23ad44281a5474e1a454836ba,https://workdrive.zoho.in/file/u95am87e8540b7f6247409abe76ebb4c0da02",fa4e273c43c2f885|da5a5a5aa5a5a585,pdf
1043,https://workdrive.zoho.in/file/f19a6779cacc1ef4f4d87978852c0d18590f5,,fa1f177a52a5c085|b831b4c7c784c778|f842c73d95a58978,pdf
1044,https://workdrive.zoho.in/file/1obh92d9b0f8bd5f04e62a773509d4125fa9d,,fa1e1e7a35a4c285|f8288578c6c7b5c6|f8c385b4874a5ac7,pdf
1045,https://workdrive.zoho.in/file/1obh921194bd32a5e4cec934eb44d47478a2e,"https://workdrive.zoho.in/file/0nbai07966bf45bb9461987360650b9f8d3e6,https://workdrive.zoho.in/file/thbd60a41b3b2f1a047e284cfed927ebda28a,https://workdrive.zoho.in/file/p1sjsa1631360e9034492a53502d08b0a4837,https://workdrive.zoho.in/file/flcw2656e73b819b04c00af5b97e465e36e0e",bf7b6a42940a6b29|da5a85a5a5caa5a5,pdf
1046,https://workdrive.zoho.in/file/w878la8fffdf8bf4640a0aba16e67568ba210,,bf4b4a786e4b302c|bf6cac21734e8c31|bfb1f00e8c8cc927,pdf
1047,https://workdrive.zoho.in/file/mnji9d6fb004595da4202a658a52f3e45e3e8,,be6b2f290ff0a181|b8524765876587e6|bc65c732c7690770,pdf
1048,https://workdrive.zoho.in/file/fh79n1874122075e94f3e8c3e27910e64a77a,"https://workdrive.zoho.in/file/m8szh0e2f582bac5641608357bc322e76c338,https://workdrive.zoho.in/file/nkooe8c478e07b23c4b12a354be76e52fdc34,https://workdrive.zoho.in/file/jugh4a8bd9401aaf4484996bfef5bf8db6ecc",bf3f4cc0c0613337,pdf
1049,https://workdrive.zoho.in/file/2ojp3912dca857aa046b8b6e7d2d0066bca1a,,aa7a6a2d2da5a5d0,pdf
1050,https://workdrive.zoho.in/file/mnji92ae550a974d04367984f94c6155462fd,"https://workdrive.zoho.in/file/tk5ivcef44d2c21d74323bc9c54a74c7d7f61,https://workdrive.zoho.in/file/88tep8d3f0a19d2c2420c955a75fa5808024d",da0f273d5642d8b1|96e616e616e614e6,pdf
1051,https://workdrive.zoho.in/file/e3a7e4dd0f6726c1344958a7c16b9b4268188,,939ecc6c39b33524|be35c5cdc149c8d2|be0fc46cc5b8c19c,pdf
1052,https://workdrive.zoho.in/file/pabgg4e11384f09124d9883e6d9d20a68c963,"https://workdrive.zoho.in/file/k8yew698597414cf6443eadd86863013a6c52,https://workdrive.zoho.in/file/ywb26b398fb0a81084112b27f713cfd260ac0,https://workdrive.zoho.in/file/tk5iv5bb0b7dc0fbc4c3c919719a573e81b9a",ea36165ab569c295|e86d964a92966d95|e969694995969696,pdf
1053,https://workdrive.zoho.in/file/2ra2h053db8d60c964c6f83a6b5ccdd6b7db4,https://workdrive.zoho.in/file/tk5ivba9e995826f149b5abedc863cbef4f7d,bf4b0e6f6a0ec2a0|a16525c69e9e9e8c,pdf
1054,https://workdrive.zoho.in/file/2ra2h1d479d20827d4969b93f82d76b2e1fdb,"https://workdrive.zoho.in/file/rvdm549f43b49a23e4dd58a9a731068e3072a,https://workdrive.zoho.in/file/tk5iva540863025fb4aab902716cfdd47b783,https://workdrive.zoho.in/file/tk5iv449f97970d54414e9562c1ccf63cb2e1",e91e1635364aa5e9,pdf
1055,https://workdrive.zoho.in/file/qpkuu544cd95ba09741ef854997c1990328be,,969cacadb9252693|beb0846bc09c9c9f|bcc3c33cc5c31c4d,pdf
1056,https://workdrive.zoho.in/file/bhhqu05b42581846745d180816ff4c885a10e,https://workdrive.zoho.in/file/gsg5wf8468ab43b374469860d5207c9873321,da0f273d42c2b5c3|da5a5a5a5a85a5a5,pdf
1057,https://workdrive.zoho.in/file/shhine8f4c931bee84578969d4b4600dcc30d,"https://workdrive.zoho.in/file/hwc476a77a9c310a14568a60e9c586275c77e,https://workdrive.zoho.in/file/k5zpv04f49a93b3004d0b8b67d580fe1185cd",fa0e35364a70c5f1|fa31b531a569964a|b6e616e614e614e6,pdf
1058,https://workdrive.zoho.in/file/fh79n96887be16fc14449bbf44834b59fbed9,https://workdrive.zoho.in/file/ydgt6586dfa37dff04be4815c32d8be835cd2,ea27155a5a65a5c3|b83887b139c739c3|fa4ab4c7188595b5,pdf
1059,https://workdrive.zoho.in/file/pabgg3fda77b17bc94d4196f7d7078285fa6f,,bf6b6b2fc1b0c0c0|b121e4ce9e9e9a70,pdf
1060,https://workdrive.zoho.in/file/j6b75566abbd6a86845cb9b829a4cb77fb448,https://workdrive.zoho.in/file/tk5iv3ceb5af511054364b216b1331c8de487,ea1636376b689748|e9691a96b5a534d4,pdf
1061,https://workdrive.zoho.in/file/pabgg1dccf04b05d640678a54c7f31a1c9029,,bf3f4cc4c4461b19,pdf
1062,https://workdrive.zoho.in/file/z1hra890712eb5dbf4f2d86dececa14cbb6fd,"https://workdrive.zoho.in/file/z1hra890712eb5dbf4f2d86dececa14cbb6fd,https://workdrive.zoho.in/file/wtnfr4e27720c74314fcca92f21118c189c1b,https://workdrive.zoho.in/file/6ldvi9763a6ddfc8d4c27b12318ce49dc11d5",eb27161ad263a5ca|b9c6c7668738c638|b831b54aa5ee4aa5,pdf
1063,https://workdrive.zoho.in/file/z1hrae8be5a4fcf344fe09e06196938bdfa50,,fa2d167252c2e5a5|e8b4964bb668a596|ea68b59595965a52,pdf
1064,https://workdrive.zoho.in/file/z1hraa1d97bdd348f45c78cca0d8e39717ddf,,ea1e374f724ac185|e84b9569d2686db4|ca6ab54949b5b552,pdf
1065,https://workdrive.zoho.in/file/510qa6ff9835370ad4dd3a8c8cade2aaf297c,,978c9e8e8d963925|bfc2c0c49535a52f|bf278fe0940fe064,pdf
1066,https://workdrive.zoho.in/file/qe7xufb396a6a882b40cba443d3b3e7eb3ba9,https://workdrive.zoho.in/file/4xdjh2769a829031444a180a01bb7b2cd7367,ba6ec63f859191c1,image
1067,https://workdrive.zoho.in/file/shhinf08a0a93fc244d338f706b08bc14868a,,938c8e8c99adb725|b89ec631c36e930e|b81cce21c3b3c7c5,pdf
1068,https://workdrive.zoho.in/file/pj5ce15e58581f0944b019b4dda60f43a7c27,,cba4b6b496a9b289,image
1069,https://workdrive.zoho.in/file/sbacmc544a30ba63748e28150addff0bc6baf,,a7671b1a185a6765,pdf
1070,https://workdrive.zoho.in/file/2yn4mf39e73bf3d7b4debbb8ecafda5760ca2,,97cc98aa2865b9b6|be3ac3c594b0ce0d|beb0c06fc7999138,pdf
1071,https://workdrive.zoho.in/file/b3vi34f643a40dd0c494a8e349af45d54980c,"https://workdrive.zoho.in/file/biz38967b984a14be46148232d3d469b091b1,https://workdrive.zoho.in/file/b3vi34f643a40dd0c494a8e349af45d54980c",bc652125969e9acb,image
1072,https://workdrive.zoho.in/file/b3vi3dba15695c8f549ebb354dae3872efbea,https://workdrive.zoho.in/file/b3vi3dba15695c8f549ebb354dae3872efbea,e969612597969696,image
1073,https://workdrive.zoho.in/file/vo03p6f51d7fd22104cd0b3076a08c9855f77,https://workdrive.zoho.in/file/x11zq09b00cb3b4704f44a79a34bffbf74f9f,ba6ccd396c2e32c2,image
1074,https://workdrive.zoho.in/file/sbacma2463a8f1ad1415ab826ff2fc6ec69d9,https://workdrive.zoho.in/file/0fhvie990fa2d7fc348b7b782c334f1f7d2c2,8f78782f680a7687|8707f00ff0e87cc6|8707f003fcf817f0,pdf
1075,https://workdrive.zoho.in/file/bb9ig769a1111467c44e3906c848c16e66746,,bf7a6a5b4a288968|bb78c6873938c4c5|a727272f2f0b0b89,pdf
1076,https://workdrive.zoho.in/file/wtnfr7a6bc60804564225937ce5b481fe4080,https://workdrive.zoho.in/file/adrgof2689719444246fe8e1c041c5048171b,a766195c0e499fe2|bf373f3616a404e0,pdf
1077,https://workdrive.zoho.in/file/8boq900268f820e6f423286a44cb18d89a2f5,,b3cc9ccc3b326c64|b838c785c5cf9932,pdf
1078,https://workdrive.zoho.in/file/bb9igdf5d8d5981604755be20c99d927d443d,https://workdrive.zoho.in/file/tpafi32cb447c44554d2683f7817495f5ef9b,b34c3b6a68734c33|bf4a076c7066b487|bf8f646368609c0f,pdf
1079,https://workdrive.zoho.in/file/bjqb664a4f8337a9141ef87a5c578f4710a70,,be4b3b6b6b722880|b626366636c5c5c9,pdf
1080,https://workdrive.zoho.in/file/sbacm56e87eff60254d9f84a43e03b9de0b29,,969ccc9cb9316565|bfb0d46bc3c1909c|b9cc36c9718e9689,pdf
1081,https://workdrive.zoho.in/file/f03zhb3b78474fc9c4fce9716b9601058cdc9,,bfb5851ac43f0b0a|be4fd0b1c590c7b0|bc30c0c7c68fe46d,pdf
1082,https://workdrive.zoho.in/file/bjqb69386ffcaa2ed41769254dded2771a95a,,be3f0f0f640e1370|bf2e2d6c2ce424e4,pdf
1083,https://workdrive.zoho.in/file/1x1sbd85c2a9642064676a3c27833b6d0b2c3,,aa2b2f0f2f6a8f80,pdf
1084,https://workdrive.zoho.in/file/8zi4k071308ac9aee4e129af1b6da28ffa0b3,,bf6f786b49638090|bf3fc0c10dc1e163,pdf
1085,https://workdrive.zoho.in/file/xkzlt4354cb1b5a624c12941cf089143613ce,,bd0f5515965c9296,image
1086,https://workdrive.zoho.in/file/b2sef81629f41581b4f7fa101f9926869a05f,https://workdrive.zoho.in/file/xfzrx859760a52b3242d0bc1e3bf3db5128c3,ee3e862e96f0b4c0,pdf
1087,https://workdrive.zoho.in/file/2yn4mda744aa478ad405ea6a0330ec1194154,,bf4b4a784b433c89|b36c8c73529ca5c6|bfa08e8f6166c48d,pdf
1088,https://workdrive.zoho.in/file/b3vi32ff4e4052cb543bea9a8a5b1d9742258,,9f60e09f1f681f60|bb87c0709c189f4f|f821c7e3970e929a,pdf
1089,https://workdrive.zoho.in/file/2yn4m103929f2781e4d58ad47883cdbac76f3,,9e61e19e1e7171e0|bfb0c165c06aca9e|be7ac16cc0b4c0cf,pdf
1090,https://workdrive.zoho.in/file/p2y3jd89abed791a446bb996fd45ae008931f,,bf3e40c1c06a3e7a,pdf
1091,https://workdrive.zoho.in/file/4pujp089d1aa4f0e04f30b31812d594aff186,https://workdrive.zoho.in/file/tpafif0cf79d5412547e2b14b53800f4638e1,af2f42d2d02d2d2d,pdf
1092,https://workdrive.zoho.in/file/p2y3j9a0263675b7b4aa9b8912ed27f4f96fc,,bb4e4e334e0e718c|b131313131cfcece,pdf
1093,https://workdrive.zoho.in/file/p2y3j53bc1e5dba3a4edca485c1740bb9a61f,,9768e897176878e1|bfe1c060851fca1f|bf95c16bd03295c1,pdf
1094,https://workdrive.zoho.in/file/hcuw643a6ed9f4fdf45aea08617c8856bc6cc,,ee6f2f1b3b1a40c0,pdf
1095,https://workdrive.zoho.in/file/pgrno9d457cff59f24b00b657c054728d5a78,,eb2d9c1273198d66,pdf
1096,https://workdrive.zoho.in/file/pgrno265069887bea43f9bfb67a805efccba1,https://workdrive.zoho.in/file/hcuw64573ce46d39f419b8070b1f17bff4218,b979460669793b86,pdf
1097,https://workdrive.zoho.in/file/l67vl7d98431db1ce478bbcdd00de368de25d,,ee6a3213366e6a68,pdf
1098,https://workdrive.zoho.in/file/adrgoe0717d7d88d94e2d9d754edc7ea4b9b0,,ee6e12b3252d4a5a,pdf
1099,https://workdrive.zoho.in/file/l67vld6d665add2f746b6b91e7ddbfe4d32cb,,ba39c33e4b6b38c0,pdf
1100,https://workdrive.zoho.in/file/hcuw63f6e524e75104b38a9c3c0df335a9dc8,https://workdrive.zoho.in/file/k8yew48f1732e0d5a4679b2d11d9dfc6c7801,e54d9e9e0d638961|a72699896666cccd|a7277261c9c99d98,pdf
1101,https://workdrive.zoho.in/file/lnrfy62a11ca721404dada4662ee3c18ff9d5,,ad2d9b136c6d1692|ce4e4a91b3b393c4,pdf
1102,https://workdrive.zoho.in/file/7aupw2a9859294c0543288b1887bc1a69ac9f,,b7604e8f9a0f6561|bf68e066d36a6047|bf263f262fc501c1,pdf
1103,https://workdrive.zoho.in/file/7aupw217d7f9b5f794c39a201d7f02c7c2aca,"https://workdrive.zoho.in/file/q5ix53ec3560e6b604e49949eef3b8ab60c51,https://workdrive.zoho.in/file/2wk8f26eec4c6a71641c799be6ebe7f303f88,https://workdrive.zoho.in/file/1etqy93f2d29f8cd14730880252fcb6fbfabb,https://workdrive.zoho.in/file/at1bv6a89301d09294cdca9c53d4a0ff64414",fa7a2925253e5a4a,pdf
1104,https://workdrive.zoho.in/file/7aupw4c112e9a3efb48b7ace8c1b880fd3469,https://workdrive.zoho.in/file/7aupw4c112e9a3efb48b7ace8c1b880fd3469,bb2b6b67071c9cc0,pdf
1105,https://workdrive.zoho.in/file/tpafid716ae4c86f344f6abac6acd9782518a,"https://workdrive.zoho.in/file/jzztxab23ab55e7b54789b4e3047b5bed7ad2,https://workdrive.zoho.in/file/jugh4fb7903907137407fb2ca4caa11f578cf",ee6e9191136a6ae4,pdf
1106,https://workdrive.zoho.in/file/e5w44dc01e47191e74a23afee91defb53065b,"https://workdrive.zoho.in/file/v5kwj1511c6e681144c559d3dee2eb5d4cdf2,https://workdrive.zoho.in/file/thbd673035cf92acb4c08b9be7053d3d36726,https://workdrive.zoho.in/file/n7cyy1bec628502cb4ec7be32f33ce6b39a69,https://workdrive.zoho.in/file/k8yew75535b9b39914d4ca8ca73585d986f98,https://workdrive.zoho.in/file/k8yew7c04debde7684400b622765906156a5d,https://workdrive.zoho.in/file/axlev40ddd6f8e25a4464a486a390d7415c30",eb6b3b3636326848,pdf
1107,https://workdrive.zoho.in/file/225ved94c8dc0a5b0495b937cb623e31ee580,,eb6a2b3637b43448,pdf
1108,https://workdrive.zoho.in/file/7aupw4a7510ea0bed443dbd6a561d8a431833,"https://workdrive.zoho.in/file/jxur35219838ded7545caafb1158e025856e0,https://workdrive.zoho.in/file/stxep24d2773483234188a33697b0778c5a89,https://workdrive.zoho.in/file/82egn05b85fc2b57943c88a04ea4ec3c0f0d8,https://workdrive.zoho.in/file/cpg4jdf80619c526b44b3a50c34a630417770,https://workdrive.zoho.in/file/225ve42c6d92c9ec3401caaac8fca63375a84,https://workdrive.zoho.in/file/flcw29c0e4a6ade3c4c5993068b0aa9b99251",ad6d6a52121a6d6d,pdf
1109,https://workdrive.zoho.in/file/2lzjfc86b1291f8b141a18bc79cdb400fbef0,,ba6b6b71c1958196|be93e13cc165cc98|bee4633ac1c0d933,pdf
1110,https://workdrive.zoho.in/file/e5w44007875e757b94b58a108a68378cdac22,,cb3fb4c8c8b4256a|eb3eb4c8c894946b|eb3eb4c8c9949469,pdf
1111,https://workdrive.zoho.in/file/adrgofa078611b3b1451a8e7836c35d4e4d54,"https://workdrive.zoho.in/file/tk5iv1702ac558bd8447089546ff76393375e,https://workdrive.zoho.in/file/gs3k0c72b21b718c84513a365fbead2141ce8,https://workdrive.zoho.in/file/ywb269024b1520eba4c00ae82cc9bacd0c8c6,https://workdrive.zoho.in/file/rgnwx8246be4f91fe469892eb01c61e8b2671",e16f619899989e96|8000000000000000|ba87c731c1cc85f8,pdf
1112,https://workdrive.zoho.in/file/jxur322bf5a088411465c8c28bdc405ee4a63,"https://workdrive.zoho.in/file/rj234c852fb975dbb461ab035a96e470f1955,https://workdrive.zoho.in/file/i63n5b661d01be357413499906bd806e39865,https://workdrive.zoho.in/file/o7ct8439d43346ba843569044ee9e678cef30",ba6b253f5ad085c4,pdf
1113,https://workdrive.zoho.in/file/pw6rd29e973824f754f0196e927424de8092b,,be3c636398b39494|bb398ecc393360c6|a72c8c7363d898d9,pdf
1114,https://workdrive.zoho.in/file/tpafif2341a7344054b6f96ec2f4a7bde7cfd,,ee6e19991b662899,pdf
1115,https://workdrive.zoho.in/file/e5w44f112954becc549da899fe4e31e756640,,af2b1297166a68e9,pdf
1116,https://workdrive.zoho.in/file/xkzlt615d4b304fb848a29b44563ca152fb55,https://workdrive.zoho.in/file/xkzltf3f7d3f9700441958c91ab19c874edbb,af2f1292906e6a6b,pdf
1117,https://workdrive.zoho.in/file/xyy4k6f516e2968494f34b1d728cec570a72f,,ea1595eae695181b,pdf
1118,https://workdrive.zoho.in/file/8ydc6fe2f20d951c14b2684ef1c1a686cf4b3,,bd2f831e6861913e,pdf
1119,https://workdrive.zoho.in/file/tpafif7886a638f9849dabc486e006e9fd3fa,https://workdrive.zoho.in/file/jzztx0ba976e739f149e5857ed34591de9d06,ee6e3bb191914a4a,pdf
1120,https://workdrive.zoho.in/file/jxur3f750b9840ddc49c2bc38a256335ce8d3,,bb3b908c4e4ed2b1,pdf
1121,https://workdrive.zoho.in/file/jxur39ed05c1ae4b1425da0be7ad1dc104dec,,bd3bc26c79c284b8,pdf
1122,https://workdrive.zoho.in/file/jxur3e2093df69d5c43cc82f6b489edaee61c,,bf6ac63b69c484a1|a762276227642fe5,pdf
1123,https://workdrive.zoho.in/file/u9pf73046dab48528443e8ec7f0902c7189b1,,be6e81812b6a7e8c,pdf
1124,https://workdrive.zoho.in/file/u9pf754ca0c5c5d964c2eb063b7dc13abd4c4,,af6b7a2a7a2a806a|a7272f2f2f0b0a8a,pdf
1125,https://workdrive.zoho.in/file/qe7xu4e0b93574af345e292fdc9c48ae7b7fc,,ac2e1bd31b6c6c64,pdf
1126,https://workdrive.zoho.in/file/u9pf73bfe14a10ac54f9c87b603728b0f3791,,da3f255a88caa5a5|bf62c06a9c9f6291|afc2956e68a5c239,pdf
1127,https://workdrive.zoho.in/file/xkzlt47689a574396443785ab71c0d1fdaaeb,,ad2f921b7964644b,pdf
1128,https://workdrive.zoho.in/file/qe7xuecceac78d543456591f0ddfc1480b8da,,ad1b5b649b92e4c4|bd396cc8969696c2,pdf
1129,https://workdrive.zoho.in/file/jxur388707ae4a4804cecaa2d92545afede76,,ee2e933b6ee49090,pdf
1130,https://workdrive.zoho.in/file/rznjhb6d4e0bbb5dc4629831913c8c87f3f71,"https://workdrive.zoho.in/file/m6u9m7a9dae1f174542939c25a4009d99c247,https://workdrive.zoho.in/file/acnqta19ebfac405f4629b3f545f588359aa9,https://workdrive.zoho.in/file/acnqt087773b00a174d589c8f4d7b31763ef1,https://workdrive.zoho.in/file/tpafi763e09934c59463eb432b25fee59f99b",bb3b4ec4c4091b37,pdf
1131,https://workdrive.zoho.in/file/3hscbc474314bed8043b48aa97a6a2800f6b9,https://workdrive.zoho.in/file/rvdm5306dcfd7a2c64a2e9224271d83d08ccf,bf3f6a6a2b4a2901,pdf
1132,https://workdrive.zoho.in/file/jxur347d1f1421e88443cb27d93a91c0fdaf2,,ee3f376a4a9095c0,pdf
1133,https://workdrive.zoho.in/file/cpg4j5249ceaa25484a48bdecc592a4f94452,,ef2b376b68c09584,pdf
1134,https://workdrive.zoho.in/file/u9pf76967a257a8804e54af7b04dcbea46615,,b70f4c632f8c23e1|b76662329dc98c8d,pdf
1135,https://workdrive.zoho.in/file/tpafi421bbe1fcc8e48928476711e2e1f56c4,,b363dedc9921b184|b131333123cecece|e5639a669a668e62,pdf
1136,https://workdrive.zoho.in/file/eo49d2e3e3ac05cc7487e8f8bd739c4e6150f,,da6f4a25254ab55a|bf46b466e0266867|daa5b4a5a55a4a35,pdf
1137,https://workdrive.zoho.in/file/v5kwj4e1e0142bb3d47cb9fdd7f5aeb2a3bac,https://workdrive.zoho.in/file/knuq1fd1197e57fba41039d86f22f937cf813,ea6a3b11353a6a6a,pdf
1138,https://workdrive.zoho.in/file/cpg4j88ae57c03d5a4f5e931d8cbd043cfd91,,af916a6b956e9184|be630e673e6684c4,pdf
1139,https://workdrive.zoho.in/file/v5kwjcf9b6a150e2c4397901fb13ace3448ff,https://workdrive.zoho.in/file/u9pf70fa703a524a34ef88487b9fe2640799c,b6496a36d9a691d4|b63637c1c1c9c8dc,pdf
1140,https://workdrive.zoho.in/file/v5kwjef1efecdc0ef4c978a5bd45e9495e856,,bf68c83732c80fe1|a766276627662764,pdf
1141,https://workdrive.zoho.in/file/qe7xuc62d2c26051440e7b1c11d52f3466df4,,ab2f7c2f07989898,pdf
1142,https://workdrive.zoho.in/file/u9pf7706b3c714e17426dadd75c2c1abac93b,,e42b1b1e6765e498|f8787878787878c8,pdf
1143,https://workdrive.zoho.in/file/zu51z83c7665cf61b445f9b8b59e01374dc06,,bf3e16521ace8325,pdf
1144,https://workdrive.zoho.in/file/zu51z186304b5f52f402d8cf8c729b97bb04e,https://workdrive.zoho.in/file/qkmh6f5e5da624edc4297b523755ddf02bb30,a51f9f65259e9260,pdf
1145,https://workdrive.zoho.in/file/2lzjfb46555f4a48844d3b9945c216bf5f3aa,,e1979e69aa224795|bfe1c060851fca1f|bf95c16bd03295c1,pdf
1146,https://workdrive.zoho.in/file/zu51zeefb0d58b22944c5933b554d4321a1af,,b6365a9e1f622227,pdf
1147,https://workdrive.zoho.in/file/tk5ivfce11c2186f34f5a83d0ea46360e3d59,,bf6fcd94c0e0f0c0|ae6e668585c1d1d3|e666e4d999989466,pdf
1148,https://workdrive.zoho.in/file/tk5iv8367edda6de447419aaba56b14aa4811,,bf6f4d95c0c0e0f0|a1619a9ad30fcecc|fa6a95959535684a,pdf
1149,https://workdrive.zoho.in/file/zu51z706482568deb4beaa26a6c454452b07e,,cb4a1eb6b4b41c4b|bf3f1be4c4c0c3c0,pdf
1150,https://workdrive.zoho.in/file/tk5iv08284ee6e28042c88c0a994703ee7dff,,b34f8de7f0c0c0f0|bf1e9e1cc1e0e161|bf3f9563c4e0c8c0,pdf
1151,https://workdrive.zoho.in/file/zu51zb53e285ac6824581af792fe95e63191c,,ee5a52e0e1b1d44e|af60d461d933d81b|af659cf1c498c11e,pdf
1152,https://workdrive.zoho.in/file/tk5iv4513052a722b4aea90648aabedb2dcc4,,be3ee2c085e9e08d|ea6ab66296348f61|e2c88f6e9ea49499,pdf
1153,https://workdrive.zoho.in/file/tk5iv59926bb822c24f7f91674f41805fa875,,a61ad2e799c06799|ca4acaa5b5b59561|b838c7c3c3c73c38,pdf
1154,https://workdrive.zoho.in/file/tk5iv077d0903dc2141b9b93684c803098399,,a71ad0e798e1639c|b8c7c7389538c647|b1308ececee59662,pdf
1155,https://workdrive.zoho.in/file/tk5iv96f2bf5a7cc74c3bb4efa825232a382d,https://workdrive.zoho.in/file/6fmw001abc41e3641418e9f921f8875cccb45,9e7ae2858df0c88e|ca4a956a4ab5b5a5|b94bc6684e66b386,pdf
1156,https://workdrive.zoho.in/file/tk5iva3f445de4e1644bd89e40c09dd56a640,https://workdrive.zoho.in/file/ywb26d3c960302bcc46d2b7abbc9cdcbf2657,af1ad2e598c1659c|da52a593a585b5a5|b138c673cec48cce,pdf
1157,https://workdrive.zoho.in/file/tk5iv4f3deafcfd03489a87e6d835b5292eeb,https://workdrive.zoho.in/file/0fhvi90a37381a5454fd8bdfaced6f426a80d,bf6bc21e68e0b1a8|ee6ac44cb1b3c685|bfe0931fcc2d84d0,pdf
1158,https://workdrive.zoho.in/file/tk5iv35ca63afc582489eb35e9d35073f5f34,,fa1e166e72f0c5c0|f866253085cf8e6d|f06999634e729cc6,pdf
1159,https://workdrive.zoho.in/file/zu51z5ce4c308dd8a45ea83b74a920af71ef9,https://workdrive.zoho.in/file/6ldvi4ff1673131d34913a989a15bdb63338e,bf7b6a6a5a480e81,pdf
1160,https://workdrive.zoho.in/file/tk5iv7c57f7d38297422bbe8a035fe9263077,"https://workdrive.zoho.in/file/ywb26ecd303e94fcb4d9a89cd0fe2b4b5b9da,https://workdrive.zoho.in/file/thbd6e414c6071e09435098e7b838c1d60432,https://workdrive.zoho.in/file/ydgt6eec477ebd9fd4e74ae92352fc8f7275d",da4ae1d19694a53d|eeecc19b90c38ee0|af6e803d986b8ce2,pdf
1161,https://workdrive.zoho.in/file/tk5ivf83b24f835a04203803261e48cdaab8a,"https://workdrive.zoho.in/file/ocdz1fed97efe5607414db5c5e223b69c0321,https://workdrive.zoho.in/file/n7cyy98ecad2e9eca44e5b834d36c8118dc35",bf3bc0c41f1fc0e0,pdf
1162,https://workdrive.zoho.in/file/tk5ivae535ee5a5524e5dbd5ba06d3d9adf5f,https://workdrive.zoho.in/file/mg60a098a3c53ddda44548eee8c9519086816,eb3f254a9595c285|da1fa54a81dad4a5|a762276627662766,pdf
1163,https://workdrive.zoho.in/file/lwpx0b2ee549085b2477bb5f453f538994be6,,9a5ae5a595a5a546|bc6434999bdbc2c2|96648b9ae566e463,pdf
1164,https://workdrive.zoho.in/file/lwpx09978aa4eddb94c8da22367b4059273f0,"https://workdrive.zoho.in/file/bc7ynd2f438d262f24a5cbefb2b2aaba76b17,https://workdrive.zoho.in/file/0nbaidf1829f23fa148b68546b8add3b83c5c",bf6a6a6a686a3981|bf2fc0849fe062cc,pdf
1165,https://workdrive.zoho.in/file/lwpx0926aa8103b4049eaa7d9b1bef9ad2b42,,eb6fb52e4ac185c0|bfc6723ac072e099|9ee0e51ed2e09d52,pdf
1166,https://workdrive.zoho.in/file/tk5iv605f5e118278443a8ef75596092285d3,https://workdrive.zoho.in/file/rvdm5f91aa85bf6b9410885ad8738020465f7,be3391c6c199366c|b8c7c77887946938|fa52da1a21a5278f,pdf
1167,https://workdrive.zoho.in/file/ydgt6e0fec84cec014794965cef1906812d5b,https://workdrive.zoho.in/file/lwpx00b7ba407e0974ef2b095d00b514f393d,ae16d1e1e1b1744e|af60d461d933989b|af619cf1c4d8c11e,pdf
1168,https://workdrive.zoho.in/file/tk5iv34eebb14e1234e9190ab511a896bb2c8,,af1ad2e598806bbc|cab14a4ab56a95b5|8378b462b9e6b495,pdf
1169,https://workdrive.zoho.in/file/lwpx01b3dfb07991c48fbac25b1969cb000a1,,b96b6f6a4e4f0290|b938392987c6c7c6,pdf
1170,https://workdrive.zoho.in/file/lwpx052fc9f08ddb14774aad40bd2246607e6,"https://workdrive.zoho.in/file/1j88oa522bd8c24e14d4fb2364e89c4751944,https://workdrive.zoho.in/file/flcw21417d637e3784281b711358cebdd842d",bf4a6b3a603fc8c0|fb27c09897c8c4ce|fa7a812f94966e84,pdf
1171,https://workdrive.zoho.in/file/ywb269df751351a42426e85146bbd8801cc3c,"https://workdrive.zoho.in/file/82egn183044f9a5c948958c3c6b9f47637420,https://workdrive.zoho.in/file/stxep6ddc699b3c36438b831d5abe9f897311",ea6a959d6a09326e,pdf
1172,https://workdrive.zoho.in/file/ywb260ee6fe5dbfdd4dcab57767eeda47f414,https://workdrive.zoho.in/file/vg4j665eb1201aff74094a57aaa1563e939c6,fe7a9094d1b02e4b|fa0d8d8d81e2a676|fa7a85852bb494e4,pdf
1173,https://workdrive.zoho.in/file/ywb262e8762f9f36240b692cb7f08c2390e81,,fa1e157a4ae2c585|fa4a9430cb68b5b5|fa50ad3897398752,pdf
1174,https://workdrive.zoho.in/file/ywb2636250311c5594f3680066b7457a16486,,b71962c2c87699e3|b333333333333323,pdf
1175,https://workdrive.zoho.in/file/ywb26e03a49edf22a4fb8800a6d16e0666f54,,9a2ef0d285a5da9c|b8c2c738b935a785|fad2a52d85e02da5,pdf
1176,https://workdrive.zoho.in/file/ywb26e1bff12a0fe54144819368187e27a9b8,,9f4a4a1a4e1a4e9f,image
1177,https://workdrive.zoho.in/file/ywb2686df088e48934dd0a2f5be303c7bf268,"https://workdrive.zoho.in/file/x3dyzde6bf567dcd74a0884c407e94f8a5e61,https://workdrive.zoho.in/file/flilt7c991d2648d04cd3860647c8a141f0a0",a7664c191b3333ec|adf0f02dc31f9492|af6f4f8fa1e0a0c0,pdf
1178,https://workdrive.zoho.in/file/ywb265e712281c70246108ecc059187dd2696,,9f52c24bc8f2a636|a627278d99999927,pdf
1179,https://workdrive.zoho.in/file/ywb265dfdbfa960334eb3b1e3b25dcfb3b4b7,,bf7e609e96c01c85,pdf
1180,https://workdrive.zoho.in/file/ywb26926af0ca85f644afba85a36f82a7b5ea,"https://workdrive.zoho.in/file/tk5ivdd0d1cf3fe564da8b5f43fdc65cd3e9d,https://workdrive.zoho.in/file/i63n565715267a8184eac88efe088156255eb",b8471e666a38c7b8|f849c74ac3b4b487|f830cbc7cb1cb431,pdf
1181,https://workdrive.zoho.in/file/ywb2646585c61dafc4623bf55ca866fd802ad,,b366cc31ccccd998|ae66d1999b812c6e|ae2ed1c4c3d33cc2,pdf
1182,https://workdrive.zoho.in/file/ywb26c47deb0cde2a4b33a031b5bb6932d45b,,bf158ebe9461612a,pdf
1183,https://workdrive.zoho.in/file/ywb26eeb94d184095457f83c3c7aff014727d,,bf78701ec0cc0ec7|eb6b6ee4c481099d,pdf
1184,https://workdrive.zoho.in/file/ywb266f4cc8bdad0f434c877aa36ffa575f98,,d2727ca5a5ade058|bf3fc8c8c03336c8|ef3a907dd08585c6,pdf
1185,https://workdrive.zoho.in/file/ywb261be434cf47ff4017aa150c836b948970,,ef3f94286a6e9490,pdf
1186,https://workdrive.zoho.in/file/ywb2652b4b2fafee04eebb1c354727d7358cf,,ee6a6a709d9c9cc0|ea6a6b6217919599,pdf
1187,https://workdrive.zoho.in/file/ywb26e4860659ec6c4b4a84df62d8afd202b6,,9e7ae3859cc0618f|da5ada30a5a5a5a5|9a5adaa5a5a585a5,pdf
1188,https://workdrive.zoho.in/file/ywb2610afd6ad42c94701a9d22087fab22eed,,ceed988a6398cc71|8000000000000000|80e03fc39cc7386f,pdf
1189,https://workdrive.zoho.in/file/ywb26d068546233e549d88ab4986fcc29b80d,,bf0215aaf5ebc502,image
1190,https://workdrive.zoho.in/file/pu62r561fe10eba484329b251e99c6dde6010,,bf8ac3e3422a9c9c|bfe06b38d00bc536|b71d72e09cb29923,pdf
1191,https://workdrive.zoho.in/file/ywb26db4fa6482fda4aa198ca49a1e5db9db9,,bf2b4a6a7a6a7048|bf4c99b5c02b686a|bb3b3b3a3a3a0a0a,pdf
1192,https://workdrive.zoho.in/file/pu62r61337e79f199466db7baa50b2ab40b03,,be6b6b5a1298c3e0|be6a437a4358c363|bc7a437a437890c7,pdf
1193,https://workdrive.zoho.in/file/pu62r2387bf62774e42b3be11ebaaaf2b70ee,,bf2f2f4f0a42a681,pdf
1194,https://workdrive.zoho.in/file/pu62ra8dd4ca1d58e413199c5e069e3281b5b,,bf6a2f6a2b3bc080|bf3f3f3e1a022222,pdf
1195,https://workdrive.zoho.in/file/rj234642373ffe6c6416982365e2ed7a93e89,https://workdrive.zoho.in/file/pu62r795af9badafd4b4fb0f8ac8b5f809bbb,e9ce9e349630616d|e96c9e28c693c393|b969696c2cc69696,pdf
1196,https://workdrive.zoho.in/file/pu62r7e284939f1434b42bc93f994b91f8156,,fb6a623e9c9c9c80|cb4af84a5a68a5b5|ee91916e91916eb1,pdf
1197,https://workdrive.zoho.in/file/pu62r187c0efabb714ca9bc5fe6b1eea3c2f0,,a6d999628b660f66|8ee20fe20fe20fe2,pdf
1198,https://workdrive.zoho.in/file/pu62re6b21f146a2345cfadaccec75ae363e5,,bf6f2f62c391c090|bf3f3f9ca4c0a0c0,pdf
1199,https://workdrive.zoho.in/file/pu62r7c314a03f5944cf0a48bca74894dd23a,,bf13c2c6c0c2b23f|a70dd976628962f2,pdf
1200,https://workdrive.zoho.in/file/pu62r63e071016c434bd58116655d1dae1792,,ec1b1b3a1b646e64|afd42f62946a946a,pdf
1201,https://workdrive.zoho.in/file/pu62re568135f0063419ba1135043e43dc0dc,,af1945665b769548|bf3f79e0c084c0f4,pdf
1202,https://workdrive.zoho.in/file/bc7yn86b48d4d04974dfda0fe673fa058efe2,,bf7c501ed01c3ee0|ef6f669494919898,pdf
1203,https://workdrive.zoho.in/file/bc7yn829f976d1dad4135997ef4a413246f2b,,fa1e35325ad2a585|fa5a4a5a95a5c2a5|fa5a425a95a5caa5,pdf
1204,https://workdrive.zoho.in/file/bc7yn813806dd1a9c411f99dcbc40a4011298,,be1ee3908cc9e1cc|ad4ab331876e9272|8a78974eed929293,pdf
1205,https://workdrive.zoho.in/file/bc7ync2c9e11ad8ae4dd79317f74d75e33376,https://workdrive.zoho.in/file/x3dyz060ab7473e234950b4afb1487356cc50,bb47607a97604a97|be2cc317c3d81fc0,pdf
1206,https://workdrive.zoho.in/file/bc7yn4c03218190ad4edb9256e04817c737ad,,e226cc799b89999c|ae69d126951ec1da|a76dcc9332342c67,pdf
1207,https://workdrive.zoho.in/file/bc7yn7177d9a115634642a7f13193207d3f00,,bf7e409d0d9dd0c0|bf3e62639c9c1c0c|bf6a7e3ec0118d60,pdf
1208,https://workdrive.zoho.in/file/ncgb46d748a0bf30e4efda90bb16cfa5d46fa,,af2b7a2b6a2bc0a1|9fa55aad58a952a1|bf2dc0a55ae11e2c,pdf
1209,https://workdrive.zoho.in/file/ncgb4ebc66481525a4054938302306f8b7337,,ed3a126d4f326cb0,pdf
1210,https://workdrive.zoho.in/file/ncgb4f3dfc5eabbd549fabf8018f0ede47da9,,ea25955adaa560da|e666666666666626,pdf
1211,https://workdrive.zoho.in/file/ncgb41fefc18815c24bc5827c8ba9ac413507,"https://workdrive.zoho.in/file/x3dyzd97d9ef9668445289e54d9b9230bbab9,https://workdrive.zoho.in/file/thbd654fcb290dba04777b42a4ecc9aa14c09,https://workdrive.zoho.in/file/qkmh6574ba4631d4f4010bb4b91960606b78a",eb6b363434494b4b,pdf
1212,https://workdrive.zoho.in/file/ncgb440e189c7fc3143f58027f147e186e60f,,bf2f4e6b4aa99090,pdf
1213,https://workdrive.zoho.in/file/ncgb4c84de01fb1174f769fd75e0364f06c89,https://workdrive.zoho.in/file/pj5ce7bb9cb293bbd422ea0efea44b6fbd359,bf6e3a6868b42e28|ee6e9594129595d2|eb3196c9c6946b68,pdf
1214,https://workdrive.zoho.in/file/ncgb450c103f2fbf14ab394b249b1bb2fc431,,b71d62c9c8361d66|b333333333333323,pdf
1215,https://workdrive.zoho.in/file/ncgb43ca8700a53de4684915db20a1e3d3b16,,ee2e145ac2e5a5ca|b838873139c778d3|ca4ab4c718e785b5,pdf
1216,https://workdrive.zoho.in/file/ncgb4572cef7afaf0445c85627ae7930bef6b,,bbe0d41f2b605e92|bf3be13c1a989494,pdf
1217,https://workdrive.zoho.in/file/ncgb4aa46bbd648fb48678656e8f1e518ac7b,,ba3d254a2d4ab1b5|a66e266e26ce26cc,pdf
1218,https://workdrive.zoho.in/file/ncgb40d3905e2aadd4c28993f50a5d8faf725,https://workdrive.zoho.in/file/vg4j6746097e070ed4db28a9fd942ecca4088,b762c21fc2352796|be3e3f0fc2c0c0f0|af117aa46e36603e,pdf
1219,https://workdrive.zoho.in/file/ncgb4e839cc3e1c16407d8c2b4fcb1f473809,,fa1e1e6e32d1c4c1|f8653530c7ca25cd|f079096e9c8766b1,pdf
1220,https://workdrive.zoho.in/file/ncgb47b294d82ed184a99b5535e9f6c8f5420,,be471a18c365e786|bb633030c7cd63e4|cab5b5a5a54a994a,pdf
1221,https://workdrive.zoho.in/file/ncgb4ca6a98effd5842ffb2b3cb5d299deb2c,,9f49490f4f0b0f8d,image
1222,https://workdrive.zoho.in/file/ncgb4f1e46a807aa9465daba03b8438341cff,https://workdrive.zoho.in/file/0nbai914253bead884a7b8f8e612d7f0a191a,bf2a2e2a6a2b6b06|bf63e0668427c4ec|af3fe007c44fc464,pdf
1223,https://workdrive.zoho.in/file/ncgb491e7f866a770433a8b5952b67b7ea7b7,,af434b787acb20b8|b3788cad7352d291|bfb0b08e8e8c8d27,pdf
1224,https://workdrive.zoho.in/file/ncgb4cb0ac3fd930341da9761b60dcb60f602,,bf6b7b6a0e2860e0|9f3a7131c81eccc3|9f31e09fc0c3e32c,pdf
1225,https://workdrive.zoho.in/file/ncgb469ed8fe003bb43439bf3f1ddc09041d4,,e65979669db084a6|a7639b649c98e564|9e30c178c56cc7b3,pdf
1226,https://workdrive.zoho.in/file/ncgb4da650bbf5a514ace953a5c37d3ed8844,https://workdrive.zoho.in/file/3bm7d72f33f388d7b461483e367dbc1f2c2aa,a7190f679866999c|b737c4c81c9d99e0,pdf
1227,https://workdrive.zoho.in/file/ncgb4d085b28d0d0c4696a6a404ba0c7f8ad5,,da6b355a35354a4a|da4db5a6425d4aaa|bf3fe1d084c1e09c,pdf
1228,https://workdrive.zoho.in/file/6ldvi540912a45b084673ab53f5a60e6291cf,https://workdrive.zoho.in/file/i63n5d368f994878c4d34bb878ff140069edf,9e4b6b696d70b085|be86876581e4a16f|bbc68739c43931c6,pdf
1229,https://workdrive.zoho.in/file/6ldvi786597988a1e4556a38b3ad45c0d3436,,8d4f1f6d0f43032b,image
1230,https://workdrive.zoho.in/file/6ldvi24fa58215e8b4b97858cdfc7dd94d00f,"https://workdrive.zoho.in/file/rj234a871327feaac42819884443adfbf4e8b,https://workdrive.zoho.in/file/mg60a8ef65231e9584ff88c32e75920109c91,https://workdrive.zoho.in/file/0fhvi7b35b99bb96043a6b5501ce2f44092a1",bf6be31c95e29090,pdf
1231,https://workdrive.zoho.in/file/0nbai68c27de1c8004e30a17b300011d63b78,,bc3cc343473e3e60,pdf
1232,https://workdrive.zoho.in/file/0nbai6c064422b47f4921b4e0175baa0616cd,https://workdrive.zoho.in/file/thbd683100c98b0ac44eda5906d593b883606,bf2f6a3f626281c0,pdf
1233,https://workdrive.zoho.in/file/3bm7d4748bceac40d4f78acfada9a55cd6d28,"https://workdrive.zoho.in/file/rgnwx56fc29ffd8c7403c97d5ae5a63db234b,https://workdrive.zoho.in/file/thbd6c3384fb10c6947b7baa651c258c1e0f7,https://workdrive.zoho.in/file/thbd65e536fe71a894c6097cc1b94dc6a9ac1,https://workdrive.zoho.in/file/0fhvi98b535528c444c2cb2f0139ab96cee51,https://workdrive.zoho.in/file/rvdm534683c9cd3e249d8a07fd32a59909425,https://workdrive.zoho.in/file/pxhcgdc78cd1cb28f454cb375936a639dcd5e",bf3f2f4a6a6a2880,pdf
1234,https://workdrive.zoho.in/file/3bm7dda15fd77f1094c409ab10e538f5ef96c,https://workdrive.zoho.in/file/i63n5818a9a39788149f982e89f3a5d1f98e7,ee6e39b11390e4e4,pdf
1235,https://workdrive.zoho.in/file/3bm7dd27768ef796e4b46b8a67f1f43684012,,bf2d741ec09e8c46|be3f631e818783c4|be3f851f95968490,pdf
1236,https://workdrive.zoho.in/file/x3dyz1706b42d9c714e20b1e211fbee9b59a0,,bf6a6a2a623a780e|b73737131b9290f0,pdf
1237,https://workdrive.zoho.in/file/3bm7d403bc1fd9062433bbe6f51daa7e3a5c9,,ea4e353552d2c9c9|e85ad268956db592|e9696d9792524ac6,pdf
1238,https://workdrive.zoho.in/file/x3dyz1affe280d5064c30892b05a2878619b0,"https://workdrive.zoho.in/file/x3dyzf4ae9835774a436da88f8cb6541c16b8,https://workdrive.zoho.in/file/i63n590be50255f264645b54ef55884987e3e",e73e1a5a67e59090,pdf
1239,https://workdrive.zoho.in/file/x3dyz55f1e2972a8e4b65941dbae6a5d58807,,af9b78030778d02f|bfc7e01cc0e31c63|8f0f0f0f87e6e0e0,pdf
1240,https://workdrive.zoho.in/file/x3dyz3091367e454045a8a53a89538fa04700,"https://workdrive.zoho.in/file/xfzrxc96ac525eac44642b85117b3ec38c8ec,https://workdrive.zoho.in/file/thbd6340d04a4af104909915f234f16423e52,https://workdrive.zoho.in/file/rgnwx226d7996e1c34f96b028f28bc0e2a5e4,https://workdrive.zoho.in/file/0clnuf860234d5b7340e183d10626af9c4b83",af2b2b2b6b6b6880|af6a6e68e846d191|bf81d03fd03ec095,pdf
1241,https://workdrive.zoho.in/file/0nbaid2e3ebfc9e7c4244bccffb925e9c61e7,,a71d592619676699|bf3f3f3894949480,pdf
1242,https://workdrive.zoho.in/file/x3dyzf26b4c1c5a284e1bab3a0c5590f18e9f,https://workdrive.zoho.in/file/jxur3ea618f3a7f6d4dffb9209d425b266450,ea27145a62a5e5da|b8c3c7389438c7c7|fa34b568b54ac287,pdf
1243,https://workdrive.zoho.in/file/hvmuf3ca86632f09c493bb45dce990733390a,,de6a6dcfc9918181|bee38460cd61e596|beeca571c5e28660,pdf
1244,https://workdrive.zoho.in/file/hvmufacecf108c1d04c30b18c6b11ec3871d2,,bf387016d09e8fe0|bf3b39909c1cdac0,pdf
1245,https://workdrive.zoho.in/file/hvmuf909b077d21934c69b97af25b714eebab,,e1651c9c9c9e9e98,image
1246,https://workdrive.zoho.in/file/hvmufa963d5cb59ab4120a6405243bba538c4,,bf6f6e6784c0c0d0|bf3f26e0e0c29790,pdf
1247,https://workdrive.zoho.in/file/hvmuf49f6fb03f4dd461d80027e8e10b3a4bc,,cb7fb63a4985c580|bf3fd0d00f2560ca,pdf
1248,https://workdrive.zoho.in/file/hvmuf1469c19136a346b3a41fb3aec8539d08,,bf3f2fcc47c080d0|b1719a8ecc64c6ce|bfb0e067909847c7,pdf
1249,https://workdrive.zoho.in/file/hvmufdfc25eb834ca4ef4ac2242528b1276cc,,bf6ac00d9d3fc4c0|e46461389c9e9e9b|ae2a6b2dc1851d2f,pdf
1250,https://workdrive.zoho.in/file/rgnwxafad731c9be74690838e65f8d3ea025b,,bbe6c039e6631cc4|bdc4c6e0c63f3c21|bf3dec3cc481c20e,pdf
1251,https://workdrive.zoho.in/file/rgnwx24809efe180c4ac18da2417ba6a8c829,,9e1b7a78e0a58595|bcc6c738c762391c|bcc6e31931cec638,pdf
1252,https://workdrive.zoho.in/file/rgnwxd984ffe3f80543edb486db25b1a03bb3,,bb7b7b6a6a426480,pdf
1253,https://workdrive.zoho.in/file/rgnwx4c949619195b4e66af445d36450b7dec,"https://workdrive.zoho.in/file/mg60a0c7d100c40b54bc8ba6853b08f4c9ed2,https://workdrive.zoho.in/file/vx7qwa4f797f9c67e43b2b96acaff0c62ac99,https://workdrive.zoho.in/file/ahy2rc0e4fb9f2e8a4abc91e56d0aabcbf15f,https://workdrive.zoho.in/file/wue3r9447198ce4bf44979ffbb9cc707a1af8",e64b194d7366a499|b6998ec6397186cc|b13131c7cfcc8ccc,pdf
1254,https://workdrive.zoho.in/file/rgnwxd2b2bc61e0ce43a9b4e41ca6b1c65171,,bf3cd04ac4c43e87|bf27852f642dc095|af2f2f2f0f2960c0,pdf
1255,https://workdrive.zoho.in/file/rj2340bcbf125be994c02b1b901772c429858,,bf2f4f2f68c190c0|b7376262cc65319c,pdf
1256,https://workdrive.zoho.in/file/rgnwx83c141274ca843989a968d3a7edf363f,https://workdrive.zoho.in/file/zu51z8c0f905232004a2d8c6bd971e56108c1,b93b87c64e7878c0,pdf
1257,https://workdrive.zoho.in/file/rj23426fd26bae8b74852a9c86917bf24373a,,bf4b4b787a4b2038|b3788cad7352d231|bfb1f00e8c8cc933,pdf
1258,https://workdrive.zoho.in/file/rj23412ea8faec842490b95ad82751284e515,,af6a3a6a6a2a601f|bf07c11fc0f0d8f0|ac26862c78d9d9d3,pdf
1259,https://workdrive.zoho.in/file/rj234be87dce3faf3418a95ee90d972c91478,,817753515b59594d,image
1260,https://workdrive.zoho.in/file/rj234170a205ee4cc4bb9b1443377d32f8d13,,ca727cb5a5a5a170|bf3f8cc8c03333e0|af68966c24f242b7,pdf
1261,https://workdrive.zoho.in/file/rj234a40cb842ecdf4eba9325f630d5f3b0b0,,b9d2785ad2689768|bf6b60c3c03fc096|b7a6991d8299d8e2,pdf
1262,https://workdrive.zoho.in/file/rj2344ccce3701b2c423aab0d56a691382799,,b7666a5919191de4,pdf
1263,https://workdrive.zoho.in/file/rj2349e05618e0621485c9f2a5968cb73abef,,b76a5919f2b58494|b666366634e61cc6,pdf
1264,https://workdrive.zoho.in/file/rj234e7c537972ced4742a980ca54430888df,,bf2b9494af2b2b04,image
1265,https://workdrive.zoho.in/file/rj234946824d14c084a6c859adce2b271fc2a,,bf2f4f6a68e0e081,pdf
1266,https://workdrive.zoho.in/file/rj234dc0655990a0b4076bdae5c788c0f1a65,,fb6b088484177b6b,pdf
1267,https://workdrive.zoho.in/file/xfzrxd1909d17a8db4d5e9cc98ef057e9ca04,,ea6a993c1c9d6a62,pdf
1268,https://workdrive.zoho.in/file/xfzrx7cd7e4d0c5dd4a87ae4120c51fac2a77,"https://workdrive.zoho.in/file/6j1r631a8b7a90c0d426baf8db18e3c7117f5,https://workdrive.zoho.in/file/4ksft477e3cfab8674d56bc050169a5e092e0",ea699d1a997a6285,pdf
1269,https://workdrive.zoho.in/file/xfzrx3e54665ff62c4555a9c0445632d992f0,,fa4e15334e79a3c0|ea4896b4b552ada5|f474747464646477,pdf
1270,https://workdrive.zoho.in/file/xfzrxdd4a3b4327ed44be9f4c241134e2ef7d,,da5aa5252f4a583d,pdf
1271,https://workdrive.zoho.in/file/xfzrxd74063c3cf5940f8a1d4123937c4c6fd,,be34744694959d0f|bb3e3e2694b191c1|be263e2637879581,pdf
1272,https://workdrive.zoho.in/file/xfzrxee2e730fb4a1445da46ca5e573cba534,,ba9285edc7383887|bcc325c787c33c38|b8c33c69c7c22c6d,pdf
1273,https://workdrive.zoho.in/file/xfzrxd54ed5428ac743dab9d84e0b7bb58c4a,https://workdrive.zoho.in/file/rvdm54a568393a39e48fdb5e6f66e899eb141,a709d8628d37d2dc|ba6ec6b1b18594c6|fb68c63491cb9495,pdf
1274,https://workdrive.zoho.in/file/xfzrx16f824d3a8274c8fbae0b9672614c0de,https://workdrive.zoho.in/file/i63n562a09135b7794b1aabc2e226482904df,bf3f4a4a4a6c2dc0,pdf
1275,https://workdrive.zoho.in/file/py0o834ca33ca74774b7ab7e4e2d78bb3fcf0,,af1e1e611e9e61c2,pdf
1276,https://workdrive.zoho.in/file/py0o81c1b8082879f4a94899b9346b7cdd9d8,,ae1b85675b669191|a766276627662666,pdf
1277,https://workdrive.zoho.in/file/py0o831bbeca4842a482ba90f22f3b442cc96,https://workdrive.zoho.in/file/rj2344a46705803c74779b900aa00bd41d04c,bf1fce61618e0361,pdf
1278,https://workdrive.zoho.in/file/tk5iv9c8a166ce6864677801c1087074da1d8,,b80f463a38c6c7f1|fa4a853087b5b5c6|b08797cecf6a8560,pdf
1279,https://workdrive.zoho.in/file/thbd6af7b39c1e8e34d599d187198ea29a1a8,"https://workdrive.zoho.in/file/thbd6a65d036a93ed4062a659e8407fba0c84,https://workdrive.zoho.in/file/thbd67c4b96808f2d42cc93a2908771bd9da8,https://workdrive.zoho.in/file/thbd6a3de091d5bb640a7843cd1bdd771ae94,https://workdrive.zoho.in/file/0clnufa8d1db37a044ed7b2708a25a4742135,https://workdrive.zoho.in/file/z1hra311fd79d78254a288373f6b7e64a6410",cb4b2f35b4264a4b,pdf
1280,https://workdrive.zoho.in/file/thbd66008714368be4b2b8ea1e07ac9373fd7,,9d63e31c67c302f2,image
1281,https://workdrive.zoho.in/file/py0o87800cc7c3f65448ea7e6b50fea3538d0,,9f2fe36a1da3c090,pdf
1282,https://workdrive.zoho.in/file/thbd6ed742fcdd39e4c56abb817020b0e5910,,bb4f60724e709f24|b9e1874e84c43fe1|be263e263e261e26,pdf
1283,https://workdrive.zoho.in/file/thbd6038389c197914d39a8bfd881bac0411a,https://workdrive.zoho.in/file/0fhvi4235f7c273624e0792ca8e02659aa3ca,82bdfd0202fd6cb1|af1cd063d0b4c56b|af3ed04b9c1c94f0,pdf
1284,https://workdrive.zoho.in/file/thbd66486c201ead54a07b8bfc2bfb593eb7b,https://workdrive.zoho.in/file/gbhc30d739ff70bce4f7dbf9572fb473ab296,b33c8d6ccc333233|fa668591c5954bcc|b83830c3c3c78f8f,pdf
1285,https://workdrive.zoho.in/file/thbd62217f7c30c5141d7b2e3b40281038e80,,ee3b1f0b1d6ac290|ee4c9191d07b9563|ee4a902e95f1e463,pdf
1286,https://workdrive.zoho.in/file/thbd64754457d826b4adfbfa4f223bd33b708,,af2b682f2b3e8681|af8c933be070c437|af2f0f0f0f0bd0d0,pdf
1287,https://workdrive.zoho.in/file/thbd6813e14ec2092416c8cdd83e0c80917dd,,be1f476632d1c1c1|b886c738999933c7|b898ce24cc31e7c7,pdf
1288,https://workdrive.zoho.in/file/thbd68726ae72c27444eb826f5e1579b36157,https://workdrive.zoho.in/file/p1sjs55fc232b6eee4f74985b18c040c78cde,cb6b2f25254b4b4a,pdf
1289,https://workdrive.zoho.in/file/thbd6bd2cd495eb74452bbb571617cd102195,"https://workdrive.zoho.in/file/qkmh68e3ee0144e0c453d96c6834eb27ec8a0,https://workdrive.zoho.in/file/ydgt6a0dbfe4d4563469da0e0f9735c65f2a7",fa17375a95e0c185|f83187cbc78438ce|f83895bc4ac2a5c7,pdf
1290,https://workdrive.zoho.in/file/thbd616788802ec9342cfb84c611f345000f8,,83ecfc1303e47cb8|bc93e169c397c04e|be2e85f0c39cc1c3,pdf
1291,https://workdrive.zoho.in/file/thbd6c3322403f8bd4e07a2a9a9a65ff84f6a,,eb6b2b26262b49c9,pdf
1292,https://workdrive.zoho.in/file/thbd67a4574a73da64626a967eaa186e9a0a7,"https://workdrive.zoho.in/file/hfa8106cbf95c62be40d9900719360af3bdc5,https://workdrive.zoho.in/file/88tep033db0d827264eec8f90fc5a4c941db3",b80f4e3876c7b1e0|fac6b5a5b5204a78|b087ce6aa560cf99,pdf
1293,https://workdrive.zoho.in/file/0clnu48d2071c507e4adc8b549b798e15e186,,82fdfd0202fc3da1|ba67c73c85e0c495|b969c638c6c696c6,pdf
1294,https://workdrive.zoho.in/file/0clnuff02a97d141c404c9a86a3e7320f227a,,c0bfbf00403f3ea9|eb7484a4b40b9ecb|fbe9c03a94a68587,pdf
1295,https://workdrive.zoho.in/file/0clnu336f0de3a8d440c4b6444286bc51c69e,,b8c7c397c6b40d68|b8b2df0686d68627|bc3c3c6486c787c3,pdf
1296,https://workdrive.zoho.in/file/0clnu444af7afc72c4ee389f92f15df4191d6,,bfa59c62e01e949c|fa6a85c19c846ee5|e86a686a6a869797,pdf
1297,https://workdrive.zoho.in/file/0clnu4ff456214f514dabb0b4206ede20085b,https://workdrive.zoho.in/file/q5ix5872db6685386477e914d28f6ba6e2b48,eb36125ab5e5c990|b9318631b3c2cfc6|e86b4b6e1494b696,pdf
1298,https://workdrive.zoho.in/file/0clnu41efca54779c4b7ea639a8fdd375f075,https://workdrive.zoho.in/file/e5w4431061370bf544aa69db95c3f26c11326,eb2b356e4ab5c1c0,pdf
1299,https://workdrive.zoho.in/file/0clnu0616c2ef502e4edcbfa5d32e4e17399a,"https://workdrive.zoho.in/file/0fhvi50145bafe725447da95684ff4acee61f,https://workdrive.zoho.in/file/zu51z2b8df0fc985842ed9a67902c3c3c4494",ba1e167a7ae4c1c1|b838973cb44bcb86|f83c8730b44bcbb4,pdf
1300,https://workdrive.zoho.in/file/0clnu3b4c8af4e5f24a99951a3ece38a73b3c,,be37c04e96683f0c|ea3cb44a85cb92b5|ca4ab5c95ab54a5a,pdf
1301,https://workdrive.zoho.in/file/0clnue35a62cb3d7549ca99de1f92a2f91943,"https://workdrive.zoho.in/file/uakaf631aaf096bfa46f08d03a1958ed3e66e,https://workdrive.zoho.in/file/u95am062847bfd669434dbd67cbc9a66fcee1,https://workdrive.zoho.in/file/iyeqt9c85d7156c6145c48a9d9176ed872a29",fa0f355a31c2d2a5|f8b4b44a8595c787|e9696969858787ca,pdf
1302,https://workdrive.zoho.in/file/0clnub87c517e0b7d4a159555521f288ed4bb,,ea2f17124a6de195|ea699752974aa54a|e8686868687b9797,pdf
1303,https://workdrive.zoho.in/file/m8szh373b5b489a4c4bd596da69379c6bf1b8,https://workdrive.zoho.in/file/ydgt63151077d9a394c6a87ce6bcfd8411c19,bf4a7a6a5a6a48b0|bf93b03c6c6cd098|bf3ec095e0859ce1,pdf
1304,https://workdrive.zoho.in/file/0clnu5458fba750cd4eb79bed1074615a2251,,92ecb91346b939e4|ee93c3b494636968|bb3e94c3c9c1943c,pdf
1305,https://workdrive.zoho.in/file/lwpx062f5c698c72c4e77a5af4a1c9f99039b,,ab2a6b3f4b697808,pdf
1306,https://workdrive.zoho.in/file/i63n5c80d0c4b6c8a4ff1b206fa73d0780ab2,,e383c59e9c9cc68c,image
1307,https://workdrive.zoho.in/file/i63n50149a58c4a9949ab9c8f8a1ec4660741,https://workdrive.zoho.in/file/fliltc9091d02f015436aada64e56adb7da50,bf2f2b6a6a626244,pdf
1308,https://workdrive.zoho.in/file/i63n5a93096dbb42a4c5fbc98961052b1cbe7,https://workdrive.zoho.in/file/i63n58f5440dd694f4ab5a63cec51334216a4,99c966b46ea7924a|a942e5ad52ad03bd,pdf
1309,https://workdrive.zoho.in/file/i63n5f9c239e280f04ccd82e55810b707dcfe,,f8378771c168d998|b86bc33cc79494c3|f83cc5979768816a,pdf
1310,https://workdrive.zoho.in/file/i63n5bedd0f46619041d28dc3ba1f40dd9256,,bf7b7a6bd0c08094|bfc1709fc03eb4c0|bf0fc763c8e0e0e0,pdf
1311,https://workdrive.zoho.in/file/i63n59703acce477b4c1c80dc402b496ebcae,,af6a2a6e4a6b0e68|afebc06c90e121e7|afe4846b96c38666,pdf
1312,https://workdrive.zoho.in/file/i63n555ec27fa6c54446cac9b3e5aa2150380,,ca36356ad4c9b594|cb96a44ab5e14af4|ea36c1c9b4c8366b,pdf
1313,https://workdrive.zoho.in/file/i63n50c4c0c7765444da8a7304213fd0d7d7c,,af3b95956f6e4010,image
1314,https://workdrive.zoho.in/file/i63n512dd398497ab4ae0ba469905bad102f6,https://workdrive.zoho.in/file/acnqtbce9e6865fba466ea64dc404a2b10263,af6b2a2f2b2f81c0|afc4b16885cfb145|af2f3fe2f0e40484,pdf
1315,https://workdrive.zoho.in/file/i63n59645dd7541a244d38cf73ac0a99d1613,https://workdrive.zoho.in/file/p1sjs93fbe4902e764bdcb231a3ddf6791e9b,af6a3a6a6a2e600f|bf07c11fc0e078f8|bc26a62c38d999d3,pdf
1316,https://workdrive.zoho.in/file/i63n569079d722b834c838a546f6e02c0aa96,,a7635a5a1b656165|bc3c3c9983d39392,pdf
1317,https://workdrive.zoho.in/file/p1sjsa7b598aba07d457db4e3fe3e433acf19,https://workdrive.zoho.in/file/rvdm59bfd659556ed40f3af0825bb0021e266,af2b2b2b6b636043|8fa76c2768e26664|bf0fc0e40fe1812f,pdf
1318,https://workdrive.zoho.in/file/p1sjsd80e0a06e245421ea62f9f4b182791f3,,af6c3e1a0f636162|bf6ef46be08580c4|bfe096e0e18506cf,pdf
1319,https://workdrive.zoho.in/file/p1sjsa9f4c9658c214dc4a155eeeb45473c0d,,bf6b6b58786a6880|a58e9b706c649a9b|bf87e06ac1819dc3,pdf
1320,https://workdrive.zoho.in/file/p1sjs411ed4a87b034bec95c2d4c47e9b5ed4,,ae2e59d94b2e26a4,pdf
1321,https://workdrive.zoho.in/file/i63n59f2e977e6825421db074a8ee838cc5cc,,b34c3b6a6c334c33|bf4a07687862f08f|bf8fcc316870d80e,pdf
1322,https://workdrive.zoho.in/file/p1sjs090cd1be962c4460a08b28b13bbfa3e6,,bf6b3f6bc0d0c090|a66e9962661d99f0|af1fe4cad0638564,pdf
1323,https://workdrive.zoho.in/file/mg60aef8d1d9709d9407fbe63bdf5ed3f5450,,bf6a407a2e3f61c0|be6ac03c676499c3|ac9bd1c39bc3306c,pdf
1324,https://workdrive.zoho.in/file/mg60ae17c15e3480e494da63591ed5083ecbf,,da3559357b0b215a,image
1325,https://workdrive.zoho.in/file/p1sjs09b4e73e58f3485c9d5ab2829ff71012,,91cfcdb038969e32,image
1326,https://workdrive.zoho.in/file/p1sjs6268638c791d48bd87e1b61e3cd8a32b,,bc6cc69cc3c39c16,image
1327,https://workdrive.zoho.in/file/mg60acfa11422c2a84037b54c68c11e758632,,bf3f2f2f0940c2c2,pdf
1328,https://workdrive.zoho.in/file/mg60a2ba653c0d0b245809d39cfd8f0bcf8a5,,bf2a9480d5aa6f2a,image
1329,https://workdrive.zoho.in/file/mg60a456291364cfd4b4995a2e1781af5cc4e,,ba5b6f6f65608184|b8c647658769c761|b8692d6c8786276d,pdf
1330,https://workdrive.zoho.in/file/mg60a12da9231564444f9861613c1436f3a6c,,bc3cc79193c3c338,image
1331,https://workdrive.zoho.in/file/mg60a34b856c2381246d1a8742bd1d26ea8fb,https://workdrive.zoho.in/file/mg60a34b856c2381246d1a8742bd1d26ea8fb,be3db8c790d0a0d6|be5ec656c4d4c461|be6396e1846db164,pdf
1332,https://workdrive.zoho.in/file/qkmh67693a0e226bd49578e7bb490ddc2a2c1,,bb6a7a6b90958594|bf609f6ae0e260c5|bf9fc56ab06060b1,pdf
1333,https://workdrive.zoho.in/file/mg60ac4bbf84d21094e6e8964817f18f3cf43,,eb6b34364a4b94b4|cb6ab42db4f20d91|cb4ab4b4e14ba5b4,pdf
1334,https://workdrive.zoho.in/file/p1sjsa88ec24a03bb448c95a35457165f5dde,,bf38c067693c988e|be9ed164c7633818|bf98c0e7c038d09f,pdf
1335,https://workdrive.zoho.in/file/qkmh684589926f5214e18b68809fefe130ae8,,807fff95812a3a2a,image
1336,https://workdrive.zoho.in/file/mg60aa3ce4e697f304284bb33a7fcdb1aa08c,,be1a914bc5c4ddc4,image
1337,https://workdrive.zoho.in/file/i63n5b4bd5daa1dc74fa7bca154276b980274,,da6b79f08594a496|9e9787346964a49e|9ec685c6e194c765,pdf
1338,https://workdrive.zoho.in/file/qkmh688296b75846b4afc98d91dd80760bc7a,https://workdrive.zoho.in/file/zu51zae5b097b8ea94c7aa1e55b1bef7e357b,eb3e344bcbb4c1c0|bf3f1fc4c0c03296,pdf
1339,https://workdrive.zoho.in/file/qkmh613fa97938d0d4ef2b5e530bcc0a94a47,https://workdrive.zoho.in/file/ywb26348a28db1a8a445eb9a677e4edd4a6e4,bf6e3e3ec181d0c0|bf263f2615c495c4,pdf
1340,https://workdrive.zoho.in/file/qkmh6a1304dfe87074036abd1fea652b8d635,,be87e18397681e68|be6e3e6a02c087c7,pdf
1341,https://workdrive.zoho.in/file/qkmh63e38ef0c5e6b46aebfefe4a4c639d8c5,,fa271d5a5065e5c1|b831c7188763c7c7|fa5a9aad85855233,pdf
1342,https://workdrive.zoho.in/file/qkmh69ca2fb40fc65484491e5374b34b3eb9c,,f6a1005e5f899e17|bb04693e11cd5b17|bb2b51ef519c1096,pdf
1343,https://workdrive.zoho.in/file/ydgt652c4a9a3ff4e487187fe6c672c2abb78,,bf42c061879e3f61|af2f94d485626a6a,pdf
1344,https://workdrive.zoho.in/file/ydgt6b77117f8eaef4e1c8dc9794522d6ac9c,,be1f476632d1c1c1|b8c6c63939c99167|b838ce36cc3831cf,pdf
1345,https://workdrive.zoho.in/file/tk5ivec913dce5c2e4f0ba0b902254fdbb6b5,https://workdrive.zoho.in/file/ydgt68d1cc5397cee40e2884fa8887f0474a3,af1ad2e598c96598|c969b7b6b49086b4|b93197cb4a968ccc,pdf
1346,https://workdrive.zoho.in/file/ydgt6f67df2c855ca4a54a56e51b8604021e6,https://workdrive.zoho.in/file/mg60adb54d370a6644685b5210dfb2764bfca,e65a5879736498a5|b299c67171c6cc63|b266cecc18793999,pdf
1347,https://workdrive.zoho.in/file/ydgt6c06a6668923c45c4bbba436b6ba2b9a7,,a26a4c087337dcbd,image
1348,https://workdrive.zoho.in/file/ydgt6909856c1252e4b37b5d35955169ffc22,,f65e5e568aa1a189|a363c919c8cd92f6|ba66cd0dcc33c3b0,pdf
1349,https://workdrive.zoho.in/file/ydgt60bd39bcea6674dedb6df33fbadf7acc7,,af0d0b0fe3e2e2e0,image
1350,https://workdrive.zoho.in/file/ydgt625b6da253f6e42e09f673d66c3ddf325,,bf6a5a7a683b4811|bfb1804f7e21c07c|af0fc1369485947b,pdf
1351,https://workdrive.zoho.in/file/ydgt6df91bb5fab0844b28fa22314a5fc1dac,,af2dc42f8fc0c0f2|bf618c3ec0dec44a|eb6b941ec5728d84,pdf
1352,https://workdrive.zoho.in/file/gbhc3961dbe058e1e419d8d4b49222e14fc71,,9d63f21ce303c3f0,image
1353,https://workdrive.zoho.in/file/gbhc33ea2fd72417346559e6cc5d50ff72295,,e36dcd988c23ccc9|ba6ec1b1cf900cce|fe329532c1b5c1c9,pdf
1354,https://workdrive.zoho.in/file/gbhc39a177cd5de144f1eb5bcfa001326e290,,ff7b5a4a6a3a1880,pdf
1355,https://workdrive.zoho.in/file/5zgbmb88b38b30499415b823531f5b932a544,,ba5a5767eda081a1|b879c36cc339c361|b833c7699661879c,pdf
1356,https://workdrive.zoho.in/file/gbhc350463eaae9304d11afbb9e435a522688,"https://workdrive.zoho.in/file/gbhc350463eaae9304d11afbb9e435a522688,https://workdrive.zoho.in/file/rj234725537ea025f413e8d4fd4373bde0b98",bb6a5a7a683f4811|bfb1806e7e03c07c|af0fc1369d84943b,pdf
1357,https://workdrive.zoho.in/file/gbhc3164349ffd42e4ecb89bd7f47313c20c2,,ea35a5e2c2cab54a|ea24b5a5955a5a95|ea5a95a1b5a499a5,pdf
1358,https://workdrive.zoho.in/file/gbhc3b6b1d2eb372549208d4f62851ac79348,,bf1661e23c6b90e1|ed6692e4956c92b2|ec6c97691e9603d2,pdf
1359,https://workdrive.zoho.in/file/gbhc309187e15a26d4a64991a533d0b0020a1,https://workdrive.zoho.in/file/gbhc3aa4ebdcc0b004635b5f409077f664e58,bf2fc0c79790d0e0|b93938c6c6c6cb19,pdf
1360,https://workdrive.zoho.in/file/gbhc31c05cce2d2d44999827e921da8dacac9,,ae2e2e2627262e6e,pdf
1361,https://workdrive.zoho.in/file/gbhc3f75567b808bc46c1a92f547cdcd6c6fa,,b6260fce9a983363,pdf
1362,https://workdrive.zoho.in/file/gbhc3f30000ca2e734a39a16b387630fdf5bb,,bf6a6b2b291f4260|bf0fe08f8661c0c7|9f3dc63d606038cd,pdf
1363,https://workdrive.zoho.in/file/gbhc319bb5045118f4528a16affe03fac1293,,ab6ad094872f3ce8|bf4ab4c42f7a0985|ea3d956a8d956a09,pdf
1364,https://workdrive.zoho.in/file/0fhvi5ae7189867ee4c6ba18ab0b079bae4c6,https://workdrive.zoho.in/file/qe7xu0f9d4ba5276c41f599ca028d908e1caf,ad2f1a92686d6d92,pdf
1365,https://workdrive.zoho.in/file/0fhvi32d986dc98d44ddaa11e23a11fd045c9,"https://workdrive.zoho.in/file/0clnu290b245b924e4e08b07a39e76b702f8b,https://workdrive.zoho.in/file/0clnua49e61912b45424c9326fb183918baf7,https://workdrive.zoho.in/file/p1sjsc0101569c82847758f4d3a234451c803",bf3f62e0e01a1e1c,pdf
1366,https://workdrive.zoho.in/file/gbhc3b9cde49a72c04b978bed5c167f578ba4,https://workdrive.zoho.in/file/gbhc3b9cde49a72c04b978bed5c167f578ba4,bf37363e34c4c4c0|bc7c3c7891b19383|9f3f1f1e8cc4c0e0,pdf
1367,https://workdrive.zoho.in/file/ncgb4ef4c61128d9847e585a0d644a2763aa2,https://workdrive.zoho.in/file/rgnwxcabd8155530d485b830d18546c787315,af6e7a6a6a6a2380|9f071e30f83ce01f|bca691d9d1c3646c,pdf
1368,https://workdrive.zoho.in/file/gbhc334a4b940db334b31af832481e369c315,https://workdrive.zoho.in/file/xfzrx3f41ff75c89a4c99a73b601c1ea6fd11,bf6fc69d95e0c080,pdf
1369,https://workdrive.zoho.in/file/0fhvi05ac64ce5ce34b80be977317aae726ea,,b72349491d3b63e2,pdf
1370,https://workdrive.zoho.in/file/0fhvi7f638a41df4c43f49d30401b22774580,https://workdrive.zoho.in/file/88tep5f495d241a3b4ac9a61687beafb74453,bb3b4ccccc6a3321,pdf
1371,https://workdrive.zoho.in/file/0fhvi165b49c486544d81993f3a82c103ac06,,bf78701ec0dc9cc1|f171717171717131,pdf
1372,https://workdrive.zoho.in/file/0fhvi4c17158a02ad4e94aed15aeef2498915,,ba071a72c7b0c7f0|fa7a864a4ab5b584|f84ac74aca34b5a5,pdf
1373,https://workdrive.zoho.in/file/0fhvi743e2b6031e84911a4547a0d6e0c7606,,b762c21fc2b53784|be3e3e3ec2c0c1e0|bf077aa46836603e,pdf
1374,https://workdrive.zoho.in/file/v340abccb70470dcf4674a1046a546872a15b,,8f1af0c27a438f95|e666666666669899,pdf
1375,https://workdrive.zoho.in/file/6ldvi7f2e792c29054d2d85971e08204e3fce,,bf7c4c5090cd5a72|bc3cc7c7383838cc,pdf
1376,https://workdrive.zoho.in/file/v340a7f1789858a27436ca4a38acdf6bad3a4,,ad6d1b9b9a6464e0|bf901f0fd02fc0e8|b656d253d99ba124,pdf
1377,https://workdrive.zoho.in/file/v340a82df6134f13a4f8095c00db27c205cc2,,af636a9c979f9010|bf3f33c0c0c8cc3c|bb7ba58c9416866a,pdf
1378,https://workdrive.zoho.in/file/rvdm564fe5e7f65404385af87b9a13650b505,https://workdrive.zoho.in/file/hvmufbffd4f11c86740daa49a9ce0ab3e24d7,bf2f48683f3ec0c0,pdf
1379,https://workdrive.zoho.in/file/rvdm5ad7effe052b74f45b4c435ea8a0cc6e2,,ab6b74346b0b28f4|a727272727070f8b,pdf
1380,https://workdrive.zoho.in/file/rvdm5ce404b6e969642d19193e74428a7aff9,,a70f8d67ca58e2c8,pdf
1381,https://workdrive.zoho.in/file/rvdm5116bc1dcbbd74d569edcf7d6e9cca9cb,,bf2348c2e33ce1f0|ee7891a6c6d105e6|9f3c1f7407e0c6e0,pdf
1382,https://workdrive.zoho.in/file/0fhvi965b6df749c54b1ea4c303ecea24690f,https://workdrive.zoho.in/file/xfzrxd58f0cbbb8f94629a372e7a08c9e99cf,e649996666999936|8000000000000000|bac3c797c06cd838,pdf
1383,https://workdrive.zoho.in/file/rvdm5243b7cd7968e4f8ea5411a3f278e058e,https://workdrive.zoho.in/file/gbhc351a5b3756780460fa2d051bd5d5998e0,af93d2c2ca6e9461|bf81e16bf0789162|ab3e7ee133838461,pdf
1384,https://workdrive.zoho.in/file/rvdm588a2114ccaac40c9a9f0177d2ad7f094,,82fdfd0202ed2cbc|af32d02fc0cfc5d0,pdf
1385,https://workdrive.zoho.in/file/rvdm5daf528695fca4cb4aca54aaf826da21c,,bf3c7096c0dc0fe0|ae6ee2d0941e7ad0,pdf
1386,https://workdrive.zoho.in/file/rvdm526551b7122734fe8924f19023aa06032,,be3f661492ce9898|ae2e912eda9686c3|bf3e3e1e96868680,pdf
1387,https://workdrive.zoho.in/file/rvdm59dd60f905e9d4f8690f0cfb62abf3930,,be953a6e941e8c0b|bf1f1f1f8f80c0c0,pdf
1388,https://workdrive.zoho.in/file/gbhc3e3268889dce046da9c8e1c941a801e3a,,bf384a6238b2f08f|ea6a95b5b495a464|bf383f3807e4c4c4,pdf
1389,https://workdrive.zoho.in/file/rvdm56ef0d574d170498d80fa196014079feb,,af2f2d3d3230a0e5,pdf
1390,https://workdrive.zoho.in/file/rvdm5852aae91c7f84961bf62cbda69dd6e4b,,bf4b4b787a4b202c|b3708cad7352da31|bfb1b00e8ccd8927,pdf
1391,https://workdrive.zoho.in/file/rvdm5eef63caedd7747ee8138aace09aa6057,,82fcfd0202fd7cb0|bf71c065c09c971b|be3fc161c0d2b495,pdf
1392,https://workdrive.zoho.in/file/rvdm5e99d946fb49d43aabd475b28dee627cc,,bbc4c43b946ac33c|9f2f2fe1c307c083|8f27072f646527f0,pdf
1393,https://workdrive.zoho.in/file/rvdm5724a2b7e36ce4a4b83b46342ae266b1c,,bf2f0e696f4bc080|bfc53024cbb4439d|b63638c067c5e1d9,pdf
1394,https://workdrive.zoho.in/file/rvdm5b92ebb274f9147249c1076143510c891,,bf68d09d5c3ed0c0|b96139623b6a1bca,pdf
1395,https://workdrive.zoho.in/file/rvdm516851faf1e7649bfa0c5874336f43cc6,,bf2f4a4b3fa46280,pdf
1396,https://workdrive.zoho.in/file/rvdm53ea1d06ec1544b70a5ac0fc00b9812fd,,b31962c8e6c2bb35|a666666666666666,pdf
1397,https://workdrive.zoho.in/file/rvdm54adbfad19e7f465d98ea3bdbffe0749d,https://workdrive.zoho.in/file/13zc97fb52c008a154efb807ba1ec387fc347,c0bfbf0000bb6bae|ed3c9263961cc3c6|ed28923893c7c7c6,pdf
1398,https://workdrive.zoho.in/file/rvdm5ccb5c941639a44539ab6fa06dac54953,,ab3e0e3a6e2bf084|e56cd08f1fe0c817|e59696e696651661,pdf
1399,https://workdrive.zoho.in/file/vg4j663724d026d594e62b7c1e4b7ae97a4ee,,b30e4e0f4e63c1f1|b333cc4ccc31ce33|b333ccce3381ce4c,pdf
1400,https://workdrive.zoho.in/file/vg4j6e002b0db63b24840a2f8428c7dd2ce46,,a77a6b0b7e02c0f8|ee6a8597619c95e0,pdf
1401,https://workdrive.zoho.in/file/vg4j653f1a870e30c427bb7bdd2a91c052a79,,be1e70169e3c87c1|ae2eb59939b08e0e,pdf
1402,https://workdrive.zoho.in/file/vg4j644fce2aa6a814defb8cd998d3cfd2b56,,be34e04ed458798d|bf6bc09cd06a6bc0|b939393986c6c6c6,pdf
1403,https://workdrive.zoho.in/file/nkuoxc2b7f2e6dc0d431b88e99483dc6003ef,,b323939bcc6ccc8c|bb67c7b1844898cd|ba91c16e876fc0d1,pdf
1404,https://workdrive.zoho.in/file/13zc952c1d018bbe9494f95609156ebd6228a,,bf6a6a6a6a62209d|bf3dc06229e1643d|bf67c163c091f0c3,pdf
1405,https://workdrive.zoho.in/file/13zc927cfd4b5c9e641ce9a217851bd28bc3d,,ad1f2f299a69c292,pdf
1406,https://workdrive.zoho.in/file/nkuox23e4f41d569c418f8a922d31e672f8d4,,af1f786a076cd070|bff0c317380fe08c|a76627662766274c,pdf
1407,https://workdrive.zoho.in/file/gs3k078a5a4a6f1e743c9afa5242860ad2ef1,,e66a996966338c99|b232c7c765cdc4b0|ebb5946c924894b7,pdf
1408,https://workdrive.zoho.in/file/nkuox3e2341e6cd79404f9c07d94c756f80c7,,ae16d1e1e1394e1e|af68c869d83ac9d2|af3e9863c8b5c4d0,pdf
1409,https://workdrive.zoho.in/file/7aupw54a189d1631c4c919091a4e3cd2aa596,,cf36b0c987b548d8|ca65a54a96b29796|c96a96a5a596da49,pdf
1410,https://workdrive.zoho.in/file/tk5iv773404038530436e9e025dbad993f703,,94e3eb1414636b9b|bf30e032ca8a8ecf|bf35906bc0cfca90,pdf
1411,https://workdrive.zoho.in/file/nkuox7de6b51ca01141dc9cf2041801b61164,,bf4a7a785b689089|bf9585c7c07ae068|bf3dc062d890f067,pdf
1412,https://workdrive.zoho.in/file/zu51z351b89bbdf144918ad82c01a3806dfd3,,e996966969969638|ca4aa5c9b5b44ab5|da4a5a4a42e7a5b5,pdf
1413,https://workdrive.zoho.in/file/tk5iv890c4847597b4d1790ff12f584efb8d7,,9ce3e3141c6b63e1|ea6a9595626a9995|be61c16c853a93ce,pdf
1414,https://workdrive.zoho.in/file/tk5iv2ed6288177344353a200594d893810dd,https://workdrive.zoho.in/file/rgnwxfeaf5d1293a0452dac96f8e0321aa2e9,956aea95156a6ab1|bfc0e0f2e068999e|bf66e0cd91c1f038,pdf
1415,https://workdrive.zoho.in/file/lwpx0261ebc3714f842d2ab749d0877a44388,,9cebe3141c6963a3|be3ac164c5cb910f|ba4ec7b1c5cf9060,pdf
1416,https://workdrive.zoho.in/file/lwpx0ae2e762fe12149bb90817afdae45a337,,94e9eb161ce923a3|bc60c4ce9b1e9335|ba3ec7c49839e1c4,pdf
1417,https://workdrive.zoho.in/file/lwpx0e176cafdb4b248e9a297ce8e117b29b4,,9ce3e3141c6363e3|ba3e8c6cc171e1c5|ba6ec14ed506d171,pdf
1418,https://workdrive.zoho.in/file/ywb26c02abba5b96942caa61e49c9cd167447,,9ce3e3141c6b63a3|e36d9931cc61c8e3|be63c194c39c914f,pdf
1419,https://workdrive.zoho.in/file/ywb265dfad42fcc24497d8dcd77943eb4631a,https://workdrive.zoho.in/file/x3dyzc40ba7701c8242b1a0ee01ee80543589,94e3e3141c6b63e3|bfe3c0969239c86c|bf9dc173c19490c3,pdf
1420,https://workdrive.zoho.in/file/ywb26a4b6fa5b96a1487ca80a53bc4b37bfe1,,94ebeb14146b63a3|bfb0c087c331957a|be90c26fe769c0c4,pdf
1421,https://workdrive.zoho.in/file/lwpx0c1cc171655e14585b3feee330516188a,https://workdrive.zoho.in/file/wdkrcf7930cafa23e4050b6477f2abf7fe283,9ce3e3141c6b63e2|bf74c10fc1789496|bf85c595c04bc378,pdf
1422,https://workdrive.zoho.in/file/ywb269f13cced98684a04b99048c83a5db1de,https://workdrive.zoho.in/file/ncgb4806f40c7bfdd416ea6f812c8f91e3ffb,92e5ed1a36e55912|ba3a1ec585e5c549|bf1d90c26967c8d2,pdf
1423,https://workdrive.zoho.in/file/ywb2631d4cb422d524f46986f00ea74a6427c,,ed6c96699192923b,image
1424,https://workdrive.zoho.in/file/ywb26f107d13436f34c04890a99f5cc8fe328,,bc97c3283cc76c91|bbc4c43b8c3f31c4|9f1ee0e0e00f3c1f,pdf
1425,https://workdrive.zoho.in/file/ywb26701a322abafc49ceab5dc88d3114a238,,ef8d054bad4ad303,image
1426,https://workdrive.zoho.in/file/pu62r222533e93ba44b9ea109da8c583f3870,https://workdrive.zoho.in/file/u95am3fd4da44c7c54566bb0e0466f4a3a4a7,94e3eb14146b6be1|be35c5cdc149c8d2|be0fc46cc5b8c19c,pdf
1427,https://workdrive.zoho.in/file/ywb266d44772d36ed4d9d804afc677765c2e0,,c1e8e9b6b4b690c9,image
1428,https://workdrive.zoho.in/file/ncgb417bdbc7ed10b458baea297e8ba0d4f74,,e666d9999931330e,image
1429,https://workdrive.zoho.in/file/bc7yn346cffe9676f4bc59e46bed8c819092f,,9ce3e3141c6b63a3|e66c99a58d72c866|be62c197c09f4b4a,pdf
1430,https://workdrive.zoho.in/file/7aupwa616733f84d147a4909638bbbb3f5449,https://workdrive.zoho.in/file/thbd65692470c048d47f49c0f607cf131d262,be1e62c185e8c9cd|b8c79838c73cc794|b8cbb4b4c749da84,pdf
1431,https://workdrive.zoho.in/file/6ldviee51751349254524bf2d46701857e396,,9ce9e3161ce923a3|b83187cbc787891b|bb3bc564c4c03b99,pdf
1432,https://workdrive.zoho.in/file/ncgb4db56d9c16e6d4876a0543ea3674c9311,,9ce3e3141c6b63e1|bfe1c1b4906bc43a|bf1f953fc06cc060,pdf
1433,https://workdrive.zoho.in/file/6ldvi17b532eb00c74c11adbb7a327d7e0e95,,957aea85057878ea|eb7484a4b40b9ecb|fbe9c03a94a68587,pdf
1434,https://workdrive.zoho.in/file/x3dyz6314a953c83f488c846d7dd1ba33e214,,9ce9e3161ce923a3|ba67c73c85e0c495|b969c638c6c696c6,pdf
1435,https://workdrive.zoho.in/file/rj2342fb3d60cbf63481ea672412f3ed97bdf,,94ebeb14146b63e1|bde6c633c039cc19|b931cc2fd2c0d696,pdf
1436,https://workdrive.zoho.in/file/rj2340568473938104874bbebf1316739a83e,,91cdcdb2c6c63932,image
1437,https://workdrive.zoho.in/file/nkuox77b39ce262ec49b8bed9a336e97af745,https://workdrive.zoho.in/file/qkmh69f52b6342ed6498a9ee7d0fbb8240193,af6a6a7a90959594|bc3496cbc3e3c41c|faacc7538c629c52,pdf
1438,https://workdrive.zoho.in/file/vg4j6b10574f998df4029b911dc4ed415786e,,bf2a588ac7acc1f0|fe3a95a6c6898166|973e17ae87c2c6c0,pdf
1439,https://workdrive.zoho.in/file/rvdm5c0d7c9d491304a9fa404fac95f8122ef,,da6b7df08594a486|9ed78764696084de|9ec685e685f18761,pdf
1440,https://workdrive.zoho.in/file/hvmufa16347704dc14cabb7b1994cd6d0a837,https://workdrive.zoho.in/file/m45780dba8900aff24efa84f9af3cb1d51c1e,85fafa05057a78e8|ed3c9263961cc3c6|ed28923893c7c7c6,pdf
1441,https://workdrive.zoho.in/file/0fhvi74c50b29d4194c86ac307f9b4da3f352,,af2f2fe3d1c0d0c0|e5619a99a6866d69|b762cccc4e663199,pdf
1442,https://workdrive.zoho.in/file/gbhc3dfb2e7bba89a4b15b689fd11c8fd32e3,,9f3842e276b8f00f|ca6a95b534b5a564|972a17aa17ae07e4,pdf
1443,https://workdrive.zoho.in/file/gbhc3baf34b1e9a02475cb3d1c4bddda1e30a,,eb6b343ecb819494|ca4ac2b5b5b5b462|cab5b5c54a4ab54a,pdf
1444,https://workdrive.zoho.in/file/x3dyz7c33f233037f41beb43eda56fc94b76f,,bf2a6a6a686a6239|bf3fe0c0149da1e1,pdf
1445,https://workdrive.zoho.in/file/x3dyz0ed0e04aa8c84c94a0c71b71514f5266,,bf5a602f0f2dd284|bd2c78c7c063c3c3|bf60628fd14e9187,pdf
1446,https://workdrive.zoho.in/file/0fhvic1ddedeedf72444eb973ae01fff01aa2,,b93fc6c23838c6c6,pdf
1447,https://workdrive.zoho.in/file/gbhc36aac2f9af9fe4baab09dc4fcefd48446,,ab2b8696786969c6,pdf
1448,https://workdrive.zoho.in/file/0fhvi4221ea3a593e4e6bb29457b77529af25,https://workdrive.zoho.in/file/dixwued5b5cd850784fbc8878f4f1174f04b6,da6b355a35354a4a|da47b5a6425d4aaa|bf2fe1e485e2608c,pdf
1449,https://workdrive.zoho.in/file/gbhc337b41ac0f0cd45febc0f542b3b474557,https://workdrive.zoho.in/file/x3ibeef2b12e3f0a640e2a93c9c70b1e03fd7,82fdfd0202fc6da1|be3f856bc0c0c89d|be9fc16cc1618dc2,pdf
1450,https://workdrive.zoho.in/file/ydgt6fb5b1bd131d54a278f264b4d65272262,,ae1f1b690f4b46e0|af2f2f262ce4e0e0,pdf
1451,https://workdrive.zoho.in/file/gbhc3cc87ddb67e9848f5afb20804c5e936db,,9e7ae28794e0cbc4|b0c6c738b8c7ce38|fa4aca3085a5b5b5,pdf
1452,https://workdrive.zoho.in/file/ydgt6d21965bf56c1400680ce83ddaa180db0,,82edfd1202ed7cb0|be3ac164c5cb910f|ba4ec7b1c5cf9060,pdf
1453,https://workdrive.zoho.in/file/ydgt64f2138972fd14a5090542d15ae995fce,,bb6a6a6b85958594|bf609f6ac0b2e0e4|bf9dc57a90726830,pdf
1454,https://workdrive.zoho.in/file/ydgt672630138caff4666910e1b5d9c48fc8c,,bb6a7a6b85959484|bb3a9785686ac2b8|bc07837ac36491f5,pdf
1455,https://workdrive.zoho.in/file/mg60aefac8329629f40b0960f9c3c34a01d01,,bbda8525da72a584,pdf
1456,https://workdrive.zoho.in/file/qkmh64a8778c784ab495fa95672e25a38b75f,,bfe0c11ee0e01f63|bf2f2fc4c0c0d0f1|af3bd4948e6a85e0,pdf
1457,https://workdrive.zoho.in/file/mg60a1fcb761293a84c9c8181acb20527d6e2,,bf6a7a7e4a0a8825|bf6e91a2c4c231c7|bf363f2604e4a4e4,pdf
1458,https://workdrive.zoho.in/file/rgnwx40a0db0bfb0f4a1ca4ac3fc20a084703,,ba4e4f5735a5a580|b89296cc8f618767|b861cf629266c78e,pdf
1459,https://workdrive.zoho.in/file/mg60a85057ea46fa4452a83b80213b276f9ac,,af0e872f0b1bc1b1|bf68c02ec59197c9|be6e666cc1d19191,pdf
1460,https://workdrive.zoho.in/file/zu51z3c8d196a6d664396b234bde27773389b,,fa85856e626a85b5|b6663666366636c4,pdf
1461,https://workdrive.zoho.in/file/zu51zcc0cf1f4339a41b39c2e026705a74765,,bf6a6a2f0f0ae0b0|a561609eda9e8fd0|a5256170d89b9b9e,pdf
1462,https://workdrive.zoho.in/file/rj234febc326141714ebca13846e9eb445b00,,82edfd0202fd3da4|bf3f9094946b4bc0|be78c08f879cc163,pdf
1463,https://workdrive.zoho.in/file/x3dyz69d1e376e87749a1ae0baba1b5aed248,,af2b2b2b6b6b60c0|af6a6e6968679181|bfe1902fd03ec087,pdf
1464,https://workdrive.zoho.in/file/tk5iv2abdbc547f484d2db175e686374eeb0e,,bf3fc448959497c0,pdf
1465,https://workdrive.zoho.in/file/0clnu79df860da1bc4b1b8e250ef06d61d9a8,,bf4b7b7a4a781280|a1659e869b7958c6|bd373d263d261c06,pdf
1466,https://workdrive.zoho.in/file/tk5ivf99d5b949c5b4f3bbce46d31e795e6bf,,bb3fc4c0b1919593,pdf
1467,https://workdrive.zoho.in/file/tk5ive20413af14244080ba30f71adfbd7bb0,https://workdrive.zoho.in/file/o7ct81dc22954de95488b9d4dd6ba92113870,bf3bc04f87e0b190,pdf
1468,https://workdrive.zoho.in/file/tk5ivb325f7e9c0484d9b91427a55a41e87c6,,bf6fc41e979091c0,pdf
1469,https://workdrive.zoho.in/file/tk5ivcec8d36324ba42ce9b7875333a27214c,,bf2fc07387c490b1,pdf
1470,https://workdrive.zoho.in/file/tk5iv0136cd1157b0435b9b8a314f78bc3d74,,bb2fc6739cc49190,pdf
1471,https://workdrive.zoho.in/file/i63n596ccb255cda940cfa3d51e2c77f527ec,"https://workdrive.zoho.in/file/tk5iva5c28a8d33ef430f8d30d6cedd382be1,https://workdrive.zoho.in/file/thbd660c4450d8692432c85053138120b3854",82edfd1202ef39a4|ebb4c193946a49cb|eb6bc1b494b49469,pdf
1472,https://workdrive.zoho.in/file/qkmh66ed666be93d244bdbf1616c9e837a86e,,bf487b3bc09a80b6,image
1473,https://workdrive.zoho.in/file/tk5iv8bd73d6b6413459cb1cbaf08d76b04d1,https://workdrive.zoho.in/file/u95am04f6598d7e0b401fb80e16f348d29dd9,ea6e97366d60c8c1|ea699752974aa54a|e8686868686b9f97,pdf
1474,https://workdrive.zoho.in/file/tk5ivac1a145bec74413591dd30630a09c3f4,https://workdrive.zoho.in/file/u95amd37377344d5f403e858b219a37a4414b,ea1e172d5269c9d2|e85ad24a96a5b792|e9696d9792524ac6,pdf
1475,https://workdrive.zoho.in/file/tk5iv1e3bdf50ff844a8c8ef559a8979c06a0,https://workdrive.zoho.in/file/pz3gw6bb8096b8b0e48ab825269ae37440c83,ea173752126992ed|ea48974a97724aad|ca6ab5b54985b594,pdf
1476,https://workdrive.zoho.in/file/tk5iv0c2ef2f8253e4216bf0e130b9e8dbc97,,ea163717366a91c9|e84d92b5b54a9792|ca4a68b4b5b5b586,pdf
1477,https://workdrive.zoho.in/file/tk5ivf56391425f114b668c5cd9a97799e970,https://workdrive.zoho.in/file/xboj6283384cd3f1f4fbda1a25765c62efac4,e81e176f126dca91|e8686d4a976d9592|ca4a4ab7b5252d96,pdf
1478,https://workdrive.zoho.in/file/tk5iv95014884c8c24ac6af6bc3e4bc69b5db,https://workdrive.zoho.in/file/u95amce89bb61c992453cbf795d7440401866,ea373616356ac1c3|e969964a4ab5a556,pdf
1479,https://workdrive.zoho.in/file/tk5iv7041d4bbd96a4a43b792ee9e1023f29b,"https://workdrive.zoho.in/file/gbhc31293875181364977aa399a14d602de25,https://workdrive.zoho.in/file/pz3gw5afe949b1d9e403190e138895e8b0dc9",ea36362f16a54bc8|ea6ab5b4b4a54a4a,pdf
1480,https://workdrive.zoho.in/file/tk5iv27d0cd86cf854863af9d76d541ddfa1e,,ee10996b7b1c146e,image
1481,https://workdrive.zoho.in/file/tk5iv1d2224b59dde4c449bf2d2c5925d13d5,,ea36166f2592cac9|e969296929cd87c6,pdf
1482,https://workdrive.zoho.in/file/tk5ivd5372e0c045b4909acb5898301bcc847,https://workdrive.zoho.in/file/k8yewd6fb2b5e9b444f7fbbad3eceefa86a53,ea37164ab59248ed|e86868683ab69797,pdf
1483,https://workdrive.zoho.in/file/tk5iv4f302c307c55479b9bda79f8010c486b,,ea3616374ab6c8c9|e96d87972d6a1292,pdf
1484,https://workdrive.zoho.in/file/tk5iv09bc6429b7e84ee59868e0efa6e66a18,,e95a37354ad2c9c8|ed6d6d6d2d209292,pdf
1485,https://workdrive.zoho.in/file/tk5iv2f0cc20740ba44d08bd246823a2bfadd,,ea2f16372552c5c9|da4a5a4a5aca3da5,pdf
1486,https://workdrive.zoho.in/file/tk5ivbfb7b2fd52234eb8a5d3d21d77589f00,,ea16376d96694ac1|ca4a4ab4b59696ce,pdf
1487,https://workdrive.zoho.in/file/tk5iv35280d94ed2b4c5aacfb1ad539b9479f,,e91e1637966d49c1|ea6a4a4a9296b7a5,pdf
1488,https://workdrive.zoho.in/file/tk5iva7c15245e53b42268fa72da608a22343,https://workdrive.zoho.in/file/pw6rd0897d76e0cec498ba060713dc9dcbac0,e93f1652b649c985,pdf
1489,https://workdrive.zoho.in/file/tk5iv598344cf85f14e81985e865671d87ea0,,ea37377212c1c9c9|b03031720fcf8fce,pdf
1490,https://workdrive.zoho.in/file/tk5ivbf94ac6d94ff4d24904d5e51ce3be483,"https://workdrive.zoho.in/file/tcoml6620285b47644e1195963a8b7bdd15e4,https://workdrive.zoho.in/file/pz3gw545ed7408b084b6e895cb9b45b3a3276,https://workdrive.zoho.in/file/0nbai87396d4cfaea4d7db18390750392eba6",fa4e273c4752d0c5|da5aa54aa5629ea5,pdf
1491,https://workdrive.zoho.in/file/tk5ivb1c4877cd6cc4bffaef988e16fc36a32,,fa0f273552c2f8d0|da5a5a5a5a4a1da5,pdf
1492,https://workdrive.zoho.in/file/tk5iv2601ffecd89b4af4818a1429801ccf3d,,fa0f073d3542d8ca|da5a5a5a5a6235a5,pdf
1493,https://workdrive.zoho.in/file/pu62rd1b39ce676fe418eb8a3f6468c8f4d10,,bf6f4ec59490c0f0|bf3fc4620fc06271,pdf
1494,https://workdrive.zoho.in/file/pu62r100017f058424b56b7c87c118ac4d4aa,,ea19356e196b9295|ab2b2b2b2b2b2b29,pdf
1495,https://workdrive.zoho.in/file/ywb26181d373d90214fafa56435147278fb8f,,eb3f95c54ae294c0|ec3cc56c97c292d2|bf6e96c0c4813b8b,pdf
1496,https://workdrive.zoho.in/file/pu62rbc533cec53d845f8aa90030ac16b6ffd,,ee6e9c9195e062d2|f85a5a5a4a625b66|f8725a5a464a5ada,pdf
1497,https://workdrive.zoho.in/file/pu62rd908ecbb3d54478ab694de5df7deac69,,ca7274b5a5a5a178|bf3f8cc8c03333e0|af2ed46c3cf042a3,pdf
1498,https://workdrive.zoho.in/file/bc7yn4d18a842177f44c992c62e14f1fdc94d,,ef33326e1b689292|aa2b2b2b2b2b2b2b,pdf
1499,https://workdrive.zoho.in/file/0nbai409e503986ec4baeb634cd58662f64e2,,e6667b1919192e66,pdf
1500,https://workdrive.zoho.in/file/bc7yn594f2dbf6f5e41c1b67760f60ba67c12,,e6653d1a9972660d,image
1501,https://workdrive.zoho.in/file/0nbai6f5a8ae2402b432582334a2c2bec74b1,,be3ec16a2c851b5a,pdf
1502,https://workdrive.zoho.in/file/x3dyz174094a3f8664dddbcf7ca3b1065ea6b,,ca333c4c334b5f91,image
1503,https://workdrive.zoho.in/file/rgnwx79b39b75f74e4d4d8fcdb957768cb131,,bf2fc03b856a6885,pdf
1504,https://workdrive.zoho.in/file/pu62rd0732f24c4504bb28c1dbb399cbd30df,,ef90946f388c53cc|8000000000000000|b3cc33d60df10db0,pdf
1505,https://workdrive.zoho.in/file/hvmuf7b985065f97343a0ac6eba2f9b958a4f,,8f7a780f78686287|8707f007f4c0f86f|8707f8f003c8f8fc,pdf
1506,https://workdrive.zoho.in/file/rgnwx94852c4d47cc4d1e98d5a9d46a4fded5,https://workdrive.zoho.in/file/jxur397c7a1ff8c364e82bdb438e365b61a45,ee369949993662b4,pdf
1507,https://workdrive.zoho.in/file/xfzrxec3de1fba04c4588856c473807336346,,82bdbd0202f97dac|e9b2b0e5cc4b9a49|e9c8926fc63990f2,pdf
1508,https://workdrive.zoho.in/file/mg60a20fdddc693e04331b4ba9cbb8015a519,,bf2d856fc9c0c2c1,pdf
1509,https://workdrive.zoho.in/file/tk5ive2a031e7f4394d9caed18e19750c86bd,,ee153b6a946e91c4|ee6ec495919193d2,pdf
1510,https://workdrive.zoho.in/file/tk5ivdd41628278964a1e8f2a890411c23fda,,fa46253d435af0c5|da5a5a529785a5a5,pdf
1511,https://workdrive.zoho.in/file/0fhvi1e637414f512424e94684a6466c96316,,eb3bb46a6b9094c4|ea6a959595c06a9e,pdf
1512,https://workdrive.zoho.in/file/zu51z9ae682738aed470dbdf50861cf1e2ad6,https://workdrive.zoho.in/file/tk5iv6594de1e426d48bd8e1175a5fd5029e8,c0bebfc1103e6ba2|ea35954295a55a9d|ea1eb58d95c2c0b5,pdf
1513,https://workdrive.zoho.in/file/xfzrx72bb10d8032048e5bed2aea4fb3dcaa8,,be7c7084c03f0fe1|ee6ec6c0c0293f95,pdf
1514,https://workdrive.zoho.in/file/tk5iv29d040c4d0e745049ac46595d871d233,,ae3f9dc791d0d0c0|ee6f90c0c1c16b3e|eed494c63cc4c13b,pdf
1515,https://workdrive.zoho.in/file/tk5iv9f3378d80f87484db80947a093e32ad1,,be1ec2e085c9e8ec|ea729e689f609c68|e8c695da86db9584,pdf
1516,https://workdrive.zoho.in/file/tk5ive7a98fe5a98b4bc0b65d3e6a497a8091,,ab2b2b6e2f2a29e0,pdf
1517,https://workdrive.zoho.in/file/tk5ivffce41911d644ff19aedf8f78c42b24e,,bf7c60c49c7398c1|b3330fe80ce72ccc,pdf
1518,https://workdrive.zoho.in/file/pu62r6f71db65229c423fa5800e9f207cff04,,be744a5e98d0343b|ca6a3563b568a563|fa633063b12da563,pdf
1519,https://workdrive.zoho.in/file/x3dyz34f71b1abae942fbb3ea01594837c252,,bfb46a1e943a95c0|bf3d391c9518946a|bf3f3f39e0c0c0c0,pdf
1520,https://workdrive.zoho.in/file/ywb26e19e0ea186c941f78b36e85312602d44,,bfe0c0f0e08d9637|bf3f64c0f8b8d0c0|ad2dd2d8e0d28dc3,pdf
1521,https://workdrive.zoho.in/file/rj234f0f98117f241456c961a74545b64e998,,ba6f2f31c7b0b084|ef389269a44d6d92|af6a2e6a2e622e62,pdf
1522,https://workdrive.zoho.in/file/pu62rf300931bbb68497f92c97db2129bd40d,,be1e7a62c3c1c48d|b863c338c74b3a69|f84bcb3c34868579,pdf
1523,https://workdrive.zoho.in/file/rj2348cc87741880445f6a609285942ef9f2e,,be3cc04ed47b19c1|e4646464c6cecece,pdf
1524,https://workdrive.zoho.in/file/xfzrxbe9c30f89e654920ae884377edfaaa0d,,af1cd063d0b4c56b|af3ed04b9c1c94f0|ef97d063901e943c,pdf
1525,https://workdrive.zoho.in/file/x3dyze98b81183d2849839f0af231f3c76a03,,ae16d1e1e1394e1e|af78d059d03ed264|af3f9062d163d0f0,pdf
1526,https://workdrive.zoho.in/file/xfzrxa58641fdf9c64b178ae5d6a40e017923,https://workdrive.zoho.in/file/thbd6d77ca9a07f3a47ebbd9b9003ae51e10c,bf71c18d0eca9293|b897876bc760e09c|e96d9232853bd296,pdf
1527,https://workdrive.zoho.in/file/thbd66745a5c2391d48cf85c8962535c73695,,be167ae0c1e18c9d|b863c338c7cc3ccc|f84bc334b487856b,pdf
1528,https://workdrive.zoho.in/file/0clnu02b34d2ee2714eae862489c8ded89617,,9f2321602fe3e0e7|bf95856f85856063|af2f94e06ec0876a,pdf
1529,https://workdrive.zoho.in/file/0clnu3132a4d2f46b4c02b5c20c664c51db4d,,bf3f62e2c21c1d90,pdf
1530,https://workdrive.zoho.in/file/0clnu665aaf91b8db4a21838ed62ae2c563d5,,ed36646c96694996|ec68693096969797|be3f612d85c199c4,pdf
1531,https://workdrive.zoho.in/file/0clnu3b88708449ae490b80894a8b03e6bd1b,,bc2255bbdca8d542,image
1532,https://workdrive.zoho.in/file/m8szh7a73604bb4604c128e8f6bf654227b13,,ee3f1f0f186681e0|ee3c956c94c69562|eee231c1909f9566,pdf
1533,https://workdrive.zoho.in/file/p1sjs2ee6e6d4d2fc4b6fa9d419129a7482d0,,b70cc96336997263|b7262d338c99338d|af2f2735e1f19060,pdf
1534,https://workdrive.zoho.in/file/mg60ac8aedb8018d34ea0aa42286ded1f49fb,,bf7a5115426a3ae1,pdf
1535,https://workdrive.zoho.in/file/mg60a259062a62cb44aa9a6c10126e52f6c9d,,be2456b9c0e3b9c1|be2dd4634bc12d58|e425668fceca89d8,pdf
1536,https://workdrive.zoho.in/file/i63n54327f25a13284961b4c89e17e177d3a9,,bf62950fc41fc191|be34916bc6cf92c0,pdf
1537,https://workdrive.zoho.in/file/tk5iv22d9e4c8f927410ba3fa8dee936c3c29,,ea16364b95c5c995|e86a4a6ab49595b5|e9367a99954984ce,pdf
1538,https://workdrive.zoho.in/file/tk5iv959b2fa0f9994ba3abba97e29735d066,,fa16364a8585c9bd|f84a4a798734a5b5|e8a5b54a95b64aa5,pdf
1539,https://workdrive.zoho.in/file/xfzrx3cdfe667ce7f4d858f81b5c2359ddec9,,bf7a629c1d0d99c0|bf626e63439c581c|bf3762431e9dc8c0,pdf
1540,https://workdrive.zoho.in/file/tk5iv60503d70ed474c08ac761c0fe3bf995d,,fa16374bc195c958|f94ace7936a58584|cab5b4a5a5a94b4a,pdf
1541,https://workdrive.zoho.in/file/tk5iv0ae618a3b5b9423ea48f6af80c4d2526,,fa163649c594c99d|e94aca6936b595a4|cbb494b6855aa94b,pdf
1542,https://workdrive.zoho.in/file/tk5iva596af2ef5184cc3bee96e0057489d47,,fa16364b8585c99d|f84b4b798587b494|f8b478b0974a864f,pdf
1543,https://workdrive.zoho.in/file/tk5iva4fe30db61684891b2f64a5c973cdc02,,fa17364ac195c959|eb56ca4a333994a5|f87848ce96b4b495,pdf
1544,https://workdrive.zoho.in/file/tk5iv60fa5dbd14084e9bbca2617a6ad562ee,,eb163669c194cd4d|fa25a552d2a55a5a,pdf
1545,https://workdrive.zoho.in/file/tk5ivd77d7a46768543159f756065d889ab04,,ea16364b8595c99d|e930b44bcf84ce4b,pdf
1546,https://workdrive.zoho.in/file/tk5iv123609d007a54faf8de5f207c2bd25ca,,fa16366bc194c94d|fa30b47a8195cacb,pdf
1547,https://workdrive.zoho.in/file/tk5ive330a6a995904b87ba7e1d026eb3414e,,ca37364aa5a5cab4|f830b54ace854f5a|e666666666668999,pdf
1548,https://workdrive.zoho.in/file/tk5iv053b719bd5df43909963e6b25ebced95,,fa17354ac1b5c94a|f8b44987874b874b|f07070787848cfcf,pdf
1549,https://workdrive.zoho.in/file/tk5iv35642489c8284e63974164ceffdda6d4,,eb1636698594c99d|fb31b54ace85864a|e666666666668999,pdf
1550,https://workdrive.zoho.in/file/tk5iv54f8808da72e4f548b10c365d6f81376,,fa16364ac585c99d|f838b4624bc787c3,pdf
1551,https://workdrive.zoho.in/file/x3dyz5df4469cfc8d44118a964367396401a0,,fa4e0730c74af8c5|e9694a969694a5ad,pdf
1552,https://workdrive.zoho.in/file/tk5ivf9acb54f1c514e6b9532b2f40a7994c9,,fa1f25528585da8d|da5aa5215aa5ad8d|b83a3383ce9cc6cc,pdf
1553,https://workdrive.zoho.in/file/rj23417f06e1c232d41f4a7f7690da592e879,,e65b194d7366a498|b699cec63931c68c|b13131cfce9c8ccc,pdf
1554,https://workdrive.zoho.in/file/gbhc39855ac27b2cc437d9966264e593e6e68,,af83c71f9478c0b4|bf1ec1c1c263d0b5|e39a9cc89661c667,pdf
1555,https://workdrive.zoho.in/file/hfa818e46606cbdb24ab38e90bed4048273e5,,af2b78690f0f8781,pdf
1556,https://workdrive.zoho.in/file/hfa814f36674ab82b4695889e44e50648cafe,,ab6b782d0f8d8dc0,pdf
1557,https://workdrive.zoho.in/file/xfzrx0cbedd26b6f1424aa686572b7b55d7c0,https://workdrive.zoho.in/file/hvmufca5840a49a734d65aac8128906bcca73,fac4b54ac9b4c958|bf1f3f68e060e0c1|be3e60c4cc98f1c3,pdf
1558,https://workdrive.zoho.in/file/1yce0804fc159a9ad4ca48fa26b1392bc428d,https://workdrive.zoho.in/file/stxep0c78c3f164ea4e48ade29a7be75fc7d6,af2b90426b6b95a6,pdf
1559,https://workdrive.zoho.in/file/hfa81bf0d31350af541428456d3707f577e8e,https://workdrive.zoho.in/file/k5zpv25a26a190c384ee5bf38ef0c6bd8fcca,cb37344a97874a36|d0b13fd86a854f4a,pdf
1560,https://workdrive.zoho.in/file/tcomlaffe7733583644a8a610d0470d81d1fe,,fa0e36364b7186f0|e8b4b47930988fb6|b1313131393939fb,pdf
1561,https://workdrive.zoho.in/file/u95amb899ebb82bd3495c81aa1c383aeeaca1,,ea6bb51c4c35634a,pdf
1562,https://workdrive.zoho.in/file/jxur3e617ea669cd44b349292ae0471d196c5,,ae3e91416a3e3ec2,pdf
1563,https://workdrive.zoho.in/file/k5zpv0ea381a1f4a84028994ca5ca7249ec80,,bf3f2fc4c4c4c031,pdf
1564,https://workdrive.zoho.in/file/tcomlab4016073f46424db61bbcbdca9a4da7,,a32f4f4b4b0f0d49,pdf
1565,https://workdrive.zoho.in/file/qe7xu6754f4cae39544e59f629f92104bd4c9,,bf6a6e6a3bc0c094|b7e2999dcc32844d|bf2f3f8394c094e0,pdf
1566,https://workdrive.zoho.in/file/yhysoa1db839b9e3f48069f96230fa8f649c0,,da16257ad27992a5|e6ce996c6198d961|b9cd86b0c779680b,pdf
1567,https://workdrive.zoho.in/file/6fmw0ace9abab53864c60afe583809907bf67,,b4807e817e836fc3,pdf
1568,https://workdrive.zoho.in/file/cpg4jbec4d53a55e443d694d49d0b03fd8682,,af1612e9c192cdcd|ea92b56d97924a92|ca496d4a965ab596,pdf
1569,https://workdrive.zoho.in/file/1j88o695b1442474a48dea015602f139e5cbc,,c3bcbc4302bc65e5|fa8485b67849877a|a666c999996a66b2,pdf
1570,https://workdrive.zoho.in/file/o7ct880242042ffe8413889eb961878b22a9e,,e9371656b54991c9,pdf
1571,https://workdrive.zoho.in/file/o7ct8382b7b384b614bc8be94916ca60a90fa,https://workdrive.zoho.in/file/jxur33a80a9a7b9c44fc1b5c1f195ab21029b,bd2b5b0f6560609e,pdf
1572,https://workdrive.zoho.in/file/jw0g34ab95242c2ab42bda97ac8455dc6d3d1,"https://workdrive.zoho.in/file/ea2zneafcaaa3914a4496879fd2ba8de12a2b,https://workdrive.zoho.in/file/yclw7c422d1b6695948819604b8515a922eac,https://workdrive.zoho.in/file/g3f7tdccb0045a67d41cfbee7c5fbb9135799,https://workdrive.zoho.in/file/82egn9358ad43b98d488faffc47b93a9b0307",ba3a2b2d25252fca,pdf
1573,https://workdrive.zoho.in/file/o7ct8331e58246b824c9ab75c27f13c8f79cc,,a72f1a1a6267e790|b8388cc7c7c7c744|faa5254aa54acab5,pdf
1574,https://workdrive.zoho.in/file/x9vjfb5246d03fca34786ae70aa804444148b,https://workdrive.zoho.in/file/rznjh4312bf1213cc4575b1b94f61bbeaf70f,ab6b6a3434364acb,pdf
1575,https://workdrive.zoho.in/file/qe7xu015f6ab7e80c493d97e8ba5d4f9b6ad3,,ae1691e5e1b1744e|af60946799379887|af659cf1c4d8c10e,pdf
1576,https://workdrive.zoho.in/file/k8yew51b1bafc7a4146959c31778d6309fa3e,,cb3672688797c46a|c84bb5cab4b5494b|cd68d2696d6d8992,pdf
1577,https://workdrive.zoho.in/file/3osm7ed3afc00fdef4939a5a468215395e532,,abf0c4cc9d0f2527|bf3fc660406bc4e4|af6b1c66c6c4e4c4,pdf
1578,https://workdrive.zoho.in/file/ue0u0deaf09d73bbb4e49b6ababcc063cef36,,bf2f4e686f4bc080|bfc53030c938c3db|b636b8d84745c1d9,pdf
1579,https://workdrive.zoho.in/file/tk5iv7d2aa0960c874097a4a075e8189a8f28,,e363189c8c6363e7,pdf
1580,https://workdrive.zoho.in/file/ea2zn2c867c850e3e4c29ba04810e3ad6b430,,fb6a6a3e9c9c8481|cb5af04a5a25b5f0|ee916a4e916e916a,pdf
1581,https://workdrive.zoho.in/file/3osm787383693c0914d4cb6cce3dc918f8e35,,bf0b682f783f09c0|fb2f867891971a90|fb788167941ec03e,pdf
1582,https://workdrive.zoho.in/file/stxepedda1edc115b4fda94e891b47681a411,,fa0f3472caf085b1|eb31b531a54b964a|be6e8c6e846e846a,pdf
1583,https://workdrive.zoho.in/file/stxepd42f3d54d0a047c7901352905ec3c303,,eb1e3632cac9a585|ebc936b4943694b4,pdf
1584,https://workdrive.zoho.in/file/stxep6ab33e827a25456fbba7ec165ec897f2,https://workdrive.zoho.in/file/stxepd448cac9bf5b48b5b769e856ec2c7b8e,ea6bb5342c2c334b,pdf
1585,https://workdrive.zoho.in/file/stxep2e3f8a921a8740bdb2040d673b5ba429,https://workdrive.zoho.in/file/ydzjae08d4fca7312427c828c34b7812af1d0,ee122d371b6c626a|be2e3e2e3e0c168c,pdf
1586,https://workdrive.zoho.in/file/stxepbffbf6233d3b43dbbbf6d8411f337fed,,a72f194966279999,pdf
1587,https://workdrive.zoho.in/file/stxep08852b118ee94275b507aa89498a569f,"https://workdrive.zoho.in/file/q5ix5a1acb60bb73247a285634b0bac6be760,https://workdrive.zoho.in/file/pj5ce5b55859c35d142699f333c87705f112e,https://workdrive.zoho.in/file/iyeqt5a9dfa4a053547599978e7e50c62567c,https://workdrive.zoho.in/file/b5ezs3bfa714645c747a299aa3136f2614bb1",eb6bb5b4764a0981,pdf
1588,https://workdrive.zoho.in/file/stxepf21b42e65d4842d2abdc80f1c4fabd49,,ef6a902d4a522dad,pdf
1589,https://workdrive.zoho.in/file/stxep3e7ce2be7737431f8fc636d345b566ce,,eb1636b570ca85c9,pdf
1590,https://workdrive.zoho.in/file/q5ix50b02b4fc71184509b9453385d60c07da,,eb1e1632b54ac9b1|a766256625e625e6,pdf
1591,https://workdrive.zoho.in/file/stxep589cd6cf868a4c4e9c846a49f2889ffa,,b74819624f1d623f|a727272737071786,pdf
1592,https://workdrive.zoho.in/file/q5ix579761e17d6fd490b982bbed067a5b6c0,,e816375b5269d2a5|e8254c92a5b597ad|ea4a97b5a5979290,pdf
1593,https://workdrive.zoho.in/file/q5ix5ea89e192e00e4796bd84f4d03284d068,,ef339c2e12736388,pdf
1594,https://workdrive.zoho.in/file/jzztx036adbd2a28a4532b90560b3d385ace2,,bf3f0f0e4e6262c0,pdf
1595,https://workdrive.zoho.in/file/0zfnh23a581c1d39d408bb612360814515d6d,,b6c9e2708d669c27|b662999d64719c9c|bc93936c968368bc,pdf
1596,https://workdrive.zoho.in/file/4xdjh5e61886b1a9b4976bd16290a90306020,,859afa61659e1e68|bee3c01cc3631ce3|bfb1c0c5903bb5c8,pdf
1597,https://workdrive.zoho.in/file/pxhcgb8744fcd1c51428687b89497b26805a6,https://workdrive.zoho.in/file/225ve7470c683be874420a8e9391fd54b8725,ad2d1a9a1b696d64,pdf
1598,https://workdrive.zoho.in/file/krmj7902909c2f15f4cb08548b3cf5f83be00,,fa4a372d696a16d0|9f5a42ce1e8ce1e4|ee4a916ab195b4b4,pdf
1599,https://workdrive.zoho.in/file/nkooe88d073163d91463f85ed8b3ad0f142e5,https://workdrive.zoho.in/file/v7533f07c60563dd54a3faaa48b890a0757f3,ab2bd2363d69c292,pdf
1600,https://workdrive.zoho.in/file/pxhcgacddcbc57e6c41de9a1aeefcfc84119b,https://workdrive.zoho.in/file/pw6rd816fb7cb48bd437b8767b8131d58405d,af6b7a2b7a6a8480|af0fc43be0e198f0,pdf
1601,https://workdrive.zoho.in/file/krmj7ae92a8fbb4564cb788ce9a32a55c707e,,af6b6a6a60e89097|af0fc860309a7ee6,pdf
1602,https://workdrive.zoho.in/file/zg3za59c6a2050bd543f9b316e066618e6e53,,979ee86113de049e|bfb0d46bc3c1909c|b9cc36c9718e9689,pdf
1603,https://workdrive.zoho.in/file/ydzja516e2df653ae4670937e85bc8ff41c28,,be11e16e9195cc93|b96868c19797c633|e666666666666626,pdf
1604,https://workdrive.zoho.in/file/ydzja502c886e914d405b9a5eea9b4462ba9e,,bf2f6a6a0b3f8042|bec6660e1b599919|bb64c87a8769c472,pdf
1605,https://workdrive.zoho.in/file/zr77m60dec1e725f44f8fac7e75747802c2b3,https://workdrive.zoho.in/file/zr77m4130bf97def9489ca2a72c190b3bbd1e,8706f8f90706f8f8,pdf
1606,https://workdrive.zoho.in/file/pj5ce0a1139679ff442e2a8901cfadfd64d0c,https://workdrive.zoho.in/file/4xs0r7646e4e9147b47a29d165e6d285247e8,beb1c566c195906e|be3e2fe1c1c18594,pdf
1607,https://workdrive.zoho.in/file/pj5ced7a24ad4c92c4a53a25f58ab4ece3fa6,https://workdrive.zoho.in/file/6jryn6b606ac624b94775a159aa10b45675a3,857afa85056a7a96|a326c899f42676dc|8b49d033c8de37c9,pdf
1608,https://workdrive.zoho.in/file/pj5cece579031689d4b8ba63f610738516692,,fac2c26a8ca5a5e5|be95c0c7c178956a|bf6e4298c736c162,pdf
1609,https://workdrive.zoho.in/file/4xs0rdc147f3c08cc4b708516b43f86e88149,https://workdrive.zoho.in/file/4xs0rfda6729eb7544503abfdef820c0cbe2f,80157f1090ffbfb0|807f7f2000ffbf80,pdf
1610,https://workdrive.zoho.in/file/x458294b7112dc5f0460a9ca693517390d5df,,ba66c27ac358919d|fa8dc362855a876a|ba3a85c56b9495c3,pdf
1611,https://workdrive.zoho.in/file/pj5ce4334f0a325104fd982a9c9bdb8a86ee7,,d9ca36198572db2a|ca09fcb53472b552|bf952ec14b95c8b0,pdf
1612,https://workdrive.zoho.in/file/4xs0r46ff61d13c3f4c23a71ab2e9ebc5ecf8,,857afa85057a7a85|a3368999f622a6dc|a7272727272dc9c8,pdf
1613,https://workdrive.zoho.in/file/4xs0re925f4234b8e40dabf3bfd719e1b8789,,f867876a87989598|b869c7e0879cc363|b838c163c7f3c4c3,pdf
1614,https://workdrive.zoho.in/file/4xs0r066951d7d3334b0ca42c1ba3740fd4cc,,e8668768cb59958d|e878876097cc87e6|f87897916886936b,pdf
1615,https://workdrive.zoho.in/file/pj5cec4d771d5f85440b9b5532fcd22efc87c,,b01141436efe371f|e46e139913eea4b1|e09d1c4b1ca56e3d,pdf
1616,https://workdrive.zoho.in/file/dj9ia4728c8daac744795af77c7456a5c2262,https://workdrive.zoho.in/file/q5ix55be7e635e16c436eaba03bb444335ed0,b326c4d0934e6e3b,pdf
1617,https://workdrive.zoho.in/file/sxt59d3dbb2a8795c433eb11caef4301e77ce,,bf4f871f073680c2|fe3e3e3485c1c1c1,pdf
1618,https://workdrive.zoho.in/file/sxt59ae8952fde948450aac5ddb35a535818f,,bc471a18c761e7c3|b8633038c79dcb3c|fab5a5a5a54a294a,pdf
1619,https://workdrive.zoho.in/file/095h558ea5953cef04e56b2ac2d9f461cc011,,b72b2b1f1792e0d0|bf3ae8e055ccc834|f52d2e2d55858ac5,pdf
1620,https://workdrive.zoho.in/file/sxt59e7d111a4c2864e8c8c0e64b55c607e50,,bd32c22fd2cd3cc0|bf3f3ed0c0c0c0e3|b933c62cc6c699cc,pdf
1621,https://workdrive.zoho.in/file/095h567cd6043567b401382d96e2dc3ab7e35,,af6e3bc494c4d0c6|af858523627a9cdc|bb3b846f856694c4,pdf
1622,https://workdrive.zoho.in/file/095h58b83f9dfbb994bffb88d0a2c4408989c,,be84912f3ec0853f|be0f31ccdccce026|e996966dc9948663,pdf
1623,https://workdrive.zoho.in/file/zhubfc46738b9f8504b93b0f55761f03efa6a,,ba4b4b74748985b6|b0303636cccdcdcd,pdf
1624,https://workdrive.zoho.in/file/zhubf79f17e418c5046259bd1da8a8474e2b0,,bc786d788692c3c6|e9e1833a966c936c|e96996eb833486d2,pdf
1625,https://workdrive.zoho.in/file/zhubf5c523c18a13444238b47927ea6c60646,,beb5d235286ac4ca|befc1ec007d835c2|be851a3dc03aa5da,pdf
1626,https://workdrive.zoho.in/file/zhubf729ab755bb1445a588232eb83d4b644f,,bf0ec033c4cc1fc3,image
1627,https://workdrive.zoho.in/file/zhubf0a66ed98cf594803b21414dfd27d5d52,,afb5851fc46bd0c0|ee2f91c4c5d0c197|bac0d06fc52f9594,pdf
1628,https://workdrive.zoho.in/file/wqwyd230620d0adbe48c2857285b9d038ed34,,bf81506bc0a578bd|bf2bc0adc06d90b5|bf21d2a5d08d586e,pdf
1629,https://workdrive.zoho.in/file/zhubf428c8a72978e4c85a00782ac55bf95d8,,bb63c9cbc2960e94|e9e2a2333663b2b2|e9a3923396cd96c1,pdf
1630,https://workdrive.zoho.in/file/zhubf05d0ec21b2174820a53936be0a6ef53a,,9fc3472beaea4064|f6ab55a955e124c4,pdf
1631,https://workdrive.zoho.in/file/wqwyd2bcdd8011018406e8d292dbecfb4f203,,b2473946d1b6d98c|895f7f12007f7f00|832dfe01817fff00,pdf
1632,https://workdrive.zoho.in/file/wqwyd5cb1590fd4bb41f7903a3cb782ebef6a,,9e43e3bc0663bc0e|e65961a699969699|8bfc00fc01ff00fe,pdf
1633,https://workdrive.zoho.in/file/wqwydd854093d569d4db3bce5a2bba3e9b13d,,9d547155d515d455,pdf
1634,https://workdrive.zoho.in/file/wqwydcecbf9f05fde4a5594559b5e56a3d921,,bfc1743e8b2e20c9|bfc1c1e3e8e8c164|bec1c1c8c3e3c1c7,pdf
1635,https://workdrive.zoho.in/file/wqwyd1e1a633862e64e80b790f4ee50660e4f,,be9d923d69c2c4c2|be95c02f956a2f90|ba3dd0943e6a85d2,pdf
1636,https://workdrive.zoho.in/file/wqwyd1a0c4f17f492468391681048e9bce658,,b59f34348f6492e1|ca5aa54bb5a585a5|cab5b541a54aa56b,pdf
1637,https://workdrive.zoho.in/file/wqwyd54dc999e891e49f19c0d3c2b090a757c,,ee7e849181a34b6e|badbe62b916409e4|ac9927c8276f832e,pdf
1638,https://workdrive.zoho.in/file/ejk4391fd75317f9b4f5e933a3c32afd86e92,,be82816d02d23dfd|fcd0c26f86d22e98,pdf
1639,https://workdrive.zoho.in/file/ejk43561a733a952243e9ae5d2bea76c28074,,bf1bc9c984363692|b838c7c7a138bd16|bb3fc2e0e1422dca,pdf
1640,https://workdrive.zoho.in/file/ejk43a44bd4f371444a55b9068b0f453926b6,,e41b9be4cbd9c032|ac35c32e2ce1db8c|edb44ba143a11b3e,pdf
1641,https://workdrive.zoho.in/file/f9h0v3f717783638248ae84dfd8fa8d4816fb,,9f3f64e0460f4ee0,pdf
1642,https://workdrive.zoho.in/file/ejk43e7be3f6feed64ae8842952adeec4c167,,870283e75af0359f|ea5851dbcacca585|bf81943e3f8094e3,pdf
1643,https://workdrive.zoho.in/file/ejk439e3dcce41a774834b3166228e6502d46,,ba6385c2c7b5c334|ba2ed134cb90c7d1|ea39b46985a799e0,pdf
1644,https://workdrive.zoho.in/file/f9h0v5a9f0775f7224981a0d14f2614e18db0,,d590e308d3d724eb|a636c9c92c3e27e1|eb9f9c64946a9461,pdf
1645,https://workdrive.zoho.in/file/j15l41d4f24a6735941cb9793e57d126919b2,,eb6b4a6bd8e0d094|f32d5e2d4e2d48a1|b3a94c2d4ead58a9,pdf
1646,https://workdrive.zoho.in/file/j15l4f0a6358289fb48a197019b8e298c8cd3,,f83d69682d39c652|fa78a1c6855e8555|fa86ad4385c78569,pdf
1647,https://workdrive.zoho.in/file/j15l42520a749efb840818200e2bfabdd57de,,afc98d6b072d680e|bf3fc4c0c039332d|b373708dccccca98,pdf
1648,https://workdrive.zoho.in/file/j15l4a37d38ed009b44aead1a326afa4e298b,,f82d6869b17a2596|fa71a5c2858ea52d|fa3c85c287c3873c,pdf
1649,https://workdrive.zoho.in/file/j15l43b056a3703b244f397aaa5f4ef774eda,,bcc768d2697ac138,image
1650,https://workdrive.zoho.in/file/f9h0ve49e8a6fd56c4b9d885dbdd921419e0d,,bfc1702e8b2e39c1|becdc4e8e82ac361|be71712ce323c346,pdf
1651,https://workdrive.zoho.in/file/j15l4494c38f334d8462f9b3ed978fb890f23,,bc796dc08692c3ce|e9c397683c92e1c3,pdf
1652,https://workdrive.zoho.in/file/j15l4e142780335b444e7970f4bcca571557d,https://workdrive.zoho.in/file/xfzrxf580695f7cf14fe1b4e655de154d2bba,fa2f1616b54ae9c0|a222222222222222,pdf
1653,https://workdrive.zoho.in/file/j15l4955a3aa0a2924f3fbfa8d109571c2971,,bf120b2d35d42ce9|bf3d29e050162ee9|bc3ce3e361383c1c,pdf
1654,https://workdrive.zoho.in/file/j15l4d6fef002cc884e52994783ea5e438bd4,,fa4e35334e79a1c0|ea4896b4b552ada5|e464656565656575,pdf
1655,https://workdrive.zoho.in/file/j15l4fc72b9a7de7c43e0bb3a5a85f984e4d7,,ba1e85a53d5a5ad0|b8cbc566c7989233|e896966dc479c196,pdf
1656,https://workdrive.zoho.in/file/j15l49dc72bdfa0944068ab9762827588b77f,,ab94c56b946378d4|bf3ff0c0838fc8c0|ee6bb47a8591d184,pdf
1657,https://workdrive.zoho.in/file/j15l4503a9d9803b34a04af3590d97b3bac84,,af35c3ca8562c2d5|bf3f3f3dc0c0c0c0|bf3fd0c1c194d5c0,pdf
1658,https://workdrive.zoho.in/file/j15l44d825f68528a4867b45576f8d9bbe107,,bfb0c067c01fc03f|af65d03ac5a5d093|be3fc1e3c0949466,pdf
1659,https://workdrive.zoho.in/file/j15l415802e44c782427b8626f77e22c829ce,,cd35536c6a116b56,pdf
1660,https://workdrive.zoho.in/file/j15l41c31545843d9448c81f0ff74b15cd9bb,,becb813dc034add8|b134c1c31edfc269|bc3cc3e3601c9c8f,pdf
1661,https://workdrive.zoho.in/file/j15l4e61f4a7822cf405e8ca041a2d9adaf8f,,af2f3b9390d0706c|9fe8706b7068306f|bc3e832497c6b169,pdf
1662,https://workdrive.zoho.in/file/j15l43013bbe2abe6486ea96e688292849d73,,eb6f3f94c0c040b7|ee6a69d090b53517|eb6ac4c4363b39d0,pdf
1663,https://workdrive.zoho.in/file/2kue17d37ed7571a84123bfe08372d83e5853,,eb1674e984c5970b,image
1664,https://workdrive.zoho.in/file/qyqoq28bcbfb75cc94ce8839a84307093a613,,afb1c11f956e91c0|ae6e952f9131c0cb|fa6fc4d185c0c11f,pdf
1665,https://workdrive.zoho.in/file/2kue131c94096e1a646a59a3304e3aa772bf3,,b83c393c83c6c3dc|b86e1d6c297c293c|b6321de323dc2963,pdf
1666,https://workdrive.zoho.in/file/2kue119bb6d1d78b4498e9de7529e0f753e4a,,ba85633abdc24336|bf3b2f4b07029598|be7e7ac0c0859595,pdf
1667,https://workdrive.zoho.in/file/6jryn2e39e77149464034ba9e087e7d02fddf,,af6b3f95c0c0403f|bf903f6a946a809e|bf95d06e81506e69,pdf
1668,https://workdrive.zoho.in/file/qyqoq8de4986d3e114eb69be41324243fe91e,,ae3edbc1e5981864|ab23f000d5fafc4c,pdf
1669,https://workdrive.zoho.in/file/qyqoqd937aa1ace384a249aee5f1a8b7c9d18,,ba7a9a3dad858584|ae3e9eccc3e060e4|e8244f6e97d83564,pdf
1670,https://workdrive.zoho.in/file/qyqoqfc18fd09280b441cb933e40c66409333,,af2b3195d1d09595|af1f9f0f2f60c0c0,pdf
1671,https://workdrive.zoho.in/file/qyqoqb1dc328ba6f741f3a422776c95a56f40,https://workdrive.zoho.in/file/ncgb4a32c883791b84a958935ad592912381e,bec6602c9f3cc38c|be36236e1ee4618c,pdf
1672,https://workdrive.zoho.in/file/qyqoq7295e22a23c04dbb9c0e667724c585fa,"https://workdrive.zoho.in/file/cpg4jf94e0f0e595641d9a0fbd92786fbe106,https://workdrive.zoho.in/file/hzqane9f135e706934162907f54c98e5d108e,https://workdrive.zoho.in/file/us2t7040ff5c49662471ba81ca355f77c1882,https://workdrive.zoho.in/file/hzqan5fa98c798cdd4cdbaa3ff2ca24544ff9,https://workdrive.zoho.in/file/ncgb4bc658704f1ae4b1486d820c1326cdff8,https://workdrive.zoho.in/file/x3dyz508cbaf53fd3467a974e6f120a2a8de5,https://workdrive.zoho.in/file/ncgb44a8c64af56a1443ea0dcb3f4fea1edcd",bec7603c9e24c798|bc38389293c3c76d,pdf
1673,https://workdrive.zoho.in/file/qyqoq9724b5e43c2840a4a861207425306095,,b83818c7c7c7c7c2|bce3253ec33c06e1|a666276627662766,pdf
1674,https://workdrive.zoho.in/file/6jryn57cbb24fba054a6e8e4789816cc07249,,be95c0c3c599d85a|ba34c768c89f9171|fa36c0488d9d91f3,pdf
1675,https://workdrive.zoho.in/file/6jryn2dc47403a26041e89ace0bcd1e2b5e3e,https://workdrive.zoho.in/file/zu51z6e4241c5687345fdb67ad5c0d3571258,bc3cc3c3c23c1cc7|aa2a2a2a2a2a2a2a|8f0f8f87170f0bc8,pdf
1676,https://workdrive.zoho.in/file/6jryna97a8903b42945d29068aeba33c971db,,bf3991e26a079496|9f1f0fc7c0c02c3d,pdf
1677,https://workdrive.zoho.in/file/6jryna82a6c549de3431d9216982c81927694,,cd1c5667361d644b,image
1678,https://workdrive.zoho.in/file/6jryn1d75e045c29346e28aeec8345c36bc7e,,bfb4c0c3c34ad899|bf06e0638c9cd9e1|bf3ac0c69d38c073,pdf
1679,https://workdrive.zoho.in/file/6jryn1aaab3f4f3694ac88fe20e3a94716dfb,,9fe9422fe04fe160|d6a356a955e524e4,pdf
1680,https://workdrive.zoho.in/file/6jryn4ecaf49a755547fc8d3b1e3e75589d5c,,bf128b2d34f4a42d|bf6f2ce140761338|bc3c3c1cc6c343e3,pdf
1681,https://workdrive.zoho.in/file/6jryn17a792cb882e44fdb713381ac9571f71,"https://workdrive.zoho.in/file/iyeqt80ee36ddea8641f589cbac37f0bb698d,https://workdrive.zoho.in/file/thbd6cff9491d23d54fce9ee68ec620008ed0",9668e99717786887|bf3f9094946b4bc0|be78c08f879cc163,pdf
1682,https://workdrive.zoho.in/file/6jryn46f60757be24480a9c1d176c4b7bd72b,,b31b197973e0c961|e949896a636d9c93|a725cd6af2d04873,pdf
1683,https://workdrive.zoho.in/file/6jryn787d47ae3c9b4019b03f56ce7515217a,,9ee11ee13ee02c2e|b4309acb8f8c9a9e|bc6c3c6e1cc61696,pdf
1684,https://workdrive.zoho.in/file/6jryneaa67e89101647779a18f9585d4ff339,https://workdrive.zoho.in/file/wue3r440ac220fac74e619dd90b5031bacd17,e259976768989665|ba99c74ec791c530|bb39e0d8869e2665,pdf
1685,https://workdrive.zoho.in/file/6jrync63c60c9e9d041fe91fb3ab752e9fec3,,ea6a95956a6ac594|bab93e438446e43e|be1e3e0e2e0e2e0e,pdf
1686,https://workdrive.zoho.in/file/6jryn4a3b4fb13ddd4c7e926486d2dd0f9a2d,,ea7a94952f6bc1c0|be3e9484076b63e1,pdf
1687,https://workdrive.zoho.in/file/p7iy501c076a6b9a0481e8c2f9f16dea82555,,af6b3f94c0c060b7|af856b85412fd06e|bf94626b906e816b,pdf
1688,https://workdrive.zoho.in/file/p7iy552d6b3bdd2e34e208695590f99330297,,bf5a980da4c2e267|bf6fc0e025c5946a|a762e34792f40dcc,pdf
1689,https://workdrive.zoho.in/file/6jrynb77c1db7efc44910ac42bd9917c61c4b,,b3cbc370cc3cccc2|bf73c01fc0f00ec6|bd71c32cc3d0c4cb,pdf
1690,https://workdrive.zoho.in/file/uakafd3040fca9f234f5dbf2696fb3ac00ad8,,af2f95620f942762|eb6b94943e8e94c1|e36b2e9c9c852762,pdf
1691,https://workdrive.zoho.in/file/6jrynfd7dc74f4c844833adcf5916de46fe28,,af1905664b7ab09d|bf3f3f78f0c080c0,pdf
1692,https://workdrive.zoho.in/file/6jrynae39c3c738964df89b2f6637584a5bc8,,ec1bdbc4ca1b486a|bec933c34a3cc133|b63ec82eca62c8cb,pdf
1693,https://workdrive.zoho.in/file/uakaf1d48a177e82f43f6b0701e091313a868,,af702de4d427d02b|bfcac12f9497c0e0|be6a853bc525c195,pdf
1694,https://workdrive.zoho.in/file/6jryn1265efe3d3a346908eb9068a409ba5ae,,bf3b38f8266266c0|bf81706a8785787a|bf6a814a966a9399,pdf
1695,https://workdrive.zoho.in/file/uakaf0549c8f014b24ca48cbb75e950aa040e,,f933878687691969|f34c84334bb68c6b|8f0b070707c7c7e6,pdf
1696,https://workdrive.zoho.in/file/uakaf9fdd1397a7914392a870a48f66f66130,,bfe0859f680fe0b0|bd1d0f07c70639b1|bf3f3f9594903060,pdf
1697,https://workdrive.zoho.in/file/uakaf8282ef00b3a94a4ea10941230c574fd5,,8f620f2f622f0763|bd87872cc7623986|8f0f0787072f0fca,pdf
1698,https://workdrive.zoho.in/file/uakaf9c213154b4ae4533bda279331a472c1e,,b93386862b3939ce|eb846b5a946b846b|b333f1712b05cccc,pdf
1699,https://workdrive.zoho.in/file/uakaf2f8d957eb6be474cb542e1d092cda541,,b133c7ce0f31398c|8b6af8f87c258585,pdf
1700,https://workdrive.zoho.in/file/uakaf01edeb82038e4f07a2ab58c6146f2cf0,,b9278e8e0f3b112e|e3ca4a669c782765|eb64846b327b9a94,pdf
1701,https://workdrive.zoho.in/file/p7iy58c7fec49e8484656a0fbe5ec08cd7655,,d794a0628d9c6bd3,image
1702,https://workdrive.zoho.in/file/p7iy5b54f601add8b43439909618f9a257e99,,bfb5d22d4aca844a|bea5c06a2f95c86a|be3dc2c586c22d6a,pdf
1703,https://workdrive.zoho.in/file/uakafd3762d57c04949dcbe725d0a9294cd9d,,bfa5c10f971ac660|ee42936a6c95916b|be63689de0c78439,pdf
1704,https://workdrive.zoho.in/file/p7iy594cbc503d9c34b0e9878272abf4ea5a8,,8fe0e01f0ff00f0f|a736273627362636,pdf
1705,https://workdrive.zoho.in/file/p7iy519c0223418c244e4b9d2da9699d86f23,,fa94942e6ad017a7|ba943e68946bc517|bc3c3c3c2c63c3c3,pdf
1706,https://workdrive.zoho.in/file/fukzm514e36aa3da9455b946f7dae337b27b0,,fa7a1a9da5858585|bb39e4c4c4c6c29b|e969e1969696c2e4,pdf
1707,https://workdrive.zoho.in/file/p7iy5d6af9b07f7ad4a23981634474b24837f,,af6a3f95c4c0c03e|bf814d6a956ac037|bf85916e81516ee8,pdf
1708,https://workdrive.zoho.in/file/p7iy53ce02bded20c4d6197fd9c009ddec0c0,,ea6ac1e343849d3d,image
1709,https://workdrive.zoho.in/file/p7iy5176ebf9ef5ac44d3bd94ee58d7d60420,,ea94956a6a943e6a|ededed4fc0921290,pdf
1710,https://workdrive.zoho.in/file/p7iy5f67b1e3c9bab47e9a5dc108f02292755,,afc7856e9c4ae0e0|bf6a94c76a669094|a6e626e626e606e6,pdf
1711,https://workdrive.zoho.in/file/p7iy53ef47700567d47609922c6d08a6088dd,,ea94956a6b85276a|ba94946bc1c76bc1,pdf
1712,https://workdrive.zoho.in/file/p7iy5f2ff9bbe00f540088a7b3243c515b395,,ee95134e956892b5|ed6d6d6d0d6905c0,pdf
1713,https://workdrive.zoho.in/file/p7iy5159e78f5f91d4c338bee0e1d2ab6461b,,aee43363e6268ccc|bf2e3f6e22e420c4|a73ff034f0f807c0,pdf
1714,https://workdrive.zoho.in/file/p7iy5707c8cf92827496f9d3307f9ee80364a,,9e3e6263b59d94c0|9f856aaa0755546e,pdf
1715,https://workdrive.zoho.in/file/p7iy5ec9a7faa83594a719fad45a38f7c0142,,b31b19f972e0c8c9|edc99c6a23629cc5|a72d8d6a72f298c8,pdf
1716,https://workdrive.zoho.in/file/p7iy580c153ebdd3f4f72a09b82eca857ebc7,,bb95c46a85b56ac4|af3f3f3791c0c0c0|bebcc16363c43c38,pdf
1717,https://workdrive.zoho.in/file/p7iy5a842d29dd64e4691be4a101b0b23c8b7,,be64203e3ce03e3e|e46496cb8b3cb89a|bc2e3c6c3c6c1ccc,pdf
1718,https://workdrive.zoho.in/file/p7iy56cf9efb2eb8e4a97aeeccfeec1c095a2,,fa7a858595b49585|bfc03ec8c03ec03f|bf6094334a9a4bce,pdf
1719,https://workdrive.zoho.in/file/p7iy553fd4d27e72042178d2d097614613762,,be201e8ec1e3e12f|bce33c6c343c233c|be3e3e6261e1c1c1,pdf
1720,https://workdrive.zoho.in/file/p7iy538cd60d5e02b444791e50114885b86a6,,bf66c0e4b3c40dcc,pdf
1721,https://workdrive.zoho.in/file/p7iy511c18b93e5ec44e1bbb4625ee011cc59,,be941a4b946bc547|bc2c3c2c3c6c3e6c,pdf
1722,https://workdrive.zoho.in/file/p7iy5a9947e441b794c8abdc68070e55f0c33,,bd729b3cd08f34c0|bf3f3e90d0c0c1c9|b939c7e3c6c6188c,pdf
1723,https://workdrive.zoho.in/file/p7iy5320b0dde1a804d5383a48b1fecdc7249,,bf1fc1c0e2361f81|bf1dc8e0e8d8d183|ec6a434fbc9093a5,pdf
1724,https://workdrive.zoho.in/file/p7iy527034d7fec224079b65aca0cb3fb0c93,,bf333ac0e4ccec0a|aeb1c69995c591c6|ab6ac4262b4bd4b5,pdf
1725,https://workdrive.zoho.in/file/p7iy5d501140f0037401a85ec4f9c982a74dd,,ba3c942f6bc1c163|ab6bc5941e2a69e1|fac0952e6ad0953e,pdf
1726,https://workdrive.zoho.in/file/6jryn9844d470f9844bbcac1e9a930b13b706,,ef85836a81955ea5|cb39482b2f52b45e|9f1fe8e0c1415d0f,pdf
1727,https://workdrive.zoho.in/file/p7iy5b1bd252ec40648539b13c8376e278195,"https://workdrive.zoho.in/file/j85fx75e79ab7c0a14f80baf65b3875b8db8d,https://workdrive.zoho.in/file/m6u9me186ef4e88344f5f989e5de1fb0bc10c,https://workdrive.zoho.in/file/wdkrc90e7f86ef8d041de8c490dac6d79a8ab",becc603e8f34469c|b838329393c3c7c7,pdf
1728,https://workdrive.zoho.in/file/kjmwp1ec9b015e2124fdf9ef96f2a76f001c1,,9ce3e3141c6b63a3|b996c66996867986|bf6f954ec098c291,pdf
1729,https://workdrive.zoho.in/file/x458289de682e3f5549409b357dc41b2bef71,,9cebe3141ceb6191|bc8bd36c70936c70|bd392987c6c68666,pdf
1730,https://workdrive.zoho.in/file/kdqtxd756736a10f7481d9690658b6d2b06f3,,b30b86e5681cb9f4|a0dce327618bcf1a,pdf
1731,https://workdrive.zoho.in/file/uef6d07ccaa58ee4d4f62ae11991c6122b224,,ea58c4a51e6fd14a|bfe0c91ec00fb4e1|bfe0851ee01fd027,pdf
1732,https://workdrive.zoho.in/file/im5rbe718b5cd490c4f25a7c3704a0bb5def8,,bee2c3e094cf0cc9|bee48466867361e6|be3e3c602ce123e3,pdf
1733,https://workdrive.zoho.in/file/x4582dc970f42d3d24e1bbb07ba1b43a2ee0d,,bf74700fc0c9c8cb|fad10fe8aa2bc00f|bb1b1b91a5e46465,pdf
1734,https://workdrive.zoho.in/file/f9h0v10b5525b1fc14298917c65b133df650c,https://workdrive.zoho.in/file/0nbai89c90e0f4d804b5ab6ec190cbd8e8f11,bfc6380f0e6c872c|be3c9393c2c2c749|8e3e0e3e0e3e0e2e,pdf
1735,https://workdrive.zoho.in/file/wqwyd8456fa7d00e2481090dd9f3b3516f9a9,,c94a6553956bb25a|ab1f1f0327260f59,pdf
1736,https://workdrive.zoho.in/file/tz2iw1ecaf0f6fa4741859005c8acaf1daa54,,d2bdcee2b2c52930|ebb53456157a3425|ae6e7959516e5111,pdf
1737,https://workdrive.zoho.in/file/tz2iw06356d9470be4863960cf7a36eb8604c,,93ce9a2c392cb3a6|bf67c091c7199c19|be2ec79489c2c8e3,pdf
1738,https://workdrive.zoho.in/file/rgn6cc46962c8c8474fa8bb3529784b568a97,"https://workdrive.zoho.in/file/c1j4y7835be6fdb0c41e1ac439b51c1e1ec6a,https://workdrive.zoho.in/file/tq6e2c3fd3f451e1a49ff8649770fac1297e0",fa94956a6a85c3e1|ea851369b46bc13e|ac7c2c7c2c7c247c,pdf
1739,https://workdrive.zoho.in/file/ejk432bc83dd861ad464aaeb83a662910ee50,,e31c947c1a6265de|acc4942cc39bcb9b|8000000000000000,pdf
1740,https://workdrive.zoho.in/file/h18q411db678deb234fafa1d4a5e78281cda3,https://workdrive.zoho.in/file/168gj5ab8f3f71e404909a19245a3d21cedb8,eb07970e0b1b1f4a|af6cf00385fe2585,pdf
1741,https://workdrive.zoho.in/file/h18q4249c0636691e408f966dafe645106c6e,,ab2b95946a68567a|ff66a0809d5968e3|9f952aaa5555a16a,pdf
1742,https://workdrive.zoho.in/file/h18q48a546c8e92994308b565a5609e1eba55,,8f0f0f0f8fc0f0f0|be6cc1c1c23e9c99|bf1fc0cfc6c08dc0,pdf
1743,https://workdrive.zoho.in/file/tz2iw8f5dc38b7cca42c48a89dbea2e911a4d,https://workdrive.zoho.in/file/xww678fe76c04cc304afea5bffbe9b110acbd,ee139305844edbf1|e362736160737b62|e333bf4448bda740,pdf
1744,https://workdrive.zoho.in/file/tjan1bfc36cd85d064896a478836f9520d659,https://workdrive.zoho.in/file/xfzrxe5039606858c4f5ca863ec22a7b5df6e,be31e163846ed89c|be3ec194945b1aca,pdf
1745,https://workdrive.zoho.in/file/c1j4y708707becd374784a3095c1540448f76,https://workdrive.zoho.in/file/c1j4y708707becd374784a3095c1540448f76,b8b32da6932ce623|b89ac7b12f4a99a4|b30d33ceccc6cc26,pdf
1746,https://workdrive.zoho.in/file/c1j4y0213b879a2a74bcabab0c43462b42fb2,,bf94c067c11b9173|fe6a62c5959591c1|eb63941e851db9c1,pdf
1747,https://workdrive.zoho.in/file/tjan10069efb4b7b34665bce07919d125f77c,https://workdrive.zoho.in/file/c1j4y9191e1c41d134136b76ba158f6bb7cdc,a8085f7f388bc17c|fac6843dc5c8b1b1|bf3bc06cc8b6c4c4,pdf
1748,https://workdrive.zoho.in/file/c1j4yf7558f6e6c59487681ee25e692bb59a7,,edd2923944c25b9b|bf67676030707934|abb5d06bc98a8c8d,pdf
1749,https://workdrive.zoho.in/file/c1j4y9e55b84734ec4900b48aef901a8a84ac,,b90ec6b0394e4fb1|e39494e2f0639d0f|af63f09c9c94c13a,pdf
1750,https://workdrive.zoho.in/file/uapvbfca81a4d72eb4e89b70991eed434553c,,b94fc6b0394f85b0|af07f0f0f0e00f0f|bf2ff01bc01991c6,pdf
1751,https://workdrive.zoho.in/file/c1j4yce281c0156924b2dbb19fd6b57cb8653,,f272371519183cb7|e666666666666626|be38c318cb6eca52,pdf
1752,https://workdrive.zoho.in/file/pw6rd3bc777466b374769ba78d71496aacacd,,b94ec6b1394e85b1|8000000000000000|bac08fb1cf959434,pdf
1753,https://workdrive.zoho.in/file/c1j4y57fd711e667d4bcc9919de7281de522d,,b14eceb1394e15b1|afb4f062f09762c2|e39494e2f0639d0f,pdf
1754,https://workdrive.zoho.in/file/c1j4ybc4e1d93c4c3417fbdb76bc58de6f87e,,a0cb9e34d7d1e982|ee3ad0c191562a3f|ee3b956cc48591f0,pdf
1755,https://workdrive.zoho.in/file/c1j4yae0d5087464c456b9737c58d3e52eda1,,bd690f4f612942e6|a60f19726661bce3|ef26916d8d638463,pdf
1756,https://workdrive.zoho.in/file/dixwu49c432741e464229bbfc1448caae2fbe,https://workdrive.zoho.in/file/m6u9meea61b3018f94c4795d13d64b0cdeefa,bc3cc8348ece30cf|b838389293c3c7cf,pdf
1757,https://workdrive.zoho.in/file/tq6e2e61794f5ff3140059f77903fc78f843a,,9cebe3141c6b23b4|fa4a4a7185b595b4|be48c16bc397c1c9,pdf
1758,https://workdrive.zoho.in/file/tq6e246a21a524bf5490b806c5e7e25756f2e,https://workdrive.zoho.in/file/tq6e26170e49e28f04e6dbaf4274e3b8d21ff,e4659b1a65ce3931|be12c75ec164c969|bc3c3c6ecac3c1c1,pdf
1759,https://workdrive.zoho.in/file/tq6e21670d228eb9a4d4ebf42d92b1e3717e7,,bfc0c0371fc0711f|bfc695286039c23f,pdf
1760,https://workdrive.zoho.in/file/h8u2hbfc24ffd1b724a1a9efd72718aa95c24,,ba85631e9d624b3c|bf7ac0850ee0951f|be7e7ac0c0859595,pdf
1761,https://workdrive.zoho.in/file/h8u2he43fe4a9894c474587b4c8dc5ba46222,,9ce3e314146b63e3|bfe1c060851fca1f|bf95c16bd03295c1,pdf
1762,https://workdrive.zoho.in/file/h8u2h29be0f2ba38b419c8bf7180ef9716d18,,be83833ec3c03cf1|bf0fe04fa5c501f0|ea9e8e629c916399,pdf
1763,https://workdrive.zoho.in/file/dixwu94b8631353ac410cb0c8a2747d6e7841,,bf78c0873f70408f|bf856a9095c795d0|bfc1592e2f1ae068,pdf
1764,https://workdrive.zoho.in/file/tq6e2d290140d1de14850ab281f2517baddab,,af6b7a89c8280e67|a566256635663766,pdf
1765,https://workdrive.zoho.in/file/uapvb770e12c78f5348d4ac88f53424819b36,,efa49d0b668cd8e0|bdc3c33d8227c09e|abd8d62794359e81,pdf
1766,https://workdrive.zoho.in/file/tq6e2883255ee97644d3988d168c97df07f56,,94e9eb1614e8eb83|bf37e072c39530e0,pdf
1767,https://workdrive.zoho.in/file/168gj86901840d1d4445b9ee399933b4023e5,,94e9eb1614e86ba3|bf27e0f0e0e0b10f,pdf
1768,https://workdrive.zoho.in/file/168gj8984c18f022c46e4a541b93bafced6e9,,92c7cd6c38ec3487,image
1769,https://workdrive.zoho.in/file/h8u2he53b205af9d34c019f71c1645b1cd65b,,daa5a5c5a54aa55a|be5ad2d2d25ad242|af2f85c48f6e84c4,pdf
1770,https://workdrive.zoho.in/file/168gjc2d324f23b4c44d385364faec64c7fd7,"https://workdrive.zoho.in/file/hfa81cb2e7efb30254fde98cfcc2d4d5b9367,https://workdrive.zoho.in/file/iyhmofa8d4018e98d4f64846fdaad778a7414",a4005bff2f8a90f5|afb6c0d2d14d27c8|bf3fc066ccc8b2c0,pdf
1771,https://workdrive.zoho.in/file/168gj85c3340d7689495f9489d64c4380852b,https://workdrive.zoho.in/file/168gjc47e0cb377c34b438d96600e2c4a0609,94e3e31414e3eba3|bea1f00fc1f00f5a|bfe0878ce00ff00f,pdf
1772,https://workdrive.zoho.in/file/168gj7334b3d155964581847099fabee95b18,,9919e6c61c39e3e2,image
1773,https://workdrive.zoho.in/file/168gjf7ba249b0c084c119c55807c9ab96a8a,,bec3c31ec3e098e1|ee629d62649fc01e|be6391ca6e78a138,pdf
1774,https://workdrive.zoho.in/file/h8u2h6d3b624438464c95bb8af1c85871a32d,,af5f5860c8e0732b|bf87e092e0648f63|af2e2e64e4e4c1c3,pdf
1775,https://workdrive.zoho.in/file/zde0dc098f0a5c9354806ac70abd24096b9e4,,af0fd2604a2f6996|b737373737270280,pdf
1776,https://workdrive.zoho.in/file/tfuwl71cf989dd2284e09833868c424b7fbef,,bf6d9597c1b09068|eb6ac09595959535,pdf
1777,https://workdrive.zoho.in/file/suzm978fe482371a34b5bbc4e9878366a104e,,da2d6d4af0d495d0|ede4926c9364926d|ad92926c929f926d,pdf
1778,https://workdrive.zoho.in/file/e3a7eab8c4b5e2c1b4e1e9f934ff613bc2a65,https://workdrive.zoho.in/file/e3a7eab8c4b5e2c1b4e1e9f934ff613bc2a65,9ce3e3141c6b63a3|bfe0c01f944a95cd|af39d196d4d3c0c1,pdf
1779,https://workdrive.zoho.in/file/m6u9m0489c002f94b4676acbe3c01c93a0a08,"https://workdrive.zoho.in/file/txr0kec987a1656ac4dc9830cc433eded3eac,https://workdrive.zoho.in/file/u95am397024a7e32041f3a0af34fd53bdf54e",fec5a3285c574ca8|bf5580aa6155d1ab|9f762a8b455417aa,pdf
1780,https://workdrive.zoho.in/file/zde0dcb16eeafc0f5439bab78d31ceec73fce,,ee6e99992464535a,pdf
1781,https://workdrive.zoho.in/file/jugh451c87f4c47464a1c80a6e1335d5fe00a,,af78780ff0c097d0|ed921c92926d6c6d|ed6dd29692929296,pdf
1782,https://workdrive.zoho.in/file/xyva73741f832ef8c4582a0c65879153ddac8,"https://workdrive.zoho.in/file/nkuox1b43b6d11f23443782969a5b87feff62,https://workdrive.zoho.in/file/hzqan5b962932ca784f1b811b3d2025733131,https://workdrive.zoho.in/file/hzqan8490fc685c784df1aa9e012d51902233,https://workdrive.zoho.in/file/hzqan806a4fcc43c949a6ae3a9cdeb142ae72,https://workdrive.zoho.in/file/ltgcl2f4af12e63f34dee8845409d82a4d0be,https://workdrive.zoho.in/file/8r5l98ebda355d6bd48e69c26a2a3459ddafd,https://workdrive.zoho.in/file/qe7xu008ac6f05f4a410e95041815f0b963f0,https://workdrive.zoho.in/file/qe7xu86c1fbd53121411abb4b67fc7cd77000",b33333e307cc8ccc,pdf
1783,https://workdrive.zoho.in/file/xyva7a155127340e041c5875a7d5477a9d804,https://workdrive.zoho.in/file/xyva7034089d347044c56ac999556db55dc17,9ce3e3141c6b63e1|ba67c590916cc49f|bfc3c03cc1979478,pdf
1784,https://workdrive.zoho.in/file/m6u9m4768167dce7b4991b8ed002ac91f49f3,"https://workdrive.zoho.in/file/0vc134e436460d71f42359d4891e581f233bb,https://workdrive.zoho.in/file/o7ct85fcae49ffa114e06aa6f9a5b0b67620d,https://workdrive.zoho.in/file/8ydc6fd404d0d26a34d3dacc4142dedc97988,https://workdrive.zoho.in/file/ltgcl315bdb72cf334a3287864ba11eb96698,https://workdrive.zoho.in/file/1j88oedbf407ceddf4097b81a540f4682963a",bf27c0d22f2dc03c,pdf
1785,https://workdrive.zoho.in/file/e3a7ebb50157add6f471f9ff930a1aebbacf6,,94f9e3041cb963e3|fa8485b67849877a|a666c999996a66b2,pdf
1786,https://workdrive.zoho.in/file/zshat70d8f490d3a34ba5a1fb27d3bfab8129,,ee6b99354b62c491,pdf
1787,https://workdrive.zoho.in/file/uapvbdca99ebcc2344e3b85e090e6c9b17382,https://workdrive.zoho.in/file/v75333256fa29a2bd498ab992ed3d8323b124,b37b4e4c619b116c|8000000000000000|bee1481ec13e9669,pdf
1788,https://workdrive.zoho.in/file/oaggoa74835f40320464aac112891f6a433cb,,a805e3de9fa7210e|e66e98929b29cc6c|bec0e03fc185969d,pdf
1789,https://workdrive.zoho.in/file/zshatd5d7a4bc1c8146aabe7951fb6ba76879,,bccfc1649f1c24c3|b838329393c3c7c7,pdf
1790,https://workdrive.zoho.in/file/zg3za0177d8d26188423fba96c8d86150834b,,e6665b9999b52642,pdf
1791,https://workdrive.zoho.in/file/zg3zaeced164eafb445a0aac960cce68d73d3,,eb6d9c9272738960,pdf
1792,https://workdrive.zoho.in/file/v7533894f1790fe34493b884242fbfb4181a0,,bb1de0c833cc3317,image
1793,https://workdrive.zoho.in/file/nkooe0e8631c3fdf74872bcc492c4fbcef5ee,"https://workdrive.zoho.in/file/8r5l92147eb1c2ee84a75bc4e596719098113,https://workdrive.zoho.in/file/qe7xud0ff5519a22c4cddb9b316ac69ad5229",ed6d9212e5cd4c92,pdf
1794,https://workdrive.zoho.in/file/nkooec9e8df1a5f624bea9e601d11b1de7ce3,,bf3b604b0f205b2d|bcbc6c87c063c3c3|bf70629fc10ed087,pdf
1795,https://workdrive.zoho.in/file/nkooeba0456dcad07464fbbc0ef77b52eee02,,ee49833c9e93686a|a764276627662766,pdf
1796,https://workdrive.zoho.in/file/txr0kcfed8d7343844a2fa49c22ab96c5753b,,bf0e6b0f6a60e0c3|bb3be0c4c43e3b09,pdf
1797,https://workdrive.zoho.in/file/txr0k0cf9303144224876a8679656465ac54c,,da4a2f35256f5a0c|872707070f0f0fcf,pdf
1798,https://workdrive.zoho.in/file/jugh41de32f9efb1b4d24860f86b83de33bfe,https://workdrive.zoho.in/file/jugh4a3ba6d12ffcc4f5f87a135d66b13d389,ea6b1d1d6a62469c,pdf
1799,https://workdrive.zoho.in/file/xyva77734caa5086b4ad4baeb6ecb06d19534,,b96ccc394e3433c3,image
1800,https://workdrive.zoho.in/file/jugh460c79a8d96cd4d4d90092c77a9ca00ea,,bf40c417f8bfc680,image
1801,https://workdrive.zoho.in/file/acnqted331ab32eb24ba58b651b2da1e01521,,ee6e66c7c1919191|bf63c16331c341e3|bf6a6a6b368581c1,pdf
1802,https://workdrive.zoho.in/file/acnqta1bdd361512b48cab27129ca08db0014,,b96b9ade86252594|b838c76536c72565,pdf
1803,https://workdrive.zoho.in/file/acnqt06b0d26ffcc04e9c9761efb629eb055b,,eec66ec4842b913b|bf67493ac06a3067|bf856b846a8166e3,pdf
1804,https://workdrive.zoho.in/file/m6u9mfd481f03226340b7b03948850d3bfe30,"https://workdrive.zoho.in/file/du5hqfb573493bbdc48e49aaea31041d3b5ff,https://workdrive.zoho.in/file/0vc13fef6b8a6eb664cac90026812f19b3ad1,https://workdrive.zoho.in/file/0vc13521a6c1e0a6f4da4aac94b3920df42a8,https://workdrive.zoho.in/file/o7ct83507b006b5574f188b24d5b4678a4d3f,https://workdrive.zoho.in/file/o7ct8be9d4a0f3cf9438ab6995f18cf6bcd56,https://workdrive.zoho.in/file/o7ct8e17dbbcded284257bacf23d85d912324,https://workdrive.zoho.in/file/o7ct8a5c91760f0ee42c190e83f19edab6d40,https://workdrive.zoho.in/file/o7ct8d263f62231464011880dc15533b69314,https://workdrive.zoho.in/file/cpg4j0ba542539574406ab9e8897e81b72a12,https://workdrive.zoho.in/file/ltgclcb24724b1bc349278ee416107bb617fd,https://workdrive.zoho.in/file/ltgcl73ff3b6435184b2182be238387ea97cc,https://workdrive.zoho.in/file/tpafi54d077ba95954ee8afc65fc8ef2aa411,https://workdrive.zoho.in/file/1j88o2182a702e79742d997d53f152e80d853,https://workdrive.zoho.in/file/n7cyy8598dbe136634a71a20b5b235c6017b6,https://workdrive.zoho.in/file/zr77md43ef4db7f2342d6b9e2b6d7ab295d10,https://workdrive.zoho.in/file/zr77m9296dd222b554b2eb5aae444e12b27e6",e963969669699c4c,pdf
1805,https://workdrive.zoho.in/file/jugh4de5059b9ee2d46c7af5322ccc342176a,https://workdrive.zoho.in/file/ocdz128b7c382c0434e6b9faff76d035fb0c0,ea6a95946a6ac56a|bab8941bc1c64fc5,pdf
1806,https://workdrive.zoho.in/file/6fmw0cbd3bb45589f420bad5b47323aa4a6fd,,9f4a0f0f4b0f0f0b|be93812e3b926e85|8f0f9f3068c0b43f,pdf
1807,https://workdrive.zoho.in/file/m6u9m842bb8d86f964fec9791d8470c14fa6b,,ca39b526cacad2a5|aa2a2a0a0a020080,pdf
1808,https://workdrive.zoho.in/file/txr0k281e7b6050ff4d51b75badcdc6798187,,b00fcff5120a2ae7|afb1851f956e90c4|ee6cc4c4913f9139,pdf
1809,https://workdrive.zoho.in/file/iyhmo1286822c8b5a4404b4b8728b7158db58,,9cebe3141c6b63a1|bf1ec67992c0c631|af6dc01fd39292e0,pdf
1810,https://workdrive.zoho.in/file/xyva7692ff0acd4224549840618d309ee7941,"https://workdrive.zoho.in/file/82egnfd03a072d9f545f684c635609bc03ebc,https://workdrive.zoho.in/file/ocdz129a6ecdd2f244c759154a7ae7346e7af,https://workdrive.zoho.in/file/3bm7d4399b4453b6e4458bdcc2652481cbfa7",94ebeb14146b61e3|b865e5616565cd61|ba38811ac7b5cd66,pdf
1811,https://workdrive.zoho.in/file/jugh4e4fc30ea8ab440478458d5b4bf6e068d,,867d2c3d38d720c7,image
1812,https://workdrive.zoho.in/file/uapvb7f38c31fb1e448bbb67dc3d5a935fe28,,94ebe314146b63e3|b869e34bc386c7b0|bcb1c1e7c331c338,pdf
1813,https://workdrive.zoho.in/file/iyhmofcd8c3f017d94b92acee0c41ab7b0a36,https://workdrive.zoho.in/file/xyva70ee70d7d08ed44b0a117fac6e0cd8283,a04edff5704a2a2d|bbb4911b941f964a|eb626262c49d9c9d,pdf
1814,https://workdrive.zoho.in/file/uapvb546abc81f53c47e6a3408e8f2e021f37,https://workdrive.zoho.in/file/ncgb40fcbaee8c4a04db2820d1c9d4186d75d,b732c2cd9dc9c81c|bec0c63781a9f13a|bfc9d0c0831ef03e,pdf
1815,https://workdrive.zoho.in/file/xww67b57ef530c70c415c8695635d17960cec,,9d98686764b39b8a|8000000000000000|f08dc352a7783c87,pdf
1816,https://workdrive.zoho.in/file/dixwu53c8c296c6d244e19ccc77bd3c2b58b2,,b70b4a664b4b339c,pdf
1817,https://workdrive.zoho.in/file/dixwub08658e0ba5942f186b8cd16153acec1,,a2405dff3bab00f4|eee0859d956fc01c|bfb3c16dc0c4c4b4,pdf
1818,https://workdrive.zoho.in/file/dixwud46466bf749e4823bea5381c8b5d25ac,,af2ed0316e6e3990,pdf
1819,https://workdrive.zoho.in/file/dixwu6b9120009a43440ea8380b8ed5bd4624,,bb2bc6e4380b13f8,pdf
1820,https://workdrive.zoho.in/file/dixwu7e7f23c3961a401ca1e01419b72c0432,,bdca3c878e680f2c|bc3c3a92c3c3c569|9e1e1e1e1e1e1e1c,pdf
1821,https://workdrive.zoho.in/file/du5hqcfa74aca6bb448fcb8d9ed31d8d45a25,,ed9a9266c8936669|bfc0d03fc726d038|be87c1c99495c0ed,pdf
1822,https://workdrive.zoho.in/file/du5hq6724fdbce0c641c98adcdf9255ac3751,,bf2fc2ca2d2d22c2,pdf
1823,https://workdrive.zoho.in/file/du5hq0fc18b45975242b0a55707da9f5de224,,bb4a6a3d35250dca|8f070f87a5e4f0e4,pdf
1824,https://workdrive.zoho.in/file/er25u84f3a46cffad4aa2bd513749812abace,,bd2ec34b68689783,pdf
1825,https://workdrive.zoho.in/file/xww671ab1e0a0a77b4f819bc7077c57c8c356,,9ce3e3141c636ba3|e4281acb4f8d1bb3|bc36c78fc7d0c0c1,pdf
1826,https://workdrive.zoho.in/file/zde0d90a27c043e6d4cc89fd3f9d85030fe08,,9cebe3161ce823a3|bff2f0e3c494484a|af65c4d2d21a956a,pdf
1827,https://workdrive.zoho.in/file/j85fxec21915fe4d7497eb4f4887bbe2689d9,,bff2f0e3c494484a|af65c4d2d21a956a,pdf
1828,https://workdrive.zoho.in/file/zde0d991fc6cd9f244821ba7ee55d7982190e,https://workdrive.zoho.in/file/zde0dbb52abbe9b4447c49188c5bfbb60e167,eea19392615e9d61|bf26c07ac099e5c6|eb67976960c8f094,pdf
1829,https://workdrive.zoho.in/file/j85fx96316d8a198544f0a9c09cdc1aca510c,,aff2d007213d2dcc|e666666465c99999,pdf
1830,https://workdrive.zoho.in/file/j85fxec856e9f4afc473cb19387cef663aef6,,e63399992366cccc|e6666666a8999999,pdf
1831,https://workdrive.zoho.in/file/j85fx59ea69b6d8ca4f47a9170759e0227de4,,ba3a81c76e6e3191,pdf
1832,https://workdrive.zoho.in/file/jugh4ca1d350f48694650806a99ccb48c8c70,https://workdrive.zoho.in/file/nm45y807cb1f95ab44214b9746bb98eda1899,eb63b69696694948,pdf
1833,https://workdrive.zoho.in/file/jugh427be440efdf344c5b0992885f9fe8eb9,,cb4b2e36b6b66049,pdf
1834,https://workdrive.zoho.in/file/hkx0j8ee716e5e5464c30b8e82c0e3ce2c638,https://workdrive.zoho.in/file/tz2iw5734e43e34914e3f8bbef4025c69cc55,94e9eb1614e86b87|8f078707872f95d8,pdf
1835,https://workdrive.zoho.in/file/m6u9m5fcb5e8fdf3c4511a76d9b65c6ae5d06,,eb99c4629b31b196|e361c9cf8c369634|b6c69c1bc23f6134,pdf
1836,https://workdrive.zoho.in/file/suzm97291cf9717e54a05a3ccdeef016a6976,,eb1c94e263c99636|b3646c33cccc931b|bc963c9e36269968,pdf
1837,https://workdrive.zoho.in/file/xyva70242550162c747368c39dad25ad07f7d,,94ebeb161ce823a3|bf72c4a6f087c119|bf3fc0c0e12b9594,pdf
1838,https://workdrive.zoho.in/file/zi6brac33678fac1846139d21d6a690d89203,,e05934b4d8f39da4|a0b6f760a0f75e88,pdf
1839,https://workdrive.zoho.in/file/mjszo80e60c07b48f4d3b859444835e7c8049,,a68666c7c9399939|b7c9d2849e626933|bf1ec1e0c11e1e1e,pdf
1840,https://workdrive.zoho.in/file/zi6brff85d4f963bf4952a7bfcb71fc02348c,https://workdrive.zoho.in/file/zxv1y7a0c6e8deeb2405ea01eacae67055768,b3f32c2c9333d88c|bf6be00fc094c7e0|bfc4c03fc34f68c0,pdf
1841,https://workdrive.zoho.in/file/zi6br1a2920f106dc4448974f9b9840869c19,,b8679166c399ccd8|ea4f91b197639191|e86897916887c76e,pdf
1842,https://workdrive.zoho.in/file/pcgrwf2906f828bcf4857aebf4e30aefe2d23,,a09f5eb060de97b0,pdf
1843,https://workdrive.zoho.in/file/q0i09b494fc9be1c54309b9b3b0fbd1a25961,,b7639b6660990e36|bfbdc06b81626362|e93861648ece9e96,pdf
1844,https://workdrive.zoho.in/file/gtu1g10a5ef7e349542529344258092f255b9,,b1cecf319b9c84a4|be0fc763e16060f8|aab7c26acb8a8a8d,pdf
1845,https://workdrive.zoho.in/file/x4lgiea7aaec31f2d4448b5912313123a4be6,,d3ada45a54b309b5|e31e0da7251f09cb,pdf
1846,https://workdrive.zoho.in/file/sxemb9be2be2dcceb44a0aa60a99a607ad76e,,fec5a3284c5747a8|bf55a3ab605550aa|9757a8288755f4e8,pdf
1847,https://workdrive.zoho.in/file/sxemb3787e49a85b34d8e81b188d7eb07fb17,,b683da64999f2661|bfe09961c01fc03f|cab5b7b4b24d484a,pdf
1848,https://workdrive.zoho.in/file/sxemb27385227970c47abb2dff78ff6493f51,,cbb5b44b3f964881|af1e95e34bb01a4a|bf5ae0298755149d,pdf
1849,https://workdrive.zoho.in/file/sxembcd2b45736a224f8381c1d2422319a861,,8f0fc07070871f7e|ef6a4f6a4ac8c8e0,pdf
1850,https://workdrive.zoho.in/file/gnb8b4f3403e46ece465cb3009dbb79f72919,,ee2e13333968b568|ee66a5b5684a9299|ee9385c4916a7a95,pdf
1851,https://workdrive.zoho.in/file/gnb8b9462f04a4ffb480ca55e512a6fa3677a,,af7b7a7b90858484|af95c0ad5a859595|bf3fc8c09989c0f4,pdf
1852,https://workdrive.zoho.in/file/gnb8b9af0dcfcc5d946e1a5e10016939fda48,,ba3595cac0e1e16e|ee5ae160b568b4b4|ea3cd04ad14bb54b,pdf
1853,https://workdrive.zoho.in/file/gnb8b208136e8dd3141a89e310e46c7c396f5,,ef4c60739191937c|af61c5639563949c|bfe1c161e03ac03f,pdf
1854,https://workdrive.zoho.in/file/be2ore41b78b130d640dcbaf2897ee59250ec,https://workdrive.zoho.in/file/gnb8b24f4c22fca4b4f48adea82c0e05e1747,e5e8bac241d79a2a|b329cccbc3938c3c|efdb18b415986463,pdf
1855,https://workdrive.zoho.in/file/be2ore59aa5aa4937418ebc81347a5a3da913,,e61b0726d9b0f8e8|ae7e91c1e01f9463|bfb1e03ae44ec0e4,pdf
1856,https://workdrive.zoho.in/file/be2orc1889e0677e04a7a9ee34cd86727484c,,dea4a5d553c30a1d|d68313af013eb9e1,pdf
1857,https://workdrive.zoho.in/file/gnb8b79ab60678d644a978cfc2ec26b14dfef,,fa9c956e6bc103c1|bab89413c1d64bc7,pdf
1858,https://workdrive.zoho.in/file/kkv2zee1aa02884eb472f91faf6ebfdb5d50b,,beccc0308f9e38c7|bc3c9c9363699c1c,pdf
1859,https://workdrive.zoho.in/file/gnb8b2ff89bfc47d3476c81e505a9fcaf7483,,c90244adff5f03a5|d500550055005500|bee30d36c3947261,pdf
1860,https://workdrive.zoho.in/file/zi6br68ad513397d04980a19da0e57ed6c4bb,,857afa85057a7ab0|bf25e09292d89b0f|af4b94f0f026b01f,pdf
1861,https://workdrive.zoho.in/file/c1j4y8511cd0507274ddd854ff2f717da2963,,b83cc99463e6999c|b9d3692c966c962c|bc38c386b6c3c3c3,pdf
1862,https://workdrive.zoho.in/file/c1j4y14d9ae077d514d50bc1682e4526afcd5,,dbf0a4cdc826b067|cb9bacb6d849a189,pdf
1863,https://workdrive.zoho.in/file/gnb8b44fa760e34394286aed64d1c695323b1,,94ebeb1414eb63a2|bba4c43b3a85947a|bb4f94e0c53ac513,pdf
1864,https://workdrive.zoho.in/file/kkv2z8d6fe66629fd42edab9bcd6c1c04f4c5,,dbf025d90d367027|db992cb6585e2159,pdf
1865,https://workdrive.zoho.in/file/sxembfd3a9fcf76e8494d8e1cb6e0459a53e5,,a00fdff5560a28e5|afb1c59d952ac294|bf959163c063c56c,pdf
1866,https://workdrive.zoho.in/file/40j8ac2c6c1eda26b461eb973e084cb451eb7,,ab846af0d9879e8a,image
1867,https://workdrive.zoho.in/file/40j8a3b658a61bece41a19198925c79326172,,eb709e86616bda84|9764abab475544aa|d774a9aa075455aa,pdf
1868,https://workdrive.zoho.in/file/ojjbq767fec94552647b1bbdfb0e3c58ee9d0,,9cebe3161ce92383|af35e06295959396|af2fc4c1d11b68e4,pdf
1869,https://workdrive.zoho.in/file/77r61f317e8a02e23482292241633032bd36d,,94e9eb171ce823a3|bff087f08f27c0c0|bf3fe0619c1e84e0,pdf
1870,https://workdrive.zoho.in/file/zu51zd1f38bbe3dbe45878fc1154ffb81435e,https://workdrive.zoho.in/file/ojjbq6fca5949f42c4ea785f6c352accdcbb2,94e3e31414eb63e3|bfb2d0e29167680b|bf80f0f0e01f831f,pdf
1871,https://workdrive.zoho.in/file/zu51z392cc86eb5eb408f8b8c999dbae64657,,beb6c1589949853d|fec68131853dc34d|bed2e18cc16b9638,pdf
1872,https://workdrive.zoho.in/file/fdt9e83c1e7046f9c40848bae4a27ed50ac57,,bf76c4c1e04e1e68,pdf
1873,https://workdrive.zoho.in/file/c1j4yf1c535341c7c4a24b970f6936cfcc7e7,,8fe0e01fe01ff0c3|af81d0778178c46f|ab82d079d478d4f4,pdf
1874,https://workdrive.zoho.in/file/u95am0a22906f15224fff9ce4175b8ff1b6a2,,bfb5950b940d895a|bf6cd0c1c4b5c1c3|ae799196d185c4c7,pdf
1875,https://workdrive.zoho.in/file/fdt9e5163b2d30d284bb8b167126f93705106,,f82d6c79a1782596|fa52857aa1969ca9|b434342ccccdcbcb,pdf
1876,https://workdrive.zoho.in/file/u95am3f0d34d38ece4d9a9bcad7703cbc1431,,b0ba7f4e82b11c33|8000000000000000|b27a7876c295cc83,pdf
1877,https://workdrive.zoho.in/file/u95am4e13baa5cd664b93a0dde3356948b9d7,,f868476734b485c7,pdf
1878,https://workdrive.zoho.in/file/zu51zf93ceb2b7d9e4c0d89587ee150cbc449,,afd47a8dc1621de0|ff00000000000000|b72d33c6d8c2c869,pdf
1879,https://workdrive.zoho.in/file/u95am6cc0b2e0b3f84007b43e995b3f1faed8,,eb709e86616bda84|cc93b36a5b14956a|f746a9aa475445aa,pdf
1880,https://workdrive.zoho.in/file/u95am744da3af775740ddacde4a47fead80df,,e1969e69aa88175d|bfc794c5c131c86a|bf4bc196c16a9499,pdf
1881,https://workdrive.zoho.in/file/u95ambabe9bb5cd8f4c4e93e8f3adbc0a85ec,,fa7a1a0f85a585c5|bf6e941e62918467|bb6e2ec0e0cbd107,pdf
1882,https://workdrive.zoho.in/file/u95am3f4e39486e4846eeb0e1da086d87df66,,fa0e37364a70c5b1|fa31b531a569964a|a222222222222222,pdf
1883,https://workdrive.zoho.in/file/u95am524ed65a7e58423fb2783feebd88b91f,,956bea94156b1a9a|af2fc72fd0c0d0d0|ad2dfc01d2d2d2d2,pdf
1884,https://workdrive.zoho.in/file/pz3gw7a5bdd0fb71144acb44bebfb8aa6b5e5,,946aeb94146a6be3|be60c1e4c11f6e4b|be6a8595c13fd061,pdf
1885,https://workdrive.zoho.in/file/pz3gwa885db52ca16497189ee21cf4f0976b4,"https://workdrive.zoho.in/file/x3dyz14df5cfb291a4542869f1406ff10ab5c,https://workdrive.zoho.in/file/8ydc6cf058083853641e6bca0506e62e151e2",c0c0af3fbf61491c|8028ff86ff88fe80|a03ec509cfc79738,pdf
1886,https://workdrive.zoho.in/file/u95am70482f107dc44bbb93f2308f515a2fe2,,946aeb94146a6be3|946aeb94146a6be3,pdf
1887,https://workdrive.zoho.in/file/pz3gwfee34b7d8c194deda73f54a3b30acb2a,,946beb94146a6ba3|bf6ee0b1c048c6ce|bac0879fc07ae472,pdf
1888,https://workdrive.zoho.in/file/xboj66a21843e46e14b56b6c016db22c180ea,,bc3c3c9cc3e36161|e666666666666664,pdf
1889,https://workdrive.zoho.in/file/iyeqt7b55729f8e724125bdc678adc97e710f,,9fe0530f33cc33c8,image
1890,https://workdrive.zoho.in/file/iyeqt64bf84aef3d540b88281a4a768891d0c,,eb1e37324a69c5c1|ea49b4b4c772854b,pdf
1891,https://workdrive.zoho.in/file/iyeqt9d2d362c59f94e9aa272345b8b23d00b,,eb1e1632b54ac9b1|a222222222222222,pdf
1892,https://workdrive.zoho.in/file/qe7xubb8ccfc4a4c14a0bae2a8442f9a6546e,,a63b196a661b99e2,pdf
1893,https://workdrive.zoho.in/file/qe7xu6d319e60ab2f4150b2f7491a4bae9d16,,af3e7a6a6a2b2380|bf072e3068bce01f|aca691d9d3c3646c,pdf
1894,https://workdrive.zoho.in/file/iyeqtf3763601bcbe4d39bae96207705f7a57,"https://workdrive.zoho.in/file/p1sjs91335750e252423991bb886fa05a8af8,https://workdrive.zoho.in/file/rvdm59adb28d8f2114e9db268428422de4d66",b2338b9bcb9c2c4c|be62c319c09f989d|be6cc34fc133e290,pdf
1895,https://workdrive.zoho.in/file/iyeqtb1c88d95bede4bda9f2ff7b0b9702398,,fa4e36364a7885b1|eaa5b570957a4949,pdf
1896,https://workdrive.zoho.in/file/82egn12c34c0d4f554909b74d9b13f6b4bf91,"https://workdrive.zoho.in/file/jzztx14465d9ef9874a83a0fad7703f15e8cd,https://workdrive.zoho.in/file/1x1sbe12e651d6a784223ac8f1fa6864d85a2,https://workdrive.zoho.in/file/krxhv56536747edbb4ad6a9ea9783b311abff,https://workdrive.zoho.in/file/zotk87b7ab4dee1c14ac9ae70e590c23810af,https://workdrive.zoho.in/file/jzztx9135df02ee3f46498e526ab5ee8d2d51,https://workdrive.zoho.in/file/q0i099fd6c95e924a4a2095d135c82fbd54bd,https://workdrive.zoho.in/file/e3a7e2ee4aadd6f9a45dda5f94afa9a9e2d18,https://workdrive.zoho.in/file/z1hra54ffa569cf2f419f96890efe2d8c42f0,https://workdrive.zoho.in/file/vt5o1f61bfaf2b48c49c7a00e391db512c11c,https://workdrive.zoho.in/file/v8ybofd3b58943e16484bb8680bad929c0a0f,https://workdrive.zoho.in/file/hfa816ac041e5410c411ba5a265bf1e9975b9,https://workdrive.zoho.in/file/zshat6cbbe208d67d4511a1bfd02c35a94213,https://workdrive.zoho.in/file/q0i09ab14b81ae2b74e8f9198069fdc8a2da9,https://workdrive.zoho.in/file/zshat795077fb1a5b4962be1d2a5e3fa4633b,https://workdrive.zoho.in/file/q5ix5aa7efce0a4fc4e58a9161e400f009d08,https://workdrive.zoho.in/file/tz2iw26614814ff1f410e8aba8e3dd50d2b43,https://workdrive.zoho.in/file/qq0vw539d3eb7d46c4216be4dcbd2fcaa3018",a69964c699669b71|bf6fc8194cf090a5|9e32e1e3f15ce0a1,pdf
1897,https://workdrive.zoho.in/file/82egn14929cb3872e41af907da99f057a1c9a,,8f0f0f0f0f0f0b0f|be99810c3fb24e27|8f0f977268c0b41f,pdf
1898,https://workdrive.zoho.in/file/82egnfa46b6a7c4c048dcb7817202cf5b4439,,bff0c24a916fc292|bf6bc0c794919568|aec0c0b79766c539,pdf
1899,https://workdrive.zoho.in/file/pw6rd81813da706074354ace240b53acd63d0,,96b16babb14654ca|b3cccd339833cc8c|bf2fc0b0c4d8c4c7,pdf
1900,https://workdrive.zoho.in/file/82egnd8884c65f0254ff6ba7b3782d28197b7,,be6760cccf9d8031|ba25c5c78f1891f1|be7ac0cc8d999193,pdf
1901,https://workdrive.zoho.in/file/pw6rd504a38135ea9459eadfd801fc7025f9f,,afb18509943f9b4a|eeb99586d087944e|eeb0c00f956c95c7,pdf
1902,https://workdrive.zoho.in/file/8ydc67a57f1f106b9422d970318d3c6e7cd04,,af93936cd8c86c92|bc3c9639c292946f|ee6b4b9194b4b494,pdf
1903,https://workdrive.zoho.in/file/xww67f8bb8dfeeba2495598a45d6b76289904,,9ce3e3141c6363e3|bf67c091c7199c19|be2ec79489c2c8e3,pdf
1904,https://workdrive.zoho.in/file/82egnd4a669ef29bb4704b86be8736d95c5e6,,cbb4b44a5d946a69|eb999466909c631f|e363949c94656b9a,pdf
1905,https://workdrive.zoho.in/file/82egn8344ffc6f9bc491baa30c0e5c7a79d94,,94e9eb1614e96b83|b838c785c5cf9932,pdf
1906,https://workdrive.zoho.in/file/82egnaaae81cabd62425e8a7ad230a6492042,,9f1f1e1c7860e1e1|e796986187196997|8f7887707894f02f,pdf
1907,https://workdrive.zoho.in/file/pw6rd1f3232ff6dc448ada9ff1e9beae636f6,,9ce3e3141c6363e3|afb4940b961ac787|fecb851d8170c49e,pdf
1908,https://workdrive.zoho.in/file/xkzlt5708bb30f11449bcaf1e0e5b57dbd017,,9cebe3141c6b22b6|fa4a4a9485b595b5|bf68d097c38fc068,pdf
1909,https://workdrive.zoho.in/file/e5w44dee2f0e7bb4b4175b2ca9c6131d4791d,,8e1ef1e10e1cf0e3,pdf
1910,https://workdrive.zoho.in/file/pw6rdac3f4f5136464345abd4c027ff5330ea,,ec1393e42f1364ec|afad78d0d0d0d0ce|bf6a687a387ac460,pdf
1911,https://workdrive.zoho.in/file/2bmyq2383fa7ba50d44859f8bdc89a96553e3,https://workdrive.zoho.in/file/rj234542bd59805dd4fbe84d2b1f3058ce813,b84116be58cfc1bc|8000000000000000|e39c4996493c437d,pdf
1912,https://workdrive.zoho.in/file/e5w44e02eb3d27a604952b94c1763bcc03e7a,,f746a9aa475445aa|9f1faba8f05454a8,pdf
1913,https://workdrive.zoho.in/file/e5w44bff60a7b3e9149f1a1cd9b411576cad4,,8e0cf0e1779f70e0,image
1914,https://workdrive.zoho.in/file/e5w44d5af4d676b2e4941996d7a2d5baf4021,,eb26b45b4966e491|fb7b7b5919818484,pdf
1915,https://workdrive.zoho.in/file/xkzltb832f602a1d04e51afa49f2961afdaf8,,d3da619c4ad3b461|ebe2480b34dc1db5,pdf
1916,https://workdrive.zoho.in/file/v6hjg8918f8f720bb48adbff0ecb76be23734,,85faba95e9059616|fa4aca4284b5b5b5|bbb18686cb4bc586,pdf
1917,https://workdrive.zoho.in/file/8ydc6d67d770e2f764f1e83d4867305b631a8,,bb68c49768683f83|bfc0c0d03f2fc0dc|af2f6e0771c381d0,pdf
1918,https://workdrive.zoho.in/file/1etqy7f0c7c2f21eb4d3c8d84797613f2b4dd,,bef0931e9c38c1c3|af7285c4d08dd03f|bfc6c071f03a941d,pdf
1919,https://workdrive.zoho.in/file/v6hjgefcf366a57434aa6911adaceb8c0ffdb,,857afa85017a34fa|fa4a4a9485b595b5|bf68d097c38fc068,pdf
1920,https://workdrive.zoho.in/file/pw6rda103c451b6334169aa3267d2d8af4ba9,,af3f85c5178fc0c0|bf3f6ae0848585c5,pdf
1921,https://workdrive.zoho.in/file/82egnbc7ac08217ee4f6ba60a17935bec079d,,af2f2a6232362b69,pdf
1922,https://workdrive.zoho.in/file/xkzlt62ece228b24941bd855dbd67c1801697,,dcd5a22f15e26ac2|bac0c43fc0d63bca|e2905d9514ff6a62,pdf
1923,https://workdrive.zoho.in/file/o7ct8cba9152cfbf1426cb89b0ccc7bbea196,,eab295c969976168|8000000000000000|b6e1481ec13e9769,pdf
1924,https://workdrive.zoho.in/file/o7ct8440533b8759945abbe197c4a475c38b2,,b44dc3343ccbc276|8000000000000000|b32f0ccc3333cccc,pdf
1925,https://workdrive.zoho.in/file/o7ct80f078187eafc41e9a0667ae588f8fcb8,,ae2f5b6b64d091c4,pdf
1926,https://workdrive.zoho.in/file/cpg4j997bc8662df342f1b73ddb3051867536,https://workdrive.zoho.in/file/cpg4ja3196e4c5c4440dba63020f0e468903d,9f1f87e0e0e0e01f|8f0f8f97170f4ac0,pdf
1927,https://workdrive.zoho.in/file/cpg4je6a7e36dc62b49259074c46324fb0bac,,8778f88705787ad8|ca2cb479a56a91da|da36b42da47aa51a,pdf
1928,https://workdrive.zoho.in/file/cpg4j06f6765539be48aab9ce1f402324a77f,,ae2e3b5b1b2b2464,pdf
1929,https://workdrive.zoho.in/file/cpg4je92c3dcbbd4a4292a13b81c240e3f9a2,,ee95c10f1e07616e|afc68387253f9584|bf070b0f9707852e,pdf
1930,https://workdrive.zoho.in/file/o7ct8f0808801743e4d3486a5197c1b836d69,https://workdrive.zoho.in/file/82egn735cc67fa407453d88fb398498c1ed4c,86abcb918b956665|bf2fc16a3e94c0e0|e2688d96959df063,pdf
1931,https://workdrive.zoho.in/file/cpg4ja98949b3e33c447e9974cbf4cd25db47,,a766c88d999d6662|ae3b9b648493d4e4|ae2c2c6c9bc393c3,pdf
1932,https://workdrive.zoho.in/file/xkzlt0661f21b556e46ad8dde65989253e68a,,afb5c44b9f4a91c0|ee4e91919f90d1a3|bf87c03ad0cc956c,pdf
1933,https://workdrive.zoho.in/file/82egnf7990d327d7e468c9e86cd8d4bea07c2,"https://workdrive.zoho.in/file/balhu61e0004efb7e4b90aefaa6bfafb1fa4d,https://workdrive.zoho.in/file/rvdm599d790fcb233479d84e3886b1be5ba3b",9e1ac1e5e5361ad8|bf3ee0e09b9dc00c|fad0852f68782f85,pdf
1934,https://workdrive.zoho.in/file/o7ct86a08ecf4109a4a3ab0c24d9628c7b3c7,,9cebe3141c6b61b4|fa4aca7ac085b5a5|be36363ec1c9c1c1,pdf
1935,https://workdrive.zoho.in/file/o7ct818614b1cdccd4e7394896792543aed54,,9ce3e3141c6b63a3|bf6ac085843bd1b5|be3ec38125c5c7d0,pdf
1936,https://workdrive.zoho.in/file/cpg4jf8cbf89db9674330ab03da8f3e9b364e,https://workdrive.zoho.in/file/ocdz1e78541ef155644d485a7c5768322df65,b457cbb83c474718|bf60c0e2e1a3958f|bf2f3f6061e021cc,pdf
1937,https://workdrive.zoho.in/file/cpg4j157c4401e00e4632a7674a8b1c27fa42,,9cebe3141c6963e2|f82daf65a761c160|f844e3708f9f8073,pdf
1938,https://workdrive.zoho.in/file/hkx0j347c060fb6f648ec8aa29313fffb5fd8,,a6ffda8061aebe00|a370d0d9d9b394cc|afc6d03dc03bd0d4,pdf
1939,https://workdrive.zoho.in/file/wdkrcd5182e6c3824420cae046cfee8ef97b7,"https://workdrive.zoho.in/file/40j8a1ee1d7b84c3a44aeb91010520338bc74,https://workdrive.zoho.in/file/jrc3zf49cf4bd406946eb820fb2e34d54b13e,https://workdrive.zoho.in/file/dixwuefd2318d66fb48fb919341d126a629f9,https://workdrive.zoho.in/file/h8u2h5868380363754e6b900c2537604e225f,https://workdrive.zoho.in/file/er25u62c8ff6c4f4448759a6483c36355ca3c,https://workdrive.zoho.in/file/c1j4yab91de80cee84990a9f019ae8f43a9dd,https://workdrive.zoho.in/file/40j8a1ee1d7b84c3a44aeb91010520338bc74",9fb478b04a958f4a|fac8a532c91eb1a5|be3d85c85a852778,pdf
1940,https://workdrive.zoho.in/file/2wk8f29111f13649344a78ae98dddd5ad511b,,fa4aca4284b5b5b5|bbb18686cb4bc586|bed4c068913ec74b,pdf
1941,https://workdrive.zoho.in/file/1j88o33583186860d41f08bd573a245cdb181,,8f6bf0e38fc087c0|bd2dc31fc2cb90d0|be3fcdc9c9c060e0,pdf
1942,https://workdrive.zoho.in/file/1j88o1b872f254b3648f4820c7460e57eb458,https://workdrive.zoho.in/file/ufqv74b3919df333b465ea4b884c8ce604ded,f667199998e2a585|bc0f07070fc6e3d8|bcc9e338c6629cc6,pdf
1943,https://workdrive.zoho.in/file/v6hjgcfa4c3f7c2e64f8d8f704fffbbe718f1,,ab96d66990866b95|af2fd2c2c06f92d0|af32d0cb903d37c4,pdf
1944,https://workdrive.zoho.in/file/1j88o4cc66a7644d04d2a9c8121ecfd4e32d0,,b3cce0f1cc33c932|be6895467a99c4c6|bf37c42ef04aa0b4,pdf
1945,https://workdrive.zoho.in/file/0j2r53756063d246f4ba1b25ea8e2dc66842a,https://workdrive.zoho.in/file/tpafi412978f0b3e6495ab2dc216bdabe6204,ba2fc7f4d0c1d098|a76868c6969d9933|ba3a3a3ab4c8c5c5,pdf
1946,https://workdrive.zoho.in/file/2wk8fcdb8af39bbbd4c15811c58aaebc7b065,,ec69333439696cc3|a828282828282828,pdf
1947,https://workdrive.zoho.in/file/1j88of4efe294ae6a4dee827091ef22693b96,,87587d1290fffc80|87b77f8200fbde00,pdf
1948,https://workdrive.zoho.in/file/v6hjg06abcaab135343b6b123acd37324ccbc,https://workdrive.zoho.in/file/vt5o179afeb73cdbc40a48407763f5eec38e2,bf84c278adb590ca|e79899669a99662c|bfe01f2fc01fc0d0,pdf
1949,https://workdrive.zoho.in/file/1j88oe97165d83f6749cfb735cbd7aa0b0bc2,https://workdrive.zoho.in/file/tpafi9d6993c9c6734a609f962454b3a432c6,bf2f85c19595c1e0|eb1c88729c8db34b|bec12f18852fd03e,pdf
1950,https://workdrive.zoho.in/file/k8yew77d243f0ab014a98b333fd7deeb15bef,https://workdrive.zoho.in/file/k8yew5431032b67b4471cb6cb140b4220fef2,c03bbf80403b3fae|ee7bb92db9a4800a|ae6e40c1b93b37c2,pdf
1951,https://workdrive.zoho.in/file/k8yew9855a28b29f045389e9d00a436fb1af6,,e3709e86617bda84|bf07c0f067073e61,pdf
1952,https://workdrive.zoho.in/file/tpafi6f6e6e81f2b447afbc9514d15c699044,,c907b7fcc80d0736,pdf
1953,https://workdrive.zoho.in/file/tpafif91ff834fd224866b326dd7e326df24b,,ad69d292eded1212,pdf
1954,https://workdrive.zoho.in/file/1etqyaff470a27bd34a669b7ae1faf1686e60,,b66258d89df0a5a5|9e98a1c625cea4e7|9ac63931c639c7c6,pdf
1955,https://workdrive.zoho.in/file/hzqancf8c9b5dbf4f4f2784e106813e6def1f,,bc3c3c9ec3e16161|e565656565656564,pdf
1956,https://workdrive.zoho.in/file/balhu95b412f28ebd4103b9e6115e9f882ac7,,922c3bccc3cbc669,image
1957,https://workdrive.zoho.in/file/3lg88a032abc6e9884398b183e2ddd5ce2db2,,ee6a9691293e166a|9f1f1f8fc1c0e0e0,pdf
1958,https://workdrive.zoho.in/file/pw6rd2809c3f3f54043e79af7d91888ba9f40,"https://workdrive.zoho.in/file/pj5ce79e90b577a084f589ff5a425e2108813,https://workdrive.zoho.in/file/zu51z7da4b5c0338c49df9b6090eb7da5b35e,https://workdrive.zoho.in/file/bwtg73475c9158640407da547e276dac8eb98,https://workdrive.zoho.in/file/gsg5we8d092948c3f4aa9ac1946a4e34a60d6,https://workdrive.zoho.in/file/hcuw644db98be17c94c4990d2b9a53a54f142,https://workdrive.zoho.in/file/2bmyqaee53637cb924b10be6d4c47230f8f7b,https://workdrive.zoho.in/file/gsg5w862d7b4393bb437db261e789a3c4024e,https://workdrive.zoho.in/file/jod1zf14a08d391114251b9d502d0f946ba4b,https://workdrive.zoho.in/file/xboj66b493aa8e30949a49c399ef7afb7e7fe,https://workdrive.zoho.in/file/xboj669ac6551ab3647978ce84c616162fefa,https://workdrive.zoho.in/file/xboj660b736d62b594d20b943de9bdf6ee7b7,https://workdrive.zoho.in/file/qe7xua0259462d7174d3698762746dbfea044,https://workdrive.zoho.in/file/hv58seb4093c5a2ac4b09a994cfe1bdb2a9db,https://workdrive.zoho.in/file/u9pf7b43cce0ff37641deabc918e4ff722805,https://workdrive.zoho.in/file/at1bv3b46687c40244a848842558fdcb5ebd9,https://workdrive.zoho.in/file/hcuw6b53305fc035447d6b6e1ce67930fa4c9,https://workdrive.zoho.in/file/xboj658ae8a52d96045cd9d1dea4065f41b23,https://workdrive.zoho.in/file/u9kbr0865d30d589a4e6fa06af4ff7e930794,https://workdrive.zoho.in/file/2lzjf5006fec8f6dc470cb75cd8078150716a,https://workdrive.zoho.in/file/u9pf70f9e08aa99864df196940eab1b6ae713,https://workdrive.zoho.in/file/jxur36dde09a9214745808efc4a5e9f843487,https://workdrive.zoho.in/file/6j1r6761e6d1d76bf422c8cd4b3397709bbdb,https://workdrive.zoho.in/file/1yce0cea701d17f45468e950ddf302e834317",ffcd2090523bc51e|9f9f8750f0e0f0e0|9f3f9f51e0c0e0e0,pdf
1959,https://workdrive.zoho.in/file/3lg88a269b30c8b81444e98a7babff995e13a,,ed92386d9269c738|bc3c9cc3616d9c1c,pdf
1960,https://workdrive.zoho.in/file/3lg88c863462b78f942d38138b5af3c00f3aa,,bec11b1ec14ec19e|9fc04307383fc3f8|b70fc0c20f61cd37,pdf
1961,https://workdrive.zoho.in/file/ocdz142d66fb7dbc64d37bcac3fb56beed5b2,"https://workdrive.zoho.in/file/ocdz1e8f60c27269f47788143333e34c0654f,https://workdrive.zoho.in/file/ocdz1f11e9591d342429b8965db9701f7cc84",eb9690496b9d5171|b7e14c1ec11796c9|f9608794318fce39,pdf
1962,https://workdrive.zoho.in/file/1x1sbbb35d7bfb29840a5afc5e5483bed9001,,ad292929dcd6d2d2|ad25d29a2d61d29e,pdf
1963,https://workdrive.zoho.in/file/1x1sb736072f722f04831a86bb0f2a195ea31,,85c47237cd5b3c34,pdf
1964,https://workdrive.zoho.in/file/1x1sba50c421d3c5546ae883bd29b30d83e4a,,e732c50ddec99889|fa5384acc75ac41d|ba6a613cc5c3c395,pdf
1965,https://workdrive.zoho.in/file/wtnfrd29e87d584864cd0ab43e7e879ce2de1,,b89cc7c3918cc778|b839c76ec194954b|b83fc360c79297c1,pdf
1966,https://workdrive.zoho.in/file/1x1sbbb45717b96c749299b30bd2b4f154428,"https://workdrive.zoho.in/file/wtnfrac95cd27819d44b0b7cc7d467ff892c0,https://workdrive.zoho.in/file/knuq191c6f57ce9b64bc6b8ccd70cdbed0fba",bf5ee019a0ec5ce0|e69939669179c6a1|bc3ec3c163c3d09a,pdf
1967,https://workdrive.zoho.in/file/1x1sbfd0f87333a054db3acb9c8116ad570d3,,9514eafad50dc5c1|cc0c1393a7e5e4da,pdf
1968,https://workdrive.zoho.in/file/wtnfr67affb29fdaf4c7ca9869e832bf2679f,,be8dc56ac172c19c|be37c53fc14c8981|eb3c94e1d11f87c0,pdf
1969,https://workdrive.zoho.in/file/1x1sbbd70929613fc43618957befb6dad0b69,,be3ec16bd19494c1|bf78c099918fb438|bf6fc078c087d087,pdf
1970,https://workdrive.zoho.in/file/ocdz1a1bc048aa05b43e5ac4dbc7925d34383,,8f4f0f0f070f4723|be3f81c02f91916e|8f87706f070f4af0,pdf
1971,https://workdrive.zoho.in/file/ocdz10b91ebe9d6574dbc862d3af8794e6592,,be90c363bc1d6295|bf6820692ce361e7|bfed336921e4c160,pdf
1972,https://workdrive.zoho.in/file/ocdz13aaf973398744ef1b02274d8d73d3c05,,cb44545629e99b97|e9b5c71b3c81461b|bc63435c47ce417c,pdf
1973,https://workdrive.zoho.in/file/ocdz15a4057c5e62746958efa55f064a47131,,ee6e139193b1b4c4|faa45391e062bc57|bf3de0c09d0fc191,pdf
1974,https://workdrive.zoho.in/file/us2t72e582fdb094e49c8bd611838bd3f3cd1,"https://workdrive.zoho.in/file/ocdz1f5e803eaf8d34b6e947c3c0280444e44,https://workdrive.zoho.in/file/balhu3e63cd6884534f4e99a861a4008e6294",bf2ec03f31c49790,pdf
1975,https://workdrive.zoho.in/file/ocdz1e9ad3eb7e012470986c204c888c63c11,,8f8bf0823f39c9a4|bfbc213db41982d4|bfa424bdb01dc2c6,pdf
1976,https://workdrive.zoho.in/file/ocdz10e234e9bfb2c4bbd8b9c2900625e7778,,ea94956b85e1856b|ee6e47c01e4eb461|be1e1e1e1e1e1616,pdf
1977,https://workdrive.zoho.in/file/ocdz112a4cc1706694076bc7f8c309908d5b9,,cb373425354a7b4a|a36623662fc60fc6,pdf
1978,https://workdrive.zoho.in/file/ocdz1ba4fdb386c204f578d37186aa93f8da6,,af48b48c4f275257|b9e01cd91f26701f,pdf
1979,https://workdrive.zoho.in/file/ocdz19e5ef61b66ef447a9b9346aef94e7250,,eb6a346b4b9594d0|cb250a6ba572b46b|ee6a2e6a8ec185c5,pdf
1980,https://workdrive.zoho.in/file/ocdz11edecded50b54441aa523460cd00f8c6,,bc3c1cc3c3c3e361|bc3c1ec3c3c3c362|bc3c3ec3c3c3c390,pdf
1981,https://workdrive.zoho.in/file/ocdz15275125efc524b49809fd1bfdbc96c4d,,951e1f8ccc896e63|85f263f86b1c0e63,pdf
1982,https://workdrive.zoho.in/file/us2t7bf67e5266c1341a1bb7068131f4a3009,,b8868bd2c7e4362d|e99385da87a486cb|a18b8f658f9e61c2,pdf
1983,https://workdrive.zoho.in/file/ocdz1988e3e75b96849c8ad265cf696ecec7b,,ee97916c6291ad26|d547aaa8d555a8aa|cc4ca3b3959595a3,pdf
1984,https://workdrive.zoho.in/file/us2t76f6e05119d374d168e6254b97af4aa52,,f8cbc33c95883e70|bf2fc13e5ad1c0c0|e2489db5b54c626b,pdf
1985,https://workdrive.zoho.in/file/us2t7146c89a9d7d747eab6f646e2d98f8074,,af2f878784e1a46a|bf2f6ee0a49195c0,pdf
1986,https://workdrive.zoho.in/file/us2t7f2a1d3241a0140e589c4cf12387b8edb,,eb46951fc0b4c363|83fcfc073f00f807|e27ac98587a5987a,pdf
1987,https://workdrive.zoho.in/file/us2t79b6c86b217e64a5fb9b630d6ac49cd9f,,b88787389b694fc8|bc30c33fc2c23d8d|b89ec761c34cc792,pdf
1988,https://workdrive.zoho.in/file/3lg884e139e7237a3433a9bcc30f08dd38e1f,,bf4a4835353e6a4a|bf3e3f2e3f4080c0,pdf
1989,https://workdrive.zoho.in/file/us2t77ac6ac8975954e25abd86550c3b1d88f,,da6ba198d0dda562|a7169c69d0f1c996,pdf
1990,https://workdrive.zoho.in/file/us2t7222a6aada80747fa9f5d0a13ad8bac17,,bcce3c3c8e3c069c|b838339383c3c7c7,pdf
1991,https://workdrive.zoho.in/file/3lg88a9f96fcb5e544f619ccfe037c57d9c8b,https://workdrive.zoho.in/file/qkmh60865acf3cd944101a45f42913912bdbb,bc3c3c0ac3c3c3e3|be32637a1e7061d8,pdf
1992,https://workdrive.zoho.in/file/vx7qw989f5187b16e46d7b4ff82bea6b4d349,,8f4af05a0ff0f00f|8000000000000000|e6989729d9264a3b,pdf
1993,https://workdrive.zoho.in/file/vx7qw93bcbcac0d2447ae9ec667aad7977520,,9f1f1fe0e0e0601f|9f2f1f2b170b1582|8f0f95f060e0f03f,pdf
1994,https://workdrive.zoho.in/file/vx7qwed380da7674448e9b8ab713fd94af6d3,,bb6ec41bcec1c00f,image
1995,https://workdrive.zoho.in/file/vx7qw0d8fb92f9677447280198d2ff23e5d36,,af2f3f9390d0704c|9f68306b706f23e1|bc8783c7c3698764,pdf
1996,https://workdrive.zoho.in/file/knuq14031b4e637e44e01ab58fd73fb28a769,https://workdrive.zoho.in/file/vx7qw0e3c97a28a7b492da61593a5b8153a2e,ebcd52969962c52c|896d4e4ed312c739|b1f16a4ac8974b5c,pdf
1997,https://workdrive.zoho.in/file/vx7qwa15cbf4f3f984d64b4d761732c470bb2,,bf3fc2603fc19091,pdf
1998,https://workdrive.zoho.in/file/knuq15a695954a74640dfbdc8021211d6938a,,af2b6e6a2f078684,pdf
1999,https://workdrive.zoho.in/file/vx7qw477fe557fdb24aaca2d1490d57093286,,e86712174d3c177a|fa3f05d0103d6f4a|b83847c73637471c,pdf
2000,https://workdrive.zoho.in/file/knuq1b4b6a79bc906483e885a7547ffdb73b8,,bb3b2fc4c4cc1c1a,pdf
2001,https://workdrive.zoho.in/file/vx7qwe280e00c8349447c9a5b886fdb7517f9,,a1075e7e74a0a29f|b89c65698dac63b2|a5188f659b669b92,pdf
2002,https://workdrive.zoho.in/file/knuq1bda83d54ab244aba859c8807f4c6a4e6,,be94946fc1c1c16b|be3e849a6b69c192,pdf
2003,https://workdrive.zoho.in/file/knuq1d5c2410d38a2487c8f46a72fd97e4009,,b71f4a609b2e93e0|a564ce6661991dce,pdf
2004,https://workdrive.zoho.in/file/knuq175a1a18647414990bbc7ad969878ec80,,bf2b6b6bc0c19494|af87e087d01e946e|bf2ed86eb494c091,pdf
2005,https://workdrive.zoho.in/file/knuq1a983364cc5a54e45ba46f4726ce50374,,f8473c3547784734|fe37056705366315|fa6a151f41694753,pdf
2006,https://workdrive.zoho.in/file/vx7qwec72fbad8ae649f69a0632faee5d04a9,,cf5ae099968d96a4|8000000000000000|9ca3e1183e0fb5e1,pdf
2007,https://workdrive.zoho.in/file/knuq1a69510722f894992b6d50c5286ff1737,https://workdrive.zoho.in/file/0fhvi5297286dd4284ce3bf830c02cd235009,aff4c0c2d23dc22d|bfc33c3cc23cc234|b3340dcbc38bcc36,pdf
2008,https://workdrive.zoho.in/file/flilt8d678dff7fc741b7b51ab590144d1872,,b30d5c734c685b66|b58f608ece718f60|a727272727272785,pdf
2009,https://workdrive.zoho.in/file/flilt44e84f77bf4146a8b601409007bf3b43,,8f0fe7f0e0f0901b|ee2e37b4b484ce48|ef879960e4d0916d,pdf
2010,https://workdrive.zoho.in/file/flilt4cc2512e86cd4e23b748ab7bdc724b33,"https://workdrive.zoho.in/file/tpafif26c5a8efeba4e67b80fc119e429a477,https://workdrive.zoho.in/file/v6hjge0c0e9c2eae24ca8b69ce3e2d68ecdb6,https://workdrive.zoho.in/file/zu51z4ee271ba7a4f4d05a7e266091f2608aa,https://workdrive.zoho.in/file/f9h0v04ad4f6627c04c21984e18831f1dfec5,https://workdrive.zoho.in/file/j6b7549c35a0f60b54b77a3b7e8257415c4fb,https://workdrive.zoho.in/file/1x1sb75c3ff3fdaa3463e89d29bc90b4aabc9,https://workdrive.zoho.in/file/uapvbf1b768f6e8b743d3a7913fb8f2d3b555,https://workdrive.zoho.in/file/ottdw486f3e38c83642ca8de51dfcd17c55c0,https://workdrive.zoho.in/file/ltgcl63cd90000d16495f98a7526af7078dd6,https://workdrive.zoho.in/file/hfa81b467716624ae4097b632dc3baf292156,https://workdrive.zoho.in/file/z1hrabbd824c7ea2a467cad3f33e4491deb95,https://workdrive.zoho.in/file/hfa819461f356b6d544b1a301f3ec02be4243,https://workdrive.zoho.in/file/hfa81f28ec3044e524391b591e64b749ff9ad,https://workdrive.zoho.in/file/zshat50f77f9401d6439082213917e831f638,https://workdrive.zoho.in/file/uapvb6232a8f693f24670969bcfbf23c1c80b,https://workdrive.zoho.in/file/hfa818fe8a7cac8c44efca8042c19627a2e3e,https://workdrive.zoho.in/file/hfa81d7c205339c6a47c09f41cd5c2930ef5d,https://workdrive.zoho.in/file/zu51ze0e77253d97842bfaf9785a960b6a753,https://workdrive.zoho.in/file/stxep19ff7ef8313b44759d9c0951ce2aff32,https://workdrive.zoho.in/file/n7cyy145a6124fb4243518f2029a056facf34,https://workdrive.zoho.in/file/w878l5cd85499060447a8a5953b62dc2c4e47,https://workdrive.zoho.in/file/f9h0v0bbc829b9aa94559bd611f2ea955d314,https://workdrive.zoho.in/file/hcuw6a68d0ebf0353490f9c8717a3c821b071,https://workdrive.zoho.in/file/pgrno850cb893d1c14e2db8de19fd247c8d89,https://workdrive.zoho.in/file/pgrno8b238ca12e2a49de972659618405a21d,https://workdrive.zoho.in/file/oaggo602e072b2b51437e869179fb144c59e0,https://workdrive.zoho.in/file/8yand6e2dd95e2e01496885d9eaf9863436b0,https://workdrive.zoho.in/file/oaggo084c260c57834f7bac54296d6880f074,https://workdrive.zoho.in/file/iyhmo724338d860f24d8483e8a14d46b63819",fafac484a5e44a1b|af3fc48490b3c2e5|a639796699998699,pdf
2011,https://workdrive.zoho.in/file/fliltbadc61d715794ab28c7444af53a4e54c,,da4fbdb08585c0ce|be98d169e16cc638|be96e169c4869369,pdf
2012,https://workdrive.zoho.in/file/flilt131d8ceb284a47efa97654a9db926659,,bb2f8e92c4f0d2e0|f522752a752a752a,pdf
2013,https://workdrive.zoho.in/file/balhu968495332c8b4f87a8d73cddd55b279b,,e84736364f784734|bf2754154525153f|bf17543c4547056b,pdf
2014,https://workdrive.zoho.in/file/fliltb351e789f3574008848eeef1aff75f14,,c0699896bf89bb94|8000800080008000|c049b6b6b5696b91,pdf
2015,https://workdrive.zoho.in/file/fliltd3b53f73ec4745eea1d95321b4da5a85,,bc38c3c33c3cc369|be66d173c09195cc|bf4ac46bc1e5c1b0,pdf
2016,https://workdrive.zoho.in/file/ocdz125b4a0fb8e6c4b5a80b83bbbc83e04be,,e8471b3c4738437d|b1314ece4633731b|ba3f40903d3a1a3f,pdf
2017,https://workdrive.zoho.in/file/balhu9920059e8d454a08b2ff54c6b26ad0b5,,af1f0f262b0be491|a493648c9b6d9b71|ac24d39b9bd96464,pdf
2018,https://workdrive.zoho.in/file/ahy2rb4f4b7db0db040c9b354b2d6a84c4dac,,a51f9b64e1b1c4d2|bf2be0fce0961e40|b5646432d89b9bc9,pdf
2019,https://workdrive.zoho.in/file/flilt07463dc4c0d4443ba964e8311cb57181,,ea83d48595708f7a|e69259986667994d|bccf6019c7709f30,pdf
2020,https://workdrive.zoho.in/file/ahy2rd997cf2527424f4b8eed1439fb4711ee,,ca6a355a56352f4a|da4ab5b5a2a69549|bf3e2fe2e0e09484,pdf
2021,https://workdrive.zoho.in/file/us2t7be51a9e994f04660830a8a391cc1f860,,9ce3e3141c6b63e1|be4e8532c494c76b|fa30b996c6acc6c1,pdf
2022,https://workdrive.zoho.in/file/vx7qw6755f4e558b44bd5ad2b2f56ac3d2bcf,,94ebe314146b63e3|bf2bc25ac163c11e|fe8d61c3c160947e,pdf
2023,https://workdrive.zoho.in/file/knuq164b9d9ae3271496ca2726cfa9993a282,,9ce3e3141c6b63e1|bf63c093c18ccec5|be9fc035c16a61c5,pdf
2024,https://workdrive.zoho.in/file/knuq12e9a2a24903348c8b3e7a7246b8ebbfb,,9ce3e3141c6363e3|bf6ac096c13dc24b|bf80c02b6b95c43f,pdf
2025,https://workdrive.zoho.in/file/knuq1f0a0fb17786844b292ed395e5411bca9,,9ce3e3141c6b63e1|be9cc48dc163c06f|be3dc56ac1629195,pdf
2026,https://workdrive.zoho.in/file/balhu54ed65af6b854389a3c3c69d9333c1dc,,9ce3e31c1c6363e1|e83a962597cac5c3|ef85907b854e92c6,pdf
2027,https://workdrive.zoho.in/file/1x1sbf8fdacef078145e39a2be9c9c8816497,,9cb2e34c14b269ed|e93696cd6a718526|bd664d4f46604373,pdf
2028,https://workdrive.zoho.in/file/hzqan0b5dbdbf0b254716903791f828d3e324,,ee1991c666992e39,pdf
2029,https://workdrive.zoho.in/file/ocdz124b4a84c540a4ca9a27851d7fed6f2bd,,98e5e71818e567a3|bf60e0b5d09dc899|fa0fc570955ac585,pdf
2030,https://workdrive.zoho.in/file/bwuchf285862723124d2eac7c3e2646897782,,da6a363569497296|ceb56ab5806ab54a|ca2db593b54a4aa5,pdf
2031,https://workdrive.zoho.in/file/1etqy33f59b65bddf4f3880773407bb39713e,,fa4eb1a14c5bd0f0|fdc28cd4a13cc639,pdf
2032,https://workdrive.zoho.in/file/xww676ed779d51e544f2a8acb8026e161bc83,,f555d94564989b2a|b57160249ece9e71|fe2e29d140aeee50,pdf
2033,https://workdrive.zoho.in/file/xww670a85e2f9f235426f8ca96929a770d0e4,,b355dd51738c8932|b766624b99499c66|bc38476fc14e91c6,pdf
2034,https://workdrive.zoho.in/file/xww67e40403b039284fc48263e4e2881cd52c,"https://workdrive.zoho.in/file/er25u33b33723a69846b2b7b2be9a01cdf9d8,https://workdrive.zoho.in/file/hwc47ac2a3561d7be42e98f4b7f109694006a,https://workdrive.zoho.in/file/zu51z6c41347db1144aefbc1275d56e43922f,https://workdrive.zoho.in/file/xkzlt7cb869d188ce46e795eea886a865ce18,https://workdrive.zoho.in/file/h8u2h7c418304bb4643c98908f82882b65d4b,https://workdrive.zoho.in/file/dixwu58d3909e94ec46609c797c45f50c66a5,https://workdrive.zoho.in/file/tfuwl4af41baf75c143ab977a5e03896775a2,https://workdrive.zoho.in/file/zde0d1ce745933f294e64bbf3ca7e0c6a4c90,https://workdrive.zoho.in/file/hwc47ac2a3561d7be42e98f4b7f109694006a,https://workdrive.zoho.in/file/er25u33b33723a69846b2b7b2be9a01cdf9d8",e6595b6699268699|be6e6ac1d0948d3c|be61e3c6c34ec039,pdf
2035,https://workdrive.zoho.in/file/bwuchb74c5198f5dc45aba321edf39b23ee1a,,8b436343617af82f,pdf
2036,https://workdrive.zoho.in/file/tpafi3c79afd39322473094ec66c249cba8ac,https://workdrive.zoho.in/file/tpafi7795e31b78424b6ba3090e82d0076c82,bc3c43c3177c686c,pdf
2037,https://workdrive.zoho.in/file/bwuchb6a62a358ac14a7e833cad5be0ee746d,,dad8659669b4b461|bfc8e13648e924b5,pdf
2038,https://workdrive.zoho.in/file/bwuch8fabc45160fe429d947de9af2c857043,,bf37356fc0c04a98|eb716b2e948e9461|bec0c12f1ed1613e,pdf
2039,https://workdrive.zoho.in/file/0j2r58fa7c1ba33d14a898a79ce1abd996364,,ad2e9b05647a1be4,pdf
2040,https://workdrive.zoho.in/file/wue3r11a5916672784b31a7df90c1f1797ee5,,af6c9093926e692d|af6ac0951fc06a2f|a6278d262f0f2727,pdf
2041,https://workdrive.zoho.in/file/wue3ra1d3cd218c4a49d38897abdb257e9a29,,bed09e2f612cc9e0|ba7a94b585358d4a|bf7ac9c13594c0d2,pdf
2042,https://workdrive.zoho.in/file/hfa81a0082d9b07f74eba8d2d043d0ba05bf8,,c2bdbd4602b96ce4|ee999164d0669b5a|fec6c43cb1959189,pdf
2043,https://workdrive.zoho.in/file/tpafi173ed8bb6c5c4fc894d94b7483fdf216,,823dbdc2023d6dbc|ee999164d0669b5a|fec6c43cb1959189,pdf
2044,https://workdrive.zoho.in/file/tpafid9f91d358a6945a2800c6cac39311b5a,,be60c1b749c99e98|fa2e857e819e8538|fa7ac185876e6a81,pdf
2045,https://workdrive.zoho.in/file/tpafiac7a4c40bdcf4ae3929a666c76990960,,bb3eb1d4c46262e2|b389cc33c666cc27|b346cd27cc89ce23,pdf
2046,https://workdrive.zoho.in/file/tpafi3a8a1ac89c6a4472ba198381a769eb88,,bed29e2b21acc9e0|ea3e34c58595b54a|cb4b4ba9b4b4b416,pdf
2047,https://workdrive.zoho.in/file/bwuch0ee0ed0aa9f246fd88fae1566ee99208,,bf6d8090527fada0|bb4fc6b0c021c797|bbd1c464c43b7097,pdf
2048,https://workdrive.zoho.in/file/wue3rc6b070dec5b44005b15a611370d55147,,bf917b856ac0c46a|ea6a6a7b93919191,pdf
2049,https://workdrive.zoho.in/file/hfa81d499ee81e4254db4be7bceecd54b7eb6,https://workdrive.zoho.in/file/wue3r1dee772431544e6c9c2714d2350d3bc0,ea97916367189867|bf87c048d0b4c5e7|bd3d3d68c2c2c2c3,pdf
2050,https://workdrive.zoho.in/file/wue3r9a510a58995e4f6fa424175ef0085eda,,9768e897f886866c,pdf
2051,https://workdrive.zoho.in/file/wue3r88447a5d581647109533d155fedd06d5,,ab2b2e3636322bc9,pdf
2052,https://workdrive.zoho.in/file/wue3r36f9c66a294b45d2a8a98488f6d12546,https://workdrive.zoho.in/file/hkx0j6496168fc7bd48c9b87ce93fee9f93dd,af2fc0949c7860f6|a666276627662766,pdf
2053,https://workdrive.zoho.in/file/wue3r9722b670226a4e33a02dd1bbb46c08c9,,b838974c6d8f0e4b|ee6c991a996cc1e1|e6dcd183d1e1c11b,pdf
2054,https://workdrive.zoho.in/file/wue3r1e869f6dbdbf4d289a37d9aba18353c8,"https://workdrive.zoho.in/file/1ytdaa057e47e0f9a4580bb406577480657dd,https://workdrive.zoho.in/file/0vc134cb67a4a5818457aa41efd91d7afb091,https://workdrive.zoho.in/file/nw8j41e72478eacd342a19474f698ab6af42f,https://workdrive.zoho.in/file/g25gob0511b53aacd45858d3fbb5521983ea1,https://workdrive.zoho.in/file/g25gob0511b53aacd45858d3fbb5521983ea1,https://workdrive.zoho.in/file/1x1sb275fedb1fe3e4e7584b988f24013c1b8,https://workdrive.zoho.in/file/8ydc60105ebddf49c45129000ba23dbdfd9e5,https://workdrive.zoho.in/file/fdt9ed66363f45ca04a08bdc6f8e27c629a16",e3ccc9329e989666|bf1b61e0b49c23e1|9e336062e1c7c1dd,pdf
2055,https://workdrive.zoho.in/file/wue3r92bce991a24c464cb8c49b89c6e59e2a,,bf2f85c59784c1e0|fb6c846235c43367|bec527ec8567802e,pdf
2056,https://workdrive.zoho.in/file/wue3r7feb6f6db9564e848b54982c4f555920,,fe1ba3ab9cc4c0c4|9f1fababc444c4c4,pdf
2057,https://workdrive.zoho.in/file/wue3r3322262009594a579d52f1e97679f63f,https://workdrive.zoho.in/file/hzqand8b06f922365482f8b0eaab75c74a466,84bb45a49ba47bc9|bfc03cbf40bc43d0|baa5258c45b347da,pdf
2058,https://workdrive.zoho.in/file/wue3r53a756011f91449da0f5e4842677166c,,8648c957f4c39f38|8000000000000000|a76c296cf20fd883,pdf
2059,https://workdrive.zoho.in/file/wue3r3c0f2dba720c402193eb530862680326,,bf333280e2ccec0f|eeb1c69985cc91c6|9b5ac4226b4fc4b5,pdf
2060,https://workdrive.zoho.in/file/hzqancd1bcfbc2a7542c599bb3ddef119c83f,,82bdfd02027d6db4|bf36d0cbc1d0e4c4|bf6adab4c098c487,pdf
2061,https://workdrive.zoho.in/file/hzqan08bc43e405a748d78d79c0b45da59329,,82bcfd03027c3de5|be4f85b5c5306a34|be6fc594c3619087,pdf
2062,https://workdrive.zoho.in/file/zr77me1f7ff372de247c89eeb92d91ee6e07c,,bfcad83e262cc065|bf2fc1c2676692c0,pdf
2063,https://workdrive.zoho.in/file/0j2r511475f38806d4f599111a3899ff25744,,ee6ee7628680853e,pdf
2064,https://workdrive.zoho.in/file/hzqanc35842cc965c42ea88f572163aba4035,,b63f3f1f1e90c0c0|bac53aa1568de239|ae2e8dd153638d8c,pdf
2065,https://workdrive.zoho.in/file/1j88o10e0a2f764bb46baaf3cabf69b5e2972,https://workdrive.zoho.in/file/1j88o10e0a2f764bb46baaf3cabf69b5e2972,bb5a86644a5a69d5|b73f3f3f270480c0,pdf
2066,https://workdrive.zoho.in/file/v6hjge1a17edff27942c5a3377bbe47510256,,ab1e94616a1ee995,pdf
2067,https://workdrive.zoho.in/file/v6hjg2afcaf3192a3432d8bdf53577de24a66,,af60848ff07b708d|bd25c31dc29fd0d0|bf3fc9c1c030329b,pdf
2068,https://workdrive.zoho.in/file/v6hjg14b63f1750a54a279aae050c4e93bbe5,,bee3609cc39c98c3|bce1c31cc3c399c3|bc62c31e3cd8c33c,pdf
2069,https://workdrive.zoho.in/file/wdkrc1f24f8c4c7254269853cea97832640e0,,bec2203e8f70c73c|bc38389293c3c76d,pdf
2070,https://workdrive.zoho.in/file/v6hjgdb3a1106ece74592bef712928b0468e8,,bb3e499487638699|ad93936993926d92|bc3c08c696b68cfc,pdf
2071,https://workdrive.zoho.in/file/g25go700f3a64a5384db9bd877d74384cb2d8,"https://workdrive.zoho.in/file/zu51z75d7d507f8364587b3263bae07b60f40,https://workdrive.zoho.in/file/tz2iw6df23beff1674631bc85bb2035e49ec5",c8fb38a6521f1d43|bf6ec0cd91b1c2e0|e69964c699669b61,pdf
2072,https://workdrive.zoho.in/file/v6hjg95a70582eff74aa4b1ea745f8bbea39f,,aa3b4206bffd8542,image
2073,https://workdrive.zoho.in/file/v6hjgf05b089a4a3c4ceab508405117fc1d95,,bbdcd03b27426817|a9913bed9312e51a|e676949c6a6894b6,pdf
2074,https://workdrive.zoho.in/file/k8yewbd410f48d1d44f729b9ed0c653cd9fe7,,fb3aa4e44a3a3a46,pdf
2075,https://workdrive.zoho.in/file/v6hjgc12ee2efb5914e83a22ffba92c4aea92,,d12ab5d12e358ae5|b23c33cbcd938c34|e6c519c61d2f063b,pdf
2076,https://workdrive.zoho.in/file/k8yewf5fe372a35a04ee191ef8217ba8aff91,,a89af069dc4bb638|b3968cccd333c86c|ec9a929a916d9393,pdf
2077,https://workdrive.zoho.in/file/rznjh0736ea076e8842f7a977ab9ed774a0fd,,ca36364ac195ce5d|ca2d6d4a969696d2|f67676765058d888,pdf
2078,https://workdrive.zoho.in/file/tpafid795c30dfda74ab3bcd221ba6477819b,,ab15d5102bffd490|ea3fbf0048ff9210,pdf
2079,https://workdrive.zoho.in/file/xyy4kb653991df39c49a5a069b897492d78f9,,af7a5b7b818584a4|bf1fd0b58fc06032,pdf
2080,https://workdrive.zoho.in/file/qkmh60131243072be41a882d8aca76cb84895,,8f17602f1f6be026,pdf
2081,https://workdrive.zoho.in/file/lwpx07666170f1ca4434092b6d227aaeb2bb4,,bfc2959dc14c6a68|af5eb540948573f0|bf22c094c33b3cb3,pdf
2082,https://workdrive.zoho.in/file/ywb26e364b787f934413184db4611ef2f4b6b,,b87a47c7253cbcc0,pdf
2083,https://workdrive.zoho.in/file/lwpx0e33920b846d64affaa4d455e201c0cae,,9f9767f0e061854a|ee9936c991669926|abd4d4c90f2b8639,pdf
2084,https://workdrive.zoho.in/file/ywb26edd4c720cd7f45f7bd2a942117037262,,fa7a856117a5a5c2,pdf
2085,https://workdrive.zoho.in/file/ywb260419479448c84db18c35eaacbdb3ef6b,,ac397b7be16c9810|cc5be0e0d26cc31f,pdf
2086,https://workdrive.zoho.in/file/ywb26214cdeb62e8749fcbd2132b26fb96b85,,b86ced9292c7863a,pdf
2087,https://workdrive.zoho.in/file/pu62ra9aa6e7cb5ba4302b4fd688ce23be237,,bfc0c037943f0a2f|a72707c685d83979,pdf
2088,https://workdrive.zoho.in/file/bc7yne7237e71b0104cdf83f6a9f2cdf2efb2,,be6f5a1a6a65a481|9e9d50a55ea152cd,pdf
2089,https://workdrive.zoho.in/file/pu62r049be6eedcaf43ca878aaf90d5262aff,,bf819d2b1f81c0e6|bf2eb4c836c3c03a|bec01fc19b33c03e,pdf
2090,https://workdrive.zoho.in/file/ncgb44e57631f07a44e9bbf86567d8388414c,,bf7a6a49959581c1|bf6361c9c8786266|bf9c62e1c162c167,pdf
2091,https://workdrive.zoho.in/file/bc7yn268ea90e7c5b41f19e874a5d246cd588,,eab514a413da96cb|bf23170f441f462b|d95b53525a5212be,pdf
2092,https://workdrive.zoho.in/file/ywb269839d9c537af41a7ad7bb015dd7529f8,,aff2394eb289c4a1|bf6a6a6a4b8c94e0|bb6a4b43156ec495,pdf
2093,https://workdrive.zoho.in/file/ncgb48dcc9f191abf4fb7af5b5af3d840abeb,,bcc3603c9e60c79e|bc6c83979738686c,pdf
2094,https://workdrive.zoho.in/file/ncgb428643e78c3a84fdda2fe74a2e7e30a0d,,ea6a95952f6ac04e|bb6bc584941e2b69,pdf
2095,https://workdrive.zoho.in/file/6ldvi15838b5a69d949e3833e2b6c0416bc30,,96a9ca1669659a9b,image
2096,https://workdrive.zoho.in/file/6ldvi4bed57b8d1d049e1888d078cd44fc29b,,eb9295a59a6ac790|bb6bc584941e2b69,pdf
2097,https://workdrive.zoho.in/file/6ldvi003dacdac93e4c05bc773e2a1937104c,,ba3a1f0f68e185c5|ab8787070707c7d6,pdf
2098,https://workdrive.zoho.in/file/6ldvi738cd04bbb83448c92430a84a0ab1ec8,,ee7a5ac785858585|e66694959cc99999,pdf
2099,https://workdrive.zoho.in/file/0nbaiaa1aa66b5fe341fd8d0a54381ebb0cae,,bf85b07ad0d294c6|af43e0c33c7b78c0|bc623c623e623f62,pdf
2100,https://workdrive.zoho.in/file/0nbaif4667961023348739fe6356404dd0efa,,bab1a56ae86a9496|fa9595918535956a|fa33859ec568c54a,pdf
2101,https://workdrive.zoho.in/file/3bm7d1210a4b12d6a461e84c5f21e8e236ad5,,f9338786876a1939|e32f4a271e1c1727|a9692f6f07870713,pdf
2102,https://workdrive.zoho.in/file/x3dyz21b257daa4084c18ba9c0509404773b7,,c8c9b33ccc63339c|c88fb764c8331f4c|c89fb360dc33515c,pdf
2103,https://workdrive.zoho.in/file/x3dyzf572e17f5dbd489eb2d28aa72c58e514,,be62d06ed4958d68|bac4853ec9856b5a|bf3ec0c4e1093ec3,pdf
2104,https://workdrive.zoho.in/file/hvmuf84dd2a7bf4044b2a91d9ab25d8336cc8,,bf10151434aeb4bf|bffad085609a44d9|ee6a119595956666,pdf
2105,https://workdrive.zoho.in/file/hvmuf066aab4e1aad43bf902218c73c83e0b7,,be94c163c79c9073|bf96c0c58518796b|be31c7c4db19f060,pdf
2106,https://workdrive.zoho.in/file/rj234ce60b17a0dbd488198198b3b3ec17ff3,,bfe4f4e0850f9548|af0f2f862f8426e4,pdf
2107,https://workdrive.zoho.in/file/hvmuf2b4080a719c34a7185ff3617c8e39638,,ab6ab3b7106a6a91|af2fd2d22d2cc2c2,pdf
2108,https://workdrive.zoho.in/file/rj23497e20ddfde7444d1aa5cb0df89fcb2f4,,ee1e812d94639f58|eb6b949c9894949d|8000000000000000,pdf
2109,https://workdrive.zoho.in/file/rj2347a6be09610f846b79f39ab87cadfa29b,,afa5800f8f4e9bc4|a79ed890c861d2d7|af4f958687c0c497,pdf
2110,https://workdrive.zoho.in/file/py0o884ceed855eb94cb692a2d8500817b6de,,bf6a6e4bc0b59481|b7cb19f0d03c436a|bf36e09c18e3263c,pdf
2111,https://workdrive.zoho.in/file/rj234d75b6c3bc7e949feafb9268f47444d12,,8f3df09300b10f6f|be238387c1ce58c7|9f1fc3c10f0fc381,pdf
2112,https://workdrive.zoho.in/file/thbd6edd2c628f63d4cfea0da747c4facb054,,bcc3973cc39e610c|9f0962cee6f0301f|be1d631f26c3e2c0,pdf
2113,https://workdrive.zoho.in/file/thbd6021c57718abb44d3836485a676ced9af,,bf2fc39cc19491e0|e969973286973196|e86a926d91b55aca,pdf
2114,https://workdrive.zoho.in/file/thbd68bb432f0e6144fc2a3e81283bec1ae6c,,bf74e0074f94d861|bf3ec1e53248949a|fa36c1c995c3b4c1,pdf
2115,https://workdrive.zoho.in/file/thbd6b8fa7d93feea4a08bab5ff1378a16b82,,9f74f00fc0c9c87a|f165878e8e6a68e1|af54d42a8aaae6c5,pdf
2116,https://workdrive.zoho.in/file/thbd60fc193a7d3aa47229521be868ec58da7,,b4c996b443b092ef|e969a9b44a4b96b4|ec649192999b999b,pdf
2117,https://workdrive.zoho.in/file/thbd6b6919e4a8d514cdfbe73f1bf78d216ad,,82fdfd0202fd6ca4|bf3c9168c06b6bc2|be94c43fc16ac1d2,pdf
2118,https://workdrive.zoho.in/file/thbd6777d00198c4d41f2bb72001dda32e703,,82edfd0212ed65b1|bf9fc06ac06a911b|bf6ac06bc08bc16b,pdf
2119,https://workdrive.zoho.in/file/thbd62ecceaf580bc4e5ebab9dda521ca66b3,,ce4666cc33ac22bb|ad4e443343695b6b|ce36b54b4e15312b,pdf
2120,https://workdrive.zoho.in/file/0clnu49a356f8d039416c95aa34296f8c31f7,,eb65b51f8585c0e8|ee6c9397cc689093|bed0c06ec33bc199,pdf
2121,https://workdrive.zoho.in/file/0clnu3f8651bdae8f444a991c01d0fb619122,,c03bbfc0003b6fec|eeb5b1c2c44dc998|eed1c552b52d9035,pdf
2122,https://workdrive.zoho.in/file/m8szh8752155988f14ebc8e5726a46e0bdead,,ed6c909393916d6c|e3958c6a8f976294|ab6bc484953b6bc8,pdf
2123,https://workdrive.zoho.in/file/i63n51653267ca91e4ae99163d7c4259dc05a,"https://workdrive.zoho.in/file/rvdm5158e96f97eaf4e5d81602455760c47ab,https://workdrive.zoho.in/file/xfzrxef4723b733c346f38067318c36b35ff6,https://workdrive.zoho.in/file/p1sjs13c5c7aceb0642aaa5789da5aec3149c",82fdfd0202fd7ca0|be33c16ac46bc48d|ea94956a6a95e25a,pdf
2124,https://workdrive.zoho.in/file/m8szh5311f3c17f444242821bcbf6065cbfcb,,ebb4b4b591a4946a|ea3395959125976c|ea48953695956a6e,pdf
2125,https://workdrive.zoho.in/file/i63n5e2c4025766ad4d0588e43160ce2b60cb,,fa6a6a8595958595|b434cb2fc08a3bd3|8f0f1f1ff0e0e0e0,pdf
2126,https://workdrive.zoho.in/file/0clnue6fcd61291d44f25838ca130ed4c86b0,,af2f3f939190704c|9ff0e00fe01cf01f|bc3ec23497869179,pdf
2127,https://workdrive.zoho.in/file/thbd638be4cad33384c86a70d31303d694c50,,97747e0fc0f8c883|9f05c03ef038aece|b715cc0fcae8e8e0,pdf
2128,https://workdrive.zoho.in/file/i63n56622536e80fd4d309137f6b7ef95fe61,,be3e1e9cc1e16161|ac92c36c9e93699c,pdf
2129,https://workdrive.zoho.in/file/i63n53fad7b4c3c0d4373af06c2ca1a5d669c,,cd90d087c7973696,image
2130,https://workdrive.zoho.in/file/i63n5728909fcd423484dbd81da9a4dc4d8eb,,ff6ad8c18585092f|9f1f9c6a63c1030f,pdf
2131,https://workdrive.zoho.in/file/i63n58bf66dc10f714889bb97841287fcde60,,bf2dc03bd29acac0|bb2b62e0601e9f95,pdf
2132,https://workdrive.zoho.in/file/i63n5d118b72bcb364e1fa2f54e4561d998fc,,ea950c6a956ccb95|e564ce9b9b993064,pdf
2133,https://workdrive.zoho.in/file/i63n507ded38d3eeb4a9a9faa53b6095f94e3,,a332c899f622b6dc|b733232b49c9c9c9|a3cc9966f6983626,pdf
2134,https://workdrive.zoho.in/file/i63n50ace70edd0984ea7bdc31d0e57bd3768,,be6a439481958f2f|8f0f0f8585851f2f,pdf
2135,https://workdrive.zoho.in/file/i63n506b565a60dcf4fd08816a2c3ba3606c0,,f82d6869b9782696|fa9681968739953c|fe5aa1c3c6a1c13c,pdf
2136,https://workdrive.zoho.in/file/p1sjsfa8762be71194a11a9a84767164b39f3,,8f6e0f1f421f030f|bc87873c872938c7|8f0f8f87070f0bca,pdf
2137,https://workdrive.zoho.in/file/mg60a4e8c44666ad64decb426c7702d981eff,,fa6a6a9595858595|bd30c33fc08e9393|8f0f0f0f0f0f0f0e,pdf
2138,https://workdrive.zoho.in/file/mg60a7bd1242ac3de4ee6880c9935a581d180,,b7d5c1814f162b17|be00c99dc394e6cd|bfd5c192c991e8c1,pdf
2139,https://workdrive.zoho.in/file/mg60a27afcdf2ab1d4fbcaa3b9bc900d9257b,,bc38381cc7c3c3e3|bc33633c3c31e199,pdf
2140,https://workdrive.zoho.in/file/qkmh60055b942b9e3449e88d1a9d219dc8c0f,,906fef90006f3db8|a922e01ffee204fc|a50dc9d8f43635d1,pdf
2141,https://workdrive.zoho.in/file/qkmh6bd3e059ef2a945ca85f24bf1fdd47a7b,,bfb5859f900b906a|bf6ec085c091957b|bdd6c2c2c2ccc46b,pdf
2142,https://workdrive.zoho.in/file/qkmh6e2711c0edc0d47b8a38711ea9bd26f16,,b1338e8ec6393939|eb840b7b966b9407|b33371712b0f8ccc,pdf
2143,https://workdrive.zoho.in/file/mg60a07fabe5624b94cb1a937560b7a77fc43,,af8fe0823c39c9b4|bf9523bd901b83c4|bfb526b4901f81c6,pdf
2144,https://workdrive.zoho.in/file/ydgt6f8b5385a62274a8a8679a866fa2a338b,https://workdrive.zoho.in/file/0fhvia1f8a9b8a4d047e789d4fb6f681775e1,806fff80006f39eb|a3728999fe2622d9|a727272727272726,pdf
2145,https://workdrive.zoho.in/file/qkmh6e5eaea15dff64cf0bd8e79ee5d9e14e7,,cca597286a49d4db|8000000000000000|e169239e969694f2,pdf
2146,https://workdrive.zoho.in/file/gbhc3feba5dadc9d2462e87c4899401ceca8e,,a770e0679c980fdc|bf71640c0ccfccc6|9f3fe4602fc42c62,pdf
2147,https://workdrive.zoho.in/file/ydgt6f8f06fe2b8844d47927030e69d8c593f,,ae97c31e1e01e32e|bf0f830f87878172|bf078d0b0f34e538,pdf
2148,https://workdrive.zoho.in/file/gbhc31db5c2e72a77461ab96dbcdb431d563c,,ba6a5a6a3e58b185|8000000000000000,pdf
2149,https://workdrive.zoho.in/file/5zgbm6f3c8c2c4d6344bd982dc6c99e935943,,be839b3ec11ed0e0|bf1fc06bd0317a30|be6391984f1ec195,pdf
2150,https://workdrive.zoho.in/file/gbhc3d5c7e6faa257449997b7788defb21366,,be279436c5e0c578|be3e32c1c1c1cdc9|ad2f9bc4d092936c,pdf
2151,https://workdrive.zoho.in/file/0fhvib7145bc615b54b03a0144d28f55e325f,,a3728cd97626a6d8|b33333336bc9c8c8|a38cd876e4997626,pdf
2152,https://workdrive.zoho.in/file/gbhc3cedf49c878334ee1afe2d27ce817b4eb,,b633c349c99c3ccc|fbc2c0c5c44dc46f|bf6bc049c14e943e,pdf
2153,https://workdrive.zoho.in/file/v340aa503e768e3d847d986d3d858b45b2da8,,b83cc3c7c63c3c91|ec6a93316cce9391|be1d1d1fc3c3c2c0,pdf
2154,https://workdrive.zoho.in/file/qkmh6e71f56feb54240b48c9717ef209ecaba,,faa50fda3c60c136|be3f917a85906ac1|b83c9542c7c3c7c3,pdf
2155,https://workdrive.zoho.in/file/gbhc3ff62e0628b18451ba0e4db1d413c9219,,82fcfd0202fc7db0|be65c16b9096c393|bf7bc1649194c2e1,pdf
2156,https://workdrive.zoho.in/file/rvdm56377da23dd184f8a9d8d866acaed74d3,,802fff80026f79ba|a3628dd9bc667688|b72309c9c9c9f236,pdf
2157,https://workdrive.zoho.in/file/rvdm55c64a75ffdb84a6582dd70fbe393c6f4,,b8b1952cdb9896c3|fe68819787813e78|b9c3c278913dc6c6,pdf
2158,https://workdrive.zoho.in/file/rvdm58870edd3d3a546bf985628764a07054c,,806fff80026f79b8|a3228999f626b6dc|a5252525edc9c9d9,pdf
2159,https://workdrive.zoho.in/file/gbhc3a7265c63801e43a2b08383af1ada89e0,,b609c1d61c1b4fcd|b89bc534674f98b0|b23c32cccccbccc3,pdf
2160,https://workdrive.zoho.in/file/gs3k0b9b3cafadf054975adbe676133109fa2,,cbb4e49636320f4e,image
2161,https://workdrive.zoho.in/file/gs3k02458c66774c14950a23e2954ed6c5262,,ee1f1762e0e08787|ea70858db332b387,pdf
2162,https://workdrive.zoho.in/file/gs3k03c07960d8d634e0ead2363d7c1bae69e,,af33d038853f4a4e|fe90957a4a6391cc|af3bd185c0ced039,pdf
2163,https://workdrive.zoho.in/file/gs3k0c1b6af20dd5243df969b06420177de02,,c5e12aa27f94b31a,image
2164,https://workdrive.zoho.in/file/13zc93fba1df5159347968c74450aa4185aad,,d3f9ac06027879b5|b439cfc631393466|f861972c8563879e,pdf
2165,https://workdrive.zoho.in/file/13zc9f1442f3bc1894b889acf99c395a77dec,,ee39c160b1663c97|ee6c953a91c79191|ea6a9d3fc11c9c81,pdf
2166,https://workdrive.zoho.in/file/nkuox7b75ec25d40e4a529290bc58b0d983e1,,bfd0870fd439e0c2|fe7f813e85e4c081|eec6913d854bd00f,pdf
2167,https://workdrive.zoho.in/file/vg4j6e0889c1ab8a34502b143df57b86c767a,,cbb4b6ca6416d8a9|bbd949c9d369c038,pdf
2168,https://workdrive.zoho.in/file/n7cyyef9ff4123c1343e4973e18e4a70f4760,,94e3eb14146b6ba3|ba35c736e84a954a|fa9c9565c56a8592,pdf
2169,https://workdrive.zoho.in/file/nkuox5924298128774c8884f8a61e4413bb1e,,bf93c06ec0e4919d|b969c96968ce8333|b434ccc3c7ca9a35,pdf
2170,https://workdrive.zoho.in/file/0nbai74c52dfcb431461db1ecff59bef021f0,,9ce9e3161ce923a3|beb1c163846ed89c|be3ec194945b1aca,pdf
2171,https://workdrive.zoho.in/file/rvdm574e79adfc3ad445e9836ca8c56b28c16,,bf83813642c93e9e|ea621195c8e8f9b5|bf6a1c1f48b5cc90,pdf
2172,https://workdrive.zoho.in/file/x3dyz930a7652ce864bba82f6962be141f7f8,,9ce3e31c1ce363a1|af30c06ad88b8f97|bf1cc097c06ed1e1,pdf
2173,https://workdrive.zoho.in/file/nkuox5171f141a5aa4f07b2132a6aaaa8c65f,,f0318c06eb3ff0cc|a6373927ccd893d0|a626f6cb490938fc,pdf
2174,https://workdrive.zoho.in/file/rj234c4829c2d6c72406b805d028dbee4a7bc,,9ce3e31c1c8ba365|fe6e81856c6a4bc1|ea84917b4ec5e11e,pdf
2175,https://workdrive.zoho.in/file/rj2347bdd9baa6808408a8f6de3dae8e0d9b1,,9ce9e3141c6b6ba1|be27c078c19c95cd|bf1fc490c16a8dd1,pdf
2176,https://workdrive.zoho.in/file/gbhc3f1910fde8bec41cb98ddcf69831e014b,,ba0f2e6ae4f091d1|f34c04334bb58e6b|af8187230727c7d6,pdf
2177,https://workdrive.zoho.in/file/13zc932daaf80901c4e42a86cc765b376a43b,,beaa34c226d626d6|b979c6c6869631d4|bb3ab5274ac2a585,pdf
2178,https://workdrive.zoho.in/file/gbhc33b4a3e4c485b423aa704b1896b55d31e,,ea355a25d3c2a5ca|bee1c19cb11e89e1|afa6d0d83b2784ca,pdf
2179,https://workdrive.zoho.in/file/rvdm5454f4309649946119ad8139fe4d09c1b,,a3629cd98176769c|870dc8f62fc9d036|a30cd872f6983736,pdf
2180,https://workdrive.zoho.in/file/rvdm59c21b36e9ed44cf5acaf1eccdc905817,,a7e262332cc49d6b|af33c4e4c02f9b64|bf66c16327291c3a,pdf
2181,https://workdrive.zoho.in/file/qkmh6ade5fc18ef634bc2bfe3cfb67c130205,,be3e0e8af0e1e168|b8c3f8298778d287|be3e1e9c94163e28,pdf
2182,https://workdrive.zoho.in/file/p1sjse0cfb8cc06774bc09d2ad9b0dd44bb0e,,bc42c73c78c39792|ec38c59e92cc93c6|eccdc7189930c3b3,pdf
2183,https://workdrive.zoho.in/file/qkmh63ae519b1e00d4fb3a66d71f6a9c561d6,,fa94856bc03a956b|af2f0f2f070687c4|8f0f0f0f070f072f,pdf
2184,https://workdrive.zoho.in/file/rgnwxe57ac2767c0a4a609b141b3e96683f14,,af2f9f0f83909464|bfe0913bc03dc495|af6fc5d0323b91c0,pdf
2185,https://workdrive.zoho.in/file/hvmuf114dbd6f274643f18ec8a4a5a1e60f96,,af1c90a9a6948d7b|fbd984037b748487|e367949c98e9e0b4,pdf
2186,https://workdrive.zoho.in/file/ywb264a03a51af03041919349f028a0df0458,,f8257869b1782796|fa5a857ac385c385|b03036363636367f,pdf
2187,https://workdrive.zoho.in/file/rj2348842147691ee4718825ad0590c81c8fe,,be3d4363b54a8570|fa58276217782d72|ea721978b76095a5,pdf
2188,https://workdrive.zoho.in/file/xfzrx86e489ba9f424629b26155b9d48d8d45,,f82d6c79a1782596|fa7a5acad230a48d,pdf
2189,https://workdrive.zoho.in/file/rj2344105acbf29f6479c8a09b3b74b0e4542,,b260a692ce5a735b|9b80e258bc5bb54b,pdf
2190,https://workdrive.zoho.in/file/hvmuf610e435859ff49408a0afe3f2a6c8ee9,,94ebeb1414eb9a61|af6fc19094d0693e|be7ac185952d2e4a,pdf
2191,https://workdrive.zoho.in/file/ywb26acdcea312a424d8aa3d17675936a1193,,f8352d686d2986d6|fa3ca5c1b4c585d2|fac2873985c39569,pdf
2192,https://workdrive.zoho.in/file/xfzrx96ef756af31d42f9aeaea1ffe8f6858a,,c6b9b94642b96ce4|ea95936a956cc493|e855956ab3a29395,pdf
2193,https://workdrive.zoho.in/file/2ta2qc14c4f4bea074af3978af3ad91aa5c90,,a6ce89398e339b8c|b393cc6c989b2333|b167ce98b2c63929,pdf
2194,https://workdrive.zoho.in/file/2ta2q06720f1c6af8478ebfd4bb2386e95172,,fad2a4ad854a5a5a|bf6a944eb0c43ca6|bfb57066846e7094,pdf
2195,https://workdrive.zoho.in/file/mg60afa5aa1591d1b4c5cb290b66d2746c333,,ca4a5db5b426a68e|9b1b1edc544136b6,pdf
2196,https://workdrive.zoho.in/file/axlev539b010ffa9e4ffb859cd93c7cd85c8a,,b30f4c73334c4c73,pdf
2197,https://workdrive.zoho.in/file/axleve7aa7b7528384d6bb06fae41fa3e09de,,a52b5a1b646c1b5b,pdf
2198,https://workdrive.zoho.in/file/axlevd7c03877a2b142d6a77a1191bab62e0d,,ee6e3ab3b32a4848,pdf
2199,https://workdrive.zoho.in/file/4ksft3c0eb738a6ed4522b7b4e525d0378d59,,ab7b17c5acc4426a|af1fd8e0e488f862,pdf
2200,https://workdrive.zoho.in/file/4ksft562511d46d1c420abbbcc757411f9bb2,https://workdrive.zoho.in/file/4ksftdca6811717b9411e83f234f8ab8b2fa3,bf3f6a42c061399c,pdf
2201,https://workdrive.zoho.in/file/gbhc3379904ad902b4ccdbb614a219c9b17ae,,93ecec13026c7db1|be6ec348e0f3c191|bb6ccc6cc2b1c0b3,pdf
2202,https://workdrive.zoho.in/file/4ksft092e5cb38cb94348a9518ba8e5c108e3,,bb3b6e4ec6c21191,pdf
2203,https://workdrive.zoho.in/file/flcw289250d17b3734c4c9022e4dfdc2f6a8c,,afd2691e2a69922d|bf3f3d3d3980c0c0,pdf
2204,https://workdrive.zoho.in/file/b5ezs21b39f348d134c6eb428691b0220986d,,ea162736b748caa5|ca4ab5b5944969b5,pdf
2205,https://workdrive.zoho.in/file/4ksftba3dbb6a42eb461a90a6536ce4a5bff0,,9ee1e11e1ee161e1|beb5c5cdc14b48c2|be0fc46cc5b8c19c,pdf
2206,https://workdrive.zoho.in/file/88tep6bf8b18ba17f4aacbbe66e557bb72f08,,ea172f1268c2a5ed|e8b4964bb668a596|ea68b59595965a52,pdf
2207,https://workdrive.zoho.in/file/8boq9c78d00904c5e41c387ab65e1c1ebd96a,,ae1d630e1d411e77|aa0f16153f15574d|ec1b1b1f134d524d,pdf
2208,https://workdrive.zoho.in/file/gsns7408136bd4def49ae808e6c171239863c,,e3494949497696b7,pdf
2209,https://workdrive.zoho.in/file/xfzrxeeb02ee4a5ba4f2dae3c201855fd0eaf,https://workdrive.zoho.in/file/zotk84ba7796d9b4149e19d0de0743f62a28e,bf3b706e4070d172|e45b9b45c38696b4|e26bcacec88998b6,pdf
2210,https://workdrive.zoho.in/file/i63n55a54b092d5594f4486d2a6519ff589af,https://workdrive.zoho.in/file/6fmw066f71fc8d60f463d8aa086d531b0a6f1,82fdfd0202edd934|af6fc19094d0693e|be7ac185952d2e4a,pdf
2211,https://workdrive.zoho.in/file/6fmw0e524125121394364b7e50e4d360a0620,,b8784b6ac7c78694|b66626660ec69ec6,pdf
2212,https://workdrive.zoho.in/file/zu51zc5133220d05a4f56bafb5f5cca13da00,,ea76956985c132d9|ea783ef485959485|fb1084fbf0651b29,pdf
2213,https://workdrive.zoho.in/file/6fmw06fc66205395d45dca623f6400c142f38,,bf9558e0c00f0f6b|bf3f2fc184c03436|bf69c91132d23636,pdf
2214,https://workdrive.zoho.in/file/m6u9ma3758a985a7b4476abc13a6a920a09c6,,ee6e91b195914ec4|bf69f13cc061c46c|bf6bc42e816b90a6,pdf
2215,https://workdrive.zoho.in/file/k8yewd5a5c84562d7470bb17956e53d14d049,,be6ec18194b46e2b|af2f0f1f878f8480|9f1fe0e08f07e00f,pdf
2216,https://workdrive.zoho.in/file/zu51z0a8dcec8dab0487c9e6a4f3ebe29495d,,e465996996966696|ee6c9196c29999c9|ff6da1a129809e1e,pdf
2217,https://workdrive.zoho.in/file/6fmw0867b13d3d6cc425db2dbbf43c7971b74,,bf2d9cc0c0270f3d|bf3f87c346e090d0,pdf
2218,https://workdrive.zoho.in/file/gsns75db49cc25c4741cdad7789d391b2d0cc,https://workdrive.zoho.in/file/6fmw02142e8b5428f4f30982cdcae965629df,ae3f9f2687068e18|e619986d99969d4a|f8c7c73895199338,pdf
2219,https://workdrive.zoho.in/file/6fmw076a0a4fef998400e89386d30d8fad718,,bf95956ac0856bc8|bf3f3f95c0c0c0c2|b7c9c836319736c8,pdf
2220,https://workdrive.zoho.in/file/6fmw0c17605dd2c334897847ce8f310d16d90,,bd96949e943c1c6c|bfe686678463c660|adb2936792e6c464,pdf
2221,https://workdrive.zoho.in/file/qq0vwa5cc217118da477e8f7289c73464855f,,af2f232f35e0d0d0|bf6ac01d943d91c3,pdf
2222,https://workdrive.zoho.in/file/6fmw0d79a0f4190d54af383f3019c346ba99f,,bf3681f4236196e1|fa6f87a5c468c590|f83ec761952487b1,pdf
2223,https://workdrive.zoho.in/file/im5rbdae45d70b9db4ed0863363590204963f,,afb1c40f906a9bca|af79953595c4c0c6|af91c06ab16ef087,pdf
2224,https://workdrive.zoho.in/file/6fmw0e4750520108a4c2e8e2bedf6ee8c47c9,,b71f1f79e060e0e0|be6fc13cc1b194c1|af0f973bd1e0e0c0,pdf
2225,https://workdrive.zoho.in/file/ufqv7b54a0aee62a444c8838d0b82c5a6f816,,db368deb80c9a295|db5ac1a1b4a5a4ad,pdf
2226,https://workdrive.zoho.in/file/axlev7286cc8543e14bd6ab55b8a53de8f567,,b3cc4c33780f4d33|8f0f0f0f0f0f0f0e,pdf
2227,https://workdrive.zoho.in/file/v6hjgc00304703591408f89ad68c91913cc2a,,8000000000000000|bee1850fcb1ae096|baf2e1b09661b41e,pdf
2228,https://workdrive.zoho.in/file/v6hjg63d3347173bc4be0b29aad92f412d5ad,,ab6bc16b0b0fc12e|ea34b50a9a9fb584|bf4bc043c13ec1b6,pdf
2229,https://workdrive.zoho.in/file/2wk8fb142c2fbfba04987afa8f21ef145d546,,bb63c16b0a1fc12e|e3b41a5aa4e5d0f1|be3e1ec0c10f0f87,pdf
2230,https://workdrive.zoho.in/file/2wk8f0422fcd23d314a01a65d6bf2b2d00fba,,ac6cd393c36c6c38|b63636363232d9c9,pdf
2231,https://workdrive.zoho.in/file/v5kwjf331972e6802476bb9b0f56f08a84a6a,,be0fc123e1989e78|b878c266c70e97b1|b83896cf693292cd,pdf
2232,https://workdrive.zoho.in/file/zu51zb1adaa5b00bb46868329385ef42fd27a,,bf23c094353dc9ca|bfc1d07ac0ca6bc1|be3f858c852e0e0f,pdf
2233,https://workdrive.zoho.in/file/qe7xu987f13c7fe4b4d848f3e51aaedad1a37,,bec3783863f86838|ad87787883787878|ad876878c3707879,pdf
2234,https://workdrive.zoho.in/file/zu51zad2d649275f4435f9aaa25423ec6bbf8,,f648bdd229b4ca25|fe9529f0c0b6438d|bf9061a6c894ccfc,pdf
2235,https://workdrive.zoho.in/file/zu51z6cfd8058eeb349a4b1fef11e941451e2,,be62c09597c20fcb|bf4ac0b794b0c41f|bf6b9095c86a3495,pdf
2236,https://workdrive.zoho.in/file/2wk8f6ee4a639f02e442ea71dfd1d9a2d9829,"https://workdrive.zoho.in/file/qrqkvc1fd54eb43cb4de38d468d97b691fd96,https://workdrive.zoho.in/file/2wk8ff87b14b4a00349ee9e39cb21e1d2132f",f678c3ca5cc85760|b3d11e966c66d834|8000000000000000,pdf
2237,https://workdrive.zoho.in/file/zu51zfd3c3c96660b4de2a622249090f9f9df,,bee0859dc16b909e|bf72e063e19ce019|bf3fc094c2c1696a,pdf
2238,https://workdrive.zoho.in/file/zu51zeb7fe2a4d3784c1986e289731bb371e1,,be68e17861399ec1|bee43aa995399590|be7ac2b1874b63c0,pdf
2239,https://workdrive.zoho.in/file/zu51z064205db53e447f8a3d5c51493eb0ddc,,ef90946bd20c9967|bc3a433ec24b4b6c|facab59885a4953c,pdf
2240,https://workdrive.zoho.in/file/zu51z7d8da3f1c09c468dbdf5d177d37e2c3c,,fa60a52de1a598d9|e7e09d5ad05ac8a5|e73e9c2d9862d2d0,pdf
2241,https://workdrive.zoho.in/file/zu51z23ab00d2b5e5411ca3a1159bb13d4226,,b3b7c6c0394c9c69|fa2685997a862763|bac3c766c5998334,pdf
2242,https://workdrive.zoho.in/file/b2sef7787127dd2704aed8dacd71f0721903b,,94c69e393824b6b7,pdf
2243,https://workdrive.zoho.in/file/zu51ze76c325273404ee7ab85438aff46b7c4,,fb4e8433d089a7e4|be3ec353c4c1d834|eee0c0689137953f,pdf
2244,https://workdrive.zoho.in/file/cpg4j6dd72848334d45d8841fb04215045523,,8fe09697176148cf|bf81c56f95c16a90,pdf
2245,https://workdrive.zoho.in/file/cpg4j1ffd51f9b79e496cbb0d42756ac797b3,,bf4ae0c1c14b6e36|be4b84b463e49963|be36344b07cb4ac5,pdf
2246,https://workdrive.zoho.in/file/xnnzp9c1f04264dae4cbaa58dc6c091abae98,,aad5ce2e4791d1c8|e63366b046b36633|af3707b160b86696,pdf
2247,https://workdrive.zoho.in/file/jxur35c22e28860ea4a13aab8d464c8decdd4,,bf1fe0c1856a6a38|ea6a9c8f604799e1|bb8f9c70c33984d2,pdf
2248,https://workdrive.zoho.in/file/cpg4j0a0701ca992e466a9731c9066ab5289a,,bb6b8494d4d0636b|ac1d9669869687c7|b8c7c73886cd3866,pdf
2249,https://workdrive.zoho.in/file/zu51z93d0dc7b077d4af7b47a1a5b33e83820,,b32eccd1c63233cc|bfc7e038c133c11e|bf3ee0e062c7c198,pdf
2250,https://workdrive.zoho.in/file/qq0vwbdc47ca9fb624d2a944e048d9a32464c,"https://workdrive.zoho.in/file/2kue10655e643e74945f38d5a21f01c110f48,https://workdrive.zoho.in/file/ue0u0997128a55b0b4fe5b5fa03a977877e9d,https://workdrive.zoho.in/file/8ro2y3b8b23e706fe4e2f976d643cd0c3ff70,https://workdrive.zoho.in/file/bhhqu2607d57f52b444edaaeb509a3c4860ef,https://workdrive.zoho.in/file/zi6brd1fe9d606fef42688b468e6058188378,https://workdrive.zoho.in/file/zi6br45d49ae7d2d644fd83f8691c9813dc52",bf95c86ac0e3232b|bf2d6333926cc462|bec5c07ac63e8172,pdf
2251,https://workdrive.zoho.in/file/zi6br8c6d81e478d344a8ac8c77b037fafc1e,,bf95c86ac5623325|bf3fe16680c03c9c,pdf
2252,https://workdrive.zoho.in/file/o7ct87eb7e31400ea408496f0998338de1c5d,,ae6c636aec646c91|e6bb669946914699|af3707b160b864b6,pdf
2253,https://workdrive.zoho.in/file/iwnoj31469ad179434602a0ed07c47045158c,https://workdrive.zoho.in/file/2kue1138c0930185346668cb7a73d1bbb81c6,be63e187813e1e4a|ea6a6a6a2e8c969c,pdf
2254,https://workdrive.zoho.in/file/zi6br60ff809f2b914604b0df7e22604effb7,,bf951c6ac1e26139|bf6e60d0093ec197,pdf
2255,https://workdrive.zoho.in/file/zu51z4d060e861bd34bf3a16af2fedcdc8a84,,da2ec526b5d9a4c1|bc2cced3c3d1312c|bb3797d078c8e0c4,pdf
2256,https://workdrive.zoho.in/file/fdy6bb91b98d9cc474472bd031ffd150072ba,,ba4566b589a5a5d2|bec1c13ec137c9c1|bec947c1e027c137,pdf
2257,https://workdrive.zoho.in/file/bhhqu47986bdfecce4324bb1acd48cb2b91a3,,bf95c84ac023336f|be297393c46cc139|bee5c03a953cc05b,pdf
2258,https://workdrive.zoho.in/file/zu51zacbf31d585284804a0a9465fb4199acc,,da6705984727da74|aa2bf50add2ad522|aa3ad502d52bd53a,pdf
2259,https://workdrive.zoho.in/file/g3f7tdccc2ef70e3e4694b977d4e83a0bea51,,ab6b0f9594f07074|bfc2c03f62952d2c|bcd247e49463d43a,pdf
2260,https://workdrive.zoho.in/file/3osm77c004ac7b8464d1fb791d6b19bbc7c64,,bf1ec8e0c261272f|ee6a833fd0cc6c81|bf6b6b1b949494c0,pdf
2261,https://workdrive.zoho.in/file/ea2zne75281eed445463f829a44e39ea225dc,,bfd0d41d982dc8ca|bfdec03dc186d034|bb84e47a933ce44a,pdf
2262,https://workdrive.zoho.in/file/x4lgi5872420fde8b4c67bdab4161f6a9c02f,,ea7a95c56195c16a|bf6a6a3b906a2b90|ab2b2b2b2b2a2b6a,pdf
2263,https://workdrive.zoho.in/file/jmioh3ae284434a61423cbd649ac52f791b30,,be6a7f7fe0c0c080|bf3bc0901b3b3a85|bff0916ee0836c4a,pdf
2264,https://workdrive.zoho.in/file/8ro2yff07c37fcdbd433c8ccf07ac993a18ce,,bf95c86ac0c3233b|be2d631b926cc478|be8dc07ac63e8178,pdf
2265,https://workdrive.zoho.in/file/8ro2yd75f764fa93243e99a2f6b8fe3088297,,bfb5c11bc068f0c6|bf959162c07ac19b|bfc6d1739195c40c,pdf
2266,https://workdrive.zoho.in/file/x4lgi38d471e18ad642c38c3b6e0b27f2ff02,,9f60c01edce11e9e|870f17e8f0f0f066,pdf
2267,https://workdrive.zoho.in/file/qqtbb3ab1becdc42c4ce69f931b7d5cb7070a,,bf4be3338ce08c1c|bf3f94e14894846b|be3636c9c9c9c1c1,pdf
2268,https://workdrive.zoho.in/file/zu51z36f6f203f7a848708043e361dccda1b5,,a242adbd17f0da13|aacaf1b414b5f494|a8c8c7f8709797b0,pdf
2269,https://workdrive.zoho.in/file/qqtbb8f3b1a63e8914b8bac30716d55ff1c56,,afe2c367c04ccc1e|af2fc06496e196e4|e16d9e6296b29ac4,pdf
2270,https://workdrive.zoho.in/file/zu51zd287ac062d744ab18a8583740efa64f6,,9742cd8d1db06766|9aa595a5c15a8dd6|9b8725c239f852f4,pdf
2271,https://workdrive.zoho.in/file/zu51zf1ee15abb5944dc28ec33acb08bc61c9,,d94bc2a6b49e5a61|bd3cdeca23e28a09,pdf
2272,https://workdrive.zoho.in/file/zu51z6e6ca18db63548b29cee07fab419258b,,bf3fc04a6ac0632b|f96e843946b1ce92|fa72858f606e8f21,pdf
2273,https://workdrive.zoho.in/file/zu51z4c74b2ba60b5494583168b6b8245dd14,,bb99c0c2943f6dc8|bc4c9737c2c61939|fe6ac07ac24ac393,pdf
2274,https://workdrive.zoho.in/file/zu51z0e3259bc4c994f369d0b93226e5824f3,,eb93c23e9568913a|ea399597c64ac296,pdf
2275,https://workdrive.zoho.in/file/zu51zf2f760ed1e2d4b2db1fe7c9c4595635f,,faa5a4a1a576d02b|da5a5a5a5a89a5a5,pdf
2276,https://workdrive.zoho.in/file/zu51z5412bd4ec565496aa72fac212250b6dc,,bf9dc868c0c2633b|eb6b946a94943b94|ba7a68c1c7c3c38a,pdf
2277,https://workdrive.zoho.in/file/zu51z9e4bd621d184468287a2d60a781da46c,,eac5c1c2953a926f|b436c1c91f6b61b4|aec0d137912d7ae8,pdf
2278,https://workdrive.zoho.in/file/zu51zb37bb4e9178c455f8f96452fba34fd18,,9fb8b8a6c343c0c7|a733964ccc9cc98d|bee3c13ec098393c,pdf
2279,https://workdrive.zoho.in/file/zu51z0aeb31e652ea4386a1c77584b140f1f6,,eb4b6a9694b49525|8000000000000000|b838951ec7c197b4,pdf
2280,https://workdrive.zoho.in/file/dsn775023c9d046284d2e931913d74ee7833f,,d4cab9659c31859d|ba3ec5c5b8d8c434|ea348587cb89b69a,pdf
2281,https://workdrive.zoho.in/file/jw0g34b3280f9072d491abfa77d9eef16fe03,,be87e187911e1e68|be7e3ec484c0266e,pdf
2282,https://workdrive.zoho.in/file/3osm7751be9ac895840d3aaf1f6ac735f02b8,https://workdrive.zoho.in/file/flcw2a4e00d85beff43ce9e5273ce4b7b5720,bf3fc04a6ac0232f|b96e843126a58ef6|fa7285c7206e8fe0,pdf
2283,https://workdrive.zoho.in/file/jw0g3e468d32659364ddc8e6520951ade323f,,af97e094902f0f69|eb6a946a9e96238c,pdf
2284,https://workdrive.zoho.in/file/ea2zn736e073bb263460fb658136f393dd8a3,,bee6c79690489999|ff7a7a6a68c0c282,pdf
2285,https://workdrive.zoho.in/file/ojjbq03c0f399367e47219bc76c13fb13e5ef,,ea6a9591503e9e95|b933431c9ce1c3f8|bc6992699692bc96,pdf
2286,https://workdrive.zoho.in/file/ea2zn67b7888e70584469a46866fb95603d06,,bf3fc0cac0c1273c|f96e8431c631ce96|fa78858f604e8f61,pdf
2287,https://workdrive.zoho.in/file/g3f7t5f6b61c776ea48c6b2450c0a959f45f8,https://workdrive.zoho.in/file/yclw7edca56f372184dbf983d8f677af9cbba,be6bc3678599c094|be97c51dc1689178|be6ac535c196c1e4,pdf
2288,https://workdrive.zoho.in/file/mp02197ae67de09774b9aaecf24f1b9cbd923,,feb5954e9790c068|af2a916fd07ac4d0|ee47914e95ce9530,pdf
2289,https://workdrive.zoho.in/file/hwc478f76f1e4283a453ebb884c74f58065c8,,aa7e843f95c1f580|abf6944bed84b680|aaff80c0f1227f2a,pdf
2290,https://workdrive.zoho.in/file/ea2znb7c07000460f4a91a32487ef121c3ae8,https://workdrive.zoho.in/file/yclw72c9fa4c22c2a46bcb6637f4de114f96b,a8f917fe17cc0131|ef2ec081c0bb93d5|886e10d095df2fc7,pdf
2291,https://workdrive.zoho.in/file/7be2wd11228b1a86d4d22b7ade719f8e75b5b,,be2b422e4a665e0f,pdf
2292,https://workdrive.zoho.in/file/dsn77b1de9a2a618443a2b5132223c721d17b,,bf9dd86ac081633c|bf3ec361c0859497|bea5c3cec133c162,pdf
2293,https://workdrive.zoho.in/file/yclw71a3620a5a00641779935372a0c07e4e9,,9fc06a7af885a525,pdf
2294,https://workdrive.zoho.in/file/ojjbq0a2f4151a747484a858f1c6dbb7ba894,,cc62aa8f3596e34c|eeca91a566e61591|be6c919b81d2c4e6,pdf
2295,https://workdrive.zoho.in/file/mp0217df72069d2bb450086cc6f9b241b4582,,e76b98e6849392cc|8000000000000000|fb6bc6588485b139,pdf
2296,https://workdrive.zoho.in/file/yclw72baf69fbaa6f4b979103953b50909f6e,,beb5968fc068c1c6|eeb3c03391c6c54e|bfcac4ccc036913b,pdf
2297,https://workdrive.zoho.in/file/7be2wd7647b67f206441c9e9b2c45de71b736,,eb2bb394c4c49393|ef6f9084cc9793c0|aad58785979ada84,pdf
2298,https://workdrive.zoho.in/file/6b177212af3e7772441bfb8311cf786615db3,https://workdrive.zoho.in/file/q0i090aedd16e69a6468ebe0d9a5ac4bdee28,bf1fc865c063c0ea|8000000000000000|eb6bc0b696963449,pdf
2299,https://workdrive.zoho.in/file/zu51zff748074894248ef97603869510eef7d,,a9c892e56e9a7ca1|e49b649acb349b64|fe668537c09591cc,pdf
2300,https://workdrive.zoho.in/file/zotk8f7bf5af06deb44938f2f26270e69a820,https://workdrive.zoho.in/file/5ez6i515a763cf3e34c8caef2c6e3c1fd117d,b0e8489ba4d91db7|ab6b0f3894b4d4d4|a7a6262346b45f9c,pdf
2301,https://workdrive.zoho.in/file/vn19vfc6461e625804880bce63b90dc80a320,,ff48d0d23a62c81f|b3724cd21972db70|b13929cfcfc69038,pdf
2302,https://workdrive.zoho.in/file/ea2zn954ec2497e2a48189d7276647d045501,,ea6a978f683095d4|a7078d8d8d2763f0|e6ce9931ce239893,pdf
2303,https://workdrive.zoho.in/file/x9vjfd1fc5dbd37fc4000af6d688911ebbc54,https://workdrive.zoho.in/file/zu51zf7ca4b3d7dcd4f78b46a6469367554b6,f6a08179bd40be17|ea34354b9169ca6e|bd7562417b12da16,pdf
2304,https://workdrive.zoho.in/file/iwnojf264050d30e4448886515d3b2f2e63a8,,eb4b8d5229a536c9|fb3668b9489d9449,pdf
2305,https://workdrive.zoho.in/file/x9vjf120ac4f17f28491f9080d46b294feaa8,,efd8b0a5b207685a|eaa54aa51a5ab55a|ca4ab5b55a4a4ab5,pdf
2306,https://workdrive.zoho.in/file/iwnoj2f7ee07e7c0d4b498c7a4aed159fabdc,,e28cd94bb5628d5a|b2d88d27509de45b,pdf
2307,https://workdrive.zoho.in/file/zotk8aa63c51ad83b439cbe111743b78798d4,"https://workdrive.zoho.in/file/z1hra71091b2083eb40ca9b1882acfb7c6947,https://workdrive.zoho.in/file/q0i090681fb5d4c7646f58a701bc7bd8e8e92,https://workdrive.zoho.in/file/hv58sb8e8ce5e96004d87a992c334af8327e0,https://workdrive.zoho.in/file/z1hrad83432bb50164c6a9560941a1316f49d,https://workdrive.zoho.in/file/zu51z0b8d44606fd6493fa331c46d7c06e328,https://workdrive.zoho.in/file/2bmyq2a21af62bd6b4b1781c91fab4f89cd4b",c4c43b3f64d096b6|c4ac3b936a634b66|c5b24fb05a943ec9,pdf
2308,https://workdrive.zoho.in/file/zotk8bb431ea457b44640b553774c2c393108,https://workdrive.zoho.in/file/mjszo30f7e67ea23c45b49d705bfe2318b0dd,aa023097df878f87|ee95b16a95236a94|ad69c23692c7692d,pdf
2309,https://workdrive.zoho.in/file/6j1r6fa840fd5fed94e6eafeb55d5148bc4f4,,bcc3c33c34cb343c|b333c4cccccce133|be70c3c7c061959b,pdf
2310,https://workdrive.zoho.in/file/zu51zae1e844b078b43a48e28fcd2cd9cfa8d,,ae3f9161c1b2c13e,pdf
2311,https://workdrive.zoho.in/file/zu51z85780fee54ed482f9532995888098ef4,"https://workdrive.zoho.in/file/zu51z36df9f253dd74500a56fd65c2888c226,https://workdrive.zoho.in/file/zu51z59f5e8c837794019a00261060922dadc,https://workdrive.zoho.in/file/zu51z5c47452682a5442cbb616ccf2b1fbfdf",ae3f8161c1d21ba7|ee6e9591916a6a62,pdf
2312,https://workdrive.zoho.in/file/zu51za8c5697d141149cd8b9cb8b43ca0b967,,da9fb1729432f0c1|ea387986a66991e6|bee13fc4c12fc190,pdf
2313,https://workdrive.zoho.in/file/6j1r6b3d642960c364879900d5c6a6c3f82fb,,bf2cc0d02c3f8bc3|b33c2c23ccc3cbcc|be31e18cc13c3ec6,pdf
2314,https://workdrive.zoho.in/file/zu51z341c20b1a5ae4a5bbbbc9c42742a365e,,ae3f8161c1531ba7|ee6e9591696a6291,pdf
2315,https://workdrive.zoho.in/file/tcomlbd3c9ec55f73417393ba5f6916428348,,eb6a1c6e6c6162e2,pdf
2316,https://workdrive.zoho.in/file/zu51zc147682f0365458eaaa87adeba908cdc,https://workdrive.zoho.in/file/tcoml616d737b9f6e4261864132f9a2e7f570,e96d969263c56968|e9b49669966a94ca|eb4b9434b56d9494,pdf
2317,https://workdrive.zoho.in/file/qe7xucab700304eb54ba4ae66b0106e1cfa7d,https://workdrive.zoho.in/file/qe7xu6158df56036444d8b40ccc4d41e82202,ee6f13d081eae494|adecc43b33e0c433|fe9c8363c1623b91,pdf
2318,https://workdrive.zoho.in/file/qe7xu9932faa595194f58954fba855ec6f3da,,fa27870f8f488c78|fa97870d873a9590|fa0f9e0a87a59568,pdf
2319,https://workdrive.zoho.in/file/qe7xu24c0e0b8104d4701bbc2fefacb461891,,8224bdcbdbdaa524|9900c7c6e2cef6cc|8703f8fc7e8703e0,pdf
2320,https://workdrive.zoho.in/file/tcoml8d93860242cf4e6296c133a9a5b19e6c,,bfc0816ac3859d3d|b737c8c8d81f26e0|bf952ec06e46c06b,pdf
2321,https://workdrive.zoho.in/file/tcomla7da5cd20f584a629b869b6d53547643,,bf2d653194958707|bc6727b89497c650|b96f0f3585f08760,pdf
2322,https://workdrive.zoho.in/file/u95ama4df013e67ec45eb9b94e2e2ca477e56,,b85e1a3c3c91a5b5|b166e666c631cc66|e699996666998933,pdf
2323,https://workdrive.zoho.in/file/qq0vw78c1ff5908ca4313b4964721d01a61e1,,bf1fc865c063c0ea|eb6bc0b696963449|eb6bc1b4b49434c9,pdf
2324,https://workdrive.zoho.in/file/x9vjf0385e6e6a7554db39e9132720dcf93ac,,8dc693386cc37a6c|9ad9649dec2cd0c6|ced2f08db409873d,pdf
2325,https://workdrive.zoho.in/file/8ro2y9fc6f869c1c8440e8bf48eaaa5db7219,,a71b7b329b30970c,pdf
2326,https://workdrive.zoho.in/file/mjszod78e302d1101459cba2a594e7dd11546,,bf87c01fc0e01e1f|bf1fc1e0c0e11e1e|be1fc10bc1e11e1e,pdf
2327,https://workdrive.zoho.in/file/zi6br69880e6baa83448a9fac89c05ad49c3c,,ea34b468e46fb4b0|ca4ab54ab46f3cd0|ca4ab54b94b42f35,pdf
2328,https://workdrive.zoho.in/file/8ro2yde2281fa120c4e27a10a0dbf6306d041,,a7078de4e6c26d58|be19911f6ec2b14a|bf6ac087d43e85d0,pdf
2329,https://workdrive.zoho.in/file/3hscb6fd09b4d720b487e9da654c2b2c6ee5f,,959d2e63c87b62c8|956a6a0f1ac66b95|95606b6430977b1f,pdf
2330,https://workdrive.zoho.in/file/qq0vw7db54842fef74126a990ac855ca1f71d,,c4c43b3f64d096b6|c4ac3b936a634b66|95c3633dd3c26e06,pdf
2331,https://workdrive.zoho.in/file/zxv1y92a74c797c504ce1a899d5c271ac2322,,ee91956e6991166a|f2b1ad4ece253131|d2c2ada5b15a4ea5,pdf
2332,https://workdrive.zoho.in/file/scxnndd94f71902334083b9c1bb873cb40ffb,,bb3f3e11699296c0|af796a6c0e64780e,pdf
2333,https://workdrive.zoho.in/file/zxv1y06e45ae2ecad4f77bf2ef129782ac7d2,,ee3f81439169c1e3|ea6a3d959595426a|ae3d8162b13fc1c3,pdf
2334,https://workdrive.zoho.in/file/zxv1y0bb8e3f9aacd4191bdb0a0ef6edd7eb6,,a7e7fa108805c7f2|bf60e0b5a1d4e463|bfc6c07e9438c495,pdf
2335,https://workdrive.zoho.in/file/q0i0939f63c4f01ec44d48770d0cf316eeec7,,ee6ec0913d3f8191|bf3fc0c13f96c0c0|bf2f85c03a9a95e0,pdf
2336,https://workdrive.zoho.in/file/wdkrc23112ebd87904e8faf1db2b15c8a182d,,bf27873be8e0e0c0|bfc1952e21e2c42f|bf61999187292de2,pdf
2337,https://workdrive.zoho.in/file/wdkrc3e4dc230d11949a0b34c3a089f6b344d,,bf070f6ba0f0e0f0|bf7ac1e86361a0d1|bd69323ba82b3338,pdf
2338,https://workdrive.zoho.in/file/wdkrcaabad9ee4b2a4b01b426e3cdbf822ed2,,bd62c61dc1c71de0|bf9c9c3bc0c2e3c0|9fc4d81f1fe0c039,pdf
2339,https://workdrive.zoho.in/file/zu51z79c58ec1375d41cf8d2262770e49d9ab,,ea6a9595c1c2962f|bf3a91b1948537c2|bec495e485d2916b,pdf
2340,https://workdrive.zoho.in/file/zu51zd61cfd1266b347128afe5a1133a6cbc2,,bd66c21d91c21ff0|bf1ccc3bc0c433e2|bfccc01f0e71c03b,pdf
2341,https://workdrive.zoho.in/file/zu51zd13e0e75e5004d80aa2a56e95c6be639,,beb1e164c82ecb19|be2fc230e2c998c7|af8fc03a9ce3d094,pdf
2342,https://workdrive.zoho.in/file/zu51z9d51665913df48d19d572c358178ced0,,bfc0681f8762985e|bfc0e03f9562d198|9fc7e01ec0f1e01e,pdf
2343,https://workdrive.zoho.in/file/zu51zac53096d4c1d4c9f891b6100d8c848d5,,879c96392d9cb8a6|fa1e87a185d278ca|fee68119c919996a,pdf
2344,https://workdrive.zoho.in/file/zu51z980772d0c5484191bd1a53d190fcb796,,ef40e6f3c4543b0c|fa2785c0c03b3f66|fa4bb5c8c43d65a0,pdf
2345,https://workdrive.zoho.in/file/wdkrc5f005aace8d44c61ac19cffe15a1210c,,ebcbd0709738c43c|ab1f8560f0789769|bf1e9433c132c43b,pdf
2346,https://workdrive.zoho.in/file/b5ezsdef9a3d854e549b5b3dc6b7a228f9696,,9ce1e3e3e1d49494,image
2347,https://workdrive.zoho.in/file/b5ezs9ff31ff2fdd04949a38351553f8e374e,,af2721879ed2d270|be7ac1a13c3ec2e0|ee6e91950e6a7095,pdf
2348,https://workdrive.zoho.in/file/zu51z777ac71ad96b47328e4abe57d6fcde6a,,ba0310959f8f8f87|eb969368b42d964a|bfc1c03f33c4c631,pdf
2349,https://workdrive.zoho.in/file/zu51za75f870bafcf46f1a44e72742b0ecc4f,,bae2877c78db4184|9fff40c8486466da|f8cbfa7224343474,pdf
2350,https://workdrive.zoho.in/file/nkuoxabc940bd638c47f7ab9437c1239ecb2f,"https://workdrive.zoho.in/file/ltgcl906f06cb63a3462e87019719e4223222,https://workdrive.zoho.in/file/1j88oeec18cc40d3145a787b158da4eb0b5b9,https://workdrive.zoho.in/file/8r5l9df31a24d0eda4a8fb7cda88452e29fcb,https://workdrive.zoho.in/file/8r5l9691fdf619feb465485f8af13878f3e18,https://workdrive.zoho.in/file/zr77m9d37200c63094e3aa2cb1393031d29a9",ede392926d6d9290|a6632663266726e7,pdf
2351,https://workdrive.zoho.in/file/0vc1307b531ef7eaa40b88bf68e8cec9a2dd7,,a3c29eca63639cd8|bf7894272ec3c036|bb1bc4c43b3b13c4,pdf
2352,https://workdrive.zoho.in/file/0vc131d7db099675f48dd9bf5af610d4d8982,,9a1c49720fe0e4ef|cbb64169b64bb4c8|b636c13c630f8cf8,pdf
2353,https://workdrive.zoho.in/file/1obh973cd9299d9f44d668e80b371660db21e,https://workdrive.zoho.in/file/1obh973cd9299d9f44d668e80b371660db21e,bd93c04ccb64c70f|e8e5c566e4648667|ae3adad4e581c3c4,pdf
2354,https://workdrive.zoho.in/file/wdkrcac18e0626112457cbd4f18e9180ddf9d,,b8af055287e87a6a|8000000000000000|be6b416f413c513c,pdf
2355,https://workdrive.zoho.in/file/0vc13fa4a72022d0d44bb89bb5c1608d0159a,,9acd4c5e346ae4e1|bba758c0a44bb45b|b6cc37f83007f0f0,pdf
2356,https://workdrive.zoho.in/file/glt05edfccf8a051c42178d7e06cb5b8e39ec,,bed29a2f6124c9e8|ca323f3435c1b5c9|cb4b4b4a6a5236b6,pdf
2357,https://workdrive.zoho.in/file/1obh9f6fdb7da3acb4cb9b0de230b4dba6931,,eb2590949a47676b|fa2d96f0855a8dc8|fa5a913125a5b1ce,pdf
2358,https://workdrive.zoho.in/file/nkuoxbe77f8b44c8740118a52e6f793629c45,,bf3b9195c4c67068|be6a6863682e683e|be6ec02b68e243ce,pdf
2359,https://workdrive.zoho.in/file/1ytdabfb27267a7b540f7a3d1936eb5c86074,,c57a93c5c17b6c12,image
2360,https://workdrive.zoho.in/file/0vc13aa493272fbe14afda3a1ad403c951675,,be97c8c1372e91c8|be6bc04ac339c3e2|be0c463f878f852a,pdf
2361,https://workdrive.zoho.in/file/i7f7e512364921f0c4f81a9124444e540d7e2,"https://workdrive.zoho.in/file/i7f7e512364921f0c4f81a9124444e540d7e2,https://workdrive.zoho.in/file/i7f7e512364921f0c4f81a9124444e540d7e2",9b161411b55abd3b|fa4a8d312da5b1cc,pdf
2362,https://workdrive.zoho.in/file/glt057510edf8fb5d4f03a212e2e9c3099660,https://workdrive.zoho.in/file/glt057510edf8fb5d4f03a212e2e9c3099660,af2b9185c4e6707a|af6a6863686e6a23|bf6ee06b62e023c2,pdf
2363,https://workdrive.zoho.in/file/1obh9ae2ec96109064e3abc2f34001647c4b6,,bad29e2b21adc9e0|fa3ec08535c5c95a|cb4b4ba934b434d6,pdf
2364,https://workdrive.zoho.in/file/1obh94702a3153e9d4f2ea65b11ca5474cd39,,bed29e2b21acc9e0|ba5ad4b5a5b4c14a|bf4b4ba885b4d0d2,pdf
2365,https://workdrive.zoho.in/file/zu51zbda0ac8323f54af19209d3c87bc2ad1d,,e3661cb3639c9a23|ccc3c932d99dc436|bf154060989f9f47,pdf
2366,https://workdrive.zoho.in/file/1obh9ddb5b835017946a4af6982034cc64deb,https://workdrive.zoho.in/file/1obh9ddb5b835017946a4af6982034cc64deb,bacfb6704e31c027|be3a95c44eeec0d0|eab131e06a3e954e,pdf
2367,https://workdrive.zoho.in/file/r9vht42adb09889304d48b33cc01bc1336f35,,bf25c03933c0da9b|bb3be2c0c41c3de1|b737c8c8d83727c0,pdf
2368,https://workdrive.zoho.in/file/0vc13ef1950ec277b493093d12f87e7c7f9be,"https://workdrive.zoho.in/file/8r5l995abcdb5b91d45e3bf08d71122415a04,https://workdrive.zoho.in/file/8r5l9440e8a7d9aea47d78e0fd6731d2f2124",ede39292496d9c92|8e630e630ee30ee7,pdf
2369,https://workdrive.zoho.in/file/0vc1330ca0bca4fa044d39a2705643d21e9f3,,f373b78786644858,pdf
2370,https://workdrive.zoho.in/file/0vc139ab4e3e769ac4ebcb1759d12b8d264f6,"https://workdrive.zoho.in/file/nkuox184a5b57e60b41bea702574e7106497d,https://workdrive.zoho.in/file/hzqan1ca93a67d7c247bbaf30ec68844aa964,https://workdrive.zoho.in/file/hzqan1c8326f2499145fcb57a525a25ef7d1e,https://workdrive.zoho.in/file/hzqana259ad375ab148299f04aeb005675c3a,https://workdrive.zoho.in/file/hzqan1531e0a286d445c89a4e33dd5a39a3b4,https://workdrive.zoho.in/file/ltgcl98b9424fa5224d1686e66d75a11468e3,https://workdrive.zoho.in/file/8r5l946e2e5cf8df14f8487a613627e9a0c85,https://workdrive.zoho.in/file/zr77m2f226cc52d6b4b3181096956eeef5373,https://workdrive.zoho.in/file/zr77maebbe442549c4f09a3d9276826836fc6",b73383c3666c1ccc|a9e1cf9338da9606|bc2d3c2d3d292d61,pdf
2371,https://workdrive.zoho.in/file/0vc13b5c5667e223e4b259d7e18cc2a260524,,ad27d2d22dcc2c2d|e66266620ecb9dc9,pdf
2372,https://workdrive.zoho.in/file/0vc137e76b49e5dcc4d29bc329aa161ba9143,,b1c7deb63469013c|b66236623ce91dc9,pdf
2373,https://workdrive.zoho.in/file/0vc13b6f6fe19ee494d4b8561012da4de4388,,afc3d00e2de12fd0|b66636663ce41ccc,pdf
2374,https://workdrive.zoho.in/file/0vc13920bd37ef06c484ca287f334df85152c,https://workdrive.zoho.in/file/0vc138e55fbc4b134454999cc58d25bb13235,fb33a7c382c898cc|ad2dd23ad9c01dc6,pdf
2375,https://workdrive.zoho.in/file/0vc133b95bcfe052f4262af36e608a61a8083,"https://workdrive.zoho.in/file/nkuox2216984601874b8bacf1a868ef34edb5,https://workdrive.zoho.in/file/ltgcle806a5ba3fd04207942fb5a20f9048c1,https://workdrive.zoho.in/file/1j88o25f94847702d4e64a8d5435085b86c6e,https://workdrive.zoho.in/file/1j88o4f6427aed0d54f6c93c1fe3db7591736,https://workdrive.zoho.in/file/1j88od660b0750b844d10bb017233ceed317f,https://workdrive.zoho.in/file/g25go479043ca11df4e05928365cccab86f9f,https://workdrive.zoho.in/file/n7cyyc283971592424616a3801913f7ff5e91",af27d2d02f2ddc80,pdf
2376,https://workdrive.zoho.in/file/0vc1392a715d11f7748bcb65cdc2e3898c749,"https://workdrive.zoho.in/file/nkuoxa9d8c9c68b06476792bdff6a2988f288,https://workdrive.zoho.in/file/225ve6b015b507432416d9afd70d23a928438,https://workdrive.zoho.in/file/8r5l933ebb1ca943f4501b8ba6a7becace89a,https://workdrive.zoho.in/file/zr77m069ff66363044077bbb3324609442b3f,https://workdrive.zoho.in/file/zr77md7c0d36161e44849970f508c316aee57,https://workdrive.zoho.in/file/zr77m310e167cc8f24b7e869a458ac5961afa",a7679a9223656c9c,pdf
2377,https://workdrive.zoho.in/file/0vc130d9932bac7894634a63ed1b3a89671f2,,a7c3d80327e8e13d|be383c383c6c0dc7,pdf
2378,https://workdrive.zoho.in/file/0vc13eb22113adf4a4893a85ac758203d86aa,,e973979768602c6c,pdf
2379,https://workdrive.zoho.in/file/0vc139ca364797c574450910ea20306b50771,,ab93d46929942fc9|a763276327e18cc9,pdf
2380,https://workdrive.zoho.in/file/0vc13e3e3a182d0774f719021829299f57f14,,b93986866b693c36|8e620e660ee70ee7,pdf
2381,https://workdrive.zoho.in/file/0vc132816f64bf36649d99c3bec559cf348e1,https://workdrive.zoho.in/file/0vc13c3019e94c57d44a9878b0856da6a8f53,f873878778688c5c,pdf
2382,https://workdrive.zoho.in/file/0vc13eea703ace4ed4969a9b10293e16f4dc7,https://workdrive.zoho.in/file/0vc13aedf7bd0f5c7426f96dad12b8bbe15bb,b963c792386cccc9,pdf
2383,https://workdrive.zoho.in/file/0vc13dc4493f135974563bf7f91ca9ac0d57e,,f163979630686d8e,pdf
2384,https://workdrive.zoho.in/file/0vc134f01035e9f584f65906af13f38d8729e,"https://workdrive.zoho.in/file/nkuoxadfe033d4c6842a6830bca6298032791,https://workdrive.zoho.in/file/ltgcl23d11c13b20c40e0b210e26ab598a1f2,https://workdrive.zoho.in/file/ltgcl556fe76afc9243e19041b63d0c0bf16a,https://workdrive.zoho.in/file/225ve3ed028cbffd446f8b54582c16b7561fa,https://workdrive.zoho.in/file/qe7xu5379afaaa2cc4700b8ac3cdb12d660d8,https://workdrive.zoho.in/file/qe7xu94acbbcc30a54e6187429eb67360ea47,https://workdrive.zoho.in/file/zr77m27d5b1d89b614aad986b40fae2135b90",e3639292966d6d98,pdf
2385,https://workdrive.zoho.in/file/0vc13d792838c67a9435ba5e07d26df2affe8,"https://workdrive.zoho.in/file/jod1zbb0a4039b3f34611b15a0bbd8de68d08,https://workdrive.zoho.in/file/2ta2qc44d2869f9b2428d9572930d12a225fb",b633c3c33c6c8ccc|b726c09fd8c82f31,pdf
2386,https://workdrive.zoho.in/file/0vc131a6d9177c647493fbe09b00d68518159,,b93b87c369691c94,pdf
2387,https://workdrive.zoho.in/file/0vc13c80d72f9e9694b3280eab385be4b7960,"https://workdrive.zoho.in/file/225ve2d3bd79e0c0a443f82b69d59ad3da68b,https://workdrive.zoho.in/file/8r5l99e9cf68f6fb74d3aa56fec71773a8a4a,https://workdrive.zoho.in/file/krmj777b4cd6bf8df401181dc56b70a6c562d",e969969698694dcc,pdf
2388,https://workdrive.zoho.in/file/0vc1313737e3f504146248bfe635d546fded6,"https://workdrive.zoho.in/file/o7ct869593e05216c40e0ba25252137d64087,https://workdrive.zoho.in/file/tpafi71da847b599d4ef892b0ae7a3b05d664,https://workdrive.zoho.in/file/8r5l9525a96ff93514610bdac53ae9f447873,https://workdrive.zoho.in/file/8r5l9c6060a4d48c8422983bd02970ee2f441,https://workdrive.zoho.in/file/8r5l9f5728cfb785b4200bed892462a41bbf7,https://workdrive.zoho.in/file/8r5l9d2099817f26f4b67a0020102d24e8025,https://workdrive.zoho.in/file/8r5l93f9f905c462944c3a906759410cdaf61",ee6d9393886c6c98,pdf
2389,https://workdrive.zoho.in/file/0vc1311ee619132f14d27a7df78e25fac910d,,afd2d02fc0f02dd8|b6323e703c680ded,pdf
2390,https://workdrive.zoho.in/file/0vc13212f2cb7e4164d85a097e227667c6c99,https://workdrive.zoho.in/file/nkuox126e669f2295456991c709176910ad15,b37392f227c90c9c,pdf
2391,https://workdrive.zoho.in/file/nkuox12e37ec00de34efdaf24b7684086e1f2,,b93b96c32d6cc48c|a667266326e30dcd,pdf
2392,https://workdrive.zoho.in/file/mnji91e08cc31d5324fe6b1c01589d4516b05,,e77898a493896979,image
2393,https://workdrive.zoho.in/file/mnji94c97a226353d4203833788ee3d956c02,,e6199ac695c5996c,image
2394,https://workdrive.zoho.in/file/0vc13c24e8e162e1548898c38f306ca6478ec,https://workdrive.zoho.in/file/o7ct8e5c4e702c8814032845aca5344cb4e89,af27d2d22549cc2d|b667266326e18ccd,pdf
2395,https://workdrive.zoho.in/file/nkuoxe2cd83e4c82e4cd5995b716d8fda03d5,,b9c3c2373fc0983c|a76327e70ccc8ccc,pdf
2396,https://workdrive.zoho.in/file/nkuox5d09c202d947410e86617943266c74ec,,a517d2e02d3b2f2c|a66726cc8cc90fe3,pdf
2397,https://workdrive.zoho.in/file/nkuoxad86212378544b9fa1f7b99c613b02b1,,a717d0e0271f0f6c|a66726c58ccd0de3,pdf
2398,https://workdrive.zoho.in/file/nkuox6807724c3be841a699a0c751bf9c0817,,e987977164696896|b23238983933fd4d,pdf
2399,https://workdrive.zoho.in/file/nkuox8e7316ad7ab644b5a3098c7c1afe80f4,,a727d8d8272ec82d|b6361cd89cf236e0,pdf
2400,https://workdrive.zoho.in/file/nkuox31080f6df62749a7a0da5069bb326056,,e99296636d98699c|a66726e70ccd0dc9,pdf
2401,https://workdrive.zoho.in/file/nkuox2bd96ca7eaf94f7b8317ec97be06f5fa,,afd3d06527132dc8|b66636cc9cca16e4,pdf
2402,https://workdrive.zoho.in/file/nkuoxe36d4a3d3061411dbafadbf2b67cfb1a,,b1c7deb63469013c|a7632dc90d6927e1,pdf
2403,https://workdrive.zoho.in/file/nkuox75b164e63053457db98afe7c43da892e,,bcc3c33e36c13c1c|e666669999999299,pdf
2404,https://workdrive.zoho.in/file/nkuox0e392454fd8b49f4946d0527a6e53f5e,,af87d0f22f0d0c9c|e66666d999989698,pdf
2405,https://workdrive.zoho.in/file/nkuox26338dff7bf3485b9b3b14ff8d5923d7,https://workdrive.zoho.in/file/8r5l9d701eba2afef46838f55da7b9a25fa3e,b733c3c362781ccc|b724c09fdbc82731,pdf
2406,https://workdrive.zoho.in/file/nkuoxf181a03fe2704157b02051a3a5c6ab80,,bc3bc3c62c69d90c,pdf
2407,https://workdrive.zoho.in/file/nkuox12f3e5a59582451781ac4a78d9abe0b3,,ab93d66909962dc9|a76327670ecc8ccc,pdf
2408,https://workdrive.zoho.in/file/0vc138495b78f1a224903baf5495549796c0f,https://workdrive.zoho.in/file/1j88of38792b75cce40488b048e8728652575,bf33c2c02d3f1cc8,pdf
2409,https://workdrive.zoho.in/file/nkuox2861a1cef9ff476eb8a4e4a9fadc7b94,"https://workdrive.zoho.in/file/8r5l99dcd1361839f4b48b3bd2707819a9986,https://workdrive.zoho.in/file/8r5l9686ff8d81d444bc08eea91a13968d081,https://workdrive.zoho.in/file/8r5l925045dd667774feb99b517a52d603d55,https://workdrive.zoho.in/file/8r5l95b42f807557c4ad19686728249e71cb1,https://workdrive.zoho.in/file/qe7xu3f376a52f764475e9e155dfcb324ad7d",ee6393922d6d4c98|a6632663266327e7,pdf
2410,https://workdrive.zoho.in/file/nkuoxd4214120d0414899b439af4545f92895,,af23d0922fe43c3c|8e660e660ee60ee7,pdf
2411,https://workdrive.zoho.in/file/nkuoxc35931be882a4efabd6138652e0ed960,"https://workdrive.zoho.in/file/nkuoxbfdbab9f95dd4d62b6e8f95a8e68a3a7,https://workdrive.zoho.in/file/1j88o6d38d1348ada4dab868d19f9c8d53024",afd2d2292fd04cc9|a763276326e306e3,pdf
2412,https://workdrive.zoho.in/file/0vc13bdd29ab876224634a999bc352ea50f80,"https://workdrive.zoho.in/file/nkuox1d8b64d7f3d947228d988012e0a7282d,https://workdrive.zoho.in/file/nkuoxae3245264b244f6fab6cfd7c57fe8a77,https://workdrive.zoho.in/file/hzqan0ff16eb06eab40dfba765314bea48dc9,https://workdrive.zoho.in/file/hzqan6b5701fd4d20498190d8d079e7bb8ef6,https://workdrive.zoho.in/file/0zfnh41bedd0abd0642ecaf213de65a27b7e6,https://workdrive.zoho.in/file/l9oi3df5d7ae7b0d84f87843cf074cbc21779,https://workdrive.zoho.in/file/8r5l9757fc26ade2f4276bd81ae70a1400699",afc2d2272dd02dcc,pdf
2413,https://workdrive.zoho.in/file/nkuoxe1c4ba8fcd284df0bb41214eb76fc682,,af23d2d02d322d6d|8e620e660ee70ee7,pdf
2414,https://workdrive.zoho.in/file/nkuoxcc7ff85d9f044fb6be50935b261ba357,,afe6d03327c80d27,pdf
2415,https://workdrive.zoho.in/file/nkuox9bce36fa7fcc4750ada573ec216cb0c9,https://workdrive.zoho.in/file/nkuoxc93c1d318c2e4d6881c47cf14426e5fd,afc2d22f2dd0942d,pdf
2416,https://workdrive.zoho.in/file/zu51z92c4c9a9636c4ea4bdfcf429639ed066,,ae6e2c34959393c3,pdf
2417,https://workdrive.zoho.in/file/zu51ze3e57cd5388c49de9d42526f76ea685e,https://workdrive.zoho.in/file/zu51z7d521aa34ab94e8fa6b600bd0748f6d8,ec6c1e9393d3e064,pdf
2418,https://workdrive.zoho.in/file/zu51z8bb271a80b2044388145d92ac5a6a4c3,,e666261b99999999,pdf
2419,https://workdrive.zoho.in/file/w878l6ddc1687e41347d9997221b04c1037d8,"https://workdrive.zoho.in/file/1ytdafc6acf5dc465411697e578fe33f7d9e6,https://workdrive.zoho.in/file/n7cyy7e0d7ebe28f045b080754765e1814251,https://workdrive.zoho.in/file/pw6rd26841273782841168ed6e8f17df25f52,https://workdrive.zoho.in/file/pw6rd5749efaa70b645f9b458852ffc400b38",bff0875ae0855c68,pdf
2420,https://workdrive.zoho.in/file/j6b75d65c9e42d1f341b2a7c9d1b081bed8d7,,afb110e8c4c66b9b|aeb913e8c4c46d93|eeb511eac4c4689b,pdf
2421,https://workdrive.zoho.in/file/zu51zf87683bbb535409bb78e924d207d3f63,,b437cbdb64c49930,pdf
2422,https://workdrive.zoho.in/file/zu51z8c5b0515c5a241289f990a7c8f05c3b0,,be2e24c49393d3d1,pdf
2423,https://workdrive.zoho.in/file/zu51z5fe458babab7411fb0ee078b5cd62e5e,,e767c79898983163,pdf
2424,https://workdrive.zoho.in/file/zu51ze9edb7e958004151be9895c34322f8c6,,ac2c939b93e4e4e4,pdf
2425,https://workdrive.zoho.in/file/zu51z6d55d1f26b3e4006bb7401ca8c84641a,"https://workdrive.zoho.in/file/cpg4j106c9ffa822d4c2fac6a167cebb89271,https://workdrive.zoho.in/file/adrgod618c25f4dfc4002a4d63abb4bae9d67,https://workdrive.zoho.in/file/0j2r5a6a30ef256cb4a1c95c6d7cc7f874614,https://workdrive.zoho.in/file/zn41ad4e8f72e7a8c47a88fee14da41e2c321",e666679999999864,pdf
2426,https://workdrive.zoho.in/file/zu51z8c29208fbb844c799a5df0e118b5ce7b,,bc3cc3c33434cb9a,pdf
2427,https://workdrive.zoho.in/file/zu51z320149689f5d465e80d11959908589cf,,e5659b9a9ac4c0da,pdf
2428,https://workdrive.zoho.in/file/zu51z3527adb07f5741b4b2fcbc6cd0721d40,,bc34cbcb34349b64,pdf
2429,https://workdrive.zoho.in/file/zu51z0fcc8f9c240047d191c7875d454b164f,,bc3ccbcb1a3464c5,pdf
2430,https://workdrive.zoho.in/file/zu51z9c41b602d3f34ae9b45a473bb8976b8c,,bf3f1fc0c1c0c0f4|b766c81e31c1db38,pdf
2431,https://workdrive.zoho.in/file/zu51z29da046352004d4397ce1f35a8c25769,,9e1f1ce0e13e43f0|bc3cc9c3c33634cc,pdf
2432,https://workdrive.zoho.in/file/zu51z7e2aff72f06e4a5886f5882872f34f43,https://workdrive.zoho.in/file/1j88o5b7f4dbab6dd4f9d8cbb88034da7ae27,b031cfcfcfc43032,pdf
2433,https://workdrive.zoho.in/file/zu51zdb70d205e00e43448bb313f5a03a8e95,,a727cbd8d870340f,pdf
2434,https://workdrive.zoho.in/file/zu51z8a02d454202745bdb1492f4a67580b0d,,bc36c3c93cc9c326,pdf
2435,https://workdrive.zoho.in/file/zu51z6c06b9625d264131b5ddeaf0d8981d78,,e7673f999898c0e0,pdf
2436,https://workdrive.zoho.in/file/zu51ze8c7758d9dd84fa7b5ad290df3441c67,,be3cc9cb3234c1c9,pdf
2437,https://workdrive.zoho.in/file/zu51zb5577ef06b774d459c7d9b1dff70a65b,,e66699999964649b,pdf
2438,https://workdrive.zoho.in/file/zu51z7666d33234eb42629f9f5cf9cd12a2d8,,b7e4c999e43632c1,pdf
2439,https://workdrive.zoho.in/file/zu51z6bbd37d06cdb486c81b1894d5546e99e,,b626c9c91f3fc0e0,pdf
2440,https://workdrive.zoho.in/file/zu51za222784892cc4ba686fd75acfbe00bf0,,a6d9d9263234ccd9|bc3c3c3c3c3c343c,pdf
2441,https://workdrive.zoho.in/file/zu51z4f1408441e4a4d2ebd9825422f042a99,,b73ec8c93132c9cc,pdf
2442,https://workdrive.zoho.in/file/zu51z75862ec14de24616abc6ae73471e641f,,e666999966c89966,pdf
2443,https://workdrive.zoho.in/file/zu51z5e1da27af5384acebf098a23d61b3e4f,,e7669899c1d8c965,pdf
2444,https://workdrive.zoho.in/file/zu51z18586880844742d09dd6190fcd568eea,,be3ec1c1c5c19971,pdf
2445,https://workdrive.zoho.in/file/zu51z4dcafc5e2e4a408ca7710c37371a5812,,b434c9cbc6c49b33,pdf
2446,https://workdrive.zoho.in/file/zu51zed97ef55f292441bb5dbb3874e26df31,,bcc3c33c3c92c3c3,pdf
2447,https://workdrive.zoho.in/file/zu51z22b97f59e7e4403080a86fc2cb4eac24,,e4649b9b04939bd3,pdf
2448,https://workdrive.zoho.in/file/zu51z89a948108ed746d18ba3869933683289,,be3ec1c1c924c3d3,pdf
2449,https://workdrive.zoho.in/file/1ytda75492590681c46daad9e4605947c0c70,,dbc234cb49b449cb,pdf
2450,https://workdrive.zoho.in/file/1x1sbd4839681c0e64fac932815ae17a3ff7a,,8798f867279c169a|b93f86609693934e,pdf
2451,https://workdrive.zoho.in/file/mnji9850c3523f6364b258c161b63b13d8fd4,,b99787c346689e61|eb3818c787c78663|ebc21cc786689c67,pdf
2452,https://workdrive.zoho.in/file/zu51za3a3657e510b4310b697e3dd70844059,,bbccc0e3c33b0c3a|bc3cc331cfce38c0,pdf
2453,https://workdrive.zoho.in/file/82egn2a6309ff5a344288953e8b217cb9eb4e,,bf63c160f08dc49d|bf3e851f9107c063|af3fc068b1e499e0,pdf
2454,https://workdrive.zoho.in/file/82egn5b20994b936549448afbbe0836c1df73,"https://workdrive.zoho.in/file/v6hjga16b0dcb5b16440eb545095f82756bf7,https://workdrive.zoho.in/file/xnnzpdc8971b9f79e4162bad2f99f55d39c4c,https://workdrive.zoho.in/file/ydzjacfbcba46cc7f44f6b09518d545bab097,https://workdrive.zoho.in/file/pxhcg38807dba8dc544d1a6cd3796e33ac723",b26cccb033dccd34|bfcbc03415f1c03e|9f3b6063e0f2e1e0,pdf
2455,https://workdrive.zoho.in/file/1ytda2053782a2e544e6db42179248fcc5205,,eb9692c73a68c562|eb94cd68966938c6|eb66984f1094c7cb,pdf
2456,https://workdrive.zoho.in/file/o7ct8d7aec8503116460f94da99f62e40593e,"https://workdrive.zoho.in/file/o7ct8f8d18aa199b64b32afb855dd95200487,https://workdrive.zoho.in/file/o7ct8acbb08c48f4c4e3c9188497b84f237c8,https://workdrive.zoho.in/file/zr77ma3e111bae0a045b49e6660c779efa61e",b33396c661693c9c,pdf
2457,https://workdrive.zoho.in/file/o7ct820c56728896248b2b973228e177f57ca,"https://workdrive.zoho.in/file/hzqan6b5c9216f9cb4b5486b44d02bfc9e732,https://workdrive.zoho.in/file/hzqan3a29d19818df4e54b6bae5322f4f3586,https://workdrive.zoho.in/file/ltgclb107a270c036429880312a46b9cca9fa,https://workdrive.zoho.in/file/ltgcl318dcb480a8c47e38f4573116f2b9003,https://workdrive.zoho.in/file/225ve14b24785e24544b49e0bc902384c0316,https://workdrive.zoho.in/file/225ve9e7d3690fb454c55a1495949384a534f,https://workdrive.zoho.in/file/225ve64e60d2714954f03bbb08c1df0c6220f",b33393c3c3cc1c3c,pdf
2458,https://workdrive.zoho.in/file/o7ct8a1f05e67813549d2abb4c601eee0645c,"https://workdrive.zoho.in/file/o7ct873ba5d970ab648aa80d5b7e64f7c7a85,https://workdrive.zoho.in/file/o7ct8eaf50e8a99c34cb08e37bca33ae0c58d,https://workdrive.zoho.in/file/o7ct81c8e853af83444b08613bb1e8ff56e24,https://workdrive.zoho.in/file/o7ct8ebfde86b2db746359692a2367d48ec1b,https://workdrive.zoho.in/file/ltgcl3f256bcbb40f44648c9d7f1bc759f2c2,https://workdrive.zoho.in/file/ltgcl412fb78491da4e50b05bebd6858a049a,https://workdrive.zoho.in/file/ltgcl34dabe0a7c17437b9daac154c5f6bc77,https://workdrive.zoho.in/file/tpafi7304e3c2d73c4e009a87ae90a8e0f29e,https://workdrive.zoho.in/file/8r5l95bf6f47ac3264d428d536f2f673216ca",e36396966565d898,pdf
2459,https://workdrive.zoho.in/file/o7ct8c7c34aa6bdb647c4bdf622b21284810d,,af2bd2d22f2c2c0d|aa2a2a2a2a2a2a2a,pdf
2460,https://workdrive.zoho.in/file/o7ct8a01e399ca1074efaaffa35c2110202f5,"https://workdrive.zoho.in/file/o7ct8a06730ced5374a7fb8f359814688a7c4,https://workdrive.zoho.in/file/o7ct8bee2836536ca4d559abe06a06ca06772,https://workdrive.zoho.in/file/ltgcl276a8e34b01b4ffa9b7f436b6bb00d93,https://workdrive.zoho.in/file/8r5l98e0c10ad6de5461b84ece2a3a232291f,https://workdrive.zoho.in/file/8r5l9b515a11c9782443785cfec84bb73cc20,https://workdrive.zoho.in/file/8r5l94c6d11b243e146eaae435d33cd400037",ed659292696d6c94,pdf
2461,https://workdrive.zoho.in/file/o7ct8fe9905d920694511b4408999c70993fd,,b333c7b379ca0c0c|b33333333323a3a3,pdf
2462,https://workdrive.zoho.in/file/o7ct84e403e60fc664292ac806a0ce08f86b5,,afc2d23cc32f2cc4|e666662633b19999,pdf
2463,https://workdrive.zoho.in/file/o7ct8040e53a285c04c7bb30e96a6e8ee3cd2,"https://workdrive.zoho.in/file/zr77m28c66835e26e4e3592d7b56c0bc612ab,https://workdrive.zoho.in/file/zr77m317f0a90128e431ea81c59b994d64db4,https://workdrive.zoho.in/file/zr77me0168da192824a26a927ab6068bcf1db",eb63939696b44949,pdf
2464,https://workdrive.zoho.in/file/o7ct82520d5f0b4324b4f80362da818a57733,,afd2d02b1c682f9c|e66666269c999999,pdf
2465,https://workdrive.zoho.in/file/o7ct8653a96f94e224c4eb7dd30451d734b5e,"https://workdrive.zoho.in/file/o7ct8584d6470b6a848e6a13198ec0bdaf08b,https://workdrive.zoho.in/file/ltgclf0f962d658d8459daa88d23973bae7a6,https://workdrive.zoho.in/file/1j88o9cbdb5613eca439d8047e7abeb848e85,https://workdrive.zoho.in/file/8r5l98609a50c2d854000ae5d082f11a44a6c",ef6392906f6c9c0c,pdf
2466,https://workdrive.zoho.in/file/o7ct85bdb963eafd647d194ae6b59053b356a,,b33387c7c768381c|ad2fc270962794dc,pdf
2467,https://workdrive.zoho.in/file/o7ct8208975bf357242d799de07dc03d23c32,https://workdrive.zoho.in/file/zr77mb1c12e15c5a6466f93034769e4c8ff27,ed679292936c6c8c,pdf
2468,https://workdrive.zoho.in/file/o7ct8e7d12d5fd6234dec9242e18f975da4f7,https://workdrive.zoho.in/file/cpg4ja7ed584a6ee942e1996089f8fd05f191,afd0d20ff02d0d6c|e6662626b3999999,pdf
2469,https://workdrive.zoho.in/file/o7ct8bf2f561e49e84c0fa8fdbe369d8b05a0,,fafcd0d585838507|bf7a6a859590c172|ef278181917b2f2a,pdf
2470,https://workdrive.zoho.in/file/o7ct8c21113b597ba47b69d15fce373e528c4,,a561d3bed0a32da4,pdf
2471,https://workdrive.zoho.in/file/o7ct8a0bf25b36c61469f90ce9fc4cd4f5f68,,a523d292cbeab525,pdf
2472,https://workdrive.zoho.in/file/82egnc7a406ba84ad46ba8f739cd7e2de6fdd,,fafcd4d485858507|faaa85d0859f94e1|fa7e952fc12a9481,pdf
2473,https://workdrive.zoho.in/file/v6hjg587e5a2178fb4c9c922e570bf80d7ea4,,e79b0697e4c1d849,image
2474,https://workdrive.zoho.in/file/o7ct8a3511004249d4908976f5ce6295c9a2b,,e69b9864679b86a4,pdf
2475,https://workdrive.zoho.in/file/hzqan13a4fe19cd6549769f704d3b4432a06c,https://workdrive.zoho.in/file/zr77m6a3cecb30b154484ab5a682586378d81,b33396c6c64d2c3c,pdf
2476,https://workdrive.zoho.in/file/hzqanbc3905e1d5ff4e43851b50b4f70cc44e,,afc6d03b06452ddc|8e630e630ee30ee7,pdf
2477,https://workdrive.zoho.in/file/hzqan791090fb54084baf8caef05d1c3f9d4c,,bf25c2d22f2d2c8c|a663266326e326e7,pdf
2478,https://workdrive.zoho.in/file/hzqanfe692630745742189ef0f6a0c4fb3ed8,,afd2d02b922d2dd8|a66326e70ee50ccd,pdf
2479,https://workdrive.zoho.in/file/hzqan0004fd71dc394d69995330800683478d,,af63d0942fe11d0d|8e620e630ee70ee7,pdf
2480,https://workdrive.zoho.in/file/hzqan566bf473263145e4abd631ac82030319,,b733a3c302fc1ccc|af339cc6d03cd226,pdf
2481,https://workdrive.zoho.in/file/hzqand385ccee592144b8bf4dc7f6adb67205,,b73333c3c7643c0c,pdf
2482,https://workdrive.zoho.in/file/hzqana0c736991dc84896842f0dd61c48e0e4,"https://workdrive.zoho.in/file/0zfnhf032e7e20f0c4b9186cfa27c614f5847,https://workdrive.zoho.in/file/0zfnh010eea9df1304c429ad59fe1e6b48e6e,https://workdrive.zoho.in/file/v6hjg07e9dc6ac5924ce7a34440d9fba47467",af23d2c02f390d4f|ae660e6706e306e7,pdf
2483,https://workdrive.zoho.in/file/8ydc600963259854a436998a4e8aa1c353bf8,,fea1e11e60c7855a|af2fd06b3a94c4d0,pdf
2484,https://workdrive.zoho.in/file/1j88o2d3a7c0a7289426c8474ea52ea7542c6,,b8c7c7434e6896f0|b8e087e387632d63|bf6268cdc0c186b7,pdf
2485,https://workdrive.zoho.in/file/8ydc68042eb82884b422cafe0fa50ccd9683e,"https://workdrive.zoho.in/file/8ydc6ce4646595e0047a2a639646036edb7ed,https://workdrive.zoho.in/file/8ydc6e30abb63710a46c6a9287baee146f854,https://workdrive.zoho.in/file/8ydc660a6154cb0944c00807b5908fc4bcd11,https://workdrive.zoho.in/file/1etqy519d49fd040d44f98d62e3edfa913142,https://workdrive.zoho.in/file/1etqy2f8e438e165f4803a9862e861fcb0bcd,https://workdrive.zoho.in/file/1etqy1d2a97e4fba74a5daa4c0f4f29a5a8e5,https://workdrive.zoho.in/file/1j88o1403f2304a9647968134cebadd08ef2a,https://workdrive.zoho.in/file/1j88o8e7039a85a0f45e9a9420a9aa9298e87,https://workdrive.zoho.in/file/xyy4ka80e5458fad84fbfb7a50e49c7a240df,https://workdrive.zoho.in/file/xyy4kc6fa298b8eb641588e303330b0bf5ed1",bfb1934307949c1e,pdf
2486,https://workdrive.zoho.in/file/8ydc6cd08d8a8b938495f9badacd7650f41c5,"https://workdrive.zoho.in/file/1etqy13b9103037524eb981a8651cda544683,https://workdrive.zoho.in/file/225veeab1914b38f44a499222648b70e4998c,https://workdrive.zoho.in/file/xyy4kac1f8ab2202d4602a39a438326f5b86b",bfb51303c10f959c,pdf
2487,https://workdrive.zoho.in/file/v6hjg2c22c0a7419048e992543d58286a2fa6,,af92c643c5693ae4|b969966e903a96c6|bbc4693bc43bc4c4,pdf
2488,https://workdrive.zoho.in/file/8ydc63ef2b0f84f8043f8ba508c22aaeb44fd,"https://workdrive.zoho.in/file/8ydc681c5ae20d0ce4a929f44f99559ba8da5,https://workdrive.zoho.in/file/8ydc61a4606e1db7c419e91b41d105bbc070e,https://workdrive.zoho.in/file/8ydc6966580423ca24ee1a84e97e28c5b25c8,https://workdrive.zoho.in/file/1j88o727addd4a2384cd09277b42914773f93,https://workdrive.zoho.in/file/1j88o2f00df4353f3423e8aa61ad930f8b03b",bf3593830f0e949c,pdf
2489,https://workdrive.zoho.in/file/8ydc62754b66bbf8f4ff688850a2d54219e4e,https://workdrive.zoho.in/file/8ydc672fe0c730e394d1182d5a5a469620bad,bbb19703878d1e94,pdf
2490,https://workdrive.zoho.in/file/8ydc6c047f2ff066c437ca9234ddf2753ab45,,bf95c2e00f96834d,pdf
2491,https://workdrive.zoho.in/file/8ydc68fcd6f4abc7b4be5996fbf797f8feccd,,adc6d23b0fd405cc|ff7e6a7a80c18185,pdf
2492,https://workdrive.zoho.in/file/8ydc697fc7367807e4f588075f6942b426e2f,,ad83d269931e4cc7|ff6a68e0a181917d,pdf
2493,https://workdrive.zoho.in/file/8ydc6148eca1015e440329271a19cfb646dc6,,af63d0942fc1991d|ff7a2a3a2a2a2a2a,pdf
2494,https://workdrive.zoho.in/file/8ydc698ead2a2d8bf49f7ba3ce5cf00deda6f,,afd2d22f38cc8cd0|a76627e627c22dc4,pdf
2495,https://workdrive.zoho.in/file/8ydc61d00ec7c88da42958440f1bdd73b64cf,,afd2d02b922d0ddc|fb68e8e080c0dc7f,pdf
2496,https://workdrive.zoho.in/file/8ydc638198bd270e746319321858b19ae6983,https://workdrive.zoho.in/file/v6hjgb7657126b7164f44a05771f871710388,afc6d03b86c50b9c|ff7a2a3a2a2a2a2a,pdf
2497,https://workdrive.zoho.in/file/8ydc648e53d6a656e46be93604dece1ead1c3,,ab1e6b5e8598c469|eb70b5ada90bc0ca|e66652999985e5c5,pdf
2498,https://workdrive.zoho.in/file/ltgcled1c446586184096aa334de82af2efdf,,af23d0972bc82c2f|a667266726e50ccd,pdf
2499,https://workdrive.zoho.in/file/ltgcl120a408461f34d9d88d9f726778eb548,,f19386e63198cc6d|bfc0642fc01bc8fc|ad2fd63c90d03dd0,pdf
2500,https://workdrive.zoho.in/file/ltgcld837229a232c401e8aeab5eee4aaec06,,bb27c4c02b3b1d6c|af1fd036d264c4cc|ad2de0d0d01f3fd0,pdf
2501,https://workdrive.zoho.in/file/ltgclbb348f2f6eeb4b0f8d9b4034bc10d670,,ab83d0d62f21e16d|b6703c6824638fcf,pdf
2502,https://workdrive.zoho.in/file/ltgclc68db4ad6d7f4390a1058844aa46ec4d,,bd63d2922d3d8c68|a66626cd8dc90d67,pdf
2503,https://workdrive.zoho.in/file/ltgclb82e6060e07643ae9dea36c99c4458e1,,e32394c66733986d|8e630e630ee30ee7,pdf
2504,https://workdrive.zoho.in/file/ltgcl34cb2807ad36430fab1434f823a857d7,,b33307678f681ccc|adc0d623d03fd21e,pdf
2505,https://workdrive.zoho.in/file/ltgcl42f29531493a4adfa90f6c4ede19fe6d,,b3330763c7c83c9c|adc3d42fd260c63c,pdf
2506,https://workdrive.zoho.in/file/ltgclfaac3e884f294ec4a67fac71de06b815,,b3330767cec81c9c|af60d20bd03ed8d3,pdf
2507,https://workdrive.zoho.in/file/ltgcl826116222ad346d4a60dae8bdf68da6c,,add2d22dc60f2dd0|a66726cc8ccc0fe3,pdf
2508,https://workdrive.zoho.in/file/ltgcld784b8e323774a648ddf1206534c59f2,,afd0d027c02b3fd8|a66726cc8ccd07e3,pdf
2509,https://workdrive.zoho.in/file/ltgcl1a51a628640c4160884f30d1b32b7098,,b3338767c6c81c9c|afd0d02f9437c03b|af2b2f2b2f2b2c20,pdf
2510,https://workdrive.zoho.in/file/ltgcl96793902e67f4b24b2a25fca3cb4c473,,e993966269693c9c|f27038586c6ece66,pdf
2511,https://workdrive.zoho.in/file/ltgcl496af05a7e02429f925f7e91ca0a7e03,,e1e69e31614c9e9c|e666668699999959,pdf
2512,https://workdrive.zoho.in/file/ltgcl74011e7c03b246028494fcb8ea44dbaa,,bdf3c20e18392dcc|e666669999993931,pdf
2513,https://workdrive.zoho.in/file/balhu6cd41ea02f324298afb2eac40824d5f3,,b986ced3646892e9|ad3893c6c7711ccc|bd603acec4278a9e,pdf
2514,https://workdrive.zoho.in/file/ltgcl33ac4dae50544c8ab4727c23fab58d39,,afd3d02c2f382cc9|e666a39999192cce,pdf
2515,https://workdrive.zoho.in/file/ltgcl2d0b8d1f556f4c3abff42645a652837b,,b696cb613cc66389|b23038183e9e9f97,pdf
2516,https://workdrive.zoho.in/file/ltgcle189775e818a48cb88932f9dded73cbf,,b333c3c38d3c4ccc|b838924d4dc3c377,pdf
2517,https://workdrive.zoho.in/file/ltgcl2d1c8d76681f4143a3eed7549cffb78a,https://workdrive.zoho.in/file/g25go9df1781345814e93918dfc108cdf54a4,eca393926d6c9c98|e666c899d94d26a6,pdf
2518,https://workdrive.zoho.in/file/ltgclc99a763a8a994ee8ad845d1e514a93c7,,fa8787b478708d1c|bfbf8d2e2e940430,pdf
2519,https://workdrive.zoho.in/file/ltgcl2e424f7856544fa6ab2aff350dbe787f,,afc2d09b2f2d19d0|bc3cc3c71c92c3c3,pdf
2520,https://workdrive.zoho.in/file/ocdz1ebf0c75be577429e9f18a7dae0384fb1,,fafcd0d485878507|e31c0c67d2d3956a|af858d2fc07a72d0,pdf
2521,https://workdrive.zoho.in/file/us2t7be9328a02f7e475aa6f03690d90ee0bd,,aad5b712e4c0956e|bf9d846ec9c16b20|aa2a2a2a6ae6e5e5,pdf
2522,https://workdrive.zoho.in/file/ltgcl6c35cc16b7ec4d1f982b636e5d026082,,f967869038666d39|e66666a68c999999,pdf
2523,https://workdrive.zoho.in/file/ltgcl79a673be7c1c4633bcca1470264b1820,,e3339696cc69499c,pdf
2524,https://workdrive.zoho.in/file/ltgcla6d8206270e04952b0081e1e5a44acd2,https://workdrive.zoho.in/file/ocdz112e066ff205444bd903e49992be7a043,b63693c36c669c98|8e620e630ee70ee7,pdf
2525,https://workdrive.zoho.in/file/ltgclb575d3b1248445f3a58335920d668cbb,,b33307e7c7481c9c|afd0c06fd43bc02b|af2d2d2d2d2d2d60,pdf
2526,https://workdrive.zoho.in/file/ltgcl4241dd31860b4565a9537b5c20f7d727,,af92d0672d982f70|e262d8d9d968caca,pdf
2527,https://workdrive.zoho.in/file/ltgclecad7d2e32164f78aa42c94c8d5ae4f7,,b133c763719c8ccc|e666666666869999,pdf
2528,https://workdrive.zoho.in/file/wtnfrb6c90ca9809b40aca56ed6ff36a8beb1,"https://workdrive.zoho.in/file/8r5l97ecc9f49e5364cca9dca32b977898796,https://workdrive.zoho.in/file/8r5l942a13826ab044155ba9250c2a6a91d36",e76792936d669888,pdf
2529,https://workdrive.zoho.in/file/1etqyb12d8dac72244ebb9efd68e7e31fd235,"https://workdrive.zoho.in/file/n7cyy2786f3ea70a74b09ada15b246004dfd9,https://workdrive.zoho.in/file/pw6rdbb5db25ff1884c91b2179628208ae306,https://workdrive.zoho.in/file/1j88o4a350259da36447fa8d8c8b97ccfd485,https://workdrive.zoho.in/file/krmj72f2899e719714ed8975ae38087f815e5",bba4877a849be80d,pdf
2530,https://workdrive.zoho.in/file/wtnfr608b4862f2e342de923e60ea8761d36f,,b333c367cc8c1c9c|afd0d02f9627d02b|af2f2f2d2d90d0d0,pdf
2531,https://workdrive.zoho.in/file/1etqy8956b192820b4772804a2251ed75ad56,"https://workdrive.zoho.in/file/225vec7d7ca6567d74b5c89d2c5b00d0929e8,https://workdrive.zoho.in/file/1j88oc13d92ace5b34b72887e8b0deace19dc,https://workdrive.zoho.in/file/xyy4kb140820546084c5697fe96e1c0db3ea7",afe5139292c5cd4c,pdf
2532,https://workdrive.zoho.in/file/1etqy560bf8c6caad49f9964a3655318fcd33,"https://workdrive.zoho.in/file/1etqyc028cb98cc16498aa4509a90b7f0c2c3,https://workdrive.zoho.in/file/1etqy2bdad4016bad4ee9aea815aab9d634aa,https://workdrive.zoho.in/file/225ve3d9c079e415943b3918bea8724667692,https://workdrive.zoho.in/file/n7cyyafd762860de34af185199ef2f9dce43b,https://workdrive.zoho.in/file/n7cyy3646790c024447a08583e81ec2c6b759,https://workdrive.zoho.in/file/n7cyy0491acf02d9c4132ae80b81f2829b42c,https://workdrive.zoho.in/file/xyy4kcf70e2080be649babb3f6c24c870846e,https://workdrive.zoho.in/file/xyy4k162f108a51d048cdb4f640cde61d4ec7",aba19736944bc9c9,pdf
2533,https://workdrive.zoho.in/file/balhu0acf73bbb7a34046a9d141eaa2eebc2f,,b4cbcf3299349499,image
2534,https://workdrive.zoho.in/file/1etqy33f6bfa0192947f1a4b5a9bbd5598f8e,"https://workdrive.zoho.in/file/1etqy8bf345e20dc243b4a9af66e8a3279689,https://workdrive.zoho.in/file/225ve457de15b888a4a43bb6667e2440c162a,https://workdrive.zoho.in/file/pxhcg9fc0544faa7045c58c7369633ac22adf,https://workdrive.zoho.in/file/krmj7f194c26c02e440d9910b6e981caa798f",ef659293e5660e90,pdf
2535,https://workdrive.zoho.in/file/balhu4c29de986ed840249bd4950a43e635e7,,bfc2c03d6ac23599|be38c1c7c0b5263e|bf3fc2c2c0c02d3d,pdf
2536,https://workdrive.zoho.in/file/1etqyce8052104d2740c79c7670566bbbfc45,"https://workdrive.zoho.in/file/1etqybbd515ebc43a41e9942ef11ddf3e3220,https://workdrive.zoho.in/file/tpafide92b4a007b240fabaf9a5de3643869e,https://workdrive.zoho.in/file/tpafi029e335f5b674e3dbfac4b05c6ac5b13,https://workdrive.zoho.in/file/n7cyy0e27001f15a6455486a8ecd0cb367383,https://workdrive.zoho.in/file/pw6rddb830689a4734bad9a359c37ef567626,https://workdrive.zoho.in/file/1j88o9b3e69e2f1dd412f82bfe61051215261,https://workdrive.zoho.in/file/1j88oc6b2a1eeb9664351bf80a6848a0ddabc",eb619496866b4f94,pdf
2537,https://workdrive.zoho.in/file/1etqyed79ccb996f245edbf09712d86ea60ca,https://workdrive.zoho.in/file/1j88od2497659820546008cb226259f78008a,ef25931307cdcc1a,pdf
2538,https://workdrive.zoho.in/file/1etqyb9a5192981fd43eba9d07e0f9c281296,https://workdrive.zoho.in/file/n7cyy42fd06ccd10f4bd89054ee900a68d55e,eee59313944ecc98,pdf
2539,https://workdrive.zoho.in/file/1etqy8671b8bb8a1f44d69f142b91416de727,,bc26d3932d869c69|ae6a2e6a2e6a2e2a,pdf
2540,https://workdrive.zoho.in/file/1etqy5f210df5f4534b6484a747210b2d3d93,,a5f3da0307dc2539|bf6e2e6e84c484c5,pdf
2541,https://workdrive.zoho.in/file/1etqyc2b1c53dbe30434d9ead5eccf9091bd2,,afc2d023d30f2dd4|be68b4e494cc1e4e,pdf
2542,https://workdrive.zoho.in/file/xww67ded340c91c534a6ea5399d7c84a2719b,,b131d3d3c7653138,pdf
2543,https://workdrive.zoho.in/file/1etqyfcf6caad1f5f4b67b0645b4d55cfbd41,,ad3bd6c6c2d2092d|bf3f35e1c0c0c86a,pdf
2544,https://workdrive.zoho.in/file/xww67639de9f5af8a443cb83b47827d52ee15,,85555555c3baaaaa|db4ba6a4b455594a,pdf
2545,https://workdrive.zoho.in/file/tpafiae0640ebbd35437985a9bdade365b6fd,,bc26d3992d243c6d|aa2a2a2a2a2a2a2a,pdf
2546,https://workdrive.zoho.in/file/bwucha5e5f0d7fe3943138f6ba1adf6d8782f,,bec1c13eca2ec92c|be66c1993cc12e2e|bec2c13cb1e12e66,pdf
2547,https://workdrive.zoho.in/file/bwuchf795ce93d5b64d23bbda8147da7bb8a1,,bcc3c33cc82acb3c|bcdac2a3c33ca92c|bccac335c33c3c2c,pdf
2548,https://workdrive.zoho.in/file/xww677118b633a41945e8a92cfcfe8340ca5a,,a424dad3e3db682c,pdf
2549,https://workdrive.zoho.in/file/1etqy723781332eed42a6a94050bfdcd978a6,,b73737e3c0c8c8c8|af2dd007c4ec6dd0,pdf
2550,https://workdrive.zoho.in/file/xww67f3bb3a573a6648c7a5b67c541dd53a91,,e62333b3d2c26c2d,pdf
2551,https://workdrive.zoho.in/file/225vea8e2e17cbe7c45449cb6acc51ffda891,,b44bc33ec13c3ec1,image
2552,https://workdrive.zoho.in/file/225ve11aa609bdf5c464389d57bc504d7c9d6,,b4cb8b873474e8c9,image
2553,https://workdrive.zoho.in/file/xww6795d1cf706ed548cb906d003e4be1ff24,,a626f3939366646c,pdf
2554,https://workdrive.zoho.in/file/xww676d84321753ca44e6b9f53aa7b9008afe,,8555551573aaeaaa|8c676370710f6367|821d7708fef008f7,pdf
2555,https://workdrive.zoho.in/file/bwuchf347b8cdf94045cda8ee92a5b4b78fc0,,d215adca5a25a5da|d285adca5a3595ca|d205adca5a25b5da,pdf
2556,https://workdrive.zoho.in/file/tpafi3d548f397d1548d99192ea8a672bc230,,bfb107e2938b854c,pdf
2557,https://workdrive.zoho.in/file/tpafi7ac48f4929fc48a898af668a6d7dd77d,https://workdrive.zoho.in/file/1j88o89fd472e9c1140eca3cd4e6da2d6262a,bf35d2c22d2f841c,pdf
2558,https://workdrive.zoho.in/file/225ve6f3b4f40dc7443bbba7450589971bdad,,fefefafe82808080|fc6078073c7cf870|d56aead52a15952a,pdf
2559,https://workdrive.zoho.in/file/225ve9bb9fdf68f514df5a2a1c16992798e01,,fefefafe82808080|fc6078073e7cf070|b07cf288573b8743,pdf
2560,https://workdrive.zoho.in/file/tpafib6d17b8b63c04a3ea442bbbc0c107c2b,,b92b96866b69183e|bf68a4e185c18d4f,pdf
2561,https://workdrive.zoho.in/file/tpafi4caf5ed01ddc47da8e742046eb8daf49,,aca51393c7cc961b,pdf
2562,https://workdrive.zoho.in/file/tpafi59fd4977c67b43adb6549a6440c29cbb,,ada51333854f8cdc,pdf
2563,https://workdrive.zoho.in/file/225vebd78d069c1344b0d811c47c1211c4994,,fefefefe80808080|fc6078073e7cf860|f258f2c827278d27,pdf
2564,https://workdrive.zoho.in/file/tpafid2d6a89d4f854f04bff1a33a8d213982,https://workdrive.zoho.in/file/1j88oa3b55d0e8a7f490a9a07135dc558ca8d,e9a1969661679c1e,pdf
2565,https://workdrive.zoho.in/file/tpafi5d0c0ce4bee540508e43cccdbda2a1c4,,e9639797636284cc|bf6a2ee284c585c5,pdf
2566,https://workdrive.zoho.in/file/tpafiaf3d10744b9b497a8c35c67e10ace652,https://workdrive.zoho.in/file/8r5l92b1ae16e2dff46be80a367a28c7c19a8,ec669393646ecc98,pdf
2567,https://workdrive.zoho.in/file/tpafid2b18d9768b94f81954ef0da64ab207a,,ede513931bc46c94,pdf
2568,https://workdrive.zoho.in/file/tpafif452734c3d3843ab8a5c02ab4505d16c,"https://workdrive.zoho.in/file/tpafiac8fe1f32edb44fcbece4855bf11f75d,https://workdrive.zoho.in/file/tpafi99b8a587d3ca44058788f29ad1d445c8",bba43fc50bc096cc,pdf
2569,https://workdrive.zoho.in/file/tpafi970609d1ce8445028efcdb00a7a3f110,,bea11e07c05fe8d8|ab0fc2f2d66590d8,pdf
2570,https://workdrive.zoho.in/file/tpafibcc5bc5a1b124bb48c10fbf8cdd8bc63,,baa55bc75a84988e|af6ad06ad2d4c4d2,pdf
2571,https://workdrive.zoho.in/file/tpafic8543cdd39974a439a26167c2f78bec1,,bab133e30bc49e8c|afcad26ac072d2a9,pdf
2572,https://workdrive.zoho.in/file/tpafia02c7da9cc8d4bdb8d784bf6908d7d69,,ba946b876b94909e,pdf
2573,https://workdrive.zoho.in/file/tpafi429d00133a464bd7b5cf79134dcb9ccd,,adc29237d24d4ed8,pdf
2574,https://workdrive.zoho.in/file/tpafibb511336e3524d65a314e06daeceb395,,aff00ff007d4941e|af2fd031d2d235c4,pdf
2575,https://workdrive.zoho.in/file/tpafie789f4fcc13743c3b15f4a16e0661c4b,https://workdrive.zoho.in/file/tpafib7396a69fae1490593ab4ce6c88d50e6,bae51ac71ac594ca,pdf
2576,https://workdrive.zoho.in/file/tpafic8587ac2b7654bc0a5500a16a538535a,,baa55bc75a859a84|af52d06ed2942ed2,pdf
2577,https://workdrive.zoho.in/file/zr77m4495a53a29c34d5399df79b549b6fce6,,e69199eeca1825e5|e69199eeea1825c5,pdf
2578,https://workdrive.zoho.in/file/tpafiadc1202e73a4444a97b5388ed4eae85a,"https://workdrive.zoho.in/file/tpafic84eb50fb19543bb822c15cc2574fc3a,https://workdrive.zoho.in/file/1j88o8dc3aac9658049d980b2d2c227ca4023,https://workdrive.zoho.in/file/xyy4k169f092a79fe4774b417390aaa89a25c",af25d2d2852f8dd0,pdf
2579,https://workdrive.zoho.in/file/tpafib70f7f91026c43309226a7bb24495c56,,af2d92d2922d2f0e,pdf
2580,https://workdrive.zoho.in/file/tpafi94e1849b93fe478eb22cf447248317b4,,bbb00fc20fd09ecc|afd2d299892da526|af2f2f2f2f2980c0,pdf
2581,https://workdrive.zoho.in/file/tpafid9af23617a094dfabd318df8ce080696,https://workdrive.zoho.in/file/tpafi3a2054df5a294bd38a2a9e1147b9a8c5,cb4a96b6a56969b0|97e017e007f00ff6,pdf
2582,https://workdrive.zoho.in/file/1j88o1f79ecf1ce674ff2a01f75a28273c8c5,,eea49b1bc5668698,pdf
2583,https://workdrive.zoho.in/file/1j88o2823c996299444a387734a9ef15c8ae1,,bfb5c2e0161f814e,pdf
2584,https://workdrive.zoho.in/file/hzqan3b7eba77314c49a99c19bb3c11edce0c,,a99387cbc66932cc|ed6a1bce323684c6|af68c4323a9a929f,pdf
2585,https://workdrive.zoho.in/file/hfa812079db9733074c5ab223dea0cbcfd485,,efb913eac0c26a91|aeb511e8c4c47a9b|eeb113e8d484789b,pdf
2586,https://workdrive.zoho.in/file/1j88o6b689e7e08cf4506a97296d5bf6ad139,"https://workdrive.zoho.in/file/pw6rdd3356a169bbf4392b942851eea0ddbad,https://workdrive.zoho.in/file/qq0vwac99526413924a19a274a41691ad9158",ef61929067e79898,pdf
2587,https://workdrive.zoho.in/file/1j88ob28c5f2dd1a844d9be0822ba35138167,,af2fd0d2032fc4cc|bf6aa4e485c58547,pdf
2588,https://workdrive.zoho.in/file/wue3rfc343882c42848b588fb045c3cbe7b83,,bab9c52e9491794c|fa81b570953ff0c0,pdf
2589,https://workdrive.zoho.in/file/1j88o0135b85e9c3d475daab44d4c54fa5e36,,ed27929ac765c898|bf6e2ee684c484c5,pdf
2590,https://workdrive.zoho.in/file/1j88obc2ff6c00d5849f089fd636e44525cf0,,af2772d2d2830f0d|bee0945a3ec29547,pdf
2591,https://workdrive.zoho.in/file/1j88o07a971fd5a344dbeaef20eb2453eda72,,a92bd6d6872929c6|be6ea6e484c585c5,pdf
2592,https://workdrive.zoho.in/file/1j88o40418d880fb843c4a9928cdb194f695f,https://workdrive.zoho.in/file/1j88o1ca47b46642a476f972e200cd5f5673b,af27d0d00f0fc4ce|be6ea6e484c585c5,pdf
2593,https://workdrive.zoho.in/file/1j88o71c242d03174422cb6bc8c48880ebd6d,,af27d0d81f27c3c0|bf6e2e6e84c484c5,pdf
2594,https://workdrive.zoho.in/file/1j88o67d17d8d6b2e4ba789dc35e8f60e5988,,bdc2c633c17c874c|bab0941b1ed29557,pdf
2595,https://workdrive.zoho.in/file/1j88o38ea0e233f7d49d6992a57f412410964,,af27f2d0922f0ccc|be6ea4e485c58547,pdf
2596,https://workdrive.zoho.in/file/1j88od59fcfac95804c7aa761f2d0f88e4b1e,"https://workdrive.zoho.in/file/1j88o0f93823255864c53bbadd8225ed9310b,https://workdrive.zoho.in/file/1j88occc66cf7b7254554bea54d220f105d1d,https://workdrive.zoho.in/file/1j88of677fe484fb74751a211118cc66674d4,https://workdrive.zoho.in/file/pw6rd9057499df4c14819b56449ecd524a737",efe19292e1678c8c,pdf
2597,https://workdrive.zoho.in/file/1j88o325720a751db4630b8d74f4a49fee70d,,eb6394966bc38e0c,pdf
2598,https://workdrive.zoho.in/file/1j88obf00648c48ed437dabd42f9fe079f8f8,,e96396923169cdc6|be6e2ee684c584c5,pdf
2599,https://workdrive.zoho.in/file/1j88o8fcde97e2d74425080699fbf4adcf502,,bff007fad04bc00b|9e5ea785a188d0fc|ba327654c4c4d4f6,pdf
2600,https://workdrive.zoho.in/file/1j88o70897b52e73a464b98948c479757c66d,,bbb1876f86940e4c,pdf
2601,https://workdrive.zoho.in/file/1j88o0a97b64e0f58445092abc1674df6ef4a,,ebe3949ac3638c94,pdf
2602,https://workdrive.zoho.in/file/1j88o8d02ff249942435aa7e8b8d4e391167d,,ebe39696c56b800e,pdf
2603,https://workdrive.zoho.in/file/1j88oed2dbef513864950a5546e8cf25250f3,,eee6931b66c60e18,pdf
2604,https://workdrive.zoho.in/file/1j88o74174c65d7d247dda77b942f60bdc060,,efe39a98c5669098,pdf
2605,https://workdrive.zoho.in/file/1j88ocd6dd8f45b874a93bdb3c920de9d5440,,af66d2330fc00d9d|ae6ea4c485c5856f,pdf
2606,https://workdrive.zoho.in/file/1j88o06bd7c74ed414e8cadb024e8a36bd7e1,,ac27d3d32e2ccb09,pdf
2607,https://workdrive.zoho.in/file/1j88oc1653493f02c4b05946b122c9e9e804a,https://workdrive.zoho.in/file/1j88o9866f95386f64e6a9b853ed9173999d3,ef6192924f6dc416,pdf
2608,https://workdrive.zoho.in/file/1j88o9b5018b47dbc4752b8887dcbd3461b49,,bfb1076385c68c9c,pdf
2609,https://workdrive.zoho.in/file/1j88o84d51d4336cd4ce59493b81a90f6a4a2,,ab2bd4d4872b0bd8|bf6a2c68a4e585c5,pdf
2610,https://workdrive.zoho.in/file/1j88o4460283de9664c0f86570ca2f4602949,,e7a3981a61e6969c,pdf
2611,https://workdrive.zoho.in/file/1j88oe6afbc0115a74870994b1355f64e125f,,bfd2c22fc068c8d9|bf3f3f68c0c0c1c1,pdf
2612,https://workdrive.zoho.in/file/1j88obed3e23164544a22a48ec04cd68c8764,,bfd2c02fd078c8d8|bf3d95c1c24acac1,pdf
2613,https://workdrive.zoho.in/file/g25goe98069d1a24b4f42a04869f60602909e,,bf63c2962d69681c|e6666666c4999999,pdf
2614,https://workdrive.zoho.in/file/v6hjg7602d7e409b744179b77746c49b3d846,,e49393e49a5a6c2d|a4d3d325dada6a09,pdf
2615,https://workdrive.zoho.in/file/v6hjg4eb2ab5d05d54d3bba38b892034b91da,,b7d0c1a7da2a4a39|b726cac939c82736|ab2969d4d4d4d646,pdf
2616,https://workdrive.zoho.in/file/6j1r62542aa08596a4d94b7354d35fbc3d718,,b593d2e43d3125cc|b6663ccc1c6236ec,pdf
2617,https://workdrive.zoho.in/file/8r5l9c8391ec6f0c74254b8c19fe097e22a92,"https://workdrive.zoho.in/file/8r5l99e6922713eff486295ce343fc4cf9cb4,https://workdrive.zoho.in/file/8r5l97399241c6ba54c77a063ec6479bcfe00,https://workdrive.zoho.in/file/8r5l9e150b2990dcc41bb8fc8f09afc8e8ac7,https://workdrive.zoho.in/file/8r5l9a05d6c4ee2dd4e52811ce8522db25868,https://workdrive.zoho.in/file/8r5l9f7adeac070da4b7f936f19d276915e9b,https://workdrive.zoho.in/file/8r5l9408161eb7b634a77ae3817cb540ace41,https://workdrive.zoho.in/file/8r5l9f9462347f76d4fc3b3cefeec6c75c5c9,https://workdrive.zoho.in/file/8r5l90308d32f26c6434e8aee351af7e6a66a,https://workdrive.zoho.in/file/8r5l953826d9d763941eb9cf7a0f0e7398af5,https://workdrive.zoho.in/file/8r5l9282e056c54824588b1319c8ea5a88aab",b33363c7c398989c,pdf
2618,https://workdrive.zoho.in/file/8r5l9374646d2895d41ba99f2e741bd5a8eff,,b233c3c373389ccc|afc37cc0d696d019|af1cd0b7c4c9d063,pdf
2619,https://workdrive.zoho.in/file/8r5l9e809a833f76a4319851658dbccef5386,,b333c3c373381ccc|afd0d4d0d039392f|afb6c6ccd009d0f2,pdf
2620,https://workdrive.zoho.in/file/8r5l92e4c3fd24e9049c29332c238f674f934,https://workdrive.zoho.in/file/8r5l92e4c3fd24e9049c29332c238f674f934,b333c7e3306c989c|af2dd2922bc0b6f0,pdf
2621,https://workdrive.zoho.in/file/8r5l99e1b404d79d44d7785e86da416ca3907,,b333c7c66c6849cc,pdf
2622,https://workdrive.zoho.in/file/8r5l9660a2a971fde4898a4d3f064d0176175,,e1d39665679898cc|e6666666e48d8999,pdf
2623,https://workdrive.zoho.in/file/8r5l9a1078818760c4117b0cba57f9565bf28,"https://workdrive.zoho.in/file/qe7xu2b58e85a811d4ade9c5288b68c66367e,https://workdrive.zoho.in/file/qe7xufb2f3f5139694134a3bac0bafb217c58,https://workdrive.zoho.in/file/xww6777a4a9043cd94c17b493f15b7d044632",e36394906b6b6c9c,pdf
2624,https://workdrive.zoho.in/file/8r5l9accceb44406043c78353741170bdbce6,,afd2d269c62b982c|e666666626969999,pdf
2625,https://workdrive.zoho.in/file/8r5l968aa55702432457099fccff2d51a8ab9,,f233b363e0d8cc8c|ad0fc2f0c62798e9|e666e29999998ca6,pdf
2626,https://workdrive.zoho.in/file/8r5l9b6a78dfce9b5457dbfbb7992311975b0,,e763989263699c9c,pdf
2627,https://workdrive.zoho.in/file/8r5l97286a5da8290490e99ab93d60ba7a037,,b1b39263c33ccc9c|ad2fd029d0d62fd0|bc3c8cc7c3d930c3,pdf
2628,https://workdrive.zoho.in/file/8r5l9abe298a8017643249b7e2045b401202b,https://workdrive.zoho.in/file/8r5l9558fe1c355214888aeb00deae62aae89,e96192926d6d9a9a|aa2a2a2a2a2a2a00,pdf
2629,https://workdrive.zoho.in/file/8r5l9b92479e8dcfe4432a7675275f00f382e,,e1939e6663399c4c|f37373d8888c8ca6,pdf
2630,https://workdrive.zoho.in/file/8r5l92c5f49f6acf84cb9b1874d05cd9886e3,,e1c3969e63619c3c|a6363699cccccccc,pdf
2631,https://workdrive.zoho.in/file/8r5l909f8007599c0478b8e3c582fa07f1d82,,af92d22d07f22d8c|b333399919313373,pdf
2632,https://workdrive.zoho.in/file/1x1sb20106f1456f6496bafd33f7863262755,,948fef70309a166d|bf3d9091846b78ca|bfcad0e19037c592,pdf
2633,https://workdrive.zoho.in/file/ma9uqea6a4492d8ca408d8d818c054397209e,,b79e40c1652f3a3a,pdf
2634,https://workdrive.zoho.in/file/1x1sbac8b1c67907c4d899f37ff77decd185e,,859bf864279b0d6c|ef3f909869c0c563|bb3bc4c4f8919516,pdf
2635,https://workdrive.zoho.in/file/1x1sbd46721d1c009465dbac52ca1b032cf7f,,f3d4cc3133c9cc23|f875d77195585818|bd70c3c5c5754169,pdf
2636,https://workdrive.zoho.in/file/n7cyy2b091109a50949428be1025d63f671a4,,b9a197966a998c6c,pdf
2637,https://workdrive.zoho.in/file/n7cyy02d48e2329e44f519cd4b4ed85c538bf,"https://workdrive.zoho.in/file/zr77m102c6d9d0fdc40638950529e8d703848,https://workdrive.zoho.in/file/zr77m7e508d357857478f995ebfa4dd779587,https://workdrive.zoho.in/file/xyy4k66c7a8475a5d4eedb17112401bf48b5c,https://workdrive.zoho.in/file/xyy4k4c6e72198ad9428cae053285c3de42b3,https://workdrive.zoho.in/file/xyy4k4b291431b03d4f3986c974984614aafe",ef6793939086646c,pdf
2638,https://workdrive.zoho.in/file/n7cyy120b2bcc27e44db9926899829b5e3dd4,,b8399397876c7819,pdf
2639,https://workdrive.zoho.in/file/n7cyyf507c8f01e6540f9bc1362761a284f1d,,ad63d29697d40b49,pdf
2640,https://workdrive.zoho.in/file/n7cyy742d29a868bb44bd81a760fe38737431,"https://workdrive.zoho.in/file/n7cyy967973bf05524594b74ed641fcf19ea0,https://workdrive.zoho.in/file/xyy4k91c8fbf7632c4c249af4eb5eb3e42ffa",eb61969691616b9c,pdf
2641,https://workdrive.zoho.in/file/n7cyy23b3dc341ba64aa3a19291c1261ff492,,efe19392c74b884c,pdf
2642,https://workdrive.zoho.in/file/n7cyy4ce67a415cf34f4d88ce201ac1d1dedb,,bd33c2623dc98ccc,pdf
2643,https://workdrive.zoho.in/file/n7cyy965417080478462f8ef8218eca94258a,,b9a187967969c41e,pdf
2644,https://workdrive.zoho.in/file/n7cyy4e33894d28b943d4a867b52a4608ac8b,"https://workdrive.zoho.in/file/hkx0jcc0f213ccfa748debfccf8eb07877f98,https://workdrive.zoho.in/file/pw6rd7b4c57febffa4170b2959a9b59bb51c0,https://workdrive.zoho.in/file/1j88o7840704cb3d64879846386b396e9d063,https://workdrive.zoho.in/file/1j88oa4c52887c44b4cbbba82e47db29d22d8",eb31979616c9c949,pdf
2645,https://workdrive.zoho.in/file/n7cyyfe038e42db0f46fe80cd2a1501e3addd,,bab187874bc21e8d,pdf
2646,https://workdrive.zoho.in/file/n7cyy11c52cfbecee48dbb825471c2e246b0f,https://workdrive.zoho.in/file/n7cyy7c57c51e7ab64ecd82183b9c8d57ffdb,eea59393914bccc4,pdf
2647,https://workdrive.zoho.in/file/n7cyyfc9a924f5e4e42d79d30026f2244d220,"https://workdrive.zoho.in/file/n7cyydc2e5551f5ad4d22bbfbc6fe70324169,https://workdrive.zoho.in/file/n7cyy47278298477d4a1eb2f7667a23dbec6a",ebe196969549cd84,pdf
2648,https://workdrive.zoho.in/file/n7cyyaca299a22e3c46dfb1dfe04360f38430,,fafefefa98808080|e7551c2f2c286b1e|b63636362626e6e2,pdf
2649,https://workdrive.zoho.in/file/n7cyy297e8baadb06448691f5f1e1231506a1,,e963979363c29c8c|ae6a2e6a2e6a2a6a,pdf
2650,https://workdrive.zoho.in/file/n7cyyeca0fc313bfe4cd2a4d82152a81545d9,,efe3929467438469,pdf
2651,https://workdrive.zoho.in/file/n7cyy1f2f710ba3f4464ea6093322ddac4362,,bdc2d22d0792cdc9,pdf
2652,https://workdrive.zoho.in/file/n7cyy3e9647cd0e5d4733b04049926c2a9431,https://workdrive.zoho.in/file/pw6rdafebc3696b524549bf72d840185cf9cc,bfb58343859c9e84,pdf
2653,https://workdrive.zoho.in/file/225veb6b735b06e9f41b8bc16cad196dffd10,,e69199ec6e1195e4|c395b46a4a15b5ea|e59898256f5a35a5,pdf
2654,https://workdrive.zoho.in/file/225ve68767c2c6c0d4d0187f6e17a60289791,,ba3212cdc9edc4cc|ec6c6c6c6ce5c581,pdf
2655,https://workdrive.zoho.in/file/bwuch5091da76184d48f1a14029bbee51f2e6,,d215adea4a751595|d255a5da6a6c8595|e71199e79a6a2b0c,pdf
2656,https://workdrive.zoho.in/file/225ve292dcdee7d1d4c8888a8c1ddc3321bab,,ba3480c7b5cb954b|ba3a38e1b5b494c5|b3c6ce91c44c396e,pdf
2657,https://workdrive.zoho.in/file/pw6rdaecbe133b8dc4067aba26ab4dacf549a,https://workdrive.zoho.in/file/pw6rdbab72e03c9384d11ba237a1827ca128c,bea1971f68478558|af2f941e9294d2d2|bbe0877a809ff007,pdf
2658,https://workdrive.zoho.in/file/jod1zb5b7c78798374fc4a8789a430440698d,,cc3291cdeac8b6a3|e75898a76a5a2595|e65b99a46e5b11a4,pdf
2659,https://workdrive.zoho.in/file/pw6rd7725187735b24a5bbdc381298d4cf483,,839b79be05a1cb68|af69729441c54dd3|eeb1916ac095876e,pdf
2660,https://workdrive.zoho.in/file/qe7xu541c18f5148743cca6bba668c6f802d8,,e6d999a66a1925e4|cccdb3324c29b3c6|e89796686992768d,pdf
2661,https://workdrive.zoho.in/file/pw6rdcfa6ff4c835a45e2a209b863b04ab47a,,bbb14332874f851e,pdf
2662,https://workdrive.zoho.in/file/wdkrca83556df0d764da99377515a0325cea9,,9f3f233631836478|9f39c12639193ec3|af0f91660f956668,pdf
2663,https://workdrive.zoho.in/file/n7cyy524f9d5c92494f35b8cbda33e2cfddff,,fafefefa8a808080|d25aac2425575b37,pdf
2664,https://workdrive.zoho.in/file/pw6rdce31ac748f6f4322b8573ef36d2a9382,,afc4c03317491fdc,pdf
2665,https://workdrive.zoho.in/file/hkx0j37c09a82da814492aa41fbd2b439c9b9,,ea32c23a9899bdcc|af6972b441c545d3|bf78d0f9d029c486,pdf
2666,https://workdrive.zoho.in/file/pw6rde229be3b57d04bd4b7b3ae20732905f2,,e9c396669371619c|be3cb4949494961f,pdf
2667,https://workdrive.zoho.in/file/pw6rd3fdc9bc1040540dab58e3b88776db1e0,,bf31d383262e9919,pdf
2668,https://workdrive.zoho.in/file/pw6rd91ffbdedcc8743de82b89bc66070a3b2,,e99696d2e5619c61|beb4952f69c1c342,pdf
2669,https://workdrive.zoho.in/file/pw6rddd964562e6964d36af0d06ffc72071d1,,ae7a957ec584c381,pdf
2670,https://workdrive.zoho.in/file/hzqan801368c2f066436e83ebf5d879ec6270,,bb63c3b20ccd3c1c,pdf
2671,https://workdrive.zoho.in/file/qe7xu933bf1d70dc74267ab087d50018d0637,,bbc3c632892fdc18|e6666666e6819999,pdf
2672,https://workdrive.zoho.in/file/qe7xu80b1bb66c27f456aa2c56dfb25482ce2,,bbc3c632892f9c38|a667266726e50ccd,pdf
2673,https://workdrive.zoho.in/file/1j88o36f24f374f7d441ab7389a921c28d207,,bbb1971797840e68,pdf
2674,https://workdrive.zoho.in/file/1j88o1bfeabc955924a57bc92fef593f549db,,af63d01627c93dd0|be3cb484944e1e6b,pdf
2675,https://workdrive.zoho.in/file/1j88oe6157257ca3b439f88b4f337287e1427,,b93996968469e99c,pdf
2676,https://workdrive.zoho.in/file/1j88o01a25a37a7644f7b81ed8770ca4b78b5,https://workdrive.zoho.in/file/xww67ac97f6244863434a97e8e5ab1f46d252,e99692699696699c,pdf
2677,https://workdrive.zoho.in/file/1j88o7749751af4444b1492b6dbb260e236c0,,af27d2d018c24f6d|be3e3cb494c1c4c3,pdf
2678,https://workdrive.zoho.in/file/1j88o2a9b351218cf46f185edf5bf86117501,,bbe3169687614d8c,pdf
2679,https://workdrive.zoho.in/file/1j88o29dfebac2ddb4c998050ffd94f65e3fe,,baa552479368987b|afe5d247d0279452|af9a962dd0c29a56,pdf
2680,https://workdrive.zoho.in/file/1j88oc5f394e95dd44959b9341cd2e50515df,,bbe4177a8558c41e|afa5a552d4a1d2a5|af2f906ad23785d0,pdf
2681,https://workdrive.zoho.in/file/1j88o02cb5fba33c447ae9875de4416b5207f,,af63d8c2271996cc|be6a2ce4a4c5954d,pdf
2682,https://workdrive.zoho.in/file/225ve0bace3fd72a24497915c7c896067202b,,a752d0ad2f5a5a25|ce62b19dcc6a1393|e49199ec6e1b15e4,pdf
2683,https://workdrive.zoho.in/file/xww67f1663640b0f74573992447834d8684ac,,afc3d01627c93db0|bc3c3c3c3c3c3c62,pdf
2684,https://workdrive.zoho.in/file/1j88o95f3705231354aeeb93214ef70396610,,afc3d0b40fc918c7,pdf
2685,https://workdrive.zoho.in/file/zr77m737f4ed27c5946e29813ea6e704e6eb6,,afc2d03fc4692d8c|b6363c981c3c3ee4,pdf
2686,https://workdrive.zoho.in/file/zr77m6b5e5b55d7c3462bbee83ee5194775bb,,e7339263658c9cc9|8e630e630ee30ee7,pdf
2687,https://workdrive.zoho.in/file/zr77m69df0beca73f42cbbc7521aab53c38dd,https://workdrive.zoho.in/file/xyy4k523575397b0b42378bc6b35389e7eafb,ed9393646493696c,pdf
2688,https://workdrive.zoho.in/file/zr77mdaa424cc1c254eaba9fca384a4f96f48,https://workdrive.zoho.in/file/xyy4k6c51943ee28044ab8643f27fa6b79898,e86993922c6d6d9c|8e630e630ee30ee7,pdf
2689,https://workdrive.zoho.in/file/zr77mde035070603f49ff940079211769acce,,e61599eeee1a1924|e61199e6ee1b2c26,pdf
2690,https://workdrive.zoho.in/file/zr77madfd4c36051a4df6bddd4875f7647178,,adc3d23d0b642cd9|a663266326e70ee5,pdf
2691,https://workdrive.zoho.in/file/xyy4k9fcb6b7093464582a5b2b5017b942dc7,,b649c946c96666bc|b61cc998f398c966|b6f289c8cc0dd92d,pdf
2692,https://workdrive.zoho.in/file/xyy4k496aa035b4304ccbb8b82dc66eea00c6,https://workdrive.zoho.in/file/xyy4k6887ed24aca44b3fbb24a6cf7feeada0,ef6592909067e56c,pdf
2693,https://workdrive.zoho.in/file/xyy4k5a6b84ef55ac4dc697d1b3eb5f1493c7,https://workdrive.zoho.in/file/xyy4k45df2bd1cdbf4279881f64fab4d7df76,aba117969696856b,pdf
2694,https://workdrive.zoho.in/file/zr77m3497889494be470295a6ab42f91515e8,,b64bc94e49c666e4|b6669ce78c6298cc|b672b369c16607c5,pdf
2695,https://workdrive.zoho.in/file/xyy4k66bc9184dc644292bde7b2313d7b9e3d,,afc3d03e87c12b8c|ae60a4e51d6f2ee0,pdf
2696,https://workdrive.zoho.in/file/xyy4k520d6927dcea4f79af6ed0defac53a4f,,ee649393934ec46c,pdf
2697,https://workdrive.zoho.in/file/xyy4k1b9bcb4512714916930828e6da18180f,,eb61969e64614b99,pdf
2698,https://workdrive.zoho.in/file/zr77mfccc1b42f9f54e44bf487067c4095379,,ea373d5a1d1a2562|ba3a3a3a3a3a3a38,pdf
2699,https://workdrive.zoho.in/file/xyy4k467a616278b549888e48d0be71af0d36,,bfb1874386861dcc,pdf
2700,https://workdrive.zoho.in/file/xyy4k83f6328bb1aa497bae6669ce0ef34c83,,efa19a9167c49e88,pdf
2701,https://workdrive.zoho.in/file/hfa811ab994ff52bd4ec19af4540a15b09b16,,e6639b92666549cc,pdf
2702,https://workdrive.zoho.in/file/xyy4kf000b6af23b945fda180eab590a127b9,,ad63d23e1fc2260d|bf6a3e6a3e6284c0,pdf
2703,https://workdrive.zoho.in/file/bb9ig105dfe6155a14963abd0e649005cdfb4,,bfb1c11b9e2ed0c0|bf6ec095c4c691c6|ee3fc19095c0876b,pdf
2704,https://workdrive.zoho.in/file/xyy4k63e4df40070544d0a3984c579d60bf6c,,ac939366936c9b4c|be3cbca494c4964e,pdf
2705,https://workdrive.zoho.in/file/xyy4k74d7cc997a6f4e89bbe790fb5542c1bf,,bff007f117c0845e|ef52562595948dd8|af2f2d2f2dc0d0d0,pdf
2706,https://workdrive.zoho.in/file/ydzjaaf3bb510a9f14b9a82b5b3dc6ad30d99,,fafefefa98808080|d7550d2a2a6a7c55,pdf
2707,https://workdrive.zoho.in/file/ydzja01d9e41f46274d00b1dc2466af8de711,https://workdrive.zoho.in/file/ydzja0a01eb973f8b4aef967af83aa65f3f77,fefefefe80808080|d22d25d2a56ad2ad|b73737363222a2e2,pdf
2708,https://workdrive.zoho.in/file/wdkrc1fbc69d8136a483d84fb58fb80055071,,b23c8cc3cdcb3338|b8c3cd3632398cc7|e963c394969c3969,pdf
2709,https://workdrive.zoho.in/file/zu51zc4a62aa9ec1a412a8659dcf00b7d272b,,b72cccc3d119332e|b830c7c5383f3939|eb36c19e94c91cc9,pdf
2710,https://workdrive.zoho.in/file/wdkrcf779ceefbaf942a8a4863b8779386298,,b66c9993c991666c|b8cbc73933348ccc|b963c78696943969,pdf
2711,https://workdrive.zoho.in/file/stxepf67409448ff2475580c87816126fd888,,fa2d6c68a1d28796|da83adc8ad6ca5a1|da52a57aa568ad92,pdf
2712,https://workdrive.zoho.in/file/bvye6323199a9e2e8424eb0a27ac4c3269bdc,,e5dc962069d3565c|ea4aca35b49ef062|ea37956ac5494a95,pdf
2713,https://workdrive.zoho.in/file/q5ix5dffcfda965b94732bd67fe6b332858b7,,bb3fcf441181c54e,pdf
2714,https://workdrive.zoho.in/file/q5ix5ef40d7430a42409c81e82aeb1ba721c7,https://workdrive.zoho.in/file/sd0rw1cf4786ad8fd4390bd62ba36c7ed714c,9fe0b4871fe0601f|9fe11fe0e0e0e01f|9fe1e0e0e0e0f11f,pdf
2715,https://workdrive.zoho.in/file/q5ix5fe0c6e437115494f999cca384d1c48ae,,af01dcfe3204253f|ae3a3a3a3a3a3a2a|ae3a3a3a3a3a3a2a,pdf
2716,https://workdrive.zoho.in/file/q5ix5a16eeeee627a4aedb5443c3d3a0e97d6,,afe095606e9de14c|9f21230fe11fe11e|9f1e261f26e03ee0,pdf
2717,https://workdrive.zoho.in/file/q5ix5130bd362bc2d4f39b135e3808ccacb27,,e1fd9e0278798196|ebc08d87604ff067,pdf
2718,https://workdrive.zoho.in/file/q5ix59c5a252b9840431180b1eeb055bf3eb9,,fa66a5d2c2b51cc2|fa95c5629195c569|fa3285c9c3939595,pdf
2719,https://workdrive.zoho.in/file/ydzjac907b4de78d54fc79e5c4f2c68ce841c,,d02fafa9be84c350|bfb5c4e0c5c3c06a|bf3f941ec1c16ac0,pdf
2720,https://workdrive.zoho.in/file/ydzja313b8d9ec6e448d69158a9453232a864,,c242bd39adbd92a4|bba4c43b3a85947a|bb4f94e0c53ac513,pdf
2721,https://workdrive.zoho.in/file/ydzja6e9a03a5c7fd405e8bc8cd39a02bf8ef,,fe89c722b9c49638|bbc06ab436b694f0|fe6e64646464a5a5,pdf
2722,https://workdrive.zoho.in/file/q5ix5cfd8505649d643ec8720bcacbd2d6cf8,,bf02832db4d4e4e9|bf4dace1c05c9338,pdf
2723,https://workdrive.zoho.in/file/sd0rwe2f9e05a506f4808966ffed4629c4a9d,,aeb261c896c9923f|ad6d3a92b2386969|bec8e33cc827c13c,pdf
2724,https://workdrive.zoho.in/file/q5ix5febe40ea8463452c8a6617fc60ca4855,,af58d0a729482f9e,pdf
2725,https://workdrive.zoho.in/file/krmj7db7a4d4cb0824bdeaea6741481b05c64,,8c2af3d50c2af355|b4c325648f70e4cf|a5719e4e6c9b3161,pdf
2726,https://workdrive.zoho.in/file/sd0rw160cfc2b8949446da47184732f3f4a79,,8a13ff90beff4040|807fbf80747f808b,pdf
2727,https://workdrive.zoho.in/file/krmj7c0267e880cf24d9a86232b95e4b4f67f,,bcbfc3402cff3500,pdf
2728,https://workdrive.zoho.in/file/ydzja8acf3748d116479992ef13bae08bbe77,,f949c5b436d8d886|b9c2d23dc4933437|bfc7c978e02ec061,pdf
2729,https://workdrive.zoho.in/file/q5ix5a70bd5877564499aa69c03828b0729cc,,be52c1ac3e4341be|bfc0c03239cd3e3a|bf3fdbc0606a29c0,pdf
2730,https://workdrive.zoho.in/file/ydzjadaf7f8da89e14af98244526ec2fdf588,,8057ff82b7ff4040|a03b73209b7b991b|b1dfde3120df1122,pdf
2731,https://workdrive.zoho.in/file/zhubf96e17b05a77a46e99fa9fce57fdc72b6,,9f0ee0f02f1f5560|9b8cdcb17a2dd029|bba55ea15a2fd081,pdf
2732,https://workdrive.zoho.in/file/7bvgn1ff6d9951d51400b80ee02df267368ff,https://workdrive.zoho.in/file/j15l4803a018819f84a81bd130bd1a1b75966,9ce3e31c1ce363a1|bfc584369691496b|bb6ac27ac24ec4d1,pdf
2733,https://workdrive.zoho.in/file/flcw2b49387fd21254f82a447503549565cab,,a05d5f3090dfb7a0|807fff0000ffff00|807fffa000ff7700,pdf
2734,https://workdrive.zoho.in/file/wqwyd974f6e8d12a546438e9c8913271ac53d,,a8fdd70038df8728|fb2b7a29d0c4d4c4|f227dc8dd889d8a1,pdf
2735,https://workdrive.zoho.in/file/2kue1ccd4804819574db38cedfcf374c06c27,,9cebe3341c896363|b5a0ce5ea1b24e4d|a4d99324f9c71cd8,pdf
2736,https://workdrive.zoho.in/file/zhubfebdaa1c3f7fd49bc98bb48d9025b83f8,,a995b6684097bf38|eb2b6b2fc484d494|af859722f078786a,pdf
2737,https://workdrive.zoho.in/file/2n8m9404bb1d92c8c496ab6a16502725dd0e4,https://workdrive.zoho.in/file/p7iy516e824ff375b4448bda323dd5a320a9c,8778f88707786d8c|80194e4e5f76197e|ee6879139315951e,pdf
2738,https://workdrive.zoho.in/file/bvye66cd64eccde7343d0867fb589afecc5ab,,fe2dc3a01d0b168f|e2cdc96696d83562|bf1f94e0c03fc03c,pdf
2739,https://workdrive.zoho.in/file/y7vxk650a52fc64074a4e8ed98f271629e5c2,,94e9eb1614e96b83|be7de760e187d010,pdf
2740,https://workdrive.zoho.in/file/4xs0r0a387757983241a793369a3e8f2ecf8a,,eb2a8f2b4ad294a5|af67d1b6c1399160|afc69435c468c17b,pdf
2741,https://workdrive.zoho.in/file/dj9ia60e6313b67584e348c2a9a452c9ecd03,,8f0f27622a7878f8|ea6bc7859490e1a7,pdf
2742,https://workdrive.zoho.in/file/4xs0rc94d7c85d5374e6f8e424a352657f743,https://workdrive.zoho.in/file/kjmwp8fb3cbff998b4c43819e821c0a39ecef,af6dc47a1b919078|9f37e0601ff0e0a5|943167642766c7f8,pdf
2743,https://workdrive.zoho.in/file/dj9ia77ce0404ee3a46afa678009f989db4d4,,bfb4c14a942ec86b|bf63c037917cc4c4|af96d169c4969568,pdf
2744,https://workdrive.zoho.in/file/dj9iabe4124f26e984996af80bd6579e8749d,https://workdrive.zoho.in/file/sbacm2ac064a3b9ae4d7d81c71326d0b57862,8f0f9a5acac38999|9fc0582ddd0fe152|8f6c6c25a5c2d0b7,pdf
2745,https://workdrive.zoho.in/file/ejk43d6afefde3ed84b55bf8d3c3d42cd5666,https://workdrive.zoho.in/file/sbacmeb5bf84bb4fe46dc9d73cd55a563e23d,8f0f47670f11f0f0|aa6fe4c4c021b5b7,pdf
2746,https://workdrive.zoho.in/file/psfdkaabe8f29925f4391acab4b37ebf1c2bd,,b32f0c2e3362cce6|b32e0cf3d4c4cc63|af61072f67e181c6,pdf
2747,https://workdrive.zoho.in/file/dj9iae85f979417754703bdc51889cb5ebf2b,,af2f6878729191c6,pdf
2748,https://workdrive.zoho.in/file/095h5bde57e5cf5b74ae8ab30af2ce3afe9d1,,8f0b633c24f4e4f4|af6ac0c48cbd95b4,pdf
2749,https://workdrive.zoho.in/file/sxt59165f4d48980d433296036cec31fdab94,,8f0f272f70787858|ef6bc2c4c481c9dc,pdf
2750,https://workdrive.zoho.in/file/095h5365afaa21ebc4751869b42968b946914,,8f0f0767071cf8f0|eb6fe4c0c20724fc,pdf
2751,https://workdrive.zoho.in/file/s9262f8862d1e583d438d90760258a17cad96,,e6a43933cc669999|bf69c16dc19a1a92|ba67d0a7c0b4859b,pdf
2752,https://workdrive.zoho.in/file/095h59bc446e5574c4352898f0201fa0f39eb,,bb7884c01f0bc6fa|bf6f62c060601f3e|bf6c3cc28b68c0da,pdf
2753,https://workdrive.zoho.in/file/s92627f2fe62669e74ceaa2a0b308899aad8c,,8f0fe0f03787e0f0|ae2ee4d08b0fa4dc,pdf
2754,https://workdrive.zoho.in/file/095h54ba5c3f41f7e4f96a24e61c67ecc5663,,8f2fad81213a6b6a|ebc0843f953b6b60,pdf
2755,https://workdrive.zoho.in/file/095h57bb28fe13b6843c9bec17f714801706a,,9b0ac2f031b5b5b5,pdf
2756,https://workdrive.zoho.in/file/s9262ef56b1ebc2064174a3f26e8dd277e6d9,"https://workdrive.zoho.in/file/vlkif9fd443a729744e3db8e9d07bca675386,https://workdrive.zoho.in/file/b3vi37786f613c1d043f581bd1a8bf1d997e0,https://workdrive.zoho.in/file/140kfd8f32c9aa9c244578e66e3ecd98a97fb,https://workdrive.zoho.in/file/140kf848eda6468e549319bfa2ca29e33b8aa,https://workdrive.zoho.in/file/lnrfy301e19bba7f14625b5a23325f855dbe8,https://workdrive.zoho.in/file/wkm6s02ae78163446451bbc11a1a2ab521207,https://workdrive.zoho.in/file/2bmyq05ced8c9d4e24e5ea0ab3747250c4a6f,https://workdrive.zoho.in/file/2bmyq77fa136bd4b34996aca0c186e9d1537e,https://workdrive.zoho.in/file/l67vlc0b2d902b1244bf5ac2c1cf3a007d48d,https://workdrive.zoho.in/file/l67vl12100c52d3874828b81c6e01e26e955c,https://workdrive.zoho.in/file/l67vl31d27b059878422eb3b9caa5eab3008d,https://workdrive.zoho.in/file/l67vl0f2e131bce844c649b2c7953c111628e,https://workdrive.zoho.in/file/gsg5w0b33e20b96cd454a9a5355d3b70359b2,https://workdrive.zoho.in/file/gsg5w8250721bc2f543d79e3dc62f4a34ea7d,https://workdrive.zoho.in/file/gsg5w2d2fceb42aed4964a6222e6af4801cc9,https://workdrive.zoho.in/file/wkm6sc7ed0bade9ea459ca6c2399b3c44ddea,https://workdrive.zoho.in/file/q0i0937ec8b2a042e4324afb673e036b7b103",ee6e4e62e4b19191,pdf
2757,https://workdrive.zoho.in/file/uef6d284682b4f75f4161a66c1c2b0827b8bd,,8f0f07633f7878c0|bb3be6c0c03307c7|af6f2f2307a383a0,pdf
2758,https://workdrive.zoho.in/file/s92627dfd8d548eba4f2b97d07fe4780bfd73,,ca6a9bbb42c4c4d5|ee26c1c9d01e3753|eae9486b443a9576,pdf
2759,https://workdrive.zoho.in/file/s92620c34fca1c9f541e0886088a6f11f622e,,fa6e569694a2a1b1|bc34cdc98632cbc3|ea6a6a6a85959595,pdf
2760,https://workdrive.zoho.in/file/uef6d0e94a593ec5e4218b4c9715f186250e2,,d60ea9e1d05e278d|ef32a2e4072f6992|e766236905752766,pdf
2761,https://workdrive.zoho.in/file/uef6d06213750d6444bff8547302191361d5b,,8978c722d9683776,image
2762,https://workdrive.zoho.in/file/uef6d3e28af1681e4405b86c7b3b5f8045c69,,ee64951bcbc98564|cb3de06e16e1858e|9ea5c57a25c0b572,pdf
2763,https://workdrive.zoho.in/file/uef6d2493bfa838f64ae18bbf47146d275e67,,fb0c87c323610f6b|fac33530872cb563|f8704fa98d632762,pdf
2764,https://workdrive.zoho.in/file/j15l4001a9de64d6e40eda28b3fa70a15984e,,bf3ec1c13f16c424|bf646961f434c165|bf26e062873d49b4,pdf
2765,https://workdrive.zoho.in/file/uef6d2db54d105af24ac2b9000e863007d21b,https://workdrive.zoho.in/file/8o8bp132f3ea261274305a2b59e95279314ea,9fece013cd1ee160,image
2766,https://workdrive.zoho.in/file/mwsxedca5c04c812746dbb646aa9ae874f198,,bf6a3ae0d494d095|9fe0700f3d27cc38|9d1d1d1d1d1d1d1c,pdf
2767,https://workdrive.zoho.in/file/mwsxe33ede93f15924121afb51d63190ebf7e,https://workdrive.zoho.in/file/p7iy590c42511a8664d40991dd6552f8531b5,b7e8c8173fe84099|eaa795586aa4925b|ae33c1cc2e333b91,pdf
2768,https://workdrive.zoho.in/file/mwsxec3206bff8a0945b9a13525b9585a764c,,bb2f9c98e678480b|b39c9833ce8c33c6|bbc4e41b2ec4d03e,pdf
2769,https://workdrive.zoho.in/file/mwsxec2ff321b9fd94dba8b78047d87d9cfbf,,af6ec0c03e3fa12a|8ff00f1af08f601f|afaf1f85c0c0627a,pdf
2770,https://workdrive.zoho.in/file/mwsxe48b3744393ad4e0db790014b31620f28,,aa6a9194ce1d95b5|bfc0803f2d9738e4|b70fb79c1e0e8d80,pdf
2771,https://workdrive.zoho.in/file/mwsxedab3edc0099441979b2479bdfee806ae,,870f624acac38ff1|a766276627630dc9,pdf
2772,https://workdrive.zoho.in/file/mwsxea04d568e3f224f78bfdb5621871212be,,ef65c47a1b90907a|af956e630ae0996a|d62da56625c0ee6c,pdf
2773,https://workdrive.zoho.in/file/mwsxed07a7cf3cc47433db89cd3920569c9ae,,9769e89617693278|fa4ac235b5a5b5c0|ea6a8191913b7a76,pdf
2774,https://workdrive.zoho.in/file/mwsxe86f0eb264f194f459b2d38193397ea51,,8f0f63702f0e68f8|a366e7c449c90b9e,pdf
2775,https://workdrive.zoho.in/file/8o8bpa9516db264464fb9a45916cae32b9993,,8f69e00f96f0968e|eab585e0316f1768|965616362da9ada9,pdf
2776,https://workdrive.zoho.in/file/8o8bp75b723c40a5644e2bb85524d51072fbd,,b333d3cc4ccccc91|bed0c13fc397c070|bf9cc06ac187c369,pdf
2777,https://workdrive.zoho.in/file/8o8bp9d1e407eedba4f01874391b39e823d2f,,bacf63b04db1c1c1|bcc192e3393c836d|bc8f9138cb87c334,pdf
2778,https://workdrive.zoho.in/file/8o8bpb9321f983c1b4b5d96d3db0a32a93d4d,,ba0fd8a1e5390f32|b83999b0e4c69b47|b3b12ecc4ecc883b,pdf
2779,https://workdrive.zoho.in/file/8o8bpf80d7ea431d84761aaec610d92b3d99f,,af2b5e8581e0f42e|ec389a393bcc9a4c|ec383ac89b3a8c6d,pdf
2780,https://workdrive.zoho.in/file/mwsxe7e76edc2b4124e169936d84f0e53b79c,,efc46ec4e02a913b|ba6a6a6b6a2a6c38|ba2dc472c19bc56c,pdf
2781,https://workdrive.zoho.in/file/l4d77862a887c49274c608a7454930c11048e,,eb4b94b44b4bb494|b238cfcfcd323032,pdf
2782,https://workdrive.zoho.in/file/x4582df1f4534b0744e51b5cd2c6230c37eef,,b2373f48b45a68a5,pdf
2783,https://workdrive.zoho.in/file/kdqtxfb90c97688a648d0a1a49bc0c6760505,,bb6bc4953369c84a|bf706960e439c92d|b733e162852dc8b5,pdf
2784,https://workdrive.zoho.in/file/x4582b8f0a2bcda8f4f119b100a8f8890b959,https://workdrive.zoho.in/file/6jrynf0ab8b8e478a45d78824690536a18d25,eafa0484bb4bcb94,pdf
2785,https://workdrive.zoho.in/file/l4d77bedf7a0967814aa2b5c394525ee75ffc,,9f1f0fc3c2c2c319|ea6a6a8495959c3e|b79d66ccc0629936,pdf
2786,https://workdrive.zoho.in/file/7bvgnc99a7de7c6904cd1837b199532a88359,,a66c0d6c8bf186e6|a66626e687c6876a,pdf
2787,https://workdrive.zoho.in/file/8o8bp150db13a9c1a4fc6afb94119ff387b0a,,9f6b68786434b4e4|8f1fe0e607f07078|bbc42f66842f8678,pdf
2788,https://workdrive.zoho.in/file/7bvgnd8172d86398d4ebdb58d6442f8ae4754,,ee46c46a6a813b3b|fe956a85916a916a,pdf
2789,https://workdrive.zoho.in/file/x4582e6c103bc074048cd8a7b805c8599b900,,bf6b1cc1c694e06a|bf948863e3609c6b|bf4b4b621b1b0e26,pdf
2790,https://workdrive.zoho.in/file/wqwyd777cc1e5cb674dcabb1a9a0782f3e98f,,ea6a6a6a94959595|ea95946b526bd494|fa2b7a2b6a2a6a28,pdf
2791,https://workdrive.zoho.in/file/zhubf432e0ae21b154b6aa30c0b1619237128,,9f0fe76237a4c070,pdf
2792,https://workdrive.zoho.in/file/zhubf75327f09c462459ab611f1c13e9f9c93,,bb3b3ac0c4e4e4e8|f96a8762876585b4|f8b187b587638362,pdf
2793,https://workdrive.zoho.in/file/7bvgna32235c1e85042f0909a4a189b4d829f,,803dffc4aab300fc,image
2794,https://workdrive.zoho.in/file/a7d21d38c8ba4fe9e4c338e9ba48058fe2f6e,,fa4ac235b5a5b5c0|ea6a8191913b7a76|fe7e858181893e96,pdf
2795,https://workdrive.zoho.in/file/wqwydc93de3c022bb41f882558d26ebe7b18e,,9f1752c2c4d731b1,pdf
2796,https://workdrive.zoho.in/file/ejk43c8b26b0c72924c4887c7452381881c76,,8f0f27663e3a60f0|ee6e2f82a792a5c0,pdf
2797,https://workdrive.zoho.in/file/l4d7746bf9d71d9e74b33a7f9a7de1d1841ab,,9f1f0fc3c2c2c319|af6ed0d095a78598|bf3e983ac1906e94,pdf
2798,https://workdrive.zoho.in/file/ejk4358980409c9d8435eb25ba5a662bea44a,,bf9fc074f0c16c18|b7c985d8c8629d63|be3e1e8cc0c06b6b,pdf
2799,https://workdrive.zoho.in/file/f9h0v7056795ac3af492aae7d7958c3b6408f,,be94c12b3e14c3ab|ab7ad0850b7a7a85|827bf980866b0b7d,pdf
2800,https://workdrive.zoho.in/file/f9h0v7c245cf5d2ba474e821fd53dcb6560c3,,eb6f85941e32a169|a723c82f27e84d9a|b1c6ce3165669b8a,pdf
2801,https://workdrive.zoho.in/file/j15l42ec68c78b5a947f7b8eb925cf5934373,,bf6961c29d87064d|bf916cc3096b856a,pdf
2802,https://workdrive.zoho.in/file/ejk4347442835af3f47319bd3c08e634c1048,,bb404c191dcc4dbf,image
2803,https://workdrive.zoho.in/file/j15l4939b395d19a04fd48e49c0f6ba444e5e,,f8a3722652bd528d|ea95d0a3d42bd427|fa857a2bd02bd0a5,pdf
2804,https://workdrive.zoho.in/file/j15l41da4eea918d1431aaef4f45c70c361e4,,aca825cf179752d2,pdf
2805,https://workdrive.zoho.in/file/j15l403f6e019a81346e1a5dfd58368253555,,bfbf109744930167,pdf
2806,https://workdrive.zoho.in/file/j15l48537e977fc59484e8f63956c4e343186,,9717e4c497979544,pdf
2807,https://workdrive.zoho.in/file/x458230dd1826671e446cabf44a75698470a1,,af65c47a1b91907a|9f0fe0691ff0e062|b5c327c3c674c274,pdf
2808,https://workdrive.zoho.in/file/f9h0v9a48dbdf0f5245c68acfdfe760f4f758,https://workdrive.zoho.in/file/6jrynac96157cf84f4a5788db4948456da21b,ea71959c99878695|be7a5991c6c68589|be7ae1951e0ec1c1,pdf
2809,https://workdrive.zoho.in/file/j15l46c8225dc2c944a639b9b82e1e7ecf1b7,,af6ec0c06c3f13aa|8ff03a8778856c87|fa2f3e3a858d1894,pdf
2810,https://workdrive.zoho.in/file/f9h0v614b2553eddc472e93bfb181cd4712f7,,be6e5c99a3a1490b|b19c9833ce9833ce|bbc4e01b4e3bc61a,pdf
2811,https://workdrive.zoho.in/file/j15l420d6fe16d76748a698b8214f1abab54e,,bf95c06ae163e0b8|bf3ec1667c329181|b76294609d9d4a9e,pdf
2812,https://workdrive.zoho.in/file/j15l49970546947694e74a6f8dbef40ba25c9,,ab3397819d2d3e44|ae4cc0e24c7ad9b3|a7070fc9c8e6723c,pdf
2813,https://workdrive.zoho.in/file/j15l434715d8970e34bf7bd73e2f14358a76c,,9df0764868a7a276,image
2814,https://workdrive.zoho.in/file/j15l40e63b999a3154c5ead4871e8acb133a3,,ee66c46ec1913b91|febd816a6a85846a,pdf
2815,https://workdrive.zoho.in/file/j15l491def4b1faa2471db6db94c8a8954ccc,,8f0b426af1c38fb1|af713363e1316549|8f703b7166616167,pdf
2816,https://workdrive.zoho.in/file/j15l4bde43db9e73c487baf294f256cc45a00,,b625c2971ee9683a|bf3fc0c0c899b534|b839c2cfcea53072,pdf
2817,https://workdrive.zoho.in/file/j15l401daf659de984d44af641ee231b8a0be,,eb3e742f36680781|ea6a6a6a4ac8d8dc,pdf
2818,https://workdrive.zoho.in/file/2kue1c83216f888d640618f398ea858c7cd12,,a8371219935cc3df|bf09c0323f8fc370|bf3fc9cb0b360a01,pdf
2819,https://workdrive.zoho.in/file/j15l4d214171ddb7246e48979aab5638a6b67,,af6dc43a1b91907a|9f0fe0e0e03f0f62|ee7e98d087879470,pdf
2820,https://workdrive.zoho.in/file/qyqoq0e405734316a4a6bbab4135b42f63a07,,8f1f6a683a7022db,image
2821,https://workdrive.zoho.in/file/6jryna578844d052746a2af9c05698f87cf30,,8f2b6181f4d4d476|afc4852ec4e42fd4,pdf
2822,https://workdrive.zoho.in/file/6jryn83ab0c525dee456fb1d93d09e2e4ffaa,,bb3786434b6919b4,pdf
2823,https://workdrive.zoho.in/file/f9h0v562a83f4d0c04643ab01bafd73310d98,"https://workdrive.zoho.in/file/zu51z7a4a9a6c86a84499a561d9f723642a29,https://workdrive.zoho.in/file/u9pf7d0f9e99431084f428218541c90140d45,https://workdrive.zoho.in/file/hcuw6259e9669991443f98f4b3fb34a05a6df,https://workdrive.zoho.in/file/adrgod06326a441104a72949719f4c41b76a9",a8e55bf4238c42de|b62c99999be3c60c|febede8840e1e0c1,pdf
2824,https://workdrive.zoho.in/file/6jryn1b81a0ae9e4b42ada7634fcf67886edf,,8f4b1b3a64b4e4e4|afc42f64866e8669,pdf
2825,https://workdrive.zoho.in/file/6jrynb278ed8f0a4c4c9a942888be9e0a8a01,,eec46ee6c02a913b|ba854e7a916eb191,pdf
2826,https://workdrive.zoho.in/file/6jryndacbaa26fef14128abcf40fe52bb1bea,,af43d07bf00c8d95,pdf
2827,https://workdrive.zoho.in/file/6jrynb46e00b15bcf4841a4d6e06a4a0df217,,ee6e8791985a1a93|ca5aa55a5aa5a55a|a466c363d36cc366,pdf
2828,https://workdrive.zoho.in/file/6jrynb3075a128be64f1c87a8e649978c9790,,ae3b5e8790a4d4e8|ec3b3b393932c390|e439393c993693c3,pdf
2829,https://workdrive.zoho.in/file/6jryn590dbdc9a4ca4e90a9a0da6c71c21191,,8f0b6a2e64b4e4f4|aff4076e846b26e0,pdf
2830,https://workdrive.zoho.in/file/6jryn7bcb356e92dc47ed92c664d6e2beab26,,9ffc807e16a47390,image
2831,https://workdrive.zoho.in/file/6jryn1ec2c0e6558a4613abd48171643be0db,,af2f9ed4c06068ea,image
2832,https://workdrive.zoho.in/file/6jryn6c597f27c7304fd4bd420c50aa591737,,b0221a9af3b1da5b|816b6a16bf39c694|951f97c2c2d2383d,pdf
2833,https://workdrive.zoho.in/file/6jrynff6cfe69dfb54c7d92e5e2bffcd894e5,,9f1f1f1fc0e0e0e0|bec0c56ece6e84c4|af6ec29397c4e0b0,pdf
2834,https://workdrive.zoho.in/file/uakaf4dc885983b804e18951a23c2cb2bdc3a,https://workdrive.zoho.in/file/uakafaa80ae96014f452d99c6f2979427b868,8f0f2762276e4c78|da5ac2424eb3b565,pdf
2835,https://workdrive.zoho.in/file/uakafc3f13ae2e0d040b1a1a998efba427e9f,,af632f6b0b6b0a60,pdf
2836,https://workdrive.zoho.in/file/6jryn3a1f4eb5502c42c8bfde67b2b16d702f,,943e6a426a6e3f15|813eb43fcb843f84|853f2e477ac03a2b,pdf
2837,https://workdrive.zoho.in/file/6jryn30d9cc27c6aa4b9bad1790c81ed9cf84,,b8c667c393660f64|b0e6077034cf8fc6|b0620de787708fe6,pdf
2838,https://workdrive.zoho.in/file/uakaf173010e35b2c45f18f529ab799307d8b,,b3318c9c3163cfc6|b1704e6619f827ec,pdf
2839,https://workdrive.zoho.in/file/uakaf54f741c1d6f04611ba430fe42403948c,,9f65741c41e31eca,image
2840,https://workdrive.zoho.in/file/uakaf5020174ea0ab4d7aad7c1f41ebe96277,,ef65c47a1b919078|8f8fe0621f62e0e5|bf72c067c064c3e3,pdf
2841,https://workdrive.zoho.in/file/uakaf82ac21afa73d49a98e1b635009e680a0,,9f62e0c3c81f33b4|b163396339633963,pdf
2842,https://workdrive.zoho.in/file/uakaff38adbc6bb6749c6b6e798a3130289ff,,afe0843ef097d03a|bf36c1e0c1c7c334|bfe2c1c2c1c3c374,pdf
2843,https://workdrive.zoho.in/file/uakaf637c04a022504171b20778a72d603f3b,,9f0f16e1562ed4e0,pdf
2844,https://workdrive.zoho.in/file/uakaf1ca7f6c4e9344b00836684b92405d8c1,,eec46ee6802a953b|be85623e85629d9c,pdf
2845,https://workdrive.zoho.in/file/uakaf20ac5453d01541d698db1860b890cb32,,80194e4e5f76197e|ee6879139315951e|8a39d868e88775d5,pdf
2846,https://workdrive.zoho.in/file/uakaf2f25fa30fab1435aa81f598cef3b8ddb,,94a04bff3330fc0d|fec3c138113b437c|e2d29cf062ac1b2f,pdf
2847,https://workdrive.zoho.in/file/uakafd4450c18a3d049928036e5ba0ca2a40b,https://workdrive.zoho.in/file/p7iy5a5ca5b6675eb42f382badc2b2be63014,eae1a73ad00fe82c|a666c72c1c67873c|bf3ec4e223e1e2c0,pdf
2848,https://workdrive.zoho.in/file/uakaf9c6f064d72424a88924eb039afb0c4c9,,9fc140a6e159fe26,image
2849,https://workdrive.zoho.in/file/uakafac8b727000aa4167b1bf5ac48fa46eea,,eec66ac4846b913b|bf2f606b876384c4|afc06ba43b8537c1,pdf
2850,https://workdrive.zoho.in/file/uakafa00068d34dae4e138d6b7a244758b2e2,,bf8fc23a6869c1c1,pdf
2851,https://workdrive.zoho.in/file/uakaf0bcf023ae4874ae886695dfdf9767019,,b2b78d4862b78d4c|8ff0f00f0ff0070f|f10e8e99ddf0e064,pdf
2852,https://workdrive.zoho.in/file/p7iy53cd5befc12764f92b8624f707231c920,,eec6c66a85e03b91|be6b992b816b81b4|be8907e167811fc5,pdf
2853,https://workdrive.zoho.in/file/p7iy5339cc9b952e74fcabeebdddd41faba64,,bfcfc0b0c067906e|bc6c3c6c3c661cc6,pdf
2854,https://workdrive.zoho.in/file/p7iy550f1bab44e9045fc81d41dbcc84cfc6e,,9f0be0c25aca8fc5,pdf
2855,https://workdrive.zoho.in/file/p7iy5d1a37e357e6b4bbebefd3a46cead1d17,,bfc0c53fc096951a|ad2d32f232cdc2d2|bf6e3696c0299534,pdf
2856,https://workdrive.zoho.in/file/uakaffbf2da72ef194568938b80bf1991ad40,,eec46ec6803b913b|ba64e525e16ac47a|ba0de562c19bc587,pdf
2857,https://workdrive.zoho.in/file/zu51z16d3bcd5d77d4f65b0b177453c735de1,,afe40d601e5ad297|9a1f0f0f1f0f0e62|95aeaa51aef0842f,pdf
2858,https://workdrive.zoho.in/file/zu51zb6565c1608ea4d748958038206149471,,afe42d601e5a9297|be1f0f0f0f170d84|95aee850ee30856f,pdf
2859,https://workdrive.zoho.in/file/zu51zcc7231da8e1d4ab1ae1e72f52f2ec4bc,,8f642d601edad297|ab0f0f1f0f0f87c0|91550feeae6a30f0,pdf
2860,https://workdrive.zoho.in/file/zu51zac8ba5450dd74ddfb471a9125a2eb8b3,,afc42d601e5ad297|952fae15950f2be0,pdf
2861,https://workdrive.zoho.in/file/zu51z62475e08d17940f9b447b1cee7429033,,8f642d601edad297|91af152f8f0faa05|915111511575efee,pdf
2862,https://workdrive.zoho.in/file/mwsxe32da49b997174facabb75d753f239d14,,af95912e3b90c43b|ee90d82f90d06fd1|be6ac485c5723a3a,pdf
2863,https://workdrive.zoho.in/file/095h568bf8c481fa7427c9e4339f73f55ff30,,bbd5c17a2e843836|af27d0d02f2fc4d0|af6293e5641b71a4,pdf
2864,https://workdrive.zoho.in/file/wqwyd094731683fbd44c8be489de74bae03fd,,ee64c52e3a909373|bf8f60e060079f4e|ee6e2e9090d0da4f,pdf
2865,https://workdrive.zoho.in/file/zu51zbe615a3dd08e475ea330652dfc951951,,cf6c252562da9393|bf27b119c2b88762|fa306338e0669de6,pdf
2866,https://workdrive.zoho.in/file/zu51z7ec3193272ef4127ab8edb046b13ffce,,ee6d252452da9393|91ee5147aa952fe0|8766276627662766,pdf
2867,https://workdrive.zoho.in/file/zu51z7d36a1c7d59a466888e9ff5c80151390,,8f642d601edad297|95ae150fae152fd0|9171317131717577,pdf
2868,https://workdrive.zoho.in/file/zu51z07b3583cabcf4c039cded623f2c5c790,,8f642d601edad297|8fae172f870fa814|9111115155eeeeee,pdf
2869,https://workdrive.zoho.in/file/zu51z5e6610bdba6d47f9a8744cb2154d347e,,8f640d641edad297|8f1f0f0f1f0e0762|95ae51156ad12ff0,pdf
2870,https://workdrive.zoho.in/file/zu51z5149ddbf88634c9a822b88f896bcaa9a,,8fe42d601e5a929f|b7ae072f170f8017|9151115145eeeeee,pdf
2871,https://workdrive.zoho.in/file/zu51z9231aa27f72245049cbbe62f4d66a85e,,af4de02d0fd0921f|bf70c22ec0cfc334|952eae50d56e2af0,pdf
2872,https://workdrive.zoho.in/file/zu51ze5832e4af8174472bb8f75e86375698f,,8f642de01eda9297|bb0f0f0f0f1f0d30|95aeaa51ae3a902f,pdf
2873,https://workdrive.zoho.in/file/zu51zb961e6cf60c9473286645064a3278ff2,,8f6c2de01e5a9297|b30f0f1f0f1f0e60|95ae51462ad52ff0,pdf
2874,https://workdrive.zoho.in/file/zu51z3eee081155fc4ba8a6a6ea734250cd32,,8f642de01eda9297|bb0f0f1f0f0e8dc0|9515aeae2ad195c6,pdf
2875,https://workdrive.zoho.in/file/zu51z15350e1eaa9441b6b681f9c94ac53c80,,8f642de41e5a9297|ab1f1f0f0f070b62|95ae516ea055ead1,pdf
2876,https://workdrive.zoho.in/file/zu51z8e6c87efe7204a1c851b6bf972502a8b,,8f642d601edad297|bb1f0f0f0f170760|9515aeae3ad094ce,pdf
2877,https://workdrive.zoho.in/file/zu51z4de19483201b477eb1125598a493bb3a,,8f6c2de01e5a9297|b7af072f070f804b|9151115145eeeeee,pdf
2878,https://workdrive.zoho.in/file/140kfdc91cb4d18dd42e2a46932c2ce0571fe,,ef6e66c7c0919191|bf6acc959491c06b|bf24e195786ec033,pdf
2879,https://workdrive.zoho.in/file/dy3x47963f9c699e24179ba0596c3d8e81c41,,ef4de46e3a919038|ab81676a98634e1f|abb4946795956278,pdf
2880,https://workdrive.zoho.in/file/w28oa93beb92200504211b552b11bb35f854b,,ee6ec46e6a819139|fab8956a6a816a6a,pdf
2881,https://workdrive.zoho.in/file/dy3x412b57a07a340477eb763225d4b291eb3,,af6de46e3a91901a|ab956a1ca5a78527|ab78ce2895626e9c,pdf
2882,https://workdrive.zoho.in/file/dy3x4803f99554a7c4970a4709aae27b1fd32,,af6de46e3a91901a|a3700b3bd0695a6f|ab6bb8739c988538,pdf
2883,https://workdrive.zoho.in/file/bb9ig46919ab0602e43e69c3fa0aec73700e0,,eec66e4e852a9139|bf8d7a81629d32c1|ea6a6a6a6a6a3a62,pdf
2884,https://workdrive.zoho.in/file/140kfae76b24111c549f5983510accc7d7f7e,https://workdrive.zoho.in/file/140kf72b5753c941f4c23bc90459d3efb62b2,ee6e66c7c1919191|bf63c16331c321e3|bf6a6a6a2be48581,pdf
2885,https://workdrive.zoho.in/file/dy3x4dc3f56ae820e44029bf0ecedc1b2ec11,,af6de46e3a919032|ab649766689c271b|af3499536595594a,pdf
2886,https://workdrive.zoho.in/file/dy3x4a28a2e210847422d93774652406f9e76,,af4de46e3a919238|b3f016a6b1669726|b732b563663c8d60,pdf
2887,https://workdrive.zoho.in/file/2yn4md6cc483a405d408cb862cebb8e89a7eb,,bd69c7c75869c160,image
2888,https://workdrive.zoho.in/file/8zi4k29bc887558c14472a5d934d9d199060e,,8f0707673f7868c8|b939e6e0c103c7e3|b7718dcd0fb22468,pdf
2889,https://workdrive.zoho.in/file/b3vi3067d8e96441d46aaaba8bf1ae02e9d42,,9f0fe67235c058e1,pdf
2890,https://workdrive.zoho.in/file/sbacme80b1c6d80364884b02be5df479e3ac7,,af852fc56785807a,pdf
2891,https://workdrive.zoho.in/file/bwtg7cadf805369854448b25e2ab91a427ecb,,bee71960f691c41a|e66439939933ec8c|8000000000000000,pdf
2892,https://workdrive.zoho.in/file/bjqb6b8885faa847141e5bd66d742c4402343,"https://workdrive.zoho.in/file/140kf2a013846ac094aef9bf5b0e3b1b5cb40,https://workdrive.zoho.in/file/x11zq19e50b2017aa45ac8d63ab06d601eb58",e34bc96d86379c90|8000000000000000|af0f8538f0f0f0f0,pdf
2893,https://workdrive.zoho.in/file/8zi4ka13d3cceb7674a88832a66877e429a2c,,ef6e6ec681919191|bf63c368c16e604e|ba7a3e9595c0986a,pdf
2894,https://workdrive.zoho.in/file/dy3x4f4790ff7dff446f59bcdfc610e15d295,,ef4de46e3a919038|ab70760b606a4f6b|af78cd23932d8370,pdf
2895,https://workdrive.zoho.in/file/blstf80441b245fec41aab9d9241b1180b557,,ee6ec4c66bb09191|beb5816a6a85876a,pdf
2896,https://workdrive.zoho.in/file/x11zqbbf9ce2847284ca8a2339eee9eb5baf2,,af872f6b852b81d0,pdf
2897,https://workdrive.zoho.in/file/140kf20ba3d66972e4568ba9f4a0e697216e4,,ef4de46e3a919038|a170764f606a4f6b|8578cd63972d8770,pdf
2898,https://workdrive.zoho.in/file/8zi4k5323f4e65c8b45bd8ae50b7cd1cf9591,,bf21093f2e689ec2|bf6a6a2535a5094b|bf3b3db040622ba3,pdf
2899,https://workdrive.zoho.in/file/x11zq5ef00b89b5e14ecc81d08ff78446b1ac,,8f0f27670764f0f0|ea6ae7c5c7602585,pdf
2900,https://workdrive.zoho.in/file/vlkif6f907e7a6ec84c4b9ea8d659a1ddb429,,eec66e6e852a9191|fa816a3f816a956a,pdf
2901,https://workdrive.zoho.in/file/jtok73d26a49a452440eea02c2f6ac4caeed6,,af3f970f83909425|be67c139c06a9595|bf4a94b7c0b4c439,pdf
2902,https://workdrive.zoho.in/file/2yn4m2c4b2b3fe1974650bf2cd45969eda93a,,e0f58f95d055850f,image
2903,https://workdrive.zoho.in/file/sbacm27dff090164b48529d0de1fb9b300974,,a64957e6c9622bc9,pdf
2904,https://workdrive.zoho.in/file/wtnfr75d0f12f98ed45feb5b7354c06329511,,877cf883076d0778|bf36c0c8d04b4b9e|bf6bc09794c06963,pdf
2905,https://workdrive.zoho.in/file/sbacm21e1f64b83ef45d7909ab04431f48645,,bd41c0be9f436370|b093cbc9722cce8b|b84dc633ce32c371,pdf
2906,https://workdrive.zoho.in/file/2yn4md8ae3f3bf11c4ff58837504728aa71f7,,eab54ac2955a9d70|bf31946bd11ce294|bf59919c8563c866,pdf
2907,https://workdrive.zoho.in/file/bb9ig76a3a4aef3d648dcaa1d6965919068ad,,bf9f13383860e1e2|be9a6761986599c2|e7c20d6a8d6e9899,pdf
2908,https://workdrive.zoho.in/file/gsg5we66aa0b1c5da46e9900875787fc44ac5,,eec66ec4842b913b|bf0fd06b87624863|bf8d816a95467a85,pdf
2909,https://workdrive.zoho.in/file/ofd566fb89853b69747f3bc7035065f7a2620,,b237fc988d6070e3|af03c168f097ccf1|aaa5d43aa5c43a3d,pdf
2910,https://workdrive.zoho.in/file/gsg5w9710a1fae015461bacf42a4ce5d1bebc,,ef6de46e3a919012|ab70cf663a786262|8f0ff00f0ff0f023,pdf
2911,https://workdrive.zoho.in/file/gsg5w60a2f2ba4e1d44d19225bb285e64c83c,,ef6de46e3a919210|af6869396869390f|bbc3a52cce358c68,pdf
2912,https://workdrive.zoho.in/file/gsg5w08e715bcdca0432e9c5ae9e391194a1d,,ef4de46e3a91901a|8f0ff0f0950f0f70|a727343727272734,pdf
2913,https://workdrive.zoho.in/file/l67vl9bfd12432da740ee80bc1661605f9c5d,,ef6e66c781919191|bf95c16a956a23c1|bf816a853ee13bc0,pdf
2914,https://workdrive.zoho.in/file/7aupw48543ee6bd86446588dff30018fdb979,,ee6ec46e6a919138|be95c06a855a7a95,pdf
2915,https://workdrive.zoho.in/file/gsg5wb7fa2a3f0fad44dcab80aaad8759e62d,,ef6e66c781919191|bf85c16b956a2b81|bfc3416f09e09563,pdf
2916,https://workdrive.zoho.in/file/zr77m212b96a2b0bb461cab06299b5af1c653,,fe6edc81a3094f22|b3983366cc33ce31|bbe4813be4d1a02f,pdf
2917,https://workdrive.zoho.in/file/jod1z861fdb6741bb4c11ac45088c42639379,,ffcd2090523bc51e|bf60d069c15ac69e|bf2f8095c0d8c373,pdf
2918,https://workdrive.zoho.in/file/2wk8fcbefa6d4cec442dc9234186f9f97b113,,bfa160961ee07a3c|ee6a2e2b959195e0,pdf
2919,https://workdrive.zoho.in/file/v5kwj52a42db822fa44408cfc87e919d3bf04,,ea71959895a6912f|be7a6bc1909c9c85|be72c11ec4c11f2e,pdf
2920,https://workdrive.zoho.in/file/qe7xub3a558191c8e4638a1c1cd1f7c5c5f70,,ffcd2090523bc51e|af24f0a5949bc31e|bf4bd0c1c0f0c43f,pdf
2921,https://workdrive.zoho.in/file/v5kwj9ef1cac1d44a439db781c37af4a16262,,d8b22eb41eb60ea9|e92b272f3e112b25,pdf
2922,https://workdrive.zoho.in/file/v5kwj2454a44979784351b8eb913036ac56b3,,ba0ed8b1e4390d37|b19c3366cc33ce31|bbc4e41b64c5b02f,pdf
2923,https://workdrive.zoho.in/file/q0i09a29c268f03dd448f95d6a3357961b429,,ef6e66c7c0919191|bfc3c379c0c6c08e|ba3ed09595c5c07a,pdf
2924,https://workdrive.zoho.in/file/pgrnoa318c203aefa441687023c812a816e11,,fe7a4a6bc3849494|fa7a7a9a87818585,pdf
2925,https://workdrive.zoho.in/file/adrgo9e5b4943f188427b9bdd5ca34e8b91f5,,af2fe46264c13b68|ab2b0e96b6b40d69|bf2f0fcec0e060e1,pdf
2926,https://workdrive.zoho.in/file/adrgo784b6af624b740d88052f44a75658b37,,ea78386ad835c5c3|be27e1d8c071c13e|be7a85c5929cc196,pdf
2927,https://workdrive.zoho.in/file/mjszo6730a884f6c94446bedd8c28133fd743,,eeb1c40b956a9bc4|ef789487d09cc4c5|af61d063f01c94db,pdf
2928,https://workdrive.zoho.in/file/adrgo773b5df24bc0477e9445baebd1aa10be,,bf2546345296923f|bead4a2d421c6537|9ea54695928e0f6e,pdf
2929,https://workdrive.zoho.in/file/q0i09344c548be1b44943b769c3b56ee56f82,,bd9f9338d8e0c0c6|ae9a67c1986599c3|e7c6cd49c50e9899,pdf
2930,https://workdrive.zoho.in/file/zxv1y03b02c0edf144a0d80430239978df17d,,bf2ed2178a71c4e0|ab00802bd5afd7c7|ab869106918fd6bd,pdf
2931,https://workdrive.zoho.in/file/2lzjf6315efa14cca4746ab75f2349873893b,,c4c43b3bcec6d039|bc994367c33dc21c|be7ae163c1c2c1cc,pdf
2932,https://workdrive.zoho.in/file/2n8m91baedd359c1f4696a769c7408c6f9496,,8186737efe438643|a16b763369633629|a399f349a25a0ea7,pdf
2933,https://workdrive.zoho.in/file/jxur370321a0d2b0e4ba4a22a9687e14428fd,,9eef454a6a60e133|bf62c2b2c12f903d|bf3fc2c0c0909de5,pdf
2934,https://workdrive.zoho.in/file/zxv1y695d6013983f4b89b827a41cd745ec08,,b093cd649334cdcd|b83acdc9c56c3233,pdf
2935,https://workdrive.zoho.in/file/q0i09de81382f1b734f19ae15a9f57414d5af,,ef6e66c7c0919191|bfc3c379c0c6c08e|ea3fd89595d0c02e,pdf
2936,https://workdrive.zoho.in/file/jxur3d268b859b12948b7bad1d94bd4de333a,,e64c6c36983393cd|af73d084d21c8dd3|bf3f9d9989e0c0c0,pdf
2937,https://workdrive.zoho.in/file/4xdjh76308aa80a1c487bbc10c7482f19250b,,af78f0c1904ace8f|bfc4c03bc0c43ff0,pdf
2938,https://workdrive.zoho.in/file/4xdjhfa97136285674533b43cbd3d0d9e2db2,,be2f81d03a7ac1e1|bf38e0c11f5a4a0f,pdf
2939,https://workdrive.zoho.in/file/4xdjh306756e640e845f0bbf50836edf3e9ac,"https://workdrive.zoho.in/file/hwc478eb3b797041d47eea8b901288b5da936,https://workdrive.zoho.in/file/pabggcf457c3b56cb4ca7b095c71c91816012",fa6486c7903dc33c,pdf
2940,https://workdrive.zoho.in/file/qpkuu83f793b4e0644e5fba13b20ae7e698b9,,be4b50507852757d,image
2941,https://workdrive.zoho.in/file/2ojp33d26d966ac6a4b1a827c2bcb8996d6f0,,bece92649f84a1e1|b36487641dcc2dce|a361256c96ce96ce,pdf
2942,https://workdrive.zoho.in/file/2ojp3b38c29f4c51d4f13a3a4c682e3483f45,https://workdrive.zoho.in/file/4xdjhe77398756fce4ab28b12b7abc57fcff3,fe3b6a3a39e48484|eac2842f2fc4853f,pdf
2943,https://workdrive.zoho.in/file/p2y3jbe5817b17c63494ea982a0318ed30910,,e33fb45841a7f0d0|ceccb3999932c866,pdf
2944,https://workdrive.zoho.in/file/pfhuyf896aba1e6a940f78e5430df9a3d8fd4,,a79e9eac392161a6|fae38596856b8495|fa7a856ec1919195,pdf
2945,https://workdrive.zoho.in/file/fh79nd598e1bd502546fb9e4e22700bb39452,,b09ece98969c9a9a|bf3ed0e060600f9f,pdf
2946,https://workdrive.zoho.in/file/pj5cebba385901cb14d5f90fa91711cb7098d,"https://workdrive.zoho.in/file/cg2nn68ca671bceb349cab1056656e6085925,https://workdrive.zoho.in/file/r9vhted60216dbea74dfa899d675e25439bbe",bf91c8973648996a|eb3ec04a5a6bc5d0|eb80373e842f946b,pdf
2947,https://workdrive.zoho.in/file/cg2nnf8c1d761df2a4fc1897c674817b1a699,https://workdrive.zoho.in/file/pfhuyabece961e60741178d8ee8cfe6abd206,ccbab3e4de1515c0|e0c695b58760e379|bf7f55d4d0d084a0,pdf
2948,https://workdrive.zoho.in/file/e3a7ee6edf5eb7db0478b846800178273de11,"https://workdrive.zoho.in/file/up1lz189dd21e4ee740189144b807823f4be1,https://workdrive.zoho.in/file/n5d2hd1e33c8de7584a248a40f34515616816",c79e9a983961659a|fac7858585639578|fa6885cb85979585,pdf
2949,https://workdrive.zoho.in/file/hhrsk42a767a7b98c4540be8dbfc44bb0ac07,,b86a4e7a1bd684b1|b8606738cec39ec6,pdf
2950,https://workdrive.zoho.in/file/axlev0ae7f6a119204be2bf3b62f47e7d43c4,,b44bd933668c99a3|b69c9966c889e39c|b0649b9b6164ccdb,pdf
2951,https://workdrive.zoho.in/file/shhin94a59201dd4e493f8b5d7f538ac8a875,,f362ce5a31898c9d|bfc562d0d00e872f|af2b818794c2cbf4,pdf
2952,https://workdrive.zoho.in/file/ottdwc75de755e7d94d1290bf3814e27b721c,,bd03c260e32d8f8f|bdc78338336cc361|bd6d8331c36cc368,pdf
2953,https://workdrive.zoho.in/file/2ra2h72c66e73ae2c407091807c2e45399170,,be99d42f912cc253|9f3bf0622f87c190|9f3b606a6e8ec494,pdf
2954,https://workdrive.zoho.in/file/lpjr943d56cd33f104ed695580888b588ee8f,https://workdrive.zoho.in/file/lpjr90524ed959d6d44ffa285e9656a339483,bf0ec261c08f879d|bd39b0cfc00dc2ce|bd2dc639ce8cc223,pdf
2955,https://workdrive.zoho.in/file/f9h0v3e784a51e64a4d299129489f155df50a,,9f424252e0d7959f|9fc7e138f01ce087|a79d3366c8729926,pdf
2956,https://workdrive.zoho.in/file/qpkuu4adc367ada1f41cda7c3ce4090aa289d,,c3fdd42a5eb06229|fe58764a6c866c2a|bfe1c0c7c0c5e295,pdf
2957,https://workdrive.zoho.in/file/4xdjhf67ad565673741c89684bfede468f949,https://workdrive.zoho.in/file/wtnfr7850730ca30b43bbb32369b138872001,a727a2a1272eccdc,pdf
2958,https://workdrive.zoho.in/file/j6b750eb8d370bb944cd8a4ab3a0a5c53bf77,,c5bfd5a0d8c5d248|e0c795b48761e578|bbd17a15c026d536,pdf
2959,https://workdrive.zoho.in/file/bhhqu7d8e2fc4729842efacd18b58b2954f60,,f870c0859f3f8ec2,pdf
2960,https://workdrive.zoho.in/file/ottdw6a9a059121b74ecfa6d441726506e127,,bb63c437d13094c7|bf25c21a90e569b3|bf3f8527c0e1e0b0,pdf
2961,https://workdrive.zoho.in/file/2ra2hb51787a2df8a4582872b65ee97e15fd6,,9f2f42e51ea1c287,pdf
2962,https://workdrive.zoho.in/file/j6b75282f4d60f6bf409c8763b39007fab4e5,https://workdrive.zoho.in/file/p39vw0d61ca380c4a4ac3b1595dbacac0ccdc,f6a9a505dd80b0db|a0c7b5b48761b378|af15f070d555d095,pdf
2963,https://workdrive.zoho.in/file/pabggf7df98fc3dee48ed8b8f94dbca17e1e7,,bfc09438878787a7|bf3e36c0c9c80766,pdf
2964,https://workdrive.zoho.in/file/2ra2h7a29a63489df43ad9dbb09d1d428d418,,bf857ac0d485d0b5|fa2a7a2fd4859485,pdf
2965,https://workdrive.zoho.in/file/qqtbb9f7d768bccb6482d8c8eb49105f44285,,b71dc2e2c9361ca6,pdf
2966,https://workdrive.zoho.in/file/hhrsk88cd9dbb951d4cf78e59d3988a540d0b,https://workdrive.zoho.in/file/j6b755d72412e8c4b4fcfa842e19a713394fc,e53b96c4d9c4986c|e4649697cf491999,pdf
2967,https://workdrive.zoho.in/file/nqd5894c1ed34acae4003ab0eb2dbc462e90a,,a323a6a5252f5ed8,pdf
2968,https://workdrive.zoho.in/file/j6b75aebab21d9b7642d3a053fba29b3d266b,,f0b38cd5924c555d|a0c795b49761a778|9e1ce5e1c15e9cd0,pdf
2969,https://workdrive.zoho.in/file/2ta2qfabda5d7d9fa46ce9eaac45233fdf23e,,bd878378c669c239|fd21836587e18397|fc2987da83346aa5,pdf
2970,https://workdrive.zoho.in/file/p39vw19ed18897fc04a5db39edffc90bf089c,,bfc9c27291c9c4b4|bf2fc5c2c095e446,pdf
2971,https://workdrive.zoho.in/file/p39vw03ab7da31d6f4f298a32dbe30cd78447,,f860c287b71fcac8|8000000000000000,pdf
2972,https://workdrive.zoho.in/file/p39vw35fe7f07285743e0a0663f2b82b74017,,b7780e7c27b7a084|af781f7c2d85e081|bf3f3c25358581c1,pdf
2973,https://workdrive.zoho.in/file/p39vw5db9cdb4608243acba682bdc009f89da,,8b8b1cd5289e1c7e|e4689b94cd8b92c7|9f1fe072f0c037c1,pdf
2974,https://workdrive.zoho.in/file/p39vw47709157b3bd4343bd2f52bfbba6399c,,bf3a2a2e2f22d0d1,pdf
2975,https://workdrive.zoho.in/file/kkc9e32b8bd0edd3b43a7b9a4e88540da2f86,,b44bcb3c244bcbac|8766276627662766,pdf
2976,https://workdrive.zoho.in/file/kkc9e9afd66746ef64c09a685441a8819540d,https://workdrive.zoho.in/file/p39vw612bd7f4c5eb47199a9c27b5e83529ce,b30cc863cc9f378c,pdf
2977,https://workdrive.zoho.in/file/kkc9e50e594de1d784cefb00ec66e43d636eb,,fec19986983cc23e|f6c2876e8c2d8399|fa2584e29b4e9d1a,pdf
2978,https://workdrive.zoho.in/file/kkc9e0d503a32637647ed9ab039a9819411cc,https://workdrive.zoho.in/file/f03zhb3c9d1f6cf4741fdaf723251c2c76ac0,b34ae0e01f33cce5|b37333630dcc8ccc,pdf
2979,https://workdrive.zoho.in/file/p39vw796ee184353047c69ca12cf574fc5265,,bd2646e5c1c59c9c|be858969c3c2972e|bf3c6ec186a69162,pdf
2980,https://workdrive.zoho.in/file/kkc9e00cfab62a6c74dc49070ccd83acd8310,,9ed2342da567d246|cf4e606f90b0b1b3|ad2d2d9793e26262,pdf
2981,https://workdrive.zoho.in/file/kkc9ed4df99307283487c9d090e1cf592f2bf,,9f1ec1f1c24a9c8d|9fb5d046ec5ac462|9fc3c16af01ee03c,pdf
2982,https://workdrive.zoho.in/file/p39vw1f6be55fe36f4210956203b2b2d3ffcd,,e411571359979a3e|8405eb07db00b5ff|ff81c27e802ed32a,pdf
2983,https://workdrive.zoho.in/file/kkc9e3244decd196d4f0b8de6d4f79e92cfa6,,8f4ab4b4f40e0be3,image
2984,https://workdrive.zoho.in/file/v8ybode7e9ecf56e441ce9a5885162973b3c1,,b83b4707383867c7|8000000000000000|8000000000000000,pdf
2985,https://workdrive.zoho.in/file/kkc9ea8157b8a0d2e4580a21e0ba0069310db,,8501506bae3fb6a7,image
2986,https://workdrive.zoho.in/file/kkc9e4cf95533dc5f4b80b024312f90a5223c,,f76763b0b890b898|8000000000000000,pdf
2987,https://workdrive.zoho.in/file/kkc9e8804ad7aadac44adb2742883bec5301e,,af2b6a316a91e694,image
2988,https://workdrive.zoho.in/file/v8yboedef560d2201496d87bbad1b4ac945d0,,a30e567062cf8ec7|e3650d6b076b0763|b3330dcc8cc33373,pdf
2989,https://workdrive.zoho.in/file/v8ybo98513de47dfd45709c8566a18b30cfde,,da5a56a5a5a5a1d2|ee6e9593e620b1d0|a723816e26f0cd6e,pdf
2990,https://workdrive.zoho.in/file/v8yboc6ee643f15b24ca7849149efccc7ea34,,a78d6760c8639d66|a763276327632761,pdf
2991,https://workdrive.zoho.in/file/v8ybo1074f24239434bb3af1cbc7e2520548b,,b791171b0f63a568|b79d8d6688c962c9|ef6bc06aa1949c35,pdf
2992,https://workdrive.zoho.in/file/v8ybo16dd7780272c49b9a869c89e5f6f85d1,,bb1b958dcdc4c262|8f0f2f68c0c38797,pdf
2993,https://workdrive.zoho.in/file/f03zhf49f96ca0b3646f2b3588600f5acd881,,8f4252e0e1cf8fe4|8f6f846263663e61|9f63246745e6606d,pdf
2994,https://workdrive.zoho.in/file/f03zh80107398ffc04d8cb49cd2af558e3387,,f252966365a9aca9|ec2c9364939393d3|f126ce63876091e7,pdf
2995,https://workdrive.zoho.in/file/f03zh35b5377890374a8eb5e6c135f4aec2b4,,b13b9b3b1b60e0e4|ed34925acea496c9|f9a496d68c2a4b96,pdf
2996,https://workdrive.zoho.in/file/f03zh20d6782e34f7451ba10c85e1e2337809,,f872878787873878,pdf
2997,https://workdrive.zoho.in/file/wyumwcf923dbd36c74e198b42579cf5877b3b,,bc67c3689493699c|b8798730948fc796|bc3bc3c4c19cc393,pdf
2998,https://workdrive.zoho.in/file/wyumwd291a6157626412c9698596af60e4ef6,,daa45ab5ad52a54a|db4ba5b4da4b4885|bf2fc037b068c1f0,pdf
2999,https://workdrive.zoho.in/file/l1tkd3f6e5a882b28435189f05217afe06eba,,8f436070f29ed197|9f31ec8cf027e298|9fc6e18ce4cce033,pdf
3000,https://workdrive.zoho.in/file/fs9zu9933b3d1bf4c4df29d663df44fca88cd,,bfe2c49c916ac4b1|bf3195c2c76ac4d0|bf3a2fc0c81e34b4,pdf
3001,https://workdrive.zoho.in/file/ma9uqafce940fd31a480e9beb8d7b91d0aaa6,,b1e8f8f80f11f413,pdf
3002,https://workdrive.zoho.in/file/fs9zub08a57f38f074d568b0158b2239f3cbb,,8ff070477107f0bc|8f2ff063f060f8e0|8f0ff0e0f066f063,pdf
3003,https://workdrive.zoho.in/file/l1tkd911c879a7765430b874e024c2ec0cf85,,9c47c338dcc3d83c|bc3cc33cc338ccc3|bc3cc33cc338ccc3,pdf
3004,https://workdrive.zoho.in/file/qyqoqf3934213ed224a718b2dc33712aff1dc,,f3624e19998dcc33|bf6b686b622cc095|bf6a85364385f845,pdf
3005,https://workdrive.zoho.in/file/wtnfr2f120b64bde54a429d73a150e57b3ed2,,f362ce79398c8c31|fb7a8484846a7b78|bf6e836b942bc061,pdf
3006,https://workdrive.zoho.in/file/vt5o10d0367c679c0436e9b01ded2c36b87f5,,ba8a51c83cb55ab5,image
3007,https://workdrive.zoho.in/file/wtnfrdd51eb075e1447efaa62d28335f3f61b,,b6be99199c63e061|afc8d178d087cc36|8f0f0ee0f0f0f09e,pdf
3008,https://workdrive.zoho.in/file/vt5o152f0616d5a2240f2a26a5e0052eeba7e,,9ec06eafe77a9010|bf7ac07ac4849794|f87822c687a5a1db,pdf
3009,https://workdrive.zoho.in/file/p39vwb293dc508c724ef690a0dd93cc68fade,,8f0be07ac7e00f95|a76627698dc98969,pdf
3010,https://workdrive.zoho.in/file/p39vw100e87c8a764469babefb85fddd41552,,bbd04fc2397ac494,pdf
3011,https://workdrive.zoho.in/file/up1lz5cabc35291c644fc86642159dfc09391,,bb2a6a2e2b3a78c4,pdf
3012,https://workdrive.zoho.in/file/kkc9ea1d457ba82194e459e2068ada55a687e,,87604276c187bef9|a72779e007f165e0|b37327cc8ccc0c67,pdf
3013,https://workdrive.zoho.in/file/kkc9e218e345a697b40e3a549ccfee26b4286,,8f704163fc07f887|870bf8f078f00d67|a6638dc927638dc9,pdf
3014,https://workdrive.zoho.in/file/p39vw89157736d4bd45ba8366145f046df39c,,ea6b87949c9c9561,pdf
3015,https://workdrive.zoho.in/file/wyumwc571d99c99f142af90bd6d70b61026ca,,f372ce72918c8cb1|ba3b818595b6d2c9|bf87c4ceb03c7418,pdf
3016,https://workdrive.zoho.in/file/p39vw116433f74a1440d8ac7fd3439916dfc1,,de2d2d52a5d2d289|da5adae02524dcf4,pdf
3017,https://workdrive.zoho.in/file/vswpl91dc25e407ef4f7f9c51f78cbd14f2de,https://workdrive.zoho.in/file/vswpl91dc25e407ef4f7f9c51f78cbd14f2de,ef6260c89f9c9495,pdf
3018,https://workdrive.zoho.in/file/v8ybo55910bc5d70947a399981d993cab5d8b,,bff8162525c3e00f|b619c9e23799e2c2,pdf
3019,https://workdrive.zoho.in/file/vt5o1e9fb6e1c7d3c4a08a6f8c6832dcbe8cc,,a70f1b070fe036f8|a66626e626e626e6,pdf
3020,https://workdrive.zoho.in/file/nqd585b5e1f3c0914480685a0cbeabe8881d8,,ab2b29a89cd4d4d5,image
3021,https://workdrive.zoho.in/file/hv58s063d0b315afb4df2a5e0f10d355108f7,,e60d9b64cc18b3ce|b3cecf33c4b0c432|b83878ccc6c783b3,pdf
3022,https://workdrive.zoho.in/file/l1tkd3eb2c718afe344ad995a0bf02f4e0cff,,b79962c08e33b8f2|a6666666666666cc,pdf
3023,https://workdrive.zoho.in/file/wyumw929966b4856c4c7ba3531b47a2ef917e,,b78d62e0ce1319f2|b363336323632367,pdf
3024,https://workdrive.zoho.in/file/iwnojdafd7aa2ea0042859fb11520179ec65b,,fe7a91958585c338,pdf
3025,https://workdrive.zoho.in/file/wyumw164397ef8ff4414fac47e525b2b6b7d0,,8ff0f007e063f08f|a76789c989672761,pdf
3026,https://workdrive.zoho.in/file/hv58sed5a6bba441e47fdbbdbca146eb54546,,e66d9821cf9cb0c3|f3068c66ce9998b9|b832c3cdccc531b9,pdf
3027,https://workdrive.zoho.in/file/f03zh2ef1063e08024ac896645ea878fe0210,,ba3ab1ad8d95c342|8f0f3f68c0818f97,pdf
3028,https://workdrive.zoho.in/file/wtnfrd3c6fd02e90b468daa21459c4951d574,https://workdrive.zoho.in/file/61q4j86bac44cc8f3412d8ce46cd2b7fd8a4f,e59e9e9898396165|fac1859585f19587|fa6b858691979748,pdf
3029,https://workdrive.zoho.in/file/l1tkd336a38caec7045c6bb1d67bef4cf0e71,https://workdrive.zoho.in/file/l1tkd336a38caec7045c6bb1d67bef4cf0e71,af0f9c983862e6c3,pdf
3030,https://workdrive.zoho.in/file/p39vwf5089c7afa064c6fb0d60aa579e3eac4,,e79e9e6998696424|fa6b85a5c15c9594|be6ac17985959586,pdf
3031,https://workdrive.zoho.in/file/up1lz875db3591829486a87f4b6f4daf82ae3,,d39cdccc98646593|f8689592c763879c|f878c5959685c9c3,pdf
3032,https://workdrive.zoho.in/file/61q4j04b803607b0a43ceaf490d5a168f5b81,,879ecc9c39693169|fa968569c762856a|fa66c19dc938859a,pdf
3033,https://workdrive.zoho.in/file/nqd58062ee803be05459986e851bfdeac12fa,,b9878778c6c87986|fca15a85955a857a|f732327626a4e4c5,pdf
3034,https://workdrive.zoho.in/file/p39vw88f4be627e58408aaa56ba1044c9f5ce,,af682f3e3c3f2420,pdf
3035,https://workdrive.zoho.in/file/gxtko67613917f0d542d2ba08f3de67102e52,,a327a3a2a12d5edc,pdf
3036,https://workdrive.zoho.in/file/ltgcl821f91cf09434bac93c5979b909162d4,https://workdrive.zoho.in/file/ltgclcd35d72222104d6da39d9bb5b5a230c0,a30f9c0f0fb363e0|f872876586918f4b|f8738569879385d8,pdf
3037,https://workdrive.zoho.in/file/gxtko73f03ca46fb54473983f4d88fe0147b4,,b3624e59b98dcc31|bf3fc1833bc88185|b7278ecb8b21607c,pdf
3038,https://workdrive.zoho.in/file/ltgclf1403d4d108348f3ad6f644c0d4d262b,,af2d90d2d256652d,pdf
3039,https://workdrive.zoho.in/file/bk3vw2b1de721d4a34b5a975004b1490dd2ec,,b1121052dededb4b|e1b29e32b2695936|e1d1696d4d96641d,pdf
3040,https://workdrive.zoho.in/file/b9cqif000b774d9c5481eb3f1beb8c6128c0e,,fa2e7a6a5a2cd0e0|daa15aa55aa55aa5,pdf
3041,https://workdrive.zoho.in/file/40j8a78e047c33c824331abf4fff665bc7e1e,"https://workdrive.zoho.in/file/h8u2h704f428a8c204bca80683ab215e6a818,https://workdrive.zoho.in/file/40j8a78e047c33c824331abf4fff665bc7e1e",bf3bc0f4c4c4c46a,pdf
3042,https://workdrive.zoho.in/file/ojjbq3dfe8d0baf7641d8b7507b130cae4e1e,https://workdrive.zoho.in/file/ojjbq3dfe8d0baf7641d8b7507b130cae4e1e,af2f5ee0e0c0949d,pdf
3043,https://workdrive.zoho.in/file/40j8a55a2233e7dca4ba28aaf831b44864484,https://workdrive.zoho.in/file/40j8a55a2233e7dca4ba28aaf831b44864484,b987877878ccc239|fc78a181a3725acb,pdf
3044,https://workdrive.zoho.in/file/40j8ace16353186054306a083d53018e2a219,https://workdrive.zoho.in/file/40j8ace16353186054306a083d53018e2a219,ae2f05a5a52f2e85,image
3045,https://workdrive.zoho.in/file/hfa8109875cd75dd3415da57fd322cc6460a7,,be7a7aa62ec48581|ae6a2e6a2e6a2e2a,pdf
3046,https://workdrive.zoho.in/file/iwnoj7f2bbf692f4f464b8459b17d22175db0,,b38c73e0c0738c7d|b3cc3b21cc33cc39|bfc13e18c13ec12e,pdf
3047,https://workdrive.zoho.in/file/zu51z992ceb6198304f15a2df9943d3444571,,e60d596699669699|ee6b7ad0c4949135|9e31e136e1c7c18e,pdf
3048,https://workdrive.zoho.in/file/q5ix58fa6cf316e7f49b4924b2abcf0db5271,,8e78f1860e7971e2|fac1859585f19587|fa6b858691979748,pdf
3049,https://workdrive.zoho.in/file/krmj7f66088809bd84dca92da5f004c677a22,"https://workdrive.zoho.in/file/jrc3z00f13f3764204534a6358e0f27cc588e,https://workdrive.zoho.in/file/rgn6c1af60dc948f04fc197d4c2d987133763,https://workdrive.zoho.in/file/iyhmo0ed9a089fdf746c5967c3af50df5dca6,https://workdrive.zoho.in/file/hfa8158e1992ff220443db93b7464b090dbc8,https://workdrive.zoho.in/file/xww676d64b05866904175a21601ccbc4d7c21,https://workdrive.zoho.in/file/tz2iw0382b2503f8b4b818693913adaf61cfd",e6195bc699269599|bb3f6ac4c0949539|be61e3c7c51ac039,pdf
3050,https://workdrive.zoho.in/file/2ta2qf489e3c2efcc487bbd6223285509e994,"https://workdrive.zoho.in/file/flcw21d564f2c62534bf0aaa8e57fd638e4b5,https://workdrive.zoho.in/file/c1j4y776fb42ee94e4493876b7928de91ae05,https://workdrive.zoho.in/file/c1j4y8d04fb12d3da431b8119d3112fcd9397",b3cc4c33cc9393cc|ae6e6ad0d0d19535|9ee1f126e1c7c518,pdf
3051,https://workdrive.zoho.in/file/stxep991898e5c82f40f9839c4b313fa42ac7,"https://workdrive.zoho.in/file/ziyfp6986ccec41a44920b9ac2b020a9e20bc,https://workdrive.zoho.in/file/hcuw695acccc9bc4f45efa1e6a68086d2fcd1,https://workdrive.zoho.in/file/7aupwd92e8f0d9042474cbc9d6715053a0aa1,https://workdrive.zoho.in/file/jrc3zc89b2a8cf7f543fbaa0409f501fe8a78,https://workdrive.zoho.in/file/uapvb5430fb3e321d4bc3a9981bc8594b4ee9",8935596b33a936c6|aa22559f90b1f2e6|a63939669999869b,pdf
3052,https://workdrive.zoho.in/file/lnrfyb84f460bea3c43fc9650452076a3a7ac,,a82ad26cf431f4b5|be2ec138c3c39dc1|b83cc796c1c39791,pdf
3053,https://workdrive.zoho.in/file/tz2iw99d42568124743eca2aa3e9303343976,,83502f25f0dfdea0|806f7f8080ffff00,pdf
3054,https://workdrive.zoho.in/file/oaggod706358fd7f0424399a615b87f34faae,https://workdrive.zoho.in/file/c1j4y830f8be387764fe59a9385c2a4fb0713,bad8c568420fbc9b|e64c6c6659329b99|b79f3f9d2062c068,pdf
3055,https://workdrive.zoho.in/file/pw6rdceb48eb269da4ca183f060bada7d90bf,,b327636cccccc1a6|b1e1936c8e934bc9|beb1914b91674b94,pdf
3056,https://workdrive.zoho.in/file/uapvbf3eaa077861040b7b0ba044967523679,,8f3352e0cccf8de0|eeb191b0a56a9762|e6668dc9276607c9,pdf
3057,https://workdrive.zoho.in/file/tjan189261f0fb36248fea32c2e973bc522ef,,87f878f830c78743|adec31dc21c423de|bfc4113fc03e13c6,pdf
3058,https://workdrive.zoho.in/file/uapvb146ee937accd4433836e668eb2c4f5fd,,bb3ef0958491c46b|be2e3c1c98d1d1b1,pdf
3059,https://workdrive.zoho.in/file/uapvb85828ddfeeeb45f5b96f71eb21e6d819,,b3cc890de063cef1|abe1d4852f2ed0a5|ab17f8627d6a8581,pdf
3060,https://workdrive.zoho.in/file/uapvb56549801f9114953aa3999ac802ad3bf,,db2aa555aa95552a,image
3061,https://workdrive.zoho.in/file/c1j4yd3c749f912d1420aa289d2fa191f11b8,,cae2b4d9a4a3d744|a1e5d234d632c75a|ea7e936b94c1c4c4,pdf
3062,https://workdrive.zoho.in/file/tjan1445f0d9717fc421da80ccb520abd96e8,,f3624e39998c8d33|be2e2e62e1e1e1c1|bf6ee83960838794,pdf
3063,https://workdrive.zoho.in/file/c1j4ybcc60dd5219e40278909df2ff20569ef,,9640c4efef7a9230|b131ce668731c6e6|b133c64ece38c66c,pdf
3064,https://workdrive.zoho.in/file/c1j4y3e18de2dfb4c4c3aab4eb1ea00a0b8a8,https://workdrive.zoho.in/file/sxembbd2373b803584d6ab9037d2fddc5c252,a52d2da5b21a5a7a,image
3065,https://workdrive.zoho.in/file/uapvb66ab55d7fc5d4d569e7ee95cfc8561e5,,afa6d0d9c033d227|ab95c162f6a99706|b7c0d837e43ec027,pdf
3066,https://workdrive.zoho.in/file/tz2iw9e0f4c7a3264429c9df841a6ee48c6df,"https://workdrive.zoho.in/file/suzm9a92bee72d4a14a318c9f405d7bd65134,https://workdrive.zoho.in/file/txr0kf6d0437ddfc1458487f30dc6c48ffff4,https://workdrive.zoho.in/file/be2or92b6ce4045dc42db91bd88b7d49330de",a3bdd50886e338bc|bf8fc070c08f82b7|a61999e69999e664,pdf
3067,https://workdrive.zoho.in/file/c1j4yb83ed7f1c79e47c0990886588c0904d8,,f467b9a599a985a0|b319393339333399|bd93399b358320cb,pdf
3068,https://workdrive.zoho.in/file/hfa81aa0e647f5e414848b832a3fcdb1fcd70,,af87956ee4d49520|afc59563c4c4f0c5|af2a2f2e3ec4d4c0,pdf
3069,https://workdrive.zoho.in/file/tfuwl7fe922e2ab91403b8c6bdf5ea24dc331,,9ce3e314146b63e3|fa73856385259595|fa78c13f84c3940f,pdf
3070,https://workdrive.zoho.in/file/c1j4yee90abfc96b74310905fd7e80c4bcf16,,daf8f2d62c21364a|b70d3d271d27070d|be2c272f2a2f232a,pdf
3071,https://workdrive.zoho.in/file/jugh4b1d43ee48cd543c3822f4bd7164ab59b,,a7fcfcf80330ec01,pdf
3072,https://workdrive.zoho.in/file/v75336f7eef5364af4120861ed81215f8008b,,b131cece6c3133e4|fa4ac2d225a5b5a5|bfc2c08569f03cb5,pdf
3073,https://workdrive.zoho.in/file/jzztxae2ea1264b7b4e8ea1de562c7779bcaf,,bfc5603e87a9e0d0|bf706187e9a8a44b|bf69c92a3296e309,pdf
3074,https://workdrive.zoho.in/file/sxemb65084ba40bb04d5890cab3bec9371d98,,9046cdedefce1211|f086bd784e87c272,pdf
3075,https://workdrive.zoho.in/file/sxemb973f6ea106c04ac58b20c58c4146447b,,9246c4ef6fdad011|b736c8c9998ac3d1|ba3e8fbdb9606050,pdf
3076,https://workdrive.zoho.in/file/c1j4y374bb47c966f46dc9544cd799f03b409,,bf3ec5c19595c0e0|bf3ff0c08585e1e0,pdf
3077,https://workdrive.zoho.in/file/c1j4yff3259a93df84924bfe8d9774ee3bc16,,9a29d476ad562b4a,image
3078,https://workdrive.zoho.in/file/c1j4y3a41530f78f14279b66a65dca79a4fdf,,bb3bc484c4c85b6b|a73f9f9a6060c0da,pdf
3079,https://workdrive.zoho.in/file/wtnfrb778792aa3e4478eb988cf3242575892,,b736d9c92614c92b|eb6a60609c9f9595|eb2fb4b095d8ca48,pdf
3080,https://workdrive.zoho.in/file/w3im2c03b5fe3941a468ebca45382e762b7fd,,b736d9c82614c93b|8b2eb4b1f09f6ac0|8f8ff0e0fc78c421,pdf
3081,https://workdrive.zoho.in/file/wtnfr6108e15990da408b9781081fca856f9c,,bb6ce4872c7813ac|8f18f877c6c2f070|af3fc181c0c43e7a,pdf
3082,https://workdrive.zoho.in/file/w3im215d2cd61d20d4fea82bea7b4219e6745,,b726d9cb2614c939|d25a8da5cc5e25a5|d25a8da5a5d6258d,pdf
3083,https://workdrive.zoho.in/file/ahy2r05423075f6e94dafb4a98c971b64025a,,b78dc34923c12f72|a363276327632763,pdf
3084,https://workdrive.zoho.in/file/w3im293586a6038a14352927085c18d65c08a,,b726d9c82634c93b|d25aada5cc56a1a5|f252dca5a58da1a5,pdf
3085,https://workdrive.zoho.in/file/p6f8lc2e42d9b63eb47629140874c0350fb14,,bb68e4878c7853ac|8718f8e6c1e0f876|ba23c58590727e3e,pdf
3086,https://workdrive.zoho.in/file/bl5amd604f1ee409a444dab87d485fede16f0,,fb15555555554155,image
3087,https://workdrive.zoho.in/file/p6f8lb8d71a520e5f4aefacc3e8e8b00f157f,https://workdrive.zoho.in/file/go70vc281f66f5e8841ad84318d235a856f77,9f1fbc58f0b03c42|bf62c01fd0979139|ee6e7e3e90909191,pdf
3088,https://workdrive.zoho.in/file/wyumw07da144f6d52415094b7e0cd61df6e83,,9447aba9705471ed|d656a94683a99b74|d45656aba9a989c5,pdf
3089,https://workdrive.zoho.in/file/7aupw91caa0d320914ae98f0b362c2a5b02ac,,bf68e4871c7813ac|bf2cc562e193c08f|af3f95c0d1c0c167,pdf
3090,https://workdrive.zoho.in/file/f03zhe78c04e4170948488c7519e7b44f22a1,,b0b34afd24d2ac4d|b2393966cc89c39b|e664c99b909999e3,pdf
3091,https://workdrive.zoho.in/file/78y5lbb715437da5c40f6bc6c98fdae1afd5e,,b726d9cb2614c939|a3b7c8c1cc6e96c8|8f8ff0e0fc78c421,pdf
3092,https://workdrive.zoho.in/file/ahy2r24cdc1ca4b284579a0690431def67879,,b736d9ca2614c939|e752d8a5a98d2764|d25299adb5d4a525,pdf
3093,https://workdrive.zoho.in/file/6j1r6e245d38567ce447481c865c0dac7d461,,bf68e0870f785325|8f0878707fc7e1c1|da5aadad3a5221a5,pdf
3094,https://workdrive.zoho.in/file/6j1r6c855611e67764db49add891ceb2dc773,,bf68e0870f785325|8f0878607fc7e3c1|9656c7a9a9a97170,pdf
3095,https://workdrive.zoho.in/file/l1tkdfeb5a4a78e4143bd8fec9a56bb9c9bac,,87622e2ff0d4d4d8|8707c8c0f039fee6|bf62623f9d9dc080,pdf
3096,https://workdrive.zoho.in/file/78y5ld335a716b9a547af8dabb6b5ecbaa07a,,b736d9ca2614c939|d25aada5d825a5d8|970ff8e0a9f8a981,pdf
3097,https://workdrive.zoho.in/file/oyc0w47c633fd464c434aab50ed2cf62e54f4,https://workdrive.zoho.in/file/oyc0w11807de2a547443995fcf8c4011e40cd,ae6a81c57c0b4b6e|8703f86178f90fe2|8f630f632f632961,pdf
3098,https://workdrive.zoho.in/file/5zxrp27bd2c5a2fb94343a9f524b2959ad626,,bf1dc0e01d37cc68|a7622399cc37c6cc|bf68c437c2ce6225,pdf
3099,https://workdrive.zoho.in/file/serujcdd8589ca0c14d4fa4415e34d42dec1b,https://workdrive.zoho.in/file/seruj2a343814299c4b76a161c3c69827b809,8f0eac707cfc1e42|bfe0c4659495616e|ee6e2e369490b1b1,pdf
3100,https://workdrive.zoho.in/file/ma9uqefd31a2b50b4425e9277415b5ff992aa,,bf50404334bfe3c9,image
3101,https://workdrive.zoho.in/file/bl5amd81c2646c25641d58745a3b850fde50a,,eb29879ad22d6970,pdf
3102,https://workdrive.zoho.in/file/bl5am9e68eac13fb94247a37470d39a3289ac,,b642c0edada1a9b9|af6ec09dd139b01c|bf0fc01aca37c42d,pdf
3103,https://workdrive.zoho.in/file/go70v3abed16d3d48497a918ca2a3c8c472ef,,8f0fbc50f8bc1e12|bfe0c063d09dc16e|ee6e6e169490b1b1,pdf
3104,https://workdrive.zoho.in/file/go70v17b2deff7b5642dea9276aebfe90d5a3,,bf3fc496c0c82be0|be7a3839d193c185|bf06c237d168b49a,pdf
3105,https://workdrive.zoho.in/file/jzztx35994f56d232420ab7947442bc19ea4e,,be678718cd18c3f0|b8e781c3c738c738|a6660fc91de92666,pdf
3106,https://workdrive.zoho.in/file/go70v8d0207711ccf4f46ae77fc70b4690bab,,ab3f968d9494c869|eb947aa9d02e942b|eb2bd42fd02e9039,pdf
3107,https://workdrive.zoho.in/file/anv1v9275e02708b44f0dbd59c2a9686a9969,,bf60638fc3c3c03c|9fc6f070e03fe00e|fa6a5ac2d2c295a5,pdf
3108,https://workdrive.zoho.in/file/anv1v01342c3e1d754ca9b7f0ebf5f9b44d65,https://workdrive.zoho.in/file/anv1v01342c3e1d754ca9b7f0ebf5f9b44d65,bf3fd00fc0d02b25|be78783cd19193c1|bf07c36ec46c3191,pdf
3109,https://workdrive.zoho.in/file/go70vc8f336086a4e4aa7a4a2a6070713f093,,bf6926d0d487c62a|be94816b16e5c996|be91907ec136b14b,pdf
3110,https://workdrive.zoho.in/file/go70v71b9107d1e1249caaebc7751e40da132,,bf60e08fc3c3c714|9fc1f0e0c71cc21f|9e1e1e9f8d2d2521,pdf
3111,https://workdrive.zoho.in/file/anv1v5926c381853c41b8b371f00bf44e6987,,b06784847313efae,image
3112,https://workdrive.zoho.in/file/anv1v7c6aaec7ba1b437281cd586c62769a87,,af94e2339962d03b|e6666c9999992666,pdf
3113,https://workdrive.zoho.in/file/anv1v102be6e2b4a94b9cac5fc67a44abe4d5,https://workdrive.zoho.in/file/anv1v102be6e2b4a94b9cac5fc67a44abe4d5,bf2fc493c0c03bd4|bc783899d193c197|bf86c23fc970901b,pdf
3114,https://workdrive.zoho.in/file/anv1va63f0a543ff240359079d8a9ff198580,,9f1ebc78f0f81842|bf68c017f08f913c|ee6e7e3e90909191,pdf
3115,https://workdrive.zoho.in/file/oyc0w950e8e0e90b14de6bc1f17ba54f30397,,ab1f0363856333b5|a72f898b27e499e0,pdf
3116,https://workdrive.zoho.in/file/krxhvb96994bb00a54b0e89ea8b81413740ef,,87662b8fc4d4d4f0|8f857ac5d072917a|bf40e061c736958f,pdf
3117,https://workdrive.zoho.in/file/vn19vc434d424bfa346268ced3771dd5ed221,,8f0778f48587c578,image
3118,https://workdrive.zoho.in/file/qq0vwa5ed47c14b114daab8a6899eb18101ee,,bf6ed650686a68a8,image
3119,https://workdrive.zoho.in/file/wtnfr98d5523bde494796b37e22429269c5a7,,bb6ce4872c7813ac|8f18f877c6c2f070|ab2fc58190727e3a,pdf
3120,https://workdrive.zoho.in/file/nz3wh0f69ebc652f0408381f209fd40105ac3,,ba67c6984f39c390|b838c7a9c73846c7|b838383838bd57c7,pdf
3121,https://workdrive.zoho.in/file/nz3whc5ac1051c2c84f4b8d0080538f2140cc,,ab0b0398b7b794e4|a535357878f8f8c0,pdf
3122,https://workdrive.zoho.in/file/skuoe8c816c325316482ab93267548114fdaf,,a5bfd2d29e24a429|ea6a6895959795b0|b30fd4339b719898,pdf
3123,https://workdrive.zoho.in/file/anv1v194496fd44314ece8e50b819c078f5e8,,afc0899ad4d22b2f|b370d38ececec430|bf9cc834cc33c325,pdf
3124,https://workdrive.zoho.in/file/serujb7df45c4c07c46faa5f15698e1b2aebb,,be2e4a2b3e91b0b1,pdf
3125,https://workdrive.zoho.in/file/go70ve62b910a8dca454bb3eeb3bc7484e64c,,bf0f451f401f4cd8,pdf
3126,https://workdrive.zoho.in/file/ifu0nee1c1c45a0df4892af46212d705e3a87,,bfc2c4631b3fc02c|a7672dc989c92363,pdf
3127,https://workdrive.zoho.in/file/ifu0nd67b683257894d548145dbad22d4ac1b,,bb94cc4bb12bc40f|a76327c989c989e3,pdf
3128,https://workdrive.zoho.in/file/go70v31b6819f5a394156b42c1b4b1210d028,,bfc4851bd1c04a3f|b370218fcacece86|bf35946ec886c1c9,pdf
3129,https://workdrive.zoho.in/file/anv1v79607cbac4524eba95f67490149c2a3e,,bf68e0871d785325|8f08f866fec6e1c0|bf62c58d90c1e23e,pdf
3130,https://workdrive.zoho.in/file/ifu0n8799a4743ac2489db57a0ff95ae8ab78,,ea279f4b27628598|b867e769c9988962|be67c9c9e5c98188,pdf
3131,https://workdrive.zoho.in/file/nz3wh142a826b7f734b47bcf7e57662be32e9,,ab3ae0c93c36691e|e42dcb3499c33639|bfc4c095c06bd11f,pdf
3132,https://workdrive.zoho.in/file/seruj14bb4db94ef647a69739975a61a4819b,,8f63c313604fcf91|ae231b6cc16c1ee5|bf17e960478cc760,pdf
3133,https://workdrive.zoho.in/file/serujd669d6b36e7248bdbba31f0fe91984ba,,be079f1b6326c198|b85267cbc394959c|b846c798c759c74a,pdf
3134,https://workdrive.zoho.in/file/anv1vaa03b4e53bbd4517b556b38f668ced4b,,e8b5b46a9fd84630|bf60cc9784e427d8|9f0f0f0f0f6306e2,pdf
3135,https://workdrive.zoho.in/file/anv1v2cac3893d26046ee893905a883e1fd88,,ab0fc593c6e07878|a36371d98ccc6666,pdf
3136,https://workdrive.zoho.in/file/seruj9a00fd289b1241188e407f40c4bc52e8,,b1cece61d9719138|b826cd30cfc9c798|b839c763cde6c218,pdf
3137,https://workdrive.zoho.in/file/anv1v5b34c06f7bac46f8ba2fc0a4e9fe07f0,,9f074350e0d2de9e|9c87e61cf01ce633|9d1cce31c346ecc6,pdf
3138,https://workdrive.zoho.in/file/ifu0nb8723e030af84c228376cfd19ac8eeaf,,fab4c16663a19c95|eb31cea4918e9995|ea3e9ce3c1914995,pdf
3139,https://workdrive.zoho.in/file/ifu0n0807716395c04d33bd2add8046fe79c1,,8f1fa1e1e0f01e1e|b131cece9b9bc604|b047dc9b6634cd92,pdf
3140,https://workdrive.zoho.in/file/anv1v6167a43eb40c493f91b21a78dd0948b8,,ae4a95956a3ec52c,pdf
3141,https://workdrive.zoho.in/file/anv1v2087eacbb39d47cba3dac4768216c740,,fa63868587966a6c|fa355aa5c2e542e2|daa54aa54aa54ee5,pdf
3142,https://workdrive.zoho.in/file/8o8bp15085ae55a764b37bcdbbfc3a3bc713b,,be33c16ac46bc48d|ea94956a6a95e25a,pdf
3143,https://workdrive.zoho.in/file/oyc0w35077be25c23478e80d67e0da767949d,,bf68e4870d785325|8f0cf866eec6e0e0|bfa5855ac8d1846e,pdf
3144,https://workdrive.zoho.in/file/anv1v36602e45f52549dfb55482d8b1a588d7,https://workdrive.zoho.in/file/go70v01b43c0ef1d346dba194f3672857058b,ae6a81c47c0b6a7e|8718d870f88fe6c3|bf6a623fdc91c0c0,pdf
3145,https://workdrive.zoho.in/file/q0i097ef8d1b4a69a461688dc7931eef0869a,,bb6ae4831f6c5213|870cf860f8c7e6c3|ea6a726a9d859585,pdf
3146,https://workdrive.zoho.in/file/anv1vcad6918cc8264d819616356a462a781c,,af0ff0f0c10d87b2|ad64066d3078c7f6|b43636cdc9c9c961,pdf
3147,https://workdrive.zoho.in/file/bjqb698c5b6bb638f456699ba59aa06bd47f5,,faa145da3e61c136|bf3f917a81907ac0|be3c9d46c3c2c3c2,pdf
3148,https://workdrive.zoho.in/file/zu51zdfbe96bc39664581aa38a2d79eabe86f,,af3699e0914866ed|bfe00917e09dc8b5|9e1b63634b3e6a60,pdf
3149,https://workdrive.zoho.in/file/zu51zb8d24ffaf93c496fa4f187c69cc9fbbb,,cb5a9425ad36b34a|8dfe328b6da59013|9e9760ead169c239,pdf
3150,https://workdrive.zoho.in/file/fdt9eb678453160664276a3406f69676c078b,https://workdrive.zoho.in/file/fdt9eb678453160664276a3406f69676c078b,aee2d9d99026369c|ee95c16e37c8944a|bb31c4cec4943b33,pdf
3151,https://workdrive.zoho.in/file/zu51zed8aa190a152499494e57d17739b3282,,f854d269c9b68c2b|eac4c63f3939c44a|bf2a403b59c0db95,pdf
3152,https://workdrive.zoho.in/file/fdt9e7f263e7e011646f5ad297c35f30305b4,,af6e90913f6f40b0|9f1f1d0767c4c0e2|b1258f8f3130cece,pdf
3153,https://workdrive.zoho.in/file/fdt9e5ae44e25ddcd43a88d36c5d3c6a50ba2,,bf3cb06ac083cacd|b9393938c6c6c6c6,pdf
3154,https://workdrive.zoho.in/file/vj2njb19e669989874d208a4aa85337948578,,bf3ac137c0c937c0|bf3f3f26c0c0c0d8,pdf
3155,https://workdrive.zoho.in/file/zu51zded6d5e3e04f4b938f37c149600c0e14,,bee4411b94aaceb1|bb169469912be5d8|bfe7623960e01b07,pdf
3156,https://workdrive.zoho.in/file/v5kwjd23e14669ae948319070b45f9465965c,,bf6ac09d91c599c1|eb6b94b46e9495c0|ea6a946ab59695c1,pdf
3157,https://workdrive.zoho.in/file/biz38b78a45cda0cd47678e4194c608ac399e,,d657172ba9adb028|bfc0953ec09d4a39|bf3a2c96289e851e,pdf
3158,https://workdrive.zoho.in/file/zu51z10b180bc5db647378e6eeabe19c6ef09,,a30f8d852767a5f0|b362cd255eca0de1,pdf
3159,https://workdrive.zoho.in/file/b2seff171ff778e454cbf84e0dc47ab71bf5f,,bdd2c37a0db031ca|e3c961639c27969c|bfb527c16a6bc0c0,pdf
3160,https://workdrive.zoho.in/file/zu51zf23ad050ee5d4700a03261141da5d964,,bfc0c03f85621fe4|ca4aa5a5676a2765,pdf
3161,https://workdrive.zoho.in/file/u95am209043c955844827be2480fe92fed5fe,,afc3d9c19494b4b4|ae906b94916e916f|bb3ac07ad0c5959c,pdf
3162,https://workdrive.zoho.in/file/zu51zef3ff54e6b7b472993e5796907fcce31,,e666968cc9399999|be62c13ce099cfc1|fab9919c840ec766,pdf
3163,https://workdrive.zoho.in/file/zu51z51cf02b1dbee439eb9d87e4537e16fbb,,b373d2d44c4ccc9c|bb2f9ce6c098c187|bb2f87b1ecc09390,pdf
3164,https://workdrive.zoho.in/file/zu51z248ebdedecca41cab5ad1e2e0398bbb7,,e266a68c59799d91|be6bc13c94e2c895|bf0fc42ec19597c0,pdf
3165,https://workdrive.zoho.in/file/x4lgi7dc3ae64c71b47ae97d7ffe19d9fc3af,,fa6a6b6bcbc181c0|fa4a95e1a5ada161|b76c3060cfc783c3,pdf
3166,https://workdrive.zoho.in/file/zu51z45f5136440c74f568084c042f72c8f3c,,8097a6e12f5a2f0f|ea959593956c9326|bbe1c41cc3c3c43d,pdf
3167,https://workdrive.zoho.in/file/krmj7e6e51b8cd3bc46458338609eb74d1b63,,e76766f494949464|ee6e9191906e6c95|e766f6949c8c2694,pdf
3168,https://workdrive.zoho.in/file/x4lgi7acb27a79e184cbfba5864a418f14dec,https://workdrive.zoho.in/file/iwnoja6ebb93b13454d9790c2cf3eac46accd,9ea425b6a4969e8d|98d496960e967cb6,pdf
3169,https://workdrive.zoho.in/file/zu51z95f13886191242d4b6b47a6366aaed87,,e1c9c9c6c9669699|bc86cf99d032c669|fac6879585689179,pdf
3170,https://workdrive.zoho.in/file/zu51zbcc0482f8ab24d1db60cea2446054bbf,,a1a78f3bc2587346|bcf3232c5c73ad80|eaf06a23074f954e,pdf
3171,https://workdrive.zoho.in/file/zotk87788b093aa3a455bb34f1a7f4a406b7e,,cdbcb668c2c6b0c3|eeca393791e0c6c8|bbb4692bc4c10e79,pdf
3172,https://workdrive.zoho.in/file/82egnd249229a12b14754840ccbf09268b993,,abfe94807b0b960e|feabd05581568539|abd4c43bd584c83b,pdf
3173,https://workdrive.zoho.in/file/oyc0wdc7093d17272443f9c449c393b566348,,e59679963a681e19|bf68e037c2b8c163|bfc1b036c5b1c0e9,pdf
3174,https://workdrive.zoho.in/file/zotk893e3cf937e01492c85266a4c9dc3a4db,"https://workdrive.zoho.in/file/zu51za0d5543c2078447995a5aa7e4ad95f3c,https://workdrive.zoho.in/file/x9vjf52798e424fd4411da7d76a79adb7af24",b0c6e6b88791f10f|bfe495c1914ef091|bd3b1cc4c3c0f03b,pdf
3175,https://workdrive.zoho.in/file/0zfnha22ac20993bf4c099af14fca7e839252,,bd012afad6aa2a55,image
3176,https://workdrive.zoho.in/file/zu51z361f7688d5de45f288655a289135f1b4,,f9e3c6441cf1b1c1|af677838323a6a38|bf2fc0073e606b2a,pdf
3177,https://workdrive.zoho.in/file/6jrynbebe877896df4d86afac6fa07b0c4b37,,fa0785f86a0755f0|bf1f8c1e1fe0e082|ec6c6c369696864e,pdf
3178,https://workdrive.zoho.in/file/0zfnh090b49adeae7470b9cc890b9535e7407,,871ef8e0071f78f0|9f1f1f8f1e6060e0|9f1fc01f1fe0e0e0,pdf
3179,https://workdrive.zoho.in/file/5dbyzc8951e08921f4436974271cd5627db31,,ba0fc5f03807477c|9f0fe0c3e01f9e18|bf0f8c1b1f8ce061,pdf
3180,https://workdrive.zoho.in/file/zotk80149313a65cc46d2ae9980cf5eddb51d,https://workdrive.zoho.in/file/zu51z54ec3984edec40cf92dde3d813d00fd4,e6e34c847896a3b9|9d3da5e0c29297a5|9b21e2cee1b91c1d,pdf
3181,https://workdrive.zoho.in/file/5dbyzca50ea25d53a4806bb8bc0b876c9fe1c,,9f1ee24fe012c339|e82d87d2a1c6b5d2|89e0b4b1c71fc60f,pdf
3182,https://workdrive.zoho.in/file/krmj7896b2c51458d47e2b79d87fb303bd242,https://workdrive.zoho.in/file/hzqan3ce3c53c506040faa3fc34d5766162b5,aa07c5f82a077cf8|9f0fe0c3e01f9e18|9f001f1f1e1fe078,pdf
3183,https://workdrive.zoho.in/file/k8yewce8f2711df9140338d13ec4da814328c,,ee93c8c8b56e91c8|bb35194a84cec697|be6cc2d2d2c3686c,pdf
3184,https://workdrive.zoho.in/file/zu51z48f8a70a51ad4d44bf385cd2c3bca4ac,,afb1c04b994f994c|bf6fc0979690d0c1|d6a956a956a8a956,pdf
3185,https://workdrive.zoho.in/file/zr77m423234baf6a844cd816d411824ed9d27,,da9bd064a5689397|cf39e297b041a5e4|fa3640e185c1b3cf,pdf
3186,https://workdrive.zoho.in/file/rznjh85e7704f3ba849968f8711cf40ae2484,,acb7d2e0834bf216|8da0f270f04bc73d|e88d3c3b9784cb68,pdf
3187,https://workdrive.zoho.in/file/hzqan1c6b3bd3c5174f37af91366ecae1489b,,e81e97e4b2c2c353|bfb3c442f131c23c|e891683b97b095c7,pdf
3188,https://workdrive.zoho.in/file/n7cyy6cc0bfba9b7c4f3ca623dc310a830f7c,,8a7895879f34fc03,image
3189,https://workdrive.zoho.in/file/1j88o705b82ba120a4e3cb7bef0d6a0986597,,cc6d93f0c287b10f|cf3cb4c0f2c3c2b1|ade9d293c324e638,pdf
3190,https://workdrive.zoho.in/file/n7cyya54a410c8dee490dbdc133518dc4efe3,,871f78f88387839c,image
3191,https://workdrive.zoho.in/file/zu51z0f11b365e9d3418cb7a3053a0a908ba4,,fa6cc110ec8b33d6|bfc694b193c4c613|e34b4c71d3c691d1,pdf
3192,https://workdrive.zoho.in/file/zu51zc2458bddfea74fcca49d84bf0d04a640,https://workdrive.zoho.in/file/x9vjf167392ac9edd4c3690726529587ea6d0,bac9c7b438099c6d|b36bcc8c92b2b2cc|b739c866c4e2929d,pdf
3193,https://workdrive.zoho.in/file/n7cyydca4d3a14f6948fcb5dfe5f2c388819e,,b84795f8ea8385cc,image
3194,https://workdrive.zoho.in/file/hzqan22ef11331c004ca4af9ee1b3af58e097,,800ffef0800f7f78,pdf
3195,https://workdrive.zoho.in/file/hzqanae2a0d2d6fef4c77a3c835696e5af327,https://workdrive.zoho.in/file/hzqan53c8c526163241c3a8f58a86eed85867,f80f87e0780f07f8,pdf
3196,https://workdrive.zoho.in/file/zu51za441d6c9176a40b98202342d2cfea0e6,,bb70c08f6d4a3d32|ab0d3c3bc33dc06a|bf1ee06ac069d139,pdf
3197,https://workdrive.zoho.in/file/q0i09369d0a18a0424d03aca32bbc48bce214,,cc3cb386d0f8b683|9d5ad2a5b1e6e0a4|ea6b379785f0c830,pdf
3198,https://workdrive.zoho.in/file/j15l44c5cb3566cb44a12a5a2344c0240e51f,https://workdrive.zoho.in/file/8o8bp552a152472e84b88ac64bbb30e452ec8,9ce3e3141c6363e3|bf2786f991c0c0f8|f84986a487b787b1,pdf
3199,https://workdrive.zoho.in/file/x9vjf8a02c595a70547c6bb857111f9a3f23d,,e72c9c93c3c263c5|bc2cc33b4b936cc1|eba5a54b964a9694,pdf
3200,https://workdrive.zoho.in/file/ojb8d7b667bdcf3614d369088a4f09fb5e22c,,af855a2bd42d5a29|9b2f5a297ae058a5,pdf
3201,https://workdrive.zoho.in/file/6jryn4c2bfdb6d9df404daebfb15a8e1bd76a,,bf2fc2c0da3c34e0,pdf
3202,https://workdrive.zoho.in/file/hfa81d2592f05cf9c4397a827709c713c5089,,bb3999e2e42cc4e2|bf95e06a912c1bf0,pdf
3203,https://workdrive.zoho.in/file/j15l48b758b186ca54646b0c025329200f7ed,,9ce3e3141ce363e4|b94bda3260cdcd61|ec2e929a91976ec4,pdf
3204,https://workdrive.zoho.in/file/b2seff189d2cf54dc45d7be66fa044e19f93a,,b4cdc3343ccbc274|ba3ec7c332c3c48c|b30f9cf0f2c0cc66,pdf
3205,https://workdrive.zoho.in/file/8o8bp8df3c8a135894e2296be1c1d197c5eaa,,9ce3e30c1cb269e9|ea95936a956cc493|e855956ab3a29395,pdf
3206,https://workdrive.zoho.in/file/zu51z21890207499d48d7ac1a5794c78206d3,,90663a7946670b9f|e2d8cd63c96c323c|beccc133c131d3c6,pdf
3207,https://workdrive.zoho.in/file/k8yewad8c1865cbe64923a9486c40669a203a,,efe2949c3ac4670a|8000000000000000|b399c666993493c9,pdf
3208,https://workdrive.zoho.in/file/q5ix581632f10bf1b47ea9c885d6cb86e44b7,,df41e0bea220c4df|bf3cc0c1869363cb|bf3fd0c0c5c1c6d0,pdf
3209,https://workdrive.zoho.in/file/zu51z2ce7b69b354b4449a8682b3b760ee56d,,8f4670f0852fa5e5|ba6a81d4562fa53a|becca5a5e421b54a,pdf
3210,https://workdrive.zoho.in/file/zu51z19ee61a01d3e408f992c06f02c0b2f0e,,dbc44a5556c9b54a|bf6ac0b5956a4295|ea85683ac57a95e1,pdf
3211,https://workdrive.zoho.in/file/zu51zd953a31a4afc4aa68fcb6f04d4f89b3b,,afae3471c9d80696|f76054bd52b13c15|fa52c24e8999ada5,pdf
3212,https://workdrive.zoho.in/file/zu51z6c2bdbdb3caf482798f15b8ca9c8157a,,bec10eb94e3b422e|bf6a42b563c64895|be8d425a43346e73,pdf
3213,https://workdrive.zoho.in/file/zu51z6551f978ae064997b4ba9a9a1e0e4fd3,,9f7095e9626e819a|baed509550904feb|bab147cd40fb119a,pdf
3214,https://workdrive.zoho.in/file/zu51ze54f2a9b4c354aa8935af3b901504005,,d213c4fc9963370d|dd70969769692896|c0c93be7cccd660c,pdf
3215,https://workdrive.zoho.in/file/zu51ze1ad2d3a486946da80b9220c1918bbaf,,bc03cac06774f0fc|9f94c46ba9656871|fdd5a769c1a64860,pdf
3216,https://workdrive.zoho.in/file/zu51zf567d9c8ac8548b5894a601648da3121,,b373c88c8c3ce393|bf6bc06ad095c09d|bf6bc096c0bec095,pdf
3217,https://workdrive.zoho.in/file/zu51z39a16a63f1674064a343b1eef2b98288,,bb3bc1c226941e37|af4af4b5858e9069|af699036d6b4e485,pdf
3218,https://workdrive.zoho.in/file/zu51z50fff068ece94b059e34f5bdd91a30f3,,ab6dc992b6a3c928|a7495b16bc2789a9|9fd948c95cc941cd,pdf
3219,https://workdrive.zoho.in/file/zu51z6d0743e5b9634df78eddb3239be9f56a,,bc81c16e5a8f0fd1|80fd00ff00ff00ff|b3664e634c191acf,pdf
3220,https://workdrive.zoho.in/file/zu51z23bb6d06b7144e54ab4ff4f231d3b4fa,,ea4a8335b5b5a562|bfe1b14a4e8ed0a4|bf7bb185c085c06e,pdf
3221,https://workdrive.zoho.in/file/zu51z57912d8901dd4b1fb54c599ae0d6501a,,aa2a155f5fc47291|e6309ba5319bce4c|af8f870fc860f0f0,pdf
3222,https://workdrive.zoho.in/file/zu51z6b9626fe0ecd45f6bd4ff1ffe6223326,,a263999a6b6c668e|bf94c06bc195e265|bf91c2c3c46fc194,pdf
3223,https://workdrive.zoho.in/file/zu51z1eeda9ef86634334b465922f4857c007,,b9c3963c4bc03c97|fba496c3c1dac069|af7ce085d495856a,pdf
3224,https://workdrive.zoho.in/file/zu51zd51bd8861dff4c7aac63f860ce69e0ec,,eb4b4b0fb43494b4|bf61c486d09bd06e,pdf
3225,https://workdrive.zoho.in/file/zu51zda94a844b074495496462e67be1ef245,,adceb2b1d14c8c33|802a002a002a002a|b6213633c99acbcc,pdf
3226,https://workdrive.zoho.in/file/6fmw000c6ab5d57b34c7c8bb880b7f0b9e1aa,,ed65939a26643999,pdf
3227,https://workdrive.zoho.in/file/6fmw085c1dd50da8d4bcc9bf07d1e106b5665,,b94bda3260cdcd61|ec2e929a91976ec4|ee6fc0c292939366,pdf
3228,https://workdrive.zoho.in/file/k3ygkd4baff8f3d7e4461bd59bdf10169d806,,e751a8aa880fd5d5|bc3cf0c393c3ca1c|bd3cc3c3903c3cc3,pdf
3229,https://workdrive.zoho.in/file/s926214fb2814f95d4fd194aef35f87ae8f19,https://workdrive.zoho.in/file/8ydc66270c17d0e3046b3b851ea74ddf0b31d,9ce3e3141ceb23e4|e969ca9634728b4b|bf2f9c1f949485c0,pdf
3230,https://workdrive.zoho.in/file/mwsxed1451dbee04a4a4d8ade38e25d512c40,,b760c89f13647539|bf3b3a7868c88c85|f829d6968cd69568,pdf
3231,https://workdrive.zoho.in/file/zu51zd9534a210a964ae9a9d23626c5e7a5cf,,e75188aa4655eeaa|af6fc19094d0693e|be7ac185952d2e4a,pdf
3232,https://workdrive.zoho.in/file/b2sefb029b2b77dea43f3845ea8d1ee676383,,fcd2d654787c6260|b23230989ccdcfc7|bec6c0b1c599936c,pdf
3233,https://workdrive.zoho.in/file/bb9ig4ac6f5d0ef10420081b1401e09f88b0f,,fcd296547c7c2660|beb038389cc88f67|bf6e88c00f588ee5,pdf
3234,https://workdrive.zoho.in/file/w878l7e59cba903b5415fae5c25ee74e92a2e,,e666997986c69991|b232cdcd303636cb|b3338c9c9a646c6d,pdf
3235,https://workdrive.zoho.in/file/b3vi3fa1db60bfdae4a28ab14e5e05697bea9,,9e61611ec897e19e,image
3236,https://workdrive.zoho.in/file/q5ix53ccea730614e4e6ca7c7360e9577b0ec,,e1bc1e5ee1619a43|b5609f9a87613dc8|bfe0c063c1b0c5bd,pdf
3237,https://workdrive.zoho.in/file/zu51zbc53a66670e545eca2c2631e873e1762,,deca618e8b6838d5|e5a41a9265ed729a|bfe270a670b71162,pdf
