source_name,link,answer_id,question_id,question,answer
Repository of Advisory POPs folder,https://workdrive.zoho.in/619q27faa4dfaf0af4a34b94a6ee7630e4f99/privatespace/sharedwithme/allusers/zotk894e4c8cd1c2b40ef9bdfdd4bd39d316f?sfid=5ez6i17f7f720fd0f4dcaa9960915d73cdfd9,693fea6a1f1d4023652f767f,693d08aa1f1d4023652f6fe4,ਲੰਪੀ ਸਕਿਨ ਡਿਜੀਜ਼,"Lumpy skin disease:- LSD is a highly infectious viral disease affecting mainly cows and buffaloes. It is a rapidly emerging transboundary disease in India that is mainly transmitted through blood-sucking vectors such as fly, mosquito, tick and lice. It is characterized by the appearance of skin nodules typically all over the body. The morbidity rate is 2-45 % while the mortality rate can reach up to 10 %. Lumpy skin disease is not zoonotic and does not infect humans.
Transmission of lumpy skin disease:- Through contaminated feed/water, direct contact and Contact with saliva.
Clinical signs :- 
Ocular and nasal discharge (early signs), swelling of lymph nodes of shoulder & thigh, high fever (>105 F), weakness rapid decline in milk production, 10-50 mm diameter skin nodules, excessive salivation from the mouth and purulent discharge from the nose, ulcer formation in the center of the nodule and crust on the top, risk of abortion and infertility, swelling in legs and lameness and unilateral or bilateral corneal opacity.
Prevention and control :- 
Follow the vaccination schedule. 
Regular spraying of cows & buffaloes with insecticide solution.
Use of mosquito nets inside the animal shelter.
Avoid water logging in and around the animal shelter.
Burn neem leaves or keep camphor tablets to keep mosquitoes and flies away.
During outbreak, ban on sale/purchase and cattle fairs.
Disinfection of the farm (phenyl, 2-3% (means 2-3 g/liter of water) sodium hypochlorite)
Keep newly purchased animals separate from the herd in quarantine for 30 days.
Bury the dead animal in a pit 6 feet deep with lime/salt."
Insecticides for Paddy Crop,https://fertiliserindia.com/insecticide-for-paddy-crop/,694e4af9aca96f5efbe2fed1,694e2b44aca96f5efbe2fdba,What is Chlorpyriphos 20EC and how is it used as an insecticide in paddy cultivation?,"Chlorpyriphos 20% EC is an organophosphate insecticide widely used in paddy (rice) cultivation to control various pests. It contains 20% Chlorpyriphos in emulsifiable concentrate form. In paddy crops, it is effective against stem borers, leaf folders, gall midges, hispa and whorl maggots. The typical dosage is 500 ml per acre, mixed with 200-400 liters of water for foliar spray. It should be applied when pest infestation is noticed at the early stage. The insecticide works by inhibiting the nervous system of insects. Safety precautions include wearing protective equipment during application, maintaining a pre-harvest interval as per product label, and avoiding application during flowering stage or windy conditions. Always follow the manufacturer's instructions and local agricultural department guidelines for best results.
"
,https://workdrive.zoho.in/folder/zu51z048426b28a4e4de6a4311da92bf93942,695b51f128ae67127339db8b,695b446528ae67127339daa2,Rice variety used in zaid season ?,"The Zaid season, which falls between the Rabi and Kharif seasons (typically March to June), presents unique opportunities for rice cultivation in certain regions of Uttar Pradesh and other parts of India. Growing rice during this period requires careful variety selection to ensure success under the prevailing climatic conditions.
 
Regional Suitability:
For Uttar Pradesh, particularly in districts like Moradabad and surrounding areas, several rice varieties have been specifically developed and tested for Zaid season cultivation. These varieties are adapted to handle the increasing temperatures and water requirements of this period.
 
 Recommended Rice Varieties for Zaid Season:
 
 1. Narendra-118:This variety is well-suited for Zaid cultivation with good heat tolerance and moderate water requirements. It typically matures in 85-90 days and produces good yields under proper management.
 
 2. Narendra-97: Another excellent choice for Zaid season, this variety shows good adaptation to semi-irrigated conditions and has moderate resistance to common pests and diseases and takes 85-90 days to reach maturity.
 
 3. Saket-4: Known for its stability in varying conditions, Saket-4 performs well in the Zaid season with adequate irrigation facilities.
 
 4. Govind Pant Dhan-12: This variety has been specifically recommended for Zaid cultivation due to its heat tolerance and shorter duration (approximately 105-110 days).
 
 5. Sahbhagi: A drought-tolerant variety that can perform well even with limited water availability during the Zaid season.
 
 6. Barani Deep: Particularly suitable for areas with water constraints, this variety shows good performance under rainfed or limited irrigation conditions and takes 85-100 days to reach maturity.
 
 7. Shushk Samrat: As the name suggests (meaning 'Dry Emperor'), this variety is designed for water-scarce conditions and is an excellent choice for Zaid season cultivation, where irrigation may be challenging and is ready for harvesting in 105-110 DAS.

 Key Cultivation Parameters:
 
 Water Requirements: Zaid rice requires consistent irrigation, typically 4-6 inches of standing water during critical growth stages. Ensure adequate water supply throughout the growing period.
 
 Seed Rate: Use 12kg of certified seeds per Acre for transplanting or 16kg per Acre for direct seeding, depending on the variety and method chosen.
 
 Spacing: Maintain a spacing of 20 cm*15 cm for transplanted rice to ensure optimal plant density and better tillering.
 
 Duration: Most Zaid rice varieties mature in 90-110 days, allowing farmers to harvest before the monsoon season begins.
 
 Expected Yield: Under proper management, these varieties can produce 20 quintals per Acre, though yields may vary based on soil conditions, water availability, and management practices.
 
 Variety Traits: The recommended Zaid varieties generally possess heat tolerance, shorter duration, moderate water requirements, and good grain quality. They are bred to withstand the higher temperatures prevalent during this season.
 
 Disease and Pest Resistance: Most of these varieties show moderate resistance to common rice diseases like blast and bacterial leaf blight, as well as tolerance to major pests.
 
 Seed Source: Obtain certified seeds from authorized dealers, State Seed Corporations, or Krishi Vigyan Kendras (KVKs) to ensure genetic purity and better germination rates.
 
 For further guidance or clarification, farmers are advised to contact the nearest Krishi Vigyan Kendra (KVK) or local agricultural extension officer."
Rice Varieties,https://rice-garud.icar-web.com/varieties.php,695c989ab4938aec8001b4a5,695c88d8b4938aec8001b365,Information related to getting seeds of CSR 76 variety of Paddy,"CSR 76 is a high-yielding, semi-dwarf paddy variety developed by the Central Soil Salinity Research Institute (CSSRI), Karnal, specifically bred for salt-affected and waterlogged areas. This variety has gained popularity in Uttar Pradesh and other states due to its adaptability and performance under challenging soil conditions.
 
Regional Suitability: CSR 76 is particularly well-suited for the eastern and central regions of Uttar Pradesh, including Sant Ravidas Nagar (Bhadohi) district. It performs excellently in areas with mild to moderate soil salinity and can tolerate alkaline conditions better than many conventional varieties.
 
Season and Duration: This variety is primarily grown during the Kharif season (monsoon season). The crop duration is approximately 125 to 130 days from transplanting to maturity, making it a medium-duration variety suitable for timely harvesting before the onset of winter.
 
Variety Characteristics: CSR 76 produces bold grains with good milling quality and cooking characteristics. The plants exhibit strong stems with good tillering capacity, typically producing 8-12 productive tillers per plant. The variety shows moderate resistance to common pests and diseases including bacterial leaf blight and stem borer.
 
Seed Rate and Spacing: For transplanted paddy, use 20-25 kg of certified seeds per hectare (8 to 10 kg per acre) for nursery raising. For direct seeding, increase the seed rate to 40-50 kg per hectare (16 to 20 kg per acre). Maintain a spacing of 20 cm between rows and 15 cm between plants for optimal growth and yield.
 
Expected Yield: Under proper management with adequate irrigation and fertilization, CSR 76 can yield 40-45 quintals per hectare ((16 to 18 qui. per acre) in normal conditions.
 
Seed Sources: To obtain genuine certified seeds of CSR 76, farmers have several reliable options:
 
 1. Government Seed Stores: Contact the Block Seed Store in-charge at your block office (Deegh Block in your case). These stores maintain stocks of certified seeds of popular varieties.
 
 2. District Seed Officer: Visit the office of the District Agriculture Officer or District Seed Officer in Sant Ravidas Nagar district headquarters.
 
 3. Krishi Vigyan Kendra (KVK): The nearest KVK in your district can provide information about seed availability and may also stock certified seeds.
 
 4. State Seed Corporation: Uttar Pradesh State Seeds Corporation outlets and authorized dealers distribute certified seeds of CSR 76.
 
 5. Authorized Private Seed Dealers: Licensed private seed companies and their authorized dealers in local agricultural markets sell certified seeds with proper tags and certification.
 
 6. Online Purchase: Some government portals and authorized e-commerce platforms dealing in agricultural inputs also supply certified seeds with home delivery.
 
Seed Quality Verification: Always ensure that the seeds you purchase carry proper certification tags indicating the variety name, lot number, germination percentage (should be above 80%), and physical purity. Check for the blue or golden tag indicating certified or foundation seed quality.
 
Storage and Treatment: Store seeds in cool, dry conditions until sowing. Before sowing, treat seeds with biological fungicides like Trichoderma viride at 4 grams per kg of seed or Pseudomonas fluorescens at 10 grams per kg to protect against seed-borne diseases.
 
For further guidance or clarification, farmers are advised to contact the nearest Krishi Vigyan Kendra (KVK) or local agricultural extension officer."
,https://workdrive.zoho.in/folder/zu51z97a024a8e58c420d8c6043f21a1ccde5,696616f1774b35f1baeefda7,6965e8fd774b35f1baeefbdf,Does seed treatment in paddy cause delayed germination?,"Seed treatment in paddy (rice) is a crucial preventive measure against seed-borne diseases and early-stage pests, and when done correctly, it does not cause delayed germination. In fact, proper seed treatment often promotes healthier and more uniform germination by protecting seeds from pathogens and ensuring vigorous seedling establishment.
 
 Understanding Seed Treatment:
 Seed treatment involves coating seeds with fungicides, insecticides, or bio-agents before sowing. For paddy cultivation, this practice protects against diseases like bakanae (caused by Fusarium moniliforme), blast (Pyricularia oryzae), and brown spot (Bipolaris oryzae), as well as early-stage pests. The treatment creates a protective layer around the seed without affecting its physiological processes.
 
 Why Germination Delays Occur:
 If farmers experience delayed germination after seed treatment, it is typically not due to the treatment itself but rather due to:
 1. Excessive chemical concentration beyond recommended doses
 2. Poor quality or old seeds with low viability
 3. Improper storage of treated seeds (exposure to heat, moisture, or direct sunlight)
 4. Unfavorable environmental conditions (cold soil temperature, waterlogging, or poor soil aeration)
 5. Inadequate water management during germination phase
 6. Using expired or substandard treatment chemicals
 
 Proper Seed Treatment Protocol:
 For paddy in Uttar Pradesh regions like Jaunpur, follow these guidelines:
 1. Use recommended fungicides such as Carbendazim 50% WP at 2 grams per kilogram of seed or Thiram 75% WS at 2-3 grams per kilogram
 2. For bacterial diseases, use Streptocycline at 0.5 grams per kilogram of seed
 3. Biological alternatives include Trichoderma viride or Pseudomonas fluorescens at 10 grams per kilogram of seed
 4. Mix chemicals with water to make slurry, coat seeds uniformly, and dry in shade
 5. Sow treated seeds within 24-48 hours for best results
 6. Ensure seed viability is above 80% before treatment
 
 Control and Best Practices:
 To ensure optimal germination after seed treatment:
 - Always follow recommended doses strictly; excess chemicals can inhibit germination
 - Maintain proper soil moisture without waterlogging during germination
 - Ensure soil temperature is above 20¬∞C for paddy germination
 - Use certified, fresh seeds from reliable sources
 - Conduct germination tests before large-scale sowing
 - Store treated seeds in cool, dry places away from direct sunlight
 
 Protective Gear for Seed Treatment:
 When handling chemical seed treatments, farmers should wear:
 - Chemical-resistant gloves to protect hands
 - Face mask or respirator to avoid inhalation
 - Protective clothing with long sleeves and full pants
 - Eye protection (goggles) when mixing chemicals
 - Wash hands thoroughly after treatment and avoid eating or drinking during the process
 - Store chemicals away from children, animals, and food items
 
 Safety Guidelines:
 - Follow recommended chemical doses strictly; do not exceed concentrations
 - Mix chemicals in well-ventilated areas
 - Do not mix different chemicals unless specifically recommended
 - Dispose of empty chemical containers properly; do not reuse for food or water storage
 - Keep emergency contact numbers readily available
 - If skin contact or ingestion occurs, seek immediate medical attention
 
 If you would like more information or clarification, farmers are advised to contact the nearest Krishi Vigyan Kendra (KVK) or local agricultural extension officer."
POP Rapeseed and Mustard Punjab folder,https://workdrive.zoho.in/619q27faa4dfaf0af4a34b94a6ee7630e4f99/privatespace/sharedwithme/allusers/qq0vw6da65d8ac8cc475d976a4b6ee1a40144,693aa51589fe351d52c5f451,693a940e89fe351d52c5f3bc,Information regarding Sowing time of Gram crop,"For desi and Kabuli, the best sowing time is 10–25 October in rainfed fields and 25 October–10 November in irrigated fields. Early sowing faces heat and wilt problems, and late sowing gives weak plants and low yield."
POP Barley Madhya Pradesh folder,https://workdrive.zoho.in/619q27faa4dfaf0af4a34b94a6ee7630e4f99/privatespace/sharedwithme/allusers/jzztx8db599eddf074b0786415d9204e333fb?sfid=,693d3c5b1f1d4023652f722f,693c05391f1d4023652f6e33,How to control root aphids attack in Barley crop?,"Barley crop is affected by aphid which causes heavy loss to the crop as well as the grain quality in susceptible variety. Spraying with Imidacloprid @ 8g ai/acre or Clothianidin @ 6g ai/acre in 404.8
litres of water. In case of heavy incidence the second spray can be made at an interval of 15 days.
Moreover, aphid can also be controlled by spraying of Methyl demeton 25 EC or Dimethoate 30 EC at 404.8 ml/acre. Systemic granular insecticides, viz. Phorate 10% (means 10gm in1000ml water) or Disulfoton 5% (5gm in 500ml water) should be used in seed furrows @ 0.2 to 0.4 kg a.i./acre to control the pest."
,https://www.iffco.in/en/potassium-nitrate,6953b1c014a8273593a95fea,694f5af414a8273593a95035,What is the information regarding foliar spray of 13-00-45 fertilizer in Paddy cultivation in Punjab?,"NPK 13:00:45 is a water-soluble fertilizer and contains high levels of potassium and nitrogen along with an optimal amount of sodium, making it ideal for application through drip irrigation (fertigation) as well as foliar spraying. It dissolves easily in water and is best suited for use from post-flowering to the physiological maturity stage of the crop. Water-soluble fertilisers are formulated to enhance nutrient delivery through fertigation. This product is especially effective from the mid-growth stage until crop maturity and can be applied either through drip systems or as a foliar spray. For drip irrigation, apply 1.5 to 2.5 grams per litre of water, depending on crop requirements and soil conditions. For foliar application, mix 1.0 to 1.5 grams of water-soluble potassium nitrate (13:00:45) per litre of water and apply preferably 60–70 days after sowing. The fertiliser promotes fast root and seed development, improves plant strength and resistance, supports better germination, ensures uniform and timely crop maturity, and enhances tolerance to abiotic stresses such as drought and frost."
,https://www.icar.org.in/sites/default/files/2022-09/Rabi-Agro-Advisory-2021-22_0.pdf,6925977548ca39d6f7a9b05b,69258f4248ca39d6f7a9b034,Information regarding the total fertilizer application in Wheat crop,"The recommended fertilizer dose for wheat crops is based on soil type, but a general guideline for soils with medium fertility is a nitrogen, phosphorus, and potassium ratio of 60:30:30 kg per acre. You have to apply a total of approximately 130 kg of urea (in three splits), 188 kg of SSP, and 50 kg of MOP per acre. The application of nitrogen through urea should be split into three parts. 1:3 of the urea should be applied at the time of sowing along with the other fertilizers. The second 1:3 dose of urea should be applied 20 to 25 days after sowing, typically during the first irrigation. The final 1/3 dose of urea should be applied 40 to 45 days after sowing, during the second irrigation. This split application method is crucial for maximizing nutrient uptake, promoting healthy growth, and achieving optimal yield."
"Sowings and other practices across zones of India
Crop Season 2024-25 (IIWBR)",https://iiwbr.org.in/wp-content/uploads/2025/01/Advisory-to-wheat-farmers-January-1-15-2025.pdf,6925977548ca39d6f7a9b05b,69258f4248ca39d6f7a9b034,Information regarding the total fertilizer application in Wheat crop,"The recommended fertilizer dose for wheat crops is based on soil type, but a general guideline for soils with medium fertility is a nitrogen, phosphorus, and potassium ratio of 60:30:30 kg per acre. You have to apply a total of approximately 130 kg of urea (in three splits), 188 kg of SSP, and 50 kg of MOP per acre. The application of nitrogen through urea should be split into three parts. 1:3 of the urea should be applied at the time of sowing along with the other fertilizers. The second 1:3 dose of urea should be applied 20 to 25 days after sowing, typically during the first irrigation. The final 1/3 dose of urea should be applied 40 to 45 days after sowing, during the second irrigation. This split application method is crucial for maximizing nutrient uptake, promoting healthy growth, and achieving optimal yield."
DIRECTORATE OF PULSES DEVELOPMENT Report : 2019-20,https://dpd.gov.in/NLMT%20Report%20Rabi%20-2019-20.pdf,6925977548ca39d6f7a9b05b,69258f4248ca39d6f7a9b034,Information regarding the total fertilizer application in Wheat crop,"The recommended fertilizer dose for wheat crops is based on soil type, but a general guideline for soils with medium fertility is a nitrogen, phosphorus, and potassium ratio of 60:30:30 kg per acre. You have to apply a total of approximately 130 kg of urea (in three splits), 188 kg of SSP, and 50 kg of MOP per acre. The application of nitrogen through urea should be split into three parts. 1:3 of the urea should be applied at the time of sowing along with the other fertilizers. The second 1:3 dose of urea should be applied 20 to 25 days after sowing, typically during the first irrigation. The final 1/3 dose of urea should be applied 40 to 45 days after sowing, during the second irrigation. This split application method is crucial for maximizing nutrient uptake, promoting healthy growth, and achieving optimal yield."
Crop Protection - Termite (Wheat),https://termitexpert.in/page.php?pageid=93,6925989548ca39d6f7a9b061,69258f4248ca39d6f7a9b02d,Information regarding the control of Termite in standing crop,"Termites in standing wheat can be effectively managed by broadcasting Fipronil 0.3% GR @ 8 kg/acre, mixed with about 50 kg of sand or soil, and then giving a light irrigation to wash the insecticide into the root zone where termites are active—an approach strongly supported by PAU research. Alongside chemical control, cultural measures play a major preventive role: maintaining regular and timely irrigation reduces termite movement in dry soils, using only well-decomposed FYM helps avoid attracting termites, removing or properly decomposing crop residues prevents colony buildup, and deep ploughing after harvest exposes and destroys termite tunnels and nests, lowering infestation pressure for the next season."
,https://www.kvkmuktsar.com/,69259c7c48ca39d6f7a9b06f,69258f4248ca39d6f7a9b03e,Information regarding the contact no. of Muktsar KVK,"KVK Muktsar contact details (official): Name: Krishi Vigyan Kendra (KVK), Sri Muktsar Sahib (Goneana). Address: Village Goneana, Distt. Sri Muktsar Sahib (Muktsar) — PIN 152026, Punjab. Office landline: 01633-210046. Mobile / Programme Coordinator (PAU listing): +91-94630-22203. Mobile / Programme Coordinator (PAU listing): +91-94630-22203. Email: kvkmuktsar@pau.edu. Website: https://www.kvkmuktsar.com/. Quick tips when you call or visit: If you need technical advice (soil test, Mn sprays, weed/herbicide guidance, demonstrations), ask for the Programme Coordinator / Senior Scientist on duty. If you plan to visit, mention the village name Goneana and the PIN 152026 so local officials/directors can locate the KVK correctly. "
,https://www.kvkmuktsar.com/contact-us.html,69259c7c48ca39d6f7a9b06f,69258f4248ca39d6f7a9b03e,Information regarding the contact no. of Muktsar KVK,"KVK Muktsar contact details (official): Name: Krishi Vigyan Kendra (KVK), Sri Muktsar Sahib (Goneana). Address: Village Goneana, Distt. Sri Muktsar Sahib (Muktsar) — PIN 152026, Punjab. Office landline: 01633-210046. Mobile / Programme Coordinator (PAU listing): +91-94630-22203. Mobile / Programme Coordinator (PAU listing): +91-94630-22203. Email: kvkmuktsar@pau.edu. Website: https://www.kvkmuktsar.com/. Quick tips when you call or visit: If you need technical advice (soil test, Mn sprays, weed/herbicide guidance, demonstrations), ask for the Programme Coordinator / Senior Scientist on duty. If you plan to visit, mention the village name Goneana and the PIN 152026 so local officials/directors can locate the KVK correctly. "
Crop Protection TNAU - Chilli Thrips,https://agritech.tnau.ac.in/crop_protection/crop_prot_crop_insect-veg_chillies_pest&disease.html,69259f8d48ca39d6f7a9b07b,69258d6e69c176608bf91def,What should I do for leaf fold (leaf curling) problem in Chilli crop?,"Leaf curl in chilli is mainly caused by the Chilli Leaf Curl Virus, which spreads through whiteflies. The first symptoms appear as curling of young leaves, either upward or downward. Leaves become thick, wrinkled, and yellowish, and the plants turn stunted with very few branches. In severe cases, flower drop and poor fruit setting occur, and the entire plant remains weak. Once a plant gets infected, it cannot be cured, so the main focus is to stop the virus from spreading. Whiteflies are the main carriers, and thrips and yellow mites also cause similar leaf curling symptoms, so all these pests must be managed together for effective control.

Good cultural practices help prevent the problem early. Growing resistant varieties, keeping the field clean, avoiding excess nitrogen, and removing infected plants immediately are very important. Weeds inside and around the field must be removed because they host whiteflies and the virus. Crop rotation and maintaining distance from old infected chilli fields also reduce disease pressure. Intercropping chilli with agathi (Sesbania grandiflora) helps reduce thrips attack, and sprinkling water on seedlings during hot, dry weather keeps thrips population low.

Biological methods also help in reducing the pest load. Installing 4 -5 yellow sticky traps per acre at plant canopy height helps catch whiteflies and thrips. Beneficial insects like ladybird beetles, lacewings, and predatory mites should be protected, as they naturally reduce pest numbers.

At the early stage of the crop, neem-based sprays give good suppression of whiteflies, thrips, and mites. Spraying NSKE 5% or neem oil 10,000 ppm at 3–5 ml per litre of water helps control these sucking pests and slows virus spread.

Since the virus is spread by whiteflies, controlling whiteflies is the most important step. When their number crosses the economic threshold level of 8–10 adults on the top leaves, you should apply systemic insecticides. Spraying Imidacloprid 17.8 SL @ 40–60 ml per acre (PHI is 40 days),  can apply Fenpropathrin 30% EC @ 100–138 ml per acre in 300–405 litres of water (PHI 7 days), Pyriproxyfen 10% EC @ 202 ml per acre in 121 litres of water (PHI 7 days), Acephate 50% + Imidacloprid 1.8% SP @ 405 g per acre in 202 litres of water (PHI 3 days), and Carbofuran 3G @ 16.2 kg per acre as soil application, following proper safety and rotation guidelines. Every spray should be done with 150–200 litres of water per acre and proper coverage on the underside of leaves. You must rotate chemicals to avoid resistance and maintain pre-harvest intervals. 

Thrips also cause upward leaf curling, stunted growth, and poor flowering. Managing thrips includes seed treatment with  @ 12 g /kg of seed and soil application of carbofuran or phorate. For controlling thrips you may apply Carbofuran 3 G @ 13 kg per acre in soil, and if spraying is required, prepare 200 litres of spray solution using Acephate 95% SG @ about 320 g per acre (PHI 7 days); use Acetamiprid 20% SP @ about 20–40.5 g per acre in 200–240 litres water per acre (PHI 3 days); for broflanilide use 300 g/l SC at about 25–34 ml per acre in (PHI is 1 day) or Broflanilide 20% SC @ about 50.6 ml per acre in  (PHI 1 day); always rotate modes of action, wear protective gear, and follow label directions.

Yellow mites cause downward curling and crinkling of leaves and can severely stunt the plants. Protecting predatory mites helps naturally reduce the population. For chemical control, you may use spray Chlorfenapyr 10% SC @ 300–400 ml per acre (PHI 5 days), mix with 200 litres of water or Chlorfenapyr 240 g/L SC @ 125–170 ml per acre (PHI 7 days) mix with 200 litres of water, or Diafenthiuron 50% WP @ 240 g per acre with 200–300 litres of water per acre.

In summary, controlling leaf curl in chilli depends on early detection, removal of infected plants, strict field sanitation, yellow sticky traps, neem-based sprays, and timely chemical management of whiteflies, thrips, and mites. If these steps are followed correctly, you can successfully protect the chilli crop and maintain good flowering and fruiting."
Crop Protection TNAU - Tomato Whitefly,https://agritech.tnau.ac.in/crop_protection/tomato/tomato_4.html,69259f8d48ca39d6f7a9b07b,69258d6e69c176608bf91def,What should I do for leaf fold (leaf curling) problem in Chilli crop?,"Leaf curl in chilli is mainly caused by the Chilli Leaf Curl Virus, which spreads through whiteflies. The first symptoms appear as curling of young leaves, either upward or downward. Leaves become thick, wrinkled, and yellowish, and the plants turn stunted with very few branches. In severe cases, flower drop and poor fruit setting occur, and the entire plant remains weak. Once a plant gets infected, it cannot be cured, so the main focus is to stop the virus from spreading. Whiteflies are the main carriers, and thrips and yellow mites also cause similar leaf curling symptoms, so all these pests must be managed together for effective control.

Good cultural practices help prevent the problem early. Growing resistant varieties, keeping the field clean, avoiding excess nitrogen, and removing infected plants immediately are very important. Weeds inside and around the field must be removed because they host whiteflies and the virus. Crop rotation and maintaining distance from old infected chilli fields also reduce disease pressure. Intercropping chilli with agathi (Sesbania grandiflora) helps reduce thrips attack, and sprinkling water on seedlings during hot, dry weather keeps thrips population low.

Biological methods also help in reducing the pest load. Installing 4 -5 yellow sticky traps per acre at plant canopy height helps catch whiteflies and thrips. Beneficial insects like ladybird beetles, lacewings, and predatory mites should be protected, as they naturally reduce pest numbers.

At the early stage of the crop, neem-based sprays give good suppression of whiteflies, thrips, and mites. Spraying NSKE 5% or neem oil 10,000 ppm at 3–5 ml per litre of water helps control these sucking pests and slows virus spread.

Since the virus is spread by whiteflies, controlling whiteflies is the most important step. When their number crosses the economic threshold level of 8–10 adults on the top leaves, you should apply systemic insecticides. Spraying Imidacloprid 17.8 SL @ 40–60 ml per acre (PHI is 40 days),  can apply Fenpropathrin 30% EC @ 100–138 ml per acre in 300–405 litres of water (PHI 7 days), Pyriproxyfen 10% EC @ 202 ml per acre in 121 litres of water (PHI 7 days), Acephate 50% + Imidacloprid 1.8% SP @ 405 g per acre in 202 litres of water (PHI 3 days), and Carbofuran 3G @ 16.2 kg per acre as soil application, following proper safety and rotation guidelines. Every spray should be done with 150–200 litres of water per acre and proper coverage on the underside of leaves. You must rotate chemicals to avoid resistance and maintain pre-harvest intervals. 

Thrips also cause upward leaf curling, stunted growth, and poor flowering. Managing thrips includes seed treatment with  @ 12 g /kg of seed and soil application of carbofuran or phorate. For controlling thrips you may apply Carbofuran 3 G @ 13 kg per acre in soil, and if spraying is required, prepare 200 litres of spray solution using Acephate 95% SG @ about 320 g per acre (PHI 7 days); use Acetamiprid 20% SP @ about 20–40.5 g per acre in 200–240 litres water per acre (PHI 3 days); for broflanilide use 300 g/l SC at about 25–34 ml per acre in (PHI is 1 day) or Broflanilide 20% SC @ about 50.6 ml per acre in  (PHI 1 day); always rotate modes of action, wear protective gear, and follow label directions.

Yellow mites cause downward curling and crinkling of leaves and can severely stunt the plants. Protecting predatory mites helps naturally reduce the population. For chemical control, you may use spray Chlorfenapyr 10% SC @ 300–400 ml per acre (PHI 5 days), mix with 200 litres of water or Chlorfenapyr 240 g/L SC @ 125–170 ml per acre (PHI 7 days) mix with 200 litres of water, or Diafenthiuron 50% WP @ 240 g per acre with 200–300 litres of water per acre.

In summary, controlling leaf curl in chilli depends on early detection, removal of infected plants, strict field sanitation, yellow sticky traps, neem-based sprays, and timely chemical management of whiteflies, thrips, and mites. If these steps are followed correctly, you can successfully protect the chilli crop and maintain good flowering and fruiting."
Insecticide list 2025 - PPQS,https://ppqs.gov.in/sites/default/files/1._mup_insecticide_03.04.2025.pdf,69259f8d48ca39d6f7a9b07b,69258d6e69c176608bf91def,What should I do for leaf fold (leaf curling) problem in Chilli crop?,"Leaf curl in chilli is mainly caused by the Chilli Leaf Curl Virus, which spreads through whiteflies. The first symptoms appear as curling of young leaves, either upward or downward. Leaves become thick, wrinkled, and yellowish, and the plants turn stunted with very few branches. In severe cases, flower drop and poor fruit setting occur, and the entire plant remains weak. Once a plant gets infected, it cannot be cured, so the main focus is to stop the virus from spreading. Whiteflies are the main carriers, and thrips and yellow mites also cause similar leaf curling symptoms, so all these pests must be managed together for effective control.

Good cultural practices help prevent the problem early. Growing resistant varieties, keeping the field clean, avoiding excess nitrogen, and removing infected plants immediately are very important. Weeds inside and around the field must be removed because they host whiteflies and the virus. Crop rotation and maintaining distance from old infected chilli fields also reduce disease pressure. Intercropping chilli with agathi (Sesbania grandiflora) helps reduce thrips attack, and sprinkling water on seedlings during hot, dry weather keeps thrips population low.

Biological methods also help in reducing the pest load. Installing 4 -5 yellow sticky traps per acre at plant canopy height helps catch whiteflies and thrips. Beneficial insects like ladybird beetles, lacewings, and predatory mites should be protected, as they naturally reduce pest numbers.

At the early stage of the crop, neem-based sprays give good suppression of whiteflies, thrips, and mites. Spraying NSKE 5% or neem oil 10,000 ppm at 3–5 ml per litre of water helps control these sucking pests and slows virus spread.

Since the virus is spread by whiteflies, controlling whiteflies is the most important step. When their number crosses the economic threshold level of 8–10 adults on the top leaves, you should apply systemic insecticides. Spraying Imidacloprid 17.8 SL @ 40–60 ml per acre (PHI is 40 days),  can apply Fenpropathrin 30% EC @ 100–138 ml per acre in 300–405 litres of water (PHI 7 days), Pyriproxyfen 10% EC @ 202 ml per acre in 121 litres of water (PHI 7 days), Acephate 50% + Imidacloprid 1.8% SP @ 405 g per acre in 202 litres of water (PHI 3 days), and Carbofuran 3G @ 16.2 kg per acre as soil application, following proper safety and rotation guidelines. Every spray should be done with 150–200 litres of water per acre and proper coverage on the underside of leaves. You must rotate chemicals to avoid resistance and maintain pre-harvest intervals. 

Thrips also cause upward leaf curling, stunted growth, and poor flowering. Managing thrips includes seed treatment with  @ 12 g /kg of seed and soil application of carbofuran or phorate. For controlling thrips you may apply Carbofuran 3 G @ 13 kg per acre in soil, and if spraying is required, prepare 200 litres of spray solution using Acephate 95% SG @ about 320 g per acre (PHI 7 days); use Acetamiprid 20% SP @ about 20–40.5 g per acre in 200–240 litres water per acre (PHI 3 days); for broflanilide use 300 g/l SC at about 25–34 ml per acre in (PHI is 1 day) or Broflanilide 20% SC @ about 50.6 ml per acre in  (PHI 1 day); always rotate modes of action, wear protective gear, and follow label directions.

Yellow mites cause downward curling and crinkling of leaves and can severely stunt the plants. Protecting predatory mites helps naturally reduce the population. For chemical control, you may use spray Chlorfenapyr 10% SC @ 300–400 ml per acre (PHI 5 days), mix with 200 litres of water or Chlorfenapyr 240 g/L SC @ 125–170 ml per acre (PHI 7 days) mix with 200 litres of water, or Diafenthiuron 50% WP @ 240 g per acre with 200–300 litres of water per acre.

In summary, controlling leaf curl in chilli depends on early detection, removal of infected plants, strict field sanitation, yellow sticky traps, neem-based sprays, and timely chemical management of whiteflies, thrips, and mites. If these steps are followed correctly, you can successfully protect the chilli crop and maintain good flowering and fruiting."
POP PAU Rabi crops 2025-26,https://drive.google.com/file/d/1zcJ_9vNIa4fcJ476bUq-qkoL0agk0TJi/view?usp=sharing,6925afe548ca39d6f7a9b09f,69258f4248ca39d6f7a9b019,Information regarding control of grass and broadleaf weeds in wheat crop? (30-35DAS),"At 30–35 days after sowing, you should focus on post-emergence weed control to manage both grass and broadleaf weeds effectively. At this stage, weeds like Phalaris minor (gulli danda), wild oats, bathua, billi booti, and other broadleaf weeds compete strongly with wheat for nutrients, water, and sunlight. Weeds in wheat can be managed well by doing two hand hoeings—first before the first irrigation and the second after the first irrigation—using tools like wheel hoe, kasola, or khurpa. To control Phalaris minor (gulli danda), you should choose fast-growing wheat varieties and sow them between the last week of October and the first week of November in a narrow 15 cm row spacing. In fields where gulli danda is a serious problem, it is better to grow other crops like berseem, potato, raya, or gobhi sarson for 2–3 years instead of wheat, as this helps break the weed cycle. Preparing a good soil mulch at the time of sowing also helps destroy the first flush of gulli danda and reduces weed pressure in the field. A post-emergence spray after the first irrigation gives the best control. You may apply Isoproturon 75%WP at 500 g/acre (PHI is 60 days) for all types of soil, clodinafop- propargyl 15 % WP at 160 g/acre (PHI is 110 days), pinoxaden 5 % EC at 400 ml/acre (according to PAU) or (PHI is 90  days), sulfosulfuron 75 % WG at 13 g/acre, 30-35 days of sowing, using 150 - 200 litres of water (PHI is 110 days). For controlling board leaf weeds, you may apply Metsulfuron 20 % WP 8-10 g/acre ( PHI is 80 days), at 30-35 days of sowing, using 150-200 litres of water. For controlling both grasses and broad leaf weeds, you may apply sulfosulfuron + metsulfuron 75%WP 16 g/acre ( do not use where sorghum/maize to be sown after wheat, according to PAU), mesosulfuron + iodosulfuron  3.6 WDG at 160-200 g/acre (PHI is 96 days), Metribuzin+Clodinafop (Clodinafop propargyl 9%+ 20% WP (w/w) 200- 243 g/acre (PHI is 120 days) mixed with 150 - 200 litres of water at 30-35 DAS. 

Integrated weed management in wheat becomes more effective when the crop is sown with a happy seeder in standing rice stubbles, as this reduces the growth of weeds, especially gulli danda. When the happy seeder method is combined with proper herbicide use and timely hand pulling of leftover weeds, overall weed control improves, and the soil weed seed bank gradually decreases."
,https://www.pau.edu/content/ccil/pf/pp_rabi.pdf,6925afe548ca39d6f7a9b09f,69258f4248ca39d6f7a9b019,Information regarding control of grass and broadleaf weeds in wheat crop? (30-35DAS),"At 30–35 days after sowing, you should focus on post-emergence weed control to manage both grass and broadleaf weeds effectively. At this stage, weeds like Phalaris minor (gulli danda), wild oats, bathua, billi booti, and other broadleaf weeds compete strongly with wheat for nutrients, water, and sunlight. Weeds in wheat can be managed well by doing two hand hoeings—first before the first irrigation and the second after the first irrigation—using tools like wheel hoe, kasola, or khurpa. To control Phalaris minor (gulli danda), you should choose fast-growing wheat varieties and sow them between the last week of October and the first week of November in a narrow 15 cm row spacing. In fields where gulli danda is a serious problem, it is better to grow other crops like berseem, potato, raya, or gobhi sarson for 2–3 years instead of wheat, as this helps break the weed cycle. Preparing a good soil mulch at the time of sowing also helps destroy the first flush of gulli danda and reduces weed pressure in the field. A post-emergence spray after the first irrigation gives the best control. You may apply Isoproturon 75%WP at 500 g/acre (PHI is 60 days) for all types of soil, clodinafop- propargyl 15 % WP at 160 g/acre (PHI is 110 days), pinoxaden 5 % EC at 400 ml/acre (according to PAU) or (PHI is 90  days), sulfosulfuron 75 % WG at 13 g/acre, 30-35 days of sowing, using 150 - 200 litres of water (PHI is 110 days). For controlling board leaf weeds, you may apply Metsulfuron 20 % WP 8-10 g/acre ( PHI is 80 days), at 30-35 days of sowing, using 150-200 litres of water. For controlling both grasses and broad leaf weeds, you may apply sulfosulfuron + metsulfuron 75%WP 16 g/acre ( do not use where sorghum/maize to be sown after wheat, according to PAU), mesosulfuron + iodosulfuron  3.6 WDG at 160-200 g/acre (PHI is 96 days), Metribuzin+Clodinafop (Clodinafop propargyl 9%+ 20% WP (w/w) 200- 243 g/acre (PHI is 120 days) mixed with 150 - 200 litres of water at 30-35 DAS. 

Integrated weed management in wheat becomes more effective when the crop is sown with a happy seeder in standing rice stubbles, as this reduces the growth of weeds, especially gulli danda. When the happy seeder method is combined with proper herbicide use and timely hand pulling of leftover weeds, overall weed control improves, and the soil weed seed bank gradually decreases."
Herbicide list 2025 - PPQS,https://ppqs.gov.in/sites/default/files/4._herbicides_mup_as_on_31.03.2025.pdf,6925afe548ca39d6f7a9b09f,69258f4248ca39d6f7a9b019,Information regarding control of grass and broadleaf weeds in wheat crop? (30-35DAS),"At 30–35 days after sowing, you should focus on post-emergence weed control to manage both grass and broadleaf weeds effectively. At this stage, weeds like Phalaris minor (gulli danda), wild oats, bathua, billi booti, and other broadleaf weeds compete strongly with wheat for nutrients, water, and sunlight. Weeds in wheat can be managed well by doing two hand hoeings—first before the first irrigation and the second after the first irrigation—using tools like wheel hoe, kasola, or khurpa. To control Phalaris minor (gulli danda), you should choose fast-growing wheat varieties and sow them between the last week of October and the first week of November in a narrow 15 cm row spacing. In fields where gulli danda is a serious problem, it is better to grow other crops like berseem, potato, raya, or gobhi sarson for 2–3 years instead of wheat, as this helps break the weed cycle. Preparing a good soil mulch at the time of sowing also helps destroy the first flush of gulli danda and reduces weed pressure in the field. A post-emergence spray after the first irrigation gives the best control. You may apply Isoproturon 75%WP at 500 g/acre (PHI is 60 days) for all types of soil, clodinafop- propargyl 15 % WP at 160 g/acre (PHI is 110 days), pinoxaden 5 % EC at 400 ml/acre (according to PAU) or (PHI is 90  days), sulfosulfuron 75 % WG at 13 g/acre, 30-35 days of sowing, using 150 - 200 litres of water (PHI is 110 days). For controlling board leaf weeds, you may apply Metsulfuron 20 % WP 8-10 g/acre ( PHI is 80 days), at 30-35 days of sowing, using 150-200 litres of water. For controlling both grasses and broad leaf weeds, you may apply sulfosulfuron + metsulfuron 75%WP 16 g/acre ( do not use where sorghum/maize to be sown after wheat, according to PAU), mesosulfuron + iodosulfuron  3.6 WDG at 160-200 g/acre (PHI is 96 days), Metribuzin+Clodinafop (Clodinafop propargyl 9%+ 20% WP (w/w) 200- 243 g/acre (PHI is 120 days) mixed with 150 - 200 litres of water at 30-35 DAS. 

Integrated weed management in wheat becomes more effective when the crop is sown with a happy seeder in standing rice stubbles, as this reduces the growth of weeds, especially gulli danda. When the happy seeder method is combined with proper herbicide use and timely hand pulling of leftover weeds, overall weed control improves, and the soil weed seed bank gradually decreases."
,https://www.ppqs.gov.in/sites/default/files/1._mup_insecticide_03.04.2025.pdf,6926810848ca39d6f7a9b0bc,69258f4248ca39d6f7a9b02d,Information regarding the control of Termite in standing crop,"Termites in standing wheat can be effectively managed by broadcasting Fipronil 0.3% GR @ 10 kg/acre(PHI:91 Days), mixed with about 50 kg of sand or soil, and then giving a light irrigation to wash the insecticide into the root zone where termites are active—an approach strongly supported by PAU research. Alongside chemical control, cultural measures play a major preventive role: maintaining regular and timely irrigation reduces termite movement in dry soils, using only well-decomposed FYM helps avoid attracting termites, removing or properly decomposing crop residues prevents colony buildup, and deep ploughing after harvest exposes and destroys termite tunnels and nests, lowering infestation pressure for the next season.

"
,https://www.iffco.in/en/nano-dap-liquid?,6926915248ca39d6f7a9b13c,692688cd48ca39d6f7a9b120,information regarding uses of Nano DAP,"Nano DAP is an efficient source of readily available nitrogen (N) and phosphorus (P₂O₅) for all crops and helps correct nitrogen and phosphorus deficiencies in standing crops. The Nano DAP formulation contains 8% nitrogen (N w/v) and 16% phosphorus (P₂O₅ w/v). Because the nanoparticles are extremely small, the plant absorbs phosphorus and nitrogen more quickly through both leaves and roots, giving faster correction of P deficiency, promoting strong root growth, better tillering, improved flowering, and higher grain formation. Spray Nano DAP (liquid) at 250–500 mL per acre per spray. The amount of water needed will depend on the type of sprayer being used. For a knapsack sprayer, mix 2–3 lids of Nano DAP (50–75 mL) in a 15–16 litres tank, and about 8–10 tanks are needed to cover one acre. If you use a power sprayer, then mix 3–4 lids of Nano DAP (75–100 mL) in a 20–25 litres tank, and about 4–6 tanks are required to cover one acre. Overall, Nano DAP supports better vegetative growth, enhances nutrient efficiency, and helps maintain yields with lower fertilizer consumption."
Fungicide list 2025 - PPQS,https://ppqs.gov.in/sites/default/files/2._chemical_mup_as_on_31.03.2025.pdf,6926c04b48ca39d6f7a9b1b7,692688cd48ca39d6f7a9b11a,Information regarding the spray of any fungicide at the Boot stage or Ear heading stage of crop,"During the boot to ear-emergence stage of wheat, only two major diseases in the PAU package require fungicide spray—Karnal bunt and Powdery mildew. Karnal bunt appears at the ear stage, where only a few grains in the ear are infected, and when pressed, they release black, foul-smelling spore powder; for seed-production fields, PAU recommends a single spray of 200 ml propiconazole 25 EC in 200 L(PHI:30 days) or Thiram75%WS @ 10-12g/acre(PHI:7-10 days) water per acre at ear-emergence (booting to heading stage).
The second disease, powdery mildew, produces superficial white floury patches on leaves and stems, later turning grey or reddish-brown, and infected plants become stunted; PAU recommends spraying 300 g  75 WP captan + hexaconazole @75 WP  or trifloxystrobin + tebuconazole 75 WG 120 g(PHI:40 days) per acre in 200 L water when symptoms first appear 
"
,https://www.pau.edu/index.php?_act=manageContactUs&DO=contactUs,6927eb1d48ca39d6f7a9b312,69258f4248ca39d6f7a9b040,Information regarding Contact number of Punjab Agricultural university ?,"The contact information for Punjab Agricultural University (PAU), Ludhiana is as follows: The address is Punjab Agricultural University, Ludhiana 141004, Punjab, India. The telephone number is +91 161 2401960-79, Ext. 213, the fax number is +91 161 2400945, and the email address is registrar@pau.edu.
"
,https://workdrive.zoho.in/folder/p39vw7b4d3d2bf0a14e8daeed1ed1383aaa53,69292b53b2025400915287a7,69290086b202540091528756,Information regarding the application method of Nano Urea,"In wheat, Nano Urea is applied as a foliar spray during active growth stages by mixing 2–4 ml of Nano Urea (4% N) in one litre of water and applying it uniformly on the leaves, with 500 ml being sufficient for one acre through a knapsack sprayer, boom sprayer, power sprayer, or drone. For best results, wheat should receive the first spray at 30–35 DAS (tillering stage) and the second spray at 50–55 DAS (before the first node stage), preferably during morning or evening hours to ensure efficient absorption. Nano Urea replaces only the top-dressing dose of granular urea and helps improve nitrogen use efficiency, reduce chemical fertilizer consumption, and support better crop growth and yield."
PMFBY,https://pmfby.gov.in/,69295d9cb20254009152880e,6926cfa148ca39d6f7a9b220,Information regarding farmer registration,"Farmers in Uttar Pradesh region need to register for Pradhan Mantri Fasal Bima Yojana (PMFBY) for wheat crop to avail crop insurance coverage against losses due to natural calamities, pests, or diseases. The primary portal for farmer registration in UP is upfr.agristack.gov.in, where farmers get a unique Farmer ID linked to schemes like PMFBY, PM-KISAN, and KCC loans. To start registration, visit upfr.agristack.gov.in, click on new farmer registration, enter mobile number for OTP verification, and fill personal details like name, date of birth, address, and farming information. Required documents include Aadhaar card for identity, land records such as Khasra-Khatauni or 7/12 extract to prove land ownership or tenancy, bank passbook copy for DBT, passport-size photo, and mobile number. After filling the form, upload the documents, complete e-sign authentication using Aadhaar OTP, and submit to generate the digital Farmer ID, which typically takes 7-15 days for verification and approval.
For PMFBY specifically, loanee farmers get automatic enrollment via banks or financial institutions through NCIP portal if they have KCC loans for wheat, while non-loanee farmers must approach nearest bank branch, PACS, or CSC with proposal form, premium payment, and proof of cultivation like land records before the cut-off date notified for wheat season.
The official PMFBY portal pmfby.gov.in provides state-wise notifications, premium details, and crop lists including wheat for UP; check it for wheat-specific enrollment periods usually starting before sowing.
Registration is free online, but nominal fees may apply at CSC centers for assistance, and the process links farmers to subsidies and insurance benefits for wheat crop protection. Farmers can also register offline at Common Service Centers (CSC) by providing the same documents and getting help to complete the online form on-site."
,https://www.cropscience.bayer.in/en/improve-yield/seed-growth-en/gaucho,692d5f46b202540091528e76,69258f4248ca39d6f7a9b01e,Information regarding Termite control in a free field,"To control termite (Microtermes obesi and Odontotermes obesus) infestations in a standing wheat crop, particularly in sandy soils where damage manifests as patchy drying and yellowing of plants , apply curative soil treatments immediately upon noticing symptoms. The official PAU recommendation is to broadcast Fipronil 0.3% Granules (GR) @ 7 kg per acre or mix Chlorpyriphos 20 EC @ 1.2 litres per acre with 20 kg of moist sand or soil, spreading it uniformly across the affected field. This application must be followed immediately by a light irrigation to transport the insecticide down to the root zone where termites are active. For future prevention, ensure seed treatment with Chlorpyriphos 20 EC @ 4 ml per kg seed or Imidacloprid 600 FS @ 3.5 ml per kg seed, and strictly avoid using undecomposed Farm Yard Manure (FYM), which serves as a breeding ground for colonies.

"
,https://www.indiacustomercare.com/madhya-pradesh-state-seed-certification-agency-contact-no?,693126273fc0a75a60d7933e,693112f73fc0a75a60d792ec,The farmer wants to know information about Wheat seed purchase complaint,"A farmer in Madhya Pradesh who faces issues with wheat seed purchase—including non-germination, fake seeds, or poor-quality seed—can file a complaint through the Agriculture Department helpline (1800-180-1551) or directly with the MP State Seed Certification Agency (MPSSCA) at 0755-2441348 or via seedhelpdesk@gmail.com, which handles seed-quality grievances. Complaints can also be submitted through the MP CM Helpline 181. It is important for the farmer to retain the seed packet, batch number, purchase bill, and photos of the field as evidence. Once a complaint is registered, the department may inspect the field or collect seed samples for testing, and in previous cases, authorities have taken action such as sealing shops or penalizing dealers to prevent further distribution of substandard seeds."
,https://workdrive.zoho.in/folder/kqvfr4920cba0cbda4118ba30ce27227d8fdf,69315d2f3fc0a75a60d79479,69314d423fc0a75a60d793fe,The farmer wants to know information about the problem of Shriram 111 variety of Wheat crop,"Shriram 111 wheat, known for its hard and lustrous bold grains and tolerance to brown rust, still faces a few common field problems. Farmers often report moderate susceptibility to yellow (stripe) rust, especially in cool and humid conditions. Due to its 100 cm plant height, the crop is prone to lodging when excess nitrogen or heavy irrigation is applied. It is suitable for both early and late sowing. The variety can show terminal heat stress in late Rabi, leading to shrivelled grains, and may also experience shattering if harvesting is delayed. Early-season attacks of aphids and armyworms are sometimes observed, and the crop is sensitive to zinc and sulfur deficiencies, particularly in light soils. For one acre, a 40 kg seed rate is required. "
mKisan - Farmer Registration,https://mkisan.gov.in/Home/FarmerRegistration,6936cdad36c38b7c36d5f28c,6936bd6a36c38b7c36d5f226,Information regarding the Farmer Unique ID,"The Government of India is creating an Aadhaar-linked Farmer ID (Kisan Pehchaan Patra) for each farmer, as part of the national Farmer Registry under AgriStack. It is exclusive to farmers and is linked to their Aadhaar, and is used as a single identity for agriculture-related schemes and records. Once a farmer receives the Unique ID, all of his agricultural-related data and benefits will be linked under one system. According to the Ministry of Agriculture and Farmers’ Welfare, the government plans to generate a unique digital Farmer ID for each farmer so that their profile can be linked together. so that their profile (land records, schemes, benefits) can be linked together, enabling easier access to subsidies, crop insurance, credit, etc. The ID, often called Kisan Pehchaan Patra (Farmer ID / Farmer Identity), is described as ‘Aadhaar-linked Unique Digital Identity of the farmers’, which links land records, demographic details, crop and benefit history, etc. Farmer Unique ID is very important because it helps in the Government schemes faster. Direct Benefit Transfer (DBT) without delay. Subsidies for seeds, fertilisers, and machinery. PM-KISAN benefits without verification problems. Crop insurance benefits easily. Kisan Credit Card (KCC) approval is faster. No need to submit documents again and again. For Farmer Registration for DBT (Odisha Agriculture Dept leaflet): Application forms are available at the nearest PACS / LAMPS and at the offices of agriculture field staff like VAW / AO / AAO. Krushak Odisha portal is the unified farmer database for Odisha schemes; farmers log in using Aadhaar or other IDs. Visit your nearest BAO (Block Agriculture Officer) office or contact the AAO / VAW in your area. OR Visit the Krishi Sampark Kendra in your block. OR Contact your VAW (Village Agriculture Worker) / VAA (Village Agriculture Assistant). Carry your Aadhaar, land record / RoR or land passbook, bank passbook, a passport-size photo, and your mobile number. The agriculture staff (VAW / AAO / BAO or PACS/LAMPS operator) will verify your details and complete your Farmer Registration / Farmer ID in the system. "
Contact nos. PAU,https://farmerportal.pau.edu/contact.php,693aadaf89fe351d52c5f49f,693a940e89fe351d52c5f3c3,Information regarding the contact number of Punjab Agricultural University,"Punjab Agricultural University is a public agricultural university located in Ludhiana district of Punjab. As far as contact number of Punjab Agricultural University is concerned, you can contact on the exchange numbers starting from 0161-2401960 to 0161-2401979. You can contact any of the 20 exchange numbers.
You can also contact Agricultural Advisory Service, however contact number of Agricultural Advisory Service for Muktsar district is not availbale you can contact the nearest Agricultural Advisory Service in Bathinda by calling Dr Amarjeet Singh Sandhu on telephone- 0164-2212684 or Mobile- 94633-71120 you can call any of the following numbers-

There are also various dedicated Kisan Helpline numbers where you can contact them. To know about Varieties of crops, contact Dr. BS Gill- 98721-63567.
To know about crop diseases and their management, contact Dr Amarjeet Singh- 94637-47280.
For Horticultural farming contact Dr Jaswinder Singh Barar- 99882-33793.
For crop science department contact Dr Amit Kol- 98155-47607.
You can also reach out to the Registrar of the University via email- registrar@pau.edu for any administrative purpose.
Similary there are various contact numbers available on the Farmers' portal of PAU where you can call based on your purpose. You can visit farmers' portal by clicking on https://farmerportal.pau.edu/contact.php for other contact numbers. "
PAU - Home page,https://pauwp.pau.edu/,693aadaf89fe351d52c5f49f,693a940e89fe351d52c5f3c3,Information regarding the contact number of Punjab Agricultural University,"Punjab Agricultural University is a public agricultural university located in Ludhiana district of Punjab. As far as contact number of Punjab Agricultural University is concerned, you can contact on the exchange numbers starting from 0161-2401960 to 0161-2401979. You can contact any of the 20 exchange numbers.
You can also contact Agricultural Advisory Service, however contact number of Agricultural Advisory Service for Muktsar district is not availbale you can contact the nearest Agricultural Advisory Service in Bathinda by calling Dr Amarjeet Singh Sandhu on telephone- 0164-2212684 or Mobile- 94633-71120 you can call any of the following numbers-

There are also various dedicated Kisan Helpline numbers where you can contact them. To know about Varieties of crops, contact Dr. BS Gill- 98721-63567.
To know about crop diseases and their management, contact Dr Amarjeet Singh- 94637-47280.
For Horticultural farming contact Dr Jaswinder Singh Barar- 99882-33793.
For crop science department contact Dr Amit Kol- 98155-47607.
You can also reach out to the Registrar of the University via email- registrar@pau.edu for any administrative purpose.
Similary there are various contact numbers available on the Farmers' portal of PAU where you can call based on your purpose. You can visit farmers' portal by clicking on https://farmerportal.pau.edu/contact.php for other contact numbers. "
POP Wheat Madhya Pradesh folder,https://workdrive.zoho.in/619q27faa4dfaf0af4a34b94a6ee7630e4f99/privatespace/sharedwithme/allusers/zotk8f26a4449f10342459f4ffa8eb0166ab4,693bde831f1d4023652f6cc5,693aadb989fe351d52c5f4c9,Farmers want information on increasing the size of wheat ears?,"To increase wheat ear size and yield in Madhya Pradesh, the ICAR and its associated KVKs recommend a combination of using high-yielding varieties, integrated nutrient management and proper cultural practices including timely irrigation and sowing. Here are some high yielding varieties for Madhya Pradesh under ICAR-IARI mentioned below:-
a) Durum wheat :- 1) HI 8737, 2) HI 8713, 3) HD 8663, 4) HD 2932
b) Bread wheat :- 1) HI 1544, 2) HI 1531, 3) J W 1215
other cultural practices for increasing wheat ear size are :-
Seed treatment :- Treatment with Tebuconazole 1 gram/kg seed prevents smut disease.
Phosphorus availability increases when treated with PSB culture @ 5g/kg seed.
Use of nutrients:- Use of zinc sulphate at the rate of 25 kg/ha .Use of zinc sulphate after 3 crops (not every year).
Irrigation management :- Use sprinklers whenever possible. The new varieties developed by the university do not require 5-6 irrigations.3-4 irrigations are sufficient (55-60 quintals yield)One irrigation: after 40-45 days. Two irrigations: crown stage, after flowering. Three irrigations: crown stage, at full tillering stage, and at grain formation stage. Four irrigations: crown stage, complete tillering, flowering stage, milky stage.
                            "
POP Barley Madhya Pradesh folder,https://workdrive.zoho.in/619q27faa4dfaf0af4a34b94a6ee7630e4f99/privatespace/sharedwithme/allusers/qq0vw67aef6dcb9b74d1299736b8d30452747?sfid=,693f8ddb1f1d4023652f73d8,693d50e91f1d4023652f72de,What is the sowing time for Bengal Gram?,"The sowing time of Bengal gram depends on climate and moisture availability, but it is mainly grown as a Rabi crop. sowing time: Mid-October to Mid-November it provides: Optimal temperature for germination, Good vegetative growth, Favorable conditions during flowering and pod formation. Late sowing: After mid-November is not recommended it leads to Terminal heat stress, Poor pod filling, Reduced yield and seed quality."
POP Paddy - TNAU,https://agritech.tnau.ac.in/govt_schemes_services/aas/paddy.html,695271c414a8273593a95b51,694f5af414a8273593a95017,What causes lodging in paddy crop and how can it be prevented?,"Lodging in paddy crop refers to the bending or falling over of rice plants before harvest. Main causes include excessive nitrogen application, high plant density, heavy rainfall with strong winds, weak stems and pest/disease infestation. Prevention measures include using recommended nitrogen doses, maintaining proper plant spacing, growing lodging-resistant varieties, applying potash and silica fertilizers to strengthen stems, ensuring proper water management, avoiding late nitrogen application. In Punjab, farmers should follow recommended fertilizer doses and select varieties suited to the region's conditions. To overcome excess nitrogen, stop further nitrogen application, maintain optimum water level (do not flood excessively). Use Zinc sulphate (only for Zn deficiency, not lodging): 25 kg ZnSO₄ heptahydrate (21%) / acre OR 16 kg ZnSO₄ monohydrate (33%) / acre. It also caused by Stem borer pest. To control stem borer follow clipping the tips of seedlings before transplanting, this greatly reduces the carryover of eggs from the seedbed to the transplanted fields. Grow rice varieties with short stature and shorter growth duration periods because they suffer less damage than long growth duration varieties. Community-wide destruction of diapausing larvae (in stubble) through tillage after harvest, followed by flooding, reduces stem borer populations resulting in low incidence in the next crop. Apply Flubendiamide 20% WG 50 g in 200 litres of water for one acre. PHI-30 days."
,https://workdrive.zoho.in/folder/zu51z3e4e6d3963c949e9b4be58db558de5b5,697dc075622aa3a1830706ae,697dbfb7622aa3a18307064b,What is the average yield of HG 220 paddy variety per acre?,"There is no HG 220  rice variety in paddy that has been cultivated in Haryana and neighboring regions. Based on field data and farmer experiences, So alternative rice variety are mentioned as follow.
    
Modern Alternatives:
Recommended alternatives include:
A) Medium Duration (135–150 days)
HKR 126:
HKR 126 is a semi-dwarf, high-yielding rice variety with dark green leaves and long, slender grains. It is suitable for timely transplanting and can tolerate water stress for up to 10 days without any yield loss. The variety is resistant to stem rot and white-backed planthopper (WBPH) and is moderately resistant to bacterial blight.
HKR 127:
HKR 127 is a semi-dwarf, high-yielding variety with golden yellow–coloured grains and high milling recovery. It matures in about 139 days. The variety is tolerant to false smut and is suitable for timely planting.

B) Mid-early Duration (120–135 days)
HKR 47:
HKR 47 takes about 135 days from seed to seed. It is a semi-dwarf, high-yielding variety with golden-coloured grains and gives high milling rice recovery. The variety is tolerant to false smut and is suitable for both early and late planting.
IR 64: It is a semi-dwarf, high-yielding variety that is resistant to white-backed planthopper (WBPH) and moderately resistant to bacterial blight. The variety is suitable for early and late planting and performs well under both normal and salt-affected soil conditions.

C) Early Duration (100–120 days)
HKR 48: HKR 48 is a semi-dwarf, high-yielding variety with a sturdy stem and extra-long grains. It is moderately resistant to bacterial blight, matures in about 118 days, and is suitable for both early and late planting.
 
Seed Source:
Farmers should obtain certified seeds from authorized government agencies like the State Seeds Corporation, National Seeds Corporation, or university seed production units to ensure genetic purity and germination standards.
 
For further guidance or clarification, farmers are advised to contact the nearest Krishi Vigyan Kendra (KVK) or local agricultural extension officer."
,https://workdrive.zoho.in/folder/zu51z49207ef408e24c359836b06cc3ee30de,697dc0c5622aa3a1830706bc,697dbfb7622aa3a183070686,What is stem canker disease in paddy and how to control it?,"Stem canker, also known as bacterial sheath rot, is a serious bacterial disease affecting paddy crops, particularly prevalent in the Haryana region during the Kharif season. This disease is caused by the bacterium *Pseudomonas fuscovaginae* and can significantly reduce both crop yield and grain quality if left unmanaged.
 
 **Disease Description and Symptoms:**
 
 Stem canker primarily affects the leaf sheaths and stems of paddy plants, typically appearing during the tillering to booting stages. In the early stages, small water-soaked lesions appear on the leaf sheaths near the water line. As the disease progresses, these lesions expand and turn grayish-brown to dark brown with irregular margins. The affected sheaths may develop a rotting appearance with a characteristic foul odor. In severe cases, the infection spreads to the stem tissue, causing canker-like symptoms with discoloration and hollowing of stems. Infected plants show stunted growth, reduced tillering, and premature drying of leaves. When infection occurs during the reproductive stage, it can cause incomplete grain filling, resulting in chaffy or partially filled grains with reduced weight and poor quality.
 
 **Severity Levels:**
 
 Early infection manifests as isolated water-soaked spots that are easily overlooked. At moderate severity, multiple lesions coalesce, covering 25-50% of the sheath area, with visible yellowing of upper leaves. In advanced stages, extensive rotting occurs, stems become hollow and brittle, leading to lodging, and grain formation is severely compromised with yield losses exceeding 30-40%.
 
 **Control Measures:**
 
 **Chemical Control:**
 For effective management of stem canker, spray Streptocycline 600 ppm solution at 6-8 grams per 200 liters of water per acre. Alternatively, use Copper Oxychloride 50% WP at 600 grams per acre mixed in 200 liters of water. Apply the first spray at the onset of disease symptoms or preventively at the tillering stage, with a repeat application after 10-15 days if infection persists. Ensure thorough coverage of leaf sheaths and lower plant parts where the disease first appears. For better efficacy, add a sticking agent to improve spray adhesion.
 
 **Biological Control:**
 Incorporate biological control agents such as *Pseudomonas fluorescens* at 10 grams per liter of water as a foliar spray. Seed treatment with *Pseudomonas fluorescens* at 10 grams per kilogram of seed before sowing provides additional protection. Apply *Trichoderma viride* formulations to the field at 5 kg per acre mixed with 50 kg of farmyard manure to enhance soil microbial activity.
 
 **Cultural Practices:**
 Maintain proper field sanitation by removing and destroying infected plant debris from previous crops. Avoid excessive nitrogen fertilization, which promotes succulent growth susceptible to bacterial infection. Ensure proper water management; avoid keeping continuous standing water, and practice intermittent irrigation. Use disease-free certified seeds from reliable sources. Maintain optimum plant spacing (20Ã—15 cm for transplanted paddy) to ensure good air circulation. Grow resistant or tolerant varieties like PR-126, PR-127, or CSR-30, which show better tolerance to bacterial diseases.
 
 **Safety Precautions:**
 
 When handling and applying chemical bactericides, farmers must wear appropriate protective equipment including gloves, face masks, goggles, and full-sleeved clothing to prevent skin contact and inhalation. Avoid spraying during windy conditions or peak sunlight hours; early morning or late evening applications are most effective. Observe the Pre-Harvest Interval (PHI) of at least 15-20 days between the last spray and harvest to ensure food safety. Dispose of empty chemical containers responsibly by burying them away from water sources or returning them to collection centers. Never reuse chemical containers for storing food or water. Wash hands and exposed body parts thoroughly with soap and water after handling chemicals.
 
 **For further guidance or clarification, farmers are advised to contact the nearest Krishi Vigyan Kendra (KVK) or local agricultural extension officer.**"
,https://workdrive.zoho.in/folder/zu51za043d5e06d5a4581bde8b65aed2749c3?layout=list,69804865622aa3a183070c19,698042d9622aa3a183070b57,What is the recommended seed rate for Direct Seeded Rice (DSR) cultivation system?,"Direct Seeded Rice (DSR) is an efficient cultivation method where pre-germinated seeds are directly sown in the field without raising nurseries or transplanting seedlings. The seed rate is a crucial factor that determines crop establishment, plant population, and ultimately yield potential in the DSR system.
 
Recommended Seed Rate for DSR:
 
For Direct Seeded Rice cultivation, the recommended seed rate varies between 10-15 kg per acre  depending on seed quality, germination percentage, and sowing method. For fine varieties like Basmati, the seed rate should be on the lower side (8-12 kg/acre)

Factors Affecting Seed Rate:
 
Sowing Method: Broadcasting requires higher seed rate (15-18 kg/acre) compared to line sowing with seed drill (20 kg/acre) as line sowing ensures better seed placement and germination.
 
Seed Treatment and Preparation:
Before sowing in DSR system, treat seeds with Carbendazim 50% WP or Thiram 75% WS @ 2-2.5 grams per kg of seed to protect against seed-borne diseases. For pre-germinated seeding, soak the seeds for 24 hours and incubate for 24-48 hours until the radical just emerges (2-3 mm). This ensures better and uniform germination.
 
 Best Practices for DSR:
 
 1. Land Preparation: Ensure perfectly leveled fields using laser land leveler to avoid water stagnation and ensure uniform crop stand.
 
 2. Sowing Time: In Haryana, the ideal time for DSR sowing is mid-May to early June when soil temperature is above 20°C.
 
 3. Sowing Depth: Maintain 2-3 cm sowing depth for optimal germination. Shallow sowing may cause drying, while deep sowing delays emergence.
 
 4. Row Spacing: Maintain 20 cm row-to-row spacing for better weed management and nutrient utilization.
 
 Recommended Varieties for DSR in Haryana:
 
 PR-126, PR-129, Pusa Basmati 1509, Pusa-1121, and CSR-30 are suitable varieties for DSR system in Haryana. These varieties have good seedling vigor, early maturity, and better weed competitiveness.
 
For further guidance on seed rate calculation, variety selection, or DSR cultivation practices specific to your region, farmers are advised to contact the nearest Krishi Vigyan Kendra (KVK) or local agricultural extension officer in Jind district for personalized recommendations based on your soil type and climatic conditions."
,https://workdrive.zoho.in/folder/0vc13a295ccb6ae9d474298d8f3343f02437f?layout=list,6982cb5e2909c90266b65066,6982c68b2909c90266b6500b,What is the information regarding the use of Emamectin Benzoate 5% + Profenophos 40% WG insecticide for paddy crop?,"As per the PPQS, Emamectin Benzoate 5% + Profenophos 40% WG is not recommended for Paddy cultivation. For further guidance or clarification on pest identification, appropriate dosage adjustments based on severity, or any other concerns regarding paddy crop protection, farmers are advised to contact the nearest Krishi Vigyan Kendra (KVK) or local agricultural extension officer in Panipat district."
,https://www.kiran.nic.in/pdf/Agri-Kaleidoscope/NICRA/NICRA%20Rice%20English.pdf?,695f23e3324d4e642adc9374,695e48f6770b5fe9194c7731,"Can DAP, potash, and mycorrhiza be applied together?","Yes, DAP (Di-Ammonium Phosphate), Potash (Muriate of Potash), and Mycorrhiza (bio-fertilizer) can be applied together at the time of paddy transplanting without any adverse effects. This combined application is actually beneficial for improving soil health and ensuring balanced nutrition for the paddy crop.
 
 Soil Testing and Fertilizer Requirements:
 Before applying fertilizers, it is recommended to conduct a soil test to determine the exact nutrient status of your field. For paddy cultivation in Uttar Pradesh, the general recommendation is approximately 120 kg Nitrogen, 60 kg Phosphorus (P2O5), and 40 kg Potassium (K2O) per hectare. However, these doses may vary based on soil test results and the fertility status of your field.
 
 Organic Matter Application:
 Prior to chemical fertilizer application, incorporate well-decomposed Farm Yard Manure (FYM) at 10-12 tonnes per hectare or vermicompost at 5-6 tonnes per hectare during field preparation. This improves soil structure, water retention capacity, and provides slow-release nutrients throughout the crop season.
 
 NPK Application Method:
 At the time of transplanting, apply the full dose of Phosphorus through DAP (approximately 130 kg DAP per hectare) and the full dose of Potassium through Muriate of Potash (approximately 65-70 kg per hectare). Apply these fertilizers as basal dose by broadcasting uniformly in the field before the final puddling operation, or incorporate them into the soil at transplanting time. Nitrogen should be applied in split doses: 50% at transplanting, 25% at tillering stage (3-4 weeks after transplanting), and 25% at panicle initiation stage.
 
 Mycorrhiza Application:
 Mycorrhiza is a beneficial bio-fertilizer containing fungal organisms that form symbiotic associations with plant roots, enhancing nutrient uptake, particularly phosphorus. Apply 5-10 kg of Mycorrhiza per hectare by mixing it with the soil near the root zone during transplanting. It can be mixed with DAP and Potash before broadcasting or can be applied separately in the transplanting holes. Mycorrhiza improves phosphorus availability by up to 20-30% and enhances plant resistance to stress conditions.
 
 Micronutrient Management:
 In case of micronutrient deficiencies, particularly Zinc deficiency (common in paddy fields), apply Zinc Sulphate at 25 kg per hectare as basal dose, or spray 0.5% Zinc Sulphate solution at 2-3 weeks after transplanting.
 
 Protective Gear and Safety Guidelines:
 When handling chemical fertilizers (DAP and Potash), wear protective gear including chemical-resistant gloves, face mask, and protective clothing with long sleeves. Avoid direct contact with skin and eyes. After application, wash hands thoroughly with soap and water. Store fertilizers in a cool, dry place away from children, animals, and food items. Do not mix fertilizers with pesticides or other chemicals unless specifically recommended.
 
 Application Timing and Environmental Safety:
 Apply fertilizers during cooler parts of the day (early morning or evening) to minimize volatilization losses. Ensure proper water management after fertilizer application for better nutrient uptake. Avoid over-application as it can lead to nutrient leaching and environmental pollution. Follow recommended doses strictly to prevent soil and water contamination.
 
If you would like more information or clarification, farmers are advised to contact the nearest Krishi Vigyan Kendra (KVK) or local agricultural extension officer."
,https://workdrive.zoho.in/folder/8r5l9ff3c6ea4fea240de9a0d814844f5574a,6989ae766bca0c342047c8d7,69895a5b6bca0c342047c4df,What are the fertilizer requirements and recommendations for wheat cultivation?,"Proper fertilizer management is crucial for achieving optimal wheat yields and grain quality. Wheat is a nutrient-intensive crop that requires balanced nutrition throughout its growth stages, particularly in the Haryana region where soil conditions and climate play important roles in nutrient management.

**Nutrient Requirements for Wheat:**
Wheat requires adequate amounts of macronutrients (Nitrogen, Phosphorus, and Potassium) and micronutrients (Zinc, Iron, and Sulphur) for healthy growth and maximum productivity. The nutrient uptake pattern varies across different growth stages, with peak demand occurring during tillering, stem elongation, and grain filling phases.

**Soil Testing Importance:**
Before applying fertilizers, farmers should conduct soil testing to determine existing nutrient levels and pH. Soil testing laboratories at Krishi Vigyan Kendras or agricultural universities can provide accurate recommendations based on soil health. This practice prevents over-fertilization, saves costs, and protects the environment from nutrient leaching.

**Recommended NPK Doses for Haryana:**
For irrigated wheat cultivation in Haryana, particularly in Mahendra Garh district, the general recommendation is 120-150 kg Nitrogen (N), 60 kg Phosphorus (Pâ‚‚Oâ‚…), and 40 kg Potassium (Kâ‚‚O) per hectare. For areas with sandy loam soils, potassium application becomes more important. These recommendations may vary based on soil test results and previous cropping history.

**Application Schedule and Method:**

**Basal Application (At Sowing):**
Apply the entire dose of Phosphorus (60 kg Pâ‚‚Oâ‚…/ha) and Potassium (40 kg Kâ‚‚O/ha) along with 25% of Nitrogen (30-37.5 kg N/ha) at the time of sowing. This can be achieved by applying 130 kg DAP (Di-ammonium Phosphate) and 65 kg Muriate of Potash per hectare. Place fertilizers 5-7 cm deep in the soil below the seed using a seed-cum-fertilizer drill for better efficiency.

**First Top Dressing (CRI Stage - 21 Days After Sowing):**
Apply 50% of the remaining Nitrogen (45-56 kg N/ha) at the Crown Root Initiation (CRI) stage, which occurs 20-25 days after sowing. This critical application supports root development and tillering. Use 100-120 kg Urea per hectare and apply it with irrigation for better absorption.

**Second Top Dressing (Tillering to Jointing Stage - 40-45 Days):**
Apply the remaining 25% Nitrogen (30-37.5 kg N/ha) at the late tillering to early jointing stage using 65-80 kg Urea per hectare. Ensure soil moisture is adequate during application.

**Organic Fertilizer Options:**
Integrating organic sources enhances soil health and provides sustained nutrient release. Apply 10-12 tonnes of well-decomposed Farm Yard Manure (FYM) or compost per hectare 2-3 weeks before sowing. Incorporation of green manure crops like dhaincha or sunhemp in the previous season adds nitrogen and improves soil structure. Vermicompost at 2.5-3 tonnes per hectare can also supplement chemical fertilizers.

**Micronutrient Management:**
Zinc deficiency is common in Haryana soils, particularly in alkaline conditions. Apply Zinc Sulphate (ZnSOâ‚„) @ 25 kg/ha once every 2-3 years or use foliar spray of 0.5% Zinc Sulphate solution at tillering and flowering stages. Iron deficiency can be corrected with Ferrous Sulphate @ 0.5% foliar spray. Sulphur application @ 20-25 kg/ha through elemental sulphur or gypsum improves protein content in grains.

**Safety Precautions for Chemical Fertilizers:**
While handling chemical fertilizers, farmers should wear protective gloves and avoid direct skin contact. Store fertilizers in dry, covered spaces away from seeds and food items. Do not mix different fertilizers unless recommended, as some combinations may cause nutrient loss. Wash hands thoroughly after fertilizer application.

**Important Advisory:**
Fertilizer recommendations should be adjusted based on irrigation availability, soil type, and variety selection. Late-sown wheat may require modified nitrogen management to prevent lodging. For further guidance or clarification on soil-specific fertilizer recommendations and customized nutrient management plans, farmers are advised to contact the nearest Krishi Vigyan Kendra (KVK) or local agricultural extension officer."
,https://workdrive.zoho.in/folder/ltgclebd28edbe8c547aab5a0bf8f9ea0445f?layout=list,698d509c6bca0c342047d6da,698d4d836bca0c342047d61a,How to manage leaf curl disease (CLCuD) in Bt cotton?,"Leaf curl disease in cotton, scientifically known as Cotton Leaf Curl Disease (CLCuD), is one of the most devastating viral diseases affecting cotton cultivation in Punjab and neighboring states. Disease is caused by whitefly transmitted virus. The diseased plants become stunted and have twisted internodes. Leaves remain small, show cupping and curling. Veinson, the lower side of the leaves becomes thickened with a netted appearance. Small leaflets also develop on the underside of the leaves on the main as well as lateral veins. The number of fruiting bodies is reduced in the diseased plants
 
Detection and Symptoms:
Leaf curl disease typically appears 3-4 weeks after sowing. Early symptoms include upward and downward curling of leaves, with prominent veins on the lower surface turning dark green. Infected leaves become thick, leathery, and cup-shaped. Plants show stunted growth with shortened internodes, giving a bushy appearance. Severely affected plants produce fewer bolls, and those formed are often small and immature. The disease spreads rapidly during warm, humid conditions when whitefly populations are high.
 
Economic Threshold Level (ETL):
For whitefly vectors: 5-8 adults per leaf or 1-2 nymphs per leaf warrants immediate intervention. For disease symptoms: If 2-5% plants show initial curling symptoms in early stages, roguing (removal) should be done immediately to prevent spread.
 
Integrated Management Strategy:
Cultural Practices:
- Use disease-resistant/tolerant varieties like CLCuV-resistant hybrids developed by certified agencies
- Avoid growing American cotton in and around citrus orchards and adjoining bhindi crop.
- Uproot and destroy the diseased plants from time to time.
- Protect the crop against whitefly vector by using recommended insecticides.
- Follow clean cultivation and destroy Kanghi buti (Abutilon sp.) and Peeli buti (Sida sp.), which act as collateral hosts.
- 3-5 foliar spray of salicylic acid (200ppm) or butter milk 5% or Cowurine + Calcium nitrate (6.6%+0.5%) or mustard oil (3.0%) at 15 days interval starting from 30days after sowing. 
- Measures suggested for whiteflyvector control should be followed.

Vector Management (Whitefly Control):
Since CLCuD spreads through whiteflies, controlling the vector is essential:
 - Yellow sticky traps @ 8-10 traps per acre for monitoring and mass trapping
 - Conserve natural enemies like ladybird beetles, lacewings, and spiders
 - Spray neem-based products (Azadirachtin 0.15% EC @ 2.5-3 ml/liter) as a bio-control measure during early stages
 
Chemical Management:
When the whitefly population crosses ETL, chemical intervention becomes necessary. 
 - Pyrefluquinazon 20 WG @ 200 g per acre, spiromesifen 22.9 SC @ 200 ml per acre, flonicamid 50 WG @ 80 g per acre.
 - Maintain a 10-15-day interval between successive sprays
 - Always spray in the morning or evening
 - Use 150-200 litres of water for uniform coverage.
 
Important Note:
For accurate disease diagnosis, variety selection suitable for your area, and region-specific spray schedules, please contact your nearest Krishi Vigyan Kendra (KVK). They can provide soil testing facilities and hands-on training for integrated disease management specific to the Mansa district conditions."
,https://workdrive.zoho.in/folder/zotk8f26a4449f10342459f4ffa8eb0166ab4?layout=list,692d186db202540091528d03,692d1006b202540091528cab,The farmer asked about disease control in Wheat,"The major diseases of wheat are the rusts, particularly brown rust (leaf rust) and black rust (stem rust), along with loose smut. Brown rust symptoms, including small, oval, reddish-brown pustules, appear scattered randomly on the upper surface of the leaves, and in severe infections, leaves turn yellow and prematurely dry. Avoid sowing wheat varieties like WH-147, HI-1500, MP1202, GW322, and GW 273, which are highly susceptible to brown rust, and choose varieties such as MP 3382, HI 1544, HI 8759, HI 1636, DBW 187, DBW 303, MP 1203, MP 1323, and MP 3288, which show resistance against brown rust. To control brown rust, use rust-resistant varieties, avoid excessive use of nitrogen fertilizer, monitor the crop regularly during December to February during the cool humid season, and if you notice any symptoms, spray fungicide. Spray fungicides such as Propiconazole 25% EC at 200 ml per acre in 200 liters of water or Tebuconazole 25% EC at 200 ml per acre in 200 liters of water as soon as you notice symptoms. A timely spray can prevent the disease from spreading. Black rust (stem rust) symptoms include reddish-brown, elongated pustules on the stems and leaf sheaths. As the season progresses and plants mature, the pustules turn black, and in severe infections, the plants fall over and produce shrivelled grains. To control this, plant rust-resistant varieties, remove and destroy infected plants, and spray fungicides such as Propiconazole 25% EC at 200 ml per acre in 200 liters of water or Tebuconazole 25% EC at 200 ml per acre in 200 liters of water as soon as you notice symptoms. Loose smut is a seed-borne disease that affects wheat heads, and the entire ear (inflorescence) is replaced by a black, powdery mass of spores. To control this, treat the seed with Carbendazim 50% WP at 2 g/kg seed or Tebuconazole 2% DS at 1.25 g/kg seed before sowing and remove and destroy infected plants."
,https://workdrive.zoho.in/folder/tk5ivb3da4e168e224be59a9e41f3796a4276,696db889774b35f1baef1767,696db41d774b35f1baef1726,Does spraying herbicides kill all the microorganisms in the soil?,"Herbicides are chemical compounds designed to control weeds in agricultural fields, and their impact on soil microorganisms is an important consideration for maintaining soil health and sustainable paddy cultivation.
 
Impact of Herbicides on Soil Microorganisms:
Most selective herbicides used in paddy cultivation, when applied at recommended doses, do not kill all soil microorganisms. However, they can temporarily affect the microbial population and diversity. The extent of impact depends on the type of herbicide, application rate, frequency, and soil conditions. Non-selective herbicides or excessive applications may cause more significant disruption to beneficial soil microbes, including bacteria, fungi, actinomycetes, and nitrogen-fixing organisms.
 
Recommended Herbicides for Paddy:
For paddy fields in Tamil Nadu, use selective herbicides such as Pretilachlor 50% EC at 500-750 ml/acre as pre-emergence (within 3 days of transplanting) or Bispyribac Sodium 10% SC at 100-120 ml/acre as post-emergence (15-20 days after transplanting). These herbicides target weeds while minimizing harm to soil biology when used correctly.
 
Soil Health Management Practices:
 1. Soil Testing: Conduct soil testing before herbicide application to understand baseline microbial activity and nutrient status. This helps in making informed decisions about chemical usage.
 2. Organic Matter Addition: Incorporate organic materials to support microbial recovery:
 - Apply 5-6 tonnes of well-decomposed Farm Yard Manure (FYM) per acre before transplanting
 - Use vermicompost at 1-2 tonnes per acre
 - Practice green manuring with Dhaincha or Sesbania (20-25 kg seeds/acre) and incorporate 30-40 days before transplanting
 3. Integrated Weed Management: Reduce herbicide dependency by combining:
 - Manual weeding or cono-weeding at 20-25 and 40-45 days after transplanting
 - Maintaining proper water levels (2-5 cm) to suppress weed growth
 - Using weed-free, certified seeds
 4. Microbial Restoration: After herbicide application, promote microbial recovery by:
 - Applying bio-fertilizers like Azospirillum and Phosphobacteria (2 kg each per acre)
 - Using organic amendments like neem cake (100 kg/acre)
 - Ensuring adequate moisture for microbial activity
 
Protective Gear for Herbicide Application:
When handling and applying herbicides, farmers must wear:
 - Chemical-resistant gloves to protect hands
 - Face mask or respirator to avoid inhalation
 - Protective clothing covering arms and legs
 - Eye protection or face shield
 - Boots to prevent skin contact
 
Safety Guidelines:
 - Follow recommended doses strictly; never exceed application rates
 - Apply herbicides during calm weather (morning or evening)
 - Maintain Pre-Harvest Interval (PHI) as specified on the label
 - Store herbicides in original containers away from food and feed
 - Dispose of empty containers safely by triple rinsing
 - Avoid spraying near water bodies to prevent contamination
 - Wash hands and exposed skin thoroughly after application
 
Environmental Safety:
To minimize environmental impact, adopt herbicide rotation to prevent resistance development and reduce continuous exposure of soil microorganisms to the same chemicals. Maintain buffer zones near aquatic ecosystems.
 
For further guidance or clarification, farmers are advised to contact the nearest Krishi Vigyan Kendra (KVK) or local agricultural extension officer."
,https://workdrive.zoho.in/folder/l67vle85ad130c8ac4b749dbea396231d723f,69c0cccc5291127d9d717d9a,69c0c9115291127d9d717d3e,What spray should be applied during the initial flowering stage of green gram (moong) crop?,"The initial flowering stage is critical for green gram (moong) crop development, as proper nutrition and protection during this period directly influence pod formation and yield. However, the UP POP does not specifically mention the application of any fertilizers or chemicals before the flowering stage of the crop.

However, other states recommend the application of:

Foliar spray of NAA at 40 mg/litre and salicylic acid at 100 mg/litre, once at the pre-flowering stage and again 15 days later, to reduce flower shedding.
Foliar spray of salicylic acid at 100 mg/litre at the pre-flowering stage and again 15 days thereafter to improve translocation efficiency and seed yield.

However, the application of these chemicals depends on environmental, soil, and crop factors. Unnecessary application of chemicals only increases the cost of crop production. The application of the recommended doses of fertilizers for greengram as per the UP POP is sufficient for good growth and development. The recommended dose of fertilizers is as follows: apply at sowing time in furrows - Nitrogen: 6 kg/acre, Phosphorus: 16 kg/acre, 8 kg potassium and Sulphur: 8-10 kg/acre (13 kg urea, 100 kg SSP and 13 kg MOP). Additionally, spray a 2% urea solution (20 gm urea in 1 liter water) at the pod formation stage to increase yield.

Hence, the farmer is advised to visit the nearest KVK before applying any chemicals to assess the crop’s requirements based on environmental and crop conditions, as unnecessary application may increase the cost of production and lead to environmental degradation."
UP Comprehensive POP Krishi Manjusha,https://workdrive.zohoexternal.in/folder/xboj651ae7ee7d76c407680872be1deb5217d?layout=list,69c4cb2b50e0bc47af1557e1,69c4bb3f50e0bc47af15567b,What are the recommended methods and herbicides for effective weed control in groundnut cultivation?,"Effective weed control in groundnut is critical during the first 30-45 days after sowing, as this is the most sensitive period when weeds compete vigorously for nutrients, water, and sunlight. An integrated approach combining cultural, mechanical, and chemical methods provides optimal results.

Critical Weed Competition Period:
Groundnut is most susceptible to weed competition during the first 30-45 days after sowing. Uncontrolled weeds during this period can reduce yields by 30-70%.

Cultural and Mechanical Methods:

• Pre-sowing Preparation: Plough the field 2-3 times and prepare a fine tilth to reduce existing weed seed bank.
• Mulching: Apply crop residue or black polyethylene mulch to suppress weed germination and conserve soil moisture.
• Hand Weeding: Conduct 2-3 manual weedings at 20, 40, and 60 days after sowing. This is labor-intensive but effective for small holdings.
• Mechanical Weeding: Use hand-hoe or wheel-hoe for inter-row cultivation at 20 and 40 days after sowing to remove weeds and improve soil aeration.

Chemical Weed Control:

Pre-Emergence Herbicides (apply within 2-3 days after sowing):

• Pendimethalin 30% EC: 1.2 liters per acre in 200-240 liters of water. Controls annual grasses and some broad-leaved weeds. Apply as a uniform spray immediately after sowing before weed emergence.

• Imazethapyr 10% SL: 400 ml per acre in 200-240 liters of water. Effective against both grasses and broad-leaved weeds. Apply 1-3 days after sowing.

Post-Emergence Herbicides (apply 15-20 days after sowing):

• Imazethapyr 10% SL: 300 ml per acre in 200 liters of water. Apply when weeds are at 2-4 leaf stage.

• Quizalofop-ethyl 5% EC: 400 ml per acre in 200 liters of water. Specifically controls grass weeds. Apply when grasses are actively growing (3-5 leaf stage).

Integrated Approach (Recommended):

Combine pre-emergence herbicide application + one hand weeding at 30-35 days after sowing. This reduces labor requirements while maintaining effective control.

Application Guidelines:

• Apply herbicides uniformly using a knapsack sprayer with flat-fan nozzle.
• Ensure adequate soil moisture for pre-emergence herbicides to be effective.
• Avoid spraying during windy conditions or extreme temperatures.
• Do not apply herbicides if rain is expected within 6 hours.

Personal Protective Equipment (PPE):

When handling and applying herbicides, always wear:
• Long-sleeved shirt and long pants
• Chemical-resistant gloves
• Safety goggles or face shield
• Respirator mask or face covering
• Closed-toe waterproof boots
• Wash all exposed skin thoroughly after application

Pre-Harvest Interval (PHI):

Maintain minimum 60-90 days interval between herbicide application and harvest, depending on the specific chemical used. Imazethapyr typically requires 60 days PHI.

Important Precautions:

• Avoid herbicide contact with groundnut foliage during post-emergence application.
• Rotate herbicides with different modes of action to prevent resistance development.
• Calibrate sprayers properly to ensure correct dosage.
• Store herbicides in original containers away from food and feed.

For specific recommendations or field-level diagnosis, please contact your nearest Krishi Vigyan Kendra (KVK) or Block Agriculture Officer."
UP Comprehensive POP Krishi Manjusha_Hindi (1).pdf- Uttar Pradesh Comprehensive Package of Practices,https://workdrive.zohoexternal.in/file/xboj6b31d42bf5d4343a2b9d5fd1258017987,69c4cd9b50e0bc47af1557f6,69c4bb3f50e0bc47af1556a3,What should I do if there is mold/fungus growing on groundnut plants?,"Mold or fungus growth on groundnut plants is a serious concern that can significantly reduce yield and quality. This condition typically indicates fungal diseases such as Collar/Crown Rot. Here's a comprehensive management approach:

Identification: This disease affects groundnuts during the germination stage. Black fungal growth appears on the affected parts and is clearly visible.
Treatment: Seed treatment (seed dressing) should be performed before sowing.  Use Mancozeb 75 WP @ 25 to 30 gm/10 kg seeds.


For specific recommendations or field-level diagnosis, please contact your nearest Krishi Vigyan Kendra (KVK) or Block Agriculture Officer.
"
UP Comprehensive POP Krishi Manjusha,https://sheet.zoho.in/sheet/published/xboj6f916adeb55b140c0aa8c47c3d1a040fe?sheetid=0&range=G181,69c4cf7550e0bc47af155808,69c4bb3f50e0bc47af1556b2,How can I increase the production of my groundnut crop?,"Increasing groundnut production requires a comprehensive approach combining improved varieties, soil management, optimal agronomic practices, and integrated pest and disease management. Here's a detailed technical guide:

**1. Variety Selection**
Choose high-yielding varieties suitable for your region. For rainy season (Kharif), consider varieties like TG 37A, Girnar 2, or ICGV 91114. For summer/rabi season, opt for varieties such as TG 37B, GG 20, or Kadiri 6. Select varieties with resistance to local pests and diseases for better productivity.

**2. Land Preparation and Soil Management**
Prepare land to a fine tilth with 2-3 ploughings followed by planking. Groundnut thrives in well-drained sandy loam soils with pH 6.0-7.0. Apply 10-15 tonnes of well-decomposed farmyard manure per hectare 2-3 weeks before sowing to improve soil structure and water-holding capacity. Incorporate crop residues to enhance organic matter content.

**3. Seed Treatment and Sowing**
Treat seeds with Thiram or Carbendazim at 2-3 grams per kilogram of seed to prevent seed-borne diseases. Apply Rhizobium culture at 5-10 grams per kilogram of seed for improved nitrogen fixation. Use seed rate of 100-120 kg/ha for spreading types and 75-90 kg/ha for bunch types. Maintain spacing of 30 cm between rows and 10 cm between plants for spreading varieties; 30 × 15 cm for bunch types.

**4. Nutrient Management**
Apply balanced fertilization: 20-25 kg Nitrogen, 40-50 kg Phosphorus (P₂O₅), and 40-50 kg Potassium (K₂O) per hectare as basal dose. Top-dress with 20 kg Nitrogen per hectare at 30 days after sowing. Apply gypsum at 400-500 kg/ha during flowering stage (30-35 days after sowing) to improve pod development and oil content. For micronutrients, apply 25 kg Zinc Sulphate and 10 kg Ferrous Sulphate per hectare if deficiency symptoms appear.

**5. Water Management**
Groundnut requires 500-600 mm of water during the growing season. Provide irrigation at critical stages: flowering (25-30 days), pegging (40-45 days), and pod development (60-70 days). Maintain soil moisture at field capacity during pod filling. Avoid waterlogging, which causes yield reduction and disease development.

**6. Weed Management**
Control weeds during the first 45-50 days, the critical weed competition period. Apply pre-emergence herbicide Pendimethalin at 1.0 kg active ingredient per hectare within 2-3 days of sowing, followed by one hand weeding at 30-35 days after sowing.

**7. Integrated Pest and Disease Management**
Monitor fields regularly for early blight, collar rot, and tikka disease. Apply appropriate fungicides at recommended dosages. Manage aphids, thrips, and leaf miners through integrated approaches including need-based application of insecticides. Use recommended doses and observe pre-harvest intervals.

**8. Timely Harvesting**
Harvest when 70-75% of pods mature (approximately 110-130 days after sowing depending on variety). Proper maturity ensures maximum yield and oil content.

For specific recommendations or field-level diagnosis, please contact your nearest Krishi Vigyan Kendra (KVK) or Block Agriculture Officer."
GROUNDNUT-TNAU Agritech,https://agritech.tnau.ac.in/agriculture/CropProduction/Oilseeds/oilseeds_groundnut01.html,69c4d41a50e0bc47af155859,69c4bb3f50e0bc47af1556cb,What is the proper procedure and timing for digging groundnut crops at harvest?,"Proper Procedure and Timing for Digging Groundnut Crops

Determining Harvest Maturity 
Timing is the most critical factor for maximizing yield and quality. You should look for these specific indicators:
- It has been observed that farmers, with the aim of getting a good price in the market or to sow wheat early, harvest groundnuts before the crop is fully mature. This leads to poor seed development, inferior quality seeds, and a decrease in total yield.

1. HARVESTING

Therefore, harvest the crop only when:
-Drying and falling of older leaves and yellowing of the top leaves indicate maturity.
- Pull out a few plants at random and shell the pods. The veins on the outer shell of the groundnut become prominent (pronounced).
- The inner part of the shell turns a brownish color.
-The groundnut kernel (seed) turns pink.
-Irrigate prior to harvest, if the soil is dry, as this will facilitate easy harvesting. If there is enough moisture in the soil, there is no need for irrigation for harvesting.
-If water is not available for irrigating the field prior to harvest, work a mould board plough or work a country plough, so that the plants are uprooted.
-Engage labour to search pods left out in the soil, if necessary.

 
NOTE: Do not keep the pulled out plants in heaps when they are wet, especially the bunch varieties, as the pods will start sprouting.


2.Post-Harvest Handling and Curing
-After harvesting, Dry the pods in the sun for 4 or 5 days. Repeat drying for 2 or 3 more days after an interval of 2 or 3 days to ensure complete drying. 
-When temperature is very high, avoid direct sun drying.
-If moisture-laden groundnuts are stored, the pods will turn black, making them completely unfit for both consumption and for use as seeds.
-Collect the pods in gunnies and store on the ground over a layer of sand to avoid any moisture coming in contact with dry pods

Safety Gear: Workers should wear gloves, sturdy footwear, and hats for sun protection during the long hours of field operations.
- maturity timing and symptoms may vary on the basis of varieties it is recommended to consult the nearby KVK or other government affiliated organization for better results. 
"
UP Comprehensive POP Krishi Manjusha- Uttar Pradesh Practice of Package,https://workdrive.zohoexternal.in/folder/xboj609474840959d47959214638a11eb1b9b,69c4d44350e0bc47af15585f,69c4bb3f50e0bc47af1556b5,What are the effective methods for root disease control in groundnut crop?,"Root diseases in groundnut can significantly reduce yield and quality. The most common root diseases include collar rot (Aspergillus niger), stem rot (Sclerotium rolfsii), and root rot (various fungal pathogens). Here is a comprehensive integrated management approach:

Crown Rot:
Identification:
- Affects germinating seeds/young seedlings.
- Black fungal growth seen on affected parts.

Control:
- Do proper seed treatment before sowing.

Dry Root Rot / Charcoal Rot:
- Occurs under low moisture and high temperature.
- Roots turn brown, plants dry up.

Control:
- Treat seeds before sowing.
- Maintain adequate soil moisture.
- Follow crop rotation.

Seed Treatment:
Treat seeds before sowing with: Thiram 2 g + Carbendazim 1 g/kg seed 
Also treat with: Trichoderma / Carboxin 4 g/kg seed
After 5–6 hours, treat seeds with Rhizobium culture: 1 packet for 10 kg seed then Mix with jaggery solution (50 g jaggery in 0.5 L water)
Dry treated seeds in shade for 2–3 hours and sow: Before 10 AM or after 4 PM (avoid strong sunlight). Use Rhizobium especially in fields where groundnut is grown first time or after long gap.

For specific recommendations or field-level diagnosis, please contact your nearest Krishi Vigyan Kendra (KVK) or Block Agriculture Officer."
UP Comprehensive POP Krishi Manjusha,https://workdrive.zoho.in/folder/xboj6ddfad60fb60f4be0ab89cba0402a8b97?layout=list,69c4d4d750e0bc47af155865,69c4bb4e50e0bc47af155723,How do I manage bollworm pest infestation in Bengal gram (chickpea)?,"Bollworm complex particularly Pod Borer (Helicoverpa armigera) ,the larvae of this pest are green or brown in color, usually having a broad longitudinal stripe on the back and thin stripes on both sides. Newly hatched larvae initially scrape and feed on tender leaves, and as they grow, they bore into pods, insert their head inside, and feed on the grains. A single larva can damage about 30–40 pods during its life cycle. Under severe infestation, pods become hollow, leading to significant yield loss. Economic Threshold Level (ETL): During flowering and pod formation stage, control measures should be initiated when 2 small or 1 large larva per 10 plants is observed, or when 4–5 male moths are trapped per pheromone trap continuously for 2–3 days. Management Practices: Deep ploughing during summer (May–June) should be done to destroy pupae. Timely sowing helps in reducing pest incidence. Small heaps of dry grass can be placed at different spots in the field, where larvae hide during the day; these should be collected and destroyed in the morning. Intercropping chickpea with linseed, mustard, or coriander reduces damage from pod borer. Marigold should be planted around the field as a trap crop. About 20–25 bird perches per acre should be installed to encourage birds to feed on larvae. Regular crop monitoring is essential, and during flowering and pod formation, 2 pheromone traps per acre should be installed for effective monitoring and management of the pest. To control pod borer , spray one of the following biopesticides in about 200–240 liters of water per acre. For Bacillus thuringiensis (Bt) Kurstaki, use approximately 400 g per acre. For Azadirachtin 0.03% WSP, apply 1.0–1.2 kg per acre. For NPV of Helicoverpa armigera 2% AS, use 100–120 ml per acre. Regularly monitor the field and apply a second spray only if necessary, at an interval of 15 days To control pod borer. For specific recommendations or field-level diagnosis, please contact your nearest Krishi Vigyan Kendra (KVK) or Block Agriculture Officer.

"
Crop Protection : Pests of Bengal Gram-TNAU Agritech,https://agritech.tnau.ac.in/crop_protection/crop_prot_crop_insect_pul_bengal%20gram.html,69c4d4d750e0bc47af155865,69c4bb4e50e0bc47af155723,How do I manage bollworm pest infestation in Bengal gram (chickpea)?,"Bollworm complex particularly Pod Borer (Helicoverpa armigera) ,the larvae of this pest are green or brown in color, usually having a broad longitudinal stripe on the back and thin stripes on both sides. Newly hatched larvae initially scrape and feed on tender leaves, and as they grow, they bore into pods, insert their head inside, and feed on the grains. A single larva can damage about 30–40 pods during its life cycle. Under severe infestation, pods become hollow, leading to significant yield loss. Economic Threshold Level (ETL): During flowering and pod formation stage, control measures should be initiated when 2 small or 1 large larva per 10 plants is observed, or when 4–5 male moths are trapped per pheromone trap continuously for 2–3 days. Management Practices: Deep ploughing during summer (May–June) should be done to destroy pupae. Timely sowing helps in reducing pest incidence. Small heaps of dry grass can be placed at different spots in the field, where larvae hide during the day; these should be collected and destroyed in the morning. Intercropping chickpea with linseed, mustard, or coriander reduces damage from pod borer. Marigold should be planted around the field as a trap crop. About 20–25 bird perches per acre should be installed to encourage birds to feed on larvae. Regular crop monitoring is essential, and during flowering and pod formation, 2 pheromone traps per acre should be installed for effective monitoring and management of the pest. To control pod borer , spray one of the following biopesticides in about 200–240 liters of water per acre. For Bacillus thuringiensis (Bt) Kurstaki, use approximately 400 g per acre. For Azadirachtin 0.03% WSP, apply 1.0–1.2 kg per acre. For NPV of Helicoverpa armigera 2% AS, use 100–120 ml per acre. Regularly monitor the field and apply a second spray only if necessary, at an interval of 15 days To control pod borer. For specific recommendations or field-level diagnosis, please contact your nearest Krishi Vigyan Kendra (KVK) or Block Agriculture Officer.

"
India Chickpea Production (1).pdf,https://workdrive.zohoexternal.in/folder/qq0vwdaaa6ad74e0f42d4a38f6b11b04a6efa?layout=list,69c4d53850e0bc47af15586d,69c4bb4e50e0bc47af155724,What is the recommended NPK dosage for Bengal gram (Chickpea) cultivation?,"Recommended NPK Dosage for Bengal Gram (Chickpea):

Bengal gram, being a leguminous crop with nitrogen-fixing capability, has specific nutrient requirements that differ from cereal crops. The fertilizer application should be based on soil test results, but general recommendations are provided below.

Fertilizer requirements vary depending on the nutrient status of the soil, so they should be determined based on soil testing. For efficient use, fertilizers should be applied in furrows about 2 cm deep and placed approximately 5 cm away from the seed.

For chickpea (Bengal Gram) cultivation, the recommended dose is about 6–8 kg nitrogen (N) and 16-18 kg phosphorus (P) per acre. In soils deficient in potassium, an additional 7–8 kg K₂O per acre should be applied. The entire quantity of nitrogen, phosphorus, and potassium should be given as a basal application at the time of sowing.

In rainfed conditions, a foliar spray of 2% urea at the flowering stage has been found beneficial for improving crop growth and yield.

Application Method:
Basal Application: Apply the entire dose of phosphorus, potassium, and nitrogen at the time of sowing as basal dose. Mix the fertilizers thoroughly in the soil during final land preparation or apply in furrows at sowing time.

Special Considerations:
Different pulse crops require different Rhizobium cultures. For chickpea, a specific Rhizobium culture should be used. One packet (200 g) of culture is sufficient for treating 10 kg of seed. Put 10 kg of seed in a container and mix thoroughly so that all seeds are properly coated with the culture. After coating, the treated seeds should be kept in shade for some time. The use of PSB (Phosphate Solubilizing Bacteria) culture is also recommended.

Important Points:
- Always conduct soil testing before fertilizer application for precise recommendations
- Avoid excessive nitrogen application as it promotes vegetative growth at the expense of pod formation
- Ensure proper soil moisture at the time of fertilizer application for better nutrient uptake

Safety Precautions:
While handling fertilizers, wear protective gloves and avoid direct contact with skin and eyes. Store fertilizers in a cool, dry place away from food items and water sources.

For specific recommendations or field-level diagnosis, please contact your nearest Krishi Vigyan Kendra (KVK) or Block Agriculture Officer."
"TNAU Agritech Portal Crop Protection ,TNAU-Tamilnadu Agricultural University",https://agritech.tnau.ac.in/crop_protection/chickpea_disease/chickpea_5.html,69c4d54150e0bc47af155870,69c4bb4e50e0bc47af155727,How can I manage dry root rot disease in Bengal gram crop?,"Dry root rot in chickpea, caused by Rhizoctonia bataticola (Macrophomina phaseolina), usually appears from the flowering to podding stage as scattered dried plants. The leaves and stems turn straw-colored, and affected plants wither, eventually spreading across the entire field. The roots of infected plants become brittle and dry. To manage this disease, deep summer ploughing is recommended. Grow cultivars resistant to dry root rot and avoid drought conditions. Always sow seeds at the recommended time, and protect germinating seeds and young seedlings from high temperatures. Seed treatment with Trichoderma viride @ 4 g/kg, Pseudomonas fluorescens @ 10 g/kg, or Carbendazim/Thiram @ 2 g/kg of seed is effective. For infected patches, spot drenching with Carbendazim 1 g/liter or P. fluorescens / T. viride @ 1 kg/acre mixed with 20 kg FYM helps control the disease.

For specific recommendations or field-level diagnosis, please contact your nearest Krishi Vigyan Kendra (KVK) or Block Agriculture Officer."
UP Comprehensive POP Krishi Manjusha,https://sheet.zoho.in/sheet/published/xboj6b7751bf839c441fc9a84cdf30db0738d?sheetid=0&range=G624,69c4d5f250e0bc47af155883,69c4bb4e50e0bc47af15574d,What causes yellowing (chlorosis) in Bengal gram plants and how can it be managed?,"Yellowing or chlorosis in Bengal gram (chickpea) plants can result from multiple factors, including nutritional deficiencies, diseases, pest infestations, and environmental stress. Here's a comprehensive management guide:

Common Causes and Management:

1. Nutritional Deficiencies:
For all varieties, apply 8 kg Nitrogen, 24 kg Phosphorus, 8 kg Potash, and 8 kg Sulfur per acre in the furrows. Apply 17 kg urea, 150 kg single super phosphate (SSP), and 13 kg muriate of potash (MOP) per acre to supply 8 kg nitrogen, 24 kg phosphorus, and 8 kg potash, respectively. Fertilizer application based on soil recommendations is found to be more beneficial. In rainfed or late-sown conditions, spray a 2% Urea solution (20 g per litre of water) at the time of flowering.

2. Fusarium Wilt Disease:
A major fungal disease causing yellowing and wilting
Symptoms: The disease caused by Fusarium wilt is characterised by yellowing of lower leaves followed by drooping and wilting of the entire plant. Infected plants may dry suddenly without shedding leaves. When the stem is split open, browning or blackening of vascular tissues is observed. Roots become dark, rotten, and eventually decompose. The disease can appear at both seedling and later growth stages.

Favorable conditions: The disease is favored Light soils with low organic matter and continuous cultivation of chickpea increases disease incidence. Being soil-borne, the pathogen survives in soil for long periods, making infested fields highly prone to infection.

Cultural control: Adopt deep ploughing and destroy infected crop residues to reduce pathogen load in the soil. Practice crop rotation with non-leguminous crops for 3–4 years to break the disease cycle. Timely sowing, preferably in the third week of October, and deep sowing at 8–10 cm help reduce disease incidence. Avoid cultivation in heavily infested fields and maintain proper soil moisture without causing drought stress.

Mechanical control: Remove and destroy infected plants at the initial stage of infection to prevent further spread. Maintain field sanitation by clearing diseased plant debris and ensure that farm tools and implements are clean to avoid transmission of the pathogen.

Biological control: Treat seeds with Trichoderma viride @ 4–10 g/kg seed to suppress the pathogen. Soil application of Trichoderma viride @ 2 kg/ac mixed with well-decomposed FYM helps in reducing soil-borne inoculum and improves beneficial microbial activity in the soil.

Chemical control: Seed treatment is the most effective chemical method. Seeds should be treated with Thiram (2 g) + Carbendazim (1 g) per kg seed, or Carbendazim @ 2 g/kg, or Carboxin @ 2 g/kg. Since the disease is soil-borne, foliar sprays are generally ineffective, so emphasis should be on seed treatment and preventive measures.

3)Collor Rot
Symptoms: The collar region of the plant is constricted and begins to rot. White mycelial strands with minute mustard seed-sized sclerotial bodies are seen over the affected tissue. The affected seedlings turn yellow and wilt. It may be seen in seedling & vegetative growth stages.
Control Measures
Application of calcium fertiliser. Crop rotations with cereals such as wheat, sorghum and millets, and remove undecomposed debris from the field before sowing. To control collar rot, treat the seed with Carboxin 75% WP @ 3 g per kg of seed before sowing for effective disease management.
4. Environmental Stress:
Waterlogging: Ensure proper drainage channels
Drought Stress: Provide irrigation at critical stages (flowering and pod formation)
Temperature Stress: Not much can be done, but proper crop planning helps

Integrated Management Approach:
1. Conduct soil testing to identify nutrient deficiencies
2. Observe plant symptoms carefully - check if yellowing starts from older or younger leaves
3. Inspect roots for rotting or discolouration
4. Check for pest presence on leaf undersides
5. Apply corrective measures based on accurate diagnosis

Safety Precautions:
When applying any chemical treatments:
- Wear appropriate Personal Protective Equipment (PPE): gloves, mask, full-sleeved clothing, and boots
- Avoid spraying during windy conditions or peak sunshine hours
- Observe Pre-Harvest Interval (PHI) of 7-15 days depending on the chemical used
- Do not consume treated produce before PHI completion

Application Tips:
- Apply foliar sprays during early morning or late evening
- Ensure complete coverage of plant canopy
- Use clean water for spray preparation
- Calibrate spray equipment properly

For specific recommendations or field-level diagnosis, please contact your nearest Krishi Vigyan Kendra (KVK) or Block Agriculture Officer."
IFFCO,"https://www.iffco.in/en/urea-fertilizer#:~:text=Urea%20is%20the%20most%20important,a%20nutritional%20supplement%20for%20cattle.",69c4d8d550e0bc47af1558af,69c4bb3f50e0bc47af15569e,Why are the leaves of my groundnut plant turning yellow?,"Yellowing of groundnut leaves (chlorosis) can result from multiple factors including nutrient deficiencies, diseases, pest damage, or environmental stress. Here's a comprehensive guide to diagnose and manage this condition:


2. Nutrient Deficiency:
For good yield, apply fertilizers based on soil test.
If soil test is not available, apply per acre:
-  Nitrogen: 8 kg
-  Phosphorus: 24 kg
-  Potash: 18 kg
-  Gypsum: 80 kg
-  Borax: 1.5 kg
-Urea@ 17–18 kg A standard 50 kg bag of urea contains approximately 23.3 kg of nitrogen (46% nitrogen).
- SSP 150kg, MOP 30Kg
Use Single Super Phosphate (SSP) for phosphorus.
-  A standard 50 kg bag of Single Super Phosphate (SSP) fertilizer typically contains the following key nutrients: 
1.Phosphorus 16% [8KG ],
 2.Sulphur  11% to 12%[5.5-6 KG],
 3.Calcium  19% to 21% 9.5-10 KG
* [ separate gypsum is not required.]
Apply full dose of NPK + half gypsum at sowing, placed 2–3 cm below seed.
Apply remaining half gypsum + full borax at 3 weeks after sowing, followed by light hoeing.
Apply biofertilizer (Rhizobium culture) @  2-3kg/acre to increase pod formation and uniform maturity.

2. Disease:
Tikka Disease (Leaf Spot):

Identification:
Light brown circular spots on leaves.
Yellow halo seen on lower surface.
Severe infection spreads to stems and branches.

Control:
Spray any one:
For the standing crop, spray either Zinc Manganese Carbamate @ 800 g per acre or Zineb 75% WP @ 1 kg per acre or Ziram 27% liquid @ 1.2 liters per acre, and apply 2–3 sprays at 40-day intervals for effective control of the disease.

Bud Necrosis:

Identification:
Terminal buds dry up, plant growth stops.
New leaves become small and clustered.
Plants remain green but no flowering or pod formation.

Control:
Do not sow before 4th week of June.
Control vector (thrips) by spraying:
-  Dimethoate 30 EC @400ml/acre


For specific recommendations or field-level diagnosis, please contact your nearest Krishi Vigyan Kendra (KVK) or Block Agriculture Officer."
"TNAU AGRIPORTAL CROP PROTECTION,TNAU- Tamilnadu Agricultural University","https://agritech.tnau.ac.in/crop_protection/groundnut/crop_prot_crop_insect_oil_ground%20nut_12.html#:~:text=Symptoms%20of%20damage:,wilted%20plants%2C%20dying%20in%20patches.",69c4d8db50e0bc47af1558b1,69c4bb3f50e0bc47af1556a8,What are the effective methods for controlling root borer in groundnut crop?,"Root borers, particularly white grubs, are serious soil-dwelling pests that damage groundnut roots and pegs, leading to significant yield losses. Here is a comprehensive management strategy:

Symptoms:
The larvae feed on the roots of plants, causing the entire plant to dry up. The larvae are yellowish-white in colour with a brownish or reddish head. When disturbed, they curl into a C-shape.
Adults: Dark brown beetle. Beetles emerge out of the soil within 3-4 days after the onset of rain.

-The adult beetle does not directly damage the groundnut crop. 
-After the first monsoon rains, adults emerge and feed on nearby trees such as neem and gular. They return to the fields 3-4 days later to lay eggs. 
-Controlling adults on host trees helps reduce infestation in the field.

Management:
- Summer ploughing helps to bring out the larvae and pupae from the soil. Predatory birds can then feed on them.
- Seed treatment should be done with Solanum surattense extract.
- Early sowing helps the plants to escape from grub damage.
- Setting up light traps helps to monitor and collect the adult beetles.
-  Use pheromone traps to monitor and capture the adult.
- The adults can be manually picked from the soil and destroyed.
- Treat seeds with Chlorpyrifos 20 EC or Quinalphos 25 EC @ 25 ml per kg of seed, 3-4 hours before sowing. 
- In case of infestation in a standing crop, apply Chlorpyrifos 20 EC or Quinalphos 25EC@ 1.6 litres per acre along with irrigation water. 

For specific recommendations or field-level diagnosis, please contact your nearest Krishi Vigyan Kendra (KVK) or Block Agriculture Officer."
"TNAU AGRITECH PORTAL CROP PROTECTION, TNAU- Tamilnadu Agricultural University",https://agritech.tnau.ac.in/crop_protection/groundnut/crop_prot_crop_insect_oil_ground%20nut_4.html,69c4dd6c50e0bc47af155920,69c4bb3f50e0bc47af1556ad,How can I manage bollworm infestation in groundnut crops?,"Bollworms, particularly the American Bollworm (Helicoverpa armigera), can cause significant damage to groundnut crops by feeding on leaves, flowers, and developing pods. Here is a comprehensive integrated pest management (IPM) approach:

Identification and Monitoring:
Bollworm larvae are greenish to brownish caterpillars with distinct stripes along their body. They cause irregular holes in leaves and can bore into developing pods. Monitor your field regularly, especially during the flowering and pod formation stages. The Economic Threshold Level (ETL) is 2–4 larvae per meter row length.

Cultural Management:

Deep Summer Ploughing: Expose pupae to natural predators (birds) and harsh weather to reduce the next generation.

Trap Cropping: Intercrop groundnut with Marigold (1 row for every 10 rows of groundnut) or Sunflower to attract adult moths away from the main crop.

Field Sanitation: Remove and destroy crop residues after harvest to break the pest cycle.

Optimal Spacing: Maintain proper plant spacing (30 cm × 10 cm) for better canopy management and easier monitoring.

Nutrient Balance: Avoid excessive nitrogen application, which promotes succulent growth that is highly attractive to pests.

Biological Control:

Use Trichogramma chilonis @40000/acre or Chrysoperia carnea @20000/acre at 40 and 50 days after sowing .

-NPV (Nuclear Polyhedrosis Virus): Use HaNPV at 100 LE/acre or B.t (Bacillus thuringiensis) 400g/acre or 5% NSKE for monitiring eggs and early instar larvae. 
-Conserve the bio control population of spiders, long horned grasshoppers, preying mantids, robber fly, ants, green lace wing, damsel flies/dragon flies, flower bugs, shield bugs, lady bird beetles, ground beetle, predatory cricket, braconids, trichogrammatids, NPV, green muscardine fungus
Natural Predators: Encourage birds by installing 20 T-shaped bird perches per acre.

Pheromone Traps: Install 2–3 traps per acre for monitoring and mass trapping of male moths.

Chemical Control (Strictly per Acre):
When the pest population exceeds the ETL, apply the following:

Emamectin benzoate 5% SG: 80–90 grams per acre.

Chlorantraniliprole 18.5% SC: 60 ml per acre.

Indoxacarb 14.5% SC: 135 ml per acre.

Spinosad 45% SC: 65 ml per acre.

Mix the recommended dosage in 200 liters of water per acre and spray uniformly, covering both upper and lower leaf surfaces. Apply during early morning or late evening for the best efficacy.

Rotation Strategy:
Rotate between different chemical groups to prevent resistance development. For example, if you use Indoxacarb for the first spray, use Emamectin Benzoate for the second. Do not apply the same insecticide more than twice per season.

Safety Precautions:

PPE Required: Wear full protective equipment including gloves, face mask, goggles, long-sleeved shirt, and boots during pesticide application.

Wind Direction: Avoid spraying against the wind direction to prevent chemical drift onto yourself.

Hygiene: Do not eat, drink, or smoke during application. Wash hands and exposed body parts thoroughly with soap after handling pesticides.

Storage: Store pesticides in original containers away from children and livestock.

Pre-Harvest Interval (PHI):
Maintain a minimum waiting period of 15–20 days between the last pesticide application and harvest, depending on the product used. Check the product label for specific PHI requirements.

Integrated Approach:
Combine cultural, biological, and chemical methods for sustainable and effective bollworm management. Begin with non-chemical methods and resort to chemical control only when necessary.

For specific recommendations or field-level diagnosis, please contact your nearest Krishi Vigyan Kendra (KVK) or Block Agriculture Officer."
UP Comprehensive POP Krishi Manjusha- Uttar Pradseh Package of Practices,https://workdrive.zoho.in/folder/xboj6ddfad60fb60f4be0ab89cba0402a8b97,69c4dfa450e0bc47af15593a,69c4bb4e50e0bc47af1556fb,What is root rot disease in Bengal gram and how can it be managed effectively?,"Root rot is a serious soilborne fungal disease affecting Bengal gram (Chickpea) crops, caused primarily by pathogens such as *Rhizoctonia solani*, *Fusarium solani*, and *Macrophomina phaseolina*. This disease can cause significant yield losses if not managed properly.

Symptoms and Identification:

 Root Rot
Identification and Symptoms:
-	Plants start drying 15–20 days after sowing. 
-	On uprooting, a cottony fungal growth is seen on the stem (early root rot), usually during October–November. 
-	In late root rot, the stem turns black and rotten and breaks easily when pulled. This stage is severe during February–March. 

Management:
1. Cultural Practices
-	Deep summer ploughing with a soil-turning plough helps control soil-borne pathogens. 
-	To reduce early root rot incidence, sow the crop in the second week of November. 
-	Use disease-resistant varieties to minimize wilt and other diseases. 

2. Seed Treatment
To control seed-borne diseases, treat seeds with:
-	Thiram 75% + Carbendazim 50% (2:1) @ 3 g/kg seed, or 
-	Trichoderma @ 4 g/kg seed and then sow.

3. Soil Treatment
To manage soil- and seed-borne diseases:
-	Mix Trichoderma viride 1% WP or Trichoderma 2% WP @ 1 kg/acre with 24–30 kg of well-decomposed farmyard manure (FYM) per acre. 
-	Sprinkle water on the mixture and keep it in the shade for 8–10 days. 
-	Apply this mixture to the field during the last ploughing before sowing. 
This practice helps in controlling major soil- and seed-borne diseases of chickpea

Safety Precautions:

When handling fungicides:
- Wear protective gloves, mask, and full-sleeved clothing
- Avoid eating, drinking, or smoking during application
- Wash hands and exposed skin thoroughly with soap after handling
- Store chemicals in original containers away from children and animals

Monitoring:

Regularly inspect fields, especially during early growth stages and after rainfall events. Early detection and intervention are crucial for effective disease management.

For specific recommendations or field-level diagnosis, please contact your nearest Krishi Vigyan Kendra (KVK) or Block Agriculture Officer."
POP bengal Gram for UP,https://sheet.zoho.in/sheet/published/xboj6b7751bf839c441fc9a84cdf30db0738d,69c4ecdd50e0bc47af1559b9,69c4bb4e50e0bc47af155741,What should I do if insects are cutting the roots of my Bengal gram plants?,"According to the Agriculture Department of Uttar Pradesh government, the main cause of young Bengal gram plants being cut at the roots is cutworm. The brown-colored larvae of this insect come out at night and cut seedlings at the ground surface, causing them to fall. To manage cutworm pests, perform deep ploughing during summer (May–June) to destroy overwintering larvae and pupae. Ensure timely sowing of crops to avoid peak pest infestation. Place small heaps of dry grass at different spots in the field, as the cutworm larvae hide in them during the day; collect and destroy these heaps early in the morning. Additionally, install about 20–25 bird perches per acre so that birds can feed on the larvae, helping to naturally reduce cutworm populations .Cutworm mainly appears during the vegetative stage of the crop, and the Economic Threshold Level (ETL) is 1 larva per plant. For effective control, Chlorpyrifos 20% EC should be incorporated into the soil at a dose of approximately 1.0 L per acre before sowing. This soil application protects seedlings during the early vegetative stage by controlling cutworm larvae present in the soil.

For specific recommendations or field-level diagnosis, please contact your nearest Krishi Vigyan Kendra (KVK) or Block Agriculture Officer."
eNam Registration Guidelines,"https://enam.gov.in/web/stakeholders-Involved/farmers#:~:text=%2D%20mandatory%20details%20like%20Name%2C%20Sex,in%20an%20e%2DNAM%20mandi.",69c4ef4750e0bc47af1559e0,69c4bb3f50e0bc47af1556d6,How can I register for selling groundnut crop at a purchasing center?,"Registration Process for Selling Groundnut at Purchasing Centers

Registering at official purchasing centers ensures farmers receive fair prices through government procurement schemes and transparent transactions. The registration process through the eNAM (Electronic National Agriculture Market)  portal is as follows

Registration can be done through following ways viz.- 
Via e-NAM Portal- http://www.enam.gov.in- 
Through Mobile Application-
Through Mandi Registration (At Gate Entry)

Via e-NAM Portal- http://www.enam.gov.in- 
1. Visit http://enam.gov.in/NAMV2/home/other_register.html  in Registration Page.
2. Select “Registration Type” as “Farmer” and select the desired “APMC”.
3. Provide your correct Email ID as you will receive Login ID and Password in the same.
4. Once successfully Registered you will receive a Temporary Login ID & Password in the given e-mail.
5. Login to the Dashboard by clicking  icon on www.enam.gov.in/web through the system.
6. User will find a Flashing Message on the Dashboard as: “Click here to register with APMC”.
7. Click on the Flashing Link which will redirect you to Registration Page for filling/updating details.
8. It will be sent for Approval to your selected APMC after KYC is completed.
9. After Successful Login to your Dashboard you will be able to see all APMC address details.
10. After Successful Submission user will receive an e-mail confirming the submission of application to concerned APMC with status of the Application as Submitted/In progress—approved—Rejected.
11. Once approved by APMC, you will receive eNAM Farmer Permanent Login ID (ex: HR866F00001) and Password for complete access on e-NAM platform on the registered e-mail id.


The farmer can also contact to their respective Mandi/APMC for the same.

There is no fee for registration on e-NAM.
Details & Documents required for registration :- mandatory details like Name, Sex, Address, DOB, Mobile Number, Bank details etc.-Documents like Passbook (Cheque leaf), Any Govt Identity proof etc.

For specific recommendations or field-level diagnosis, please contact your nearest Krishi Vigyan Kendra (KVK) or Block Agriculture Officer."
AICRP - Dry Land Agriculture - chickpea,https://workdrive.zohoexternal.in/file/qq0vwd9b32892efa74bb3b6ebce9a8840b576,69c4f5dd50e0bc47af155a4d,69c4bb4e50e0bc47af155721,How can I manage root borer infestation in Bengal gram?,"Root borer is not a significant pest of Bengal gram in the Uttar Pradesh region as per the POP of Uttar Pradesh. However, pod borers infest the pods of the crop, and cutworms enter the soil during the larval stage, pupate in the soil, and emerge as adult insects, which may give the impression of root borer.

1. Cut worm: Serious pest in low lying areas where fields are cloddy. The larvae remains hidden under these clods during the daytime & cause damage during night. It may be seen in Seedling, vegetative growth stage & reproductive stage. The caterpillar cut the plants at ground level. Larvae feed on leaves, stems and roots.

2. Pod borers: These being the lepidopteran pests, have the habit of pupating inside the soil. The larvae are green or brown, usually with a long stripe on the back and thin stripes along the sides. Young larvae initially feed on tender leaves by scraping them. As they grow, they bore into pods, inserting their heads and feeding on the grains. A single caterpillar can damage 30-40 pods during its lifetime. In severe infestations, pods become hollow, leading to significant yield loss.

3. Semilooper: This pest also being a lepidopteran pest, has the tendency to pupate in the soil. The caterpillars are green in colour and move in a looping manner. They feed on leaves, tender shoots, buds, flowers, and pods, causing significant damage.

Management:
- Carry out deep summer ploughing (May-June) to destroy pupae and larvae. 
- Ensure timely sowing to escape peak pest incidence. 
- Place small heaps of dry grass at different locations in the field. Cutworm larvae hide in these during the day; they should be collected and destroyed in the morning. 
- Practice intercropping of chickpea with linseed, mustard, or coriander, which helps reduce pod borer infestation. 
- Grow marigold as a trap crop around the field to attract pod borer moths. 
- Install 20-24 bird perches per acre to encourage birds to feed on caterpillars. 
- Monitor the crop regularly. During flowering and pod formation, install 2 pheromone traps per acre for effective monitoring and control of pod borer. 

Chemical and Biological Control Measures
If pest infestation exceeds the economic threshold level (ETL), adopt the following control measures:
- For Cutworm: Apply Chlorpyrifos 20 EC @ 1 litres per acre mixed in the soil before sowing. 
- Pod borer: Spray Helicoverpa NPV @ 100 LE/acre in 100-120 litres of water during the evening. 
- Pod borer and Semilooper:
Spray any one of the following in 200–240 litres of water per hectare: 
a. Bacillus thuringiensis (Bt) var. kurstaki @ 0.4 kg/acre 
b. Azadirachtin 0.03% WSP @ 1-1.2 kg/acre 
c. Helicoverpa armigera NPV 2% AS @ 100-120 ml/acre 
Continue regular field monitoring. If required, repeat spraying at 15-day intervals. Avoid using the same insecticide repeatedly. 

However, if these are not the symptoms observed in the field, the farmer is advised to visit the nearest KVK with either a specimen of the insect or a picture of the same or the plant sample to identify the exact pest and obtain advice on appropriate control measures.

For specific recommendations or field-level diagnosis, please contact your nearest Krishi Vigyan Kendra (KVK) or Block Agriculture Officer."
agri farming,https://www.agrifarming.in/frequently-asked-questions-about-fertilizers-,69c5092350e0bc47af155b73,69c506f650e0bc47af155b52,"Tell me the inorganic fertilizer for bihar with my N,P,K values N=10, P=10, K=1, OC=18","Based on your soil test values

Nitrogen (N) = 10 (low–medium)
Phosphorus (P) = 10 (medium)
Potassium (K) = 1 (very low) 
Organic Carbon (OC) = 0.18% (very low) 

 This soil is highly deficient in Potash (K) and Organic Carbon, so your fertilizer plan must focus on K correction + balanced NPK + organic improvement.

 1. Understanding Your NPK Status (Scientific Basis)
Fertilizer numbers (like 10:10:10) represent % of N, P, K in fertilizer
Ideal N:P:K use ratio in India ≈ 4:2:1

 Your soil ratio ≈ 10:10:1 → Highly imbalanced (K deficient)

 2. Recommended Inorganic Fertilizers (For Bihar Conditions)
 Main Objective:
Increase Potassium (K)
Maintain balanced N & P
Improve soil fertility
 (A) Basal Dose (Before Sowing)
1. DAP (18:46:0)
Supplies Nitrogen + high Phosphorus
Apply: 50–60 kg/acre
2. MOP (Muriate of Potash) (0:0:60) 
Corrects severe K deficiency
Apply: 25–30 kg/acre

 Government subsidy list confirms MOP (0-0-60) as standard K fertilizer

3. NPK Complex Fertilizer (Optional Balanced)

You can use:

NPK 10:26:26 (best for low K soils)
or NPK 12:32:16

 These are government-approved grades widely used in India

 (B) Top Dressing (After 20–25 Days)
4. Urea (46% N)
Apply: 25–30 kg/acre
Split into 2 doses

 Prevents nitrogen loss and improves efficiency

3. Organic Carbon Correction (VERY IMPORTANT)

Your OC = 0.18% (very low)
 This is critical — chemical fertilizer alone will not work effectively.

Add:
FYM (Farm Yard Manure): 4–5 tons/acre
OR Vermicompost: 1–2 tons/acre

 Improves:

Soil structure
Nutrient absorption
Microbial activity
 4. Step-by-Step Application Method
 Step 1: Land Preparation
Plough field 2–3 times
Mix FYM/compost uniformly
 Step 2: Basal Fertilizer Application

Before sowing:

Apply DAP + MOP + NPK (if using)
Mix into soil at 5–7 cm depth
 Step 3: Sowing
 Step 4: First Top Dressing (20–25 DAS)
Apply ½ Urea dose
Irrigate immediately
 Step 5: Second Top Dressing (40–45 DAS)
Apply remaining Urea
 Step 6: Irrigation Management
Avoid waterlogging
Maintain proper moisture
 5. Final Recommended Fertilizer Combination (Per Acre)
Fertilizer	Quantity
DAP (18:46:0)	50–60 kg
MOP (0:0:60)	25–30 kg
Urea	50–60 kg (split)
FYM	4–5 tons"
POP - water management paddy,http://www.agritech.tnau.ac.in/expert_system/paddy/cultivationpractices3.html,69c601f9c902f79ae8407b6f,69c52bcbc902f79ae8407a40,water management in paddy crop under rainfed conditions in Uttar Pradesh,"System of Rice Intensification (SRI)
Irrigation only to moist the soil in the early period of 10 days
Restoring irrigation to a maximum depth of 2.5cm after development of hairline cracks in the soil until panicle initiation
Increasing irrigation depth to 5.0 cm after PI one day after disappearance of ponded water.
Dry Seeded Un-Puddled Rice
As that of irrigated rice, canal water is used for irrigation
For drill sown rice care should be taken to drain out excess rain water during first 10-15 DAS and the water level in the field should not be more than 2.5cm height during tillering stage.
In drill sown rice carry out hodta operation (Planking) in standing water at 40 DAS, and impound sufficient rain water through  Semi-dry rice
The crop is irrigated from 30-35 days onwards, utilizing water impounded in the tanks.
Irrigation may be to a depth of 2.5 -5.0cm only. Follow the schedule of one day after disappearance of ponded water in order to save water and to bring additional area under this type of rice cultivation.rop growth period.
The stage at which the water stress causes severe yield reduction is also known as critical stage of water requirement.  It is also known as moisture sensitive period. 
Critical stages of water requirement in rice are
Active tillering
Panicle initiation
Booting
Heading and
Flowering.
    During theses stages, the irrigation interval should not exceed the stipulated time so as to cause the depletion of moisture below the saturation level.

"
POP Okra UP,https://sheet.zoho.in/sheet/published/dixwu387913d2ac814f9f9472ee7f79157610,69c60835c902f79ae8407be0,69c5fde1c902f79ae8407a92,What causes yellowing in okra plants and how can it be managed?,"Yellowing in okra is primarily caused by Bhendi Yellow Vein Mosaic Virus (YVMV). This is a destructive viral disease and is transmitted by whitefly, that affects the plant at all growth stages, significantly reducing yield and fruit quality.

Symptoms of Yellow Vein Mosaic Virus:
Vein Clearing: The first sign is the yellowing of the entire network of veins, while the rest of the leaf remains green.

Complete Yellowing: In severe cases, the entire leaf becomes yellow or white.

Stunting: Leaves become smaller, and the plant’s overall growth is severely restricted.

Fruit Deformity: Fruits become small, hard, and yellow or white in color. These are bitter and unfit for the market.

Transmission: The virus is not spread by air or water; it is spread exclusively by the Whitefly (Bemisia tabaci).

Integrated Management Strategy:
Cultural Control Measures:

Resistant Varieties: Plant varieties with built-in resistance like Arka Anamika, Arka Abhay, Parbhani Kranti, or Varsha Uphar.

Roguing: Immediately pull out and burn any plant that shows the first sign of yellow veins. Do not leave them in the field.

Sanitation: Remove weeds like Croton sparsiflorus and Malvastrum, which act as ""reservoirs"" for the virus and whiteflies.

Spacing: Maintain 45–60 cm between rows and 30 cm between plants to reduce humidity, which whiteflies love.

Barrier Crops: Plant 2–3 rows of Maize or Sorghum around the okra field to act as a physical barrier against flying whiteflies.

Mechanical & Biological Control:

Yellow Sticky Traps: Install 15–20 traps per acre. Whiteflies are attracted to the yellow color and get stuck, reducing the population without chemicals.

Neem Spray: Apply Azadirachtin (1500 ppm) @ 600 ml per acre. This acts as a repellent and prevents whiteflies from laying eggs.

Conservation: Protect natural predators like ladybird beetles and spiders that eat whiteflies.

Chemical Control (Strictly per Acre):
Since the virus cannot be cured, you must kill the Whitefly to stop the spread:

Imidacloprid 17.8% SL: 100 ml per acre in 200 liters of water.

Thiamethoxam 25% WG: 40–60 grams per acre.

Diafenthiuron 50% WP: 240 grams per acre (highly effective for whitefly suppression).

Acetamiprid 20% SP: 40 grams per acre.

4-5 foliar sprays of Dimethoate (0.05%)or metasystox (0.02%)or
Nuvacron (0.05%) at an interval of 10days effectively controls the whitefly population

Note: Always spray the underside of the leaves, as that is where whiteflies hide and feed.

Safety Precautions:
PPE Required: Wear protective gloves, masks, and long-sleeved clothing.

Timing: Apply chemicals during early morning or late evening.

PHI (Pre-Harvest Interval): Wait 3–5 days after any chemical spray before harvesting. Okra is a food crop; do not harvest and sell immediately after spraying.

Storage: Keep all insecticides in original labeled containers and away from children.


"
"Okra disease NHB.pdf,NHB-National Horticulture Board",https://workdrive.zohoexternal.in/folder/tz2iw0d014bb4dc634b9f884577cdc54de711?layout=list,69c60835c902f79ae8407be0,69c5fde1c902f79ae8407a92,What causes yellowing in okra plants and how can it be managed?,"Yellowing in okra is primarily caused by Bhendi Yellow Vein Mosaic Virus (YVMV). This is a destructive viral disease and is transmitted by whitefly, that affects the plant at all growth stages, significantly reducing yield and fruit quality.

Symptoms of Yellow Vein Mosaic Virus:
Vein Clearing: The first sign is the yellowing of the entire network of veins, while the rest of the leaf remains green.

Complete Yellowing: In severe cases, the entire leaf becomes yellow or white.

Stunting: Leaves become smaller, and the plant’s overall growth is severely restricted.

Fruit Deformity: Fruits become small, hard, and yellow or white in color. These are bitter and unfit for the market.

Transmission: The virus is not spread by air or water; it is spread exclusively by the Whitefly (Bemisia tabaci).

Integrated Management Strategy:
Cultural Control Measures:

Resistant Varieties: Plant varieties with built-in resistance like Arka Anamika, Arka Abhay, Parbhani Kranti, or Varsha Uphar.

Roguing: Immediately pull out and burn any plant that shows the first sign of yellow veins. Do not leave them in the field.

Sanitation: Remove weeds like Croton sparsiflorus and Malvastrum, which act as ""reservoirs"" for the virus and whiteflies.

Spacing: Maintain 45–60 cm between rows and 30 cm between plants to reduce humidity, which whiteflies love.

Barrier Crops: Plant 2–3 rows of Maize or Sorghum around the okra field to act as a physical barrier against flying whiteflies.

Mechanical & Biological Control:

Yellow Sticky Traps: Install 15–20 traps per acre. Whiteflies are attracted to the yellow color and get stuck, reducing the population without chemicals.

Neem Spray: Apply Azadirachtin (1500 ppm) @ 600 ml per acre. This acts as a repellent and prevents whiteflies from laying eggs.

Conservation: Protect natural predators like ladybird beetles and spiders that eat whiteflies.

Chemical Control (Strictly per Acre):
Since the virus cannot be cured, you must kill the Whitefly to stop the spread:

Imidacloprid 17.8% SL: 100 ml per acre in 200 liters of water.

Thiamethoxam 25% WG: 40–60 grams per acre.

Diafenthiuron 50% WP: 240 grams per acre (highly effective for whitefly suppression).

Acetamiprid 20% SP: 40 grams per acre.

4-5 foliar sprays of Dimethoate (0.05%)or metasystox (0.02%)or
Nuvacron (0.05%) at an interval of 10days effectively controls the whitefly population

Note: Always spray the underside of the leaves, as that is where whiteflies hide and feed.

Safety Precautions:
PPE Required: Wear protective gloves, masks, and long-sleeved clothing.

Timing: Apply chemicals during early morning or late evening.

PHI (Pre-Harvest Interval): Wait 3–5 days after any chemical spray before harvesting. Okra is a food crop; do not harvest and sell immediately after spraying.

Storage: Keep all insecticides in original labeled containers and away from children.


"
Bhendi .pdf,https://workdrive.zohoexternal.in/folder/u9pf7c3ecd49909d948aabbda218c693120a1?layout=list,69c61287c902f79ae8407c95,69c5fde1c902f79ae8407a9e,What are the nutrient requirements and fertilizer recommendations for okra (bhindi) cultivation?,"Okra is a heavy feeder that requires a steady supply of nutrients to produce tender pods continuously. A balanced application of organic and inorganic fertilizers is essential for a high-quality harvest.

Soil Preparation and Basal Application (Per Acre)
Before sowing, you must build the soil's foundation:

Organic Manure: Incorporate 10 tonnes of well-decomposed Farmyard Manure (FYM) or compost per acre during the final ploughing.

Neem Cake: Apply 100 kg of Neem Cake per acre. This provides nitrogen and protects roots from nematodes and soil-borne pests.

1 - Nutrients and their deficiency symptoms
Nitrogen: Plants are stunted. Leaves are smaller than normal. Leaves are yellow. Shoots are thin. Pods are tough.

Correction measures: Application of nitrogen fertilizer at optimum dose. The dose may be determined by soil test. In absence of soil testing. 40- 150 kg N/ac (86kg urea should be split in 3 - 4 doses) may be applied. Three or four consecutive foliar sprays with 1% urea solution at an interval of 10 days. Six foliar sprays with 2% urea solution at an interval of 7 days starting from 20 day safter sowing.


2 - Phosphorous: Plants are stunted. Leaves are dark green. Application of phosphorus fertilizer at optimum dose. The dose may be determined by soil test in absence of soil testing.
Correction measures: 8-75 kg P2O5/ac may be applied.
 150 kg single super phosphate (SSP)
3 -Potassium: Number of leaves are low. Leaf margins are brown yellow, brown or scorched. Abscission of scorched leaves. 
Correction measures: Application of potassium fertilizer at optimum dose. The dose may be determined by soil test. In absence of soil testing,20 - 75 kg potash /ac may be applied.

In normal fertile soil, 32 kg nitrogen, 16 kg phosphorus, and 16 kg potash can be applied per acre. 

4-  Magnesium: Lower leaves show yellow spots. Veins are green. 
 Correction measures: Foliar spray with 1 – 2 %magnesium sulphate (MgSO4.7 H2O) may be tried.

5 - Manganese: Leaves show chlorosis. Foliar spray with 0.6% manganese sulphate + 0.3% lime may be tried. 
Correction measure: Foliar spray of MnSO4@0.5%.

6 - Zinc: Number of leaves are low. Leaves are smaller. Leaves are mottled. Stem is thin. 
Correction measures: Broadcasting of zinc sulphate @ 4.5 - 9.0 kg/ac along with NPK fertilizers. band placement of zinc sulphate @ 2.2 - 4.5 kg/ac along with NPK fertilizers. Foliar spray with zinc sulphate @ 0.7 kg Zn/ac. . Foliar spray with zinc sulphate @ 1.4 Zn /ac.
7 - Boron: Leaves become brittle; stunted plant growth, young leaves become smaller in size; malformed fruits. 
Correction measure: Foliar spray of borax@0.5%
8 - Iron: Stunted plant growth; chlorosis occur in young leaves
Correction measure: Foliar spray of FeSO4 @05.%

Application Method: Apply fertilizers in a band 7–10 cm away from the plant base and incorporate them into the soil with light hoeing, followed immediately by irrigation.

Micronutrient Management
Okra is sensitive to Zinc and Boron deficiencies, which can cause stunted growth and fruit dropping.

Zinc: If soil is deficient, apply 10 kg Zinc Sulphate per acre during land preparation. Alternatively, use a 0.5% Zinc foliar spray (5g per liter) at 30 and 45 days.

Boron: To prevent flower drop and ""crooked"" pods, apply 4 kg Borax per acre to the soil or spray 0.1% Solubor (1g per liter) during flowering.

Foliar Nutrition for Higher Yields
Foliar sprays provide an immediate ""boost"" when the plant is under the stress of heavy fruiting.
Safety and Best Practices
PPE: Wear gloves when handling chemical fertilizers to avoid skin irritation.

Soil Testing: Always get your soil tested every 2 years to avoid over-fertilizing, which wastes money and can damage soil health.

Irrigation: Never apply dry fertilizer to a bone-dry field; always ensure the soil is moist or irrigate immediately after application.

For specific recommendations or field-level diagnosis, please contact your nearest Krishi Vigyan Kendra (KVK) or Block Agriculture Officer."
UP Comprehensive Krishi Manjusha- Uttar Pradesh Package of Practices,https://workdrive.zohoexternal.in/folder/u9pf7c3ecd49909d948aabbda218c693120a1,69c614b7c902f79ae8407cdb,69c5fde1c902f79ae8407a90,How do I manage thrips infestation in okra (bhindi)?,"As per the POP of Uttar Pradesh, NIPHM thrips is not an important pest of Okra. The thrips consider as minor sucking pest of okra.

Thrips:
This is polyphagous pests. Eggs are colourless; bean shaped; turns yellow towards maturation; laid singly inside the plant tissues. Larvae resembles adult in general body form but lacked wings. They usually feed on older leaves. Full fed larvae descends to the soils of leaf litter where it pupates making an earthen chamber. Adult are pale yellow with numerous dark setae. A black line from the juncture of wings runs along the back of the body. Slender fringed wings are pale. Fringe is shorter on the anterior edge than posterior. Body length is 0.8 -1.0 mm. Thrips
antenna is seven segmented, Ocelli red pigmented.

Management:
- Destruction of debris, crop residues, weeds & other alternate hosts
- Deep summer ploughing.
- Adoption of proper crop rotation and avoid growing of malvaceae, cucurbits or solanacea crops in sequence.
- Field should be kept free from weeds.
- Set up yellow sticky traps 15 cm. above the crop canopy for monitoring and mass trapping of Thrips  @ 10-20 traps per acre. 
- Spray Imidacloprid 17.8% SL @ 40 ml in 200 liters of water per acre.

For specific recommendations or field-level diagnosis, please contact your nearest Krishi Vigyan Kendra (KVK) or Block Agriculture Officer."
POP Okra - UP,https://sheet.zoho.in/sheet/published/u9pf7d1793f8c7d6345a8aa1c16bbe7d6d480,69c624afc902f79ae8407e02,69c5fde1c902f79ae8407ad5,How can I control Neel Gay (Blue Beetle) infestation in okra?,"Understanding the Neel Gay (Blue Beetle) Pest

The Neel Gay, commonly known as the Blue Beetle or Lily Beetle (scientific name varies by region, but often refers to Aulacophora species), is a significant pest affecting okra crops. These beetles feed on leaves, flowers, and young pods, causing considerable damage to plant health and yield.

**Integrated Pest Management (IPM) Approach**

**1. Cultural Control Methods:**
- Remove and destroy crop residues immediately after harvest to eliminate breeding sites
- Practice crop rotation with non-host crops like cereals to break the pest cycle
- Maintain proper field sanitation by removing weeds that serve as alternate hosts
- Use trap crops such as bottle gourd or pumpkin along field borders to attract and concentrate beetles
- Hand-pick adult beetles during early morning hours when they are less active and destroy them

**2. Mechanical Control:**
- Install yellow sticky traps @ 8-10 traps per acre to monitor and trap adult beetles
- Use light traps to attract and kill adult beetles during evening hours
- Regular monitoring of the crop, especially during flowering and fruiting stages

**3. Biological Control:**
- Apply Beauveria bassiana (fungal biopesticide) @ 5-10 grams per liter of water, spray thoroughly on affected plants
- Use Neem-based products (Azadirachtin 0.03% EC) @ 5 ml per liter of water as a botanical insecticide
- Encourage natural predators like birds, spiders, and predatory beetles by maintaining biodiversity

**4. Chemical Control (When Threshold Exceeds):**

When the beetle population exceeds 2-3 beetles per plant, chemical intervention may be necessary:

Recommended safer insecticides (as per ICAR/IIVR)
Imidacloprid 0.3 ml/litre
Thiamethoxam 0.25 g/litre
Lambda-cyhalothrin 0.5 ml/litre

**Pre-Harvest Interval (PHI):**
- Malathion: 3-5 days
- Carbaryl: 3-5 days
- Lambda-cyhalothrin: 3-5 days
- Strictly adhere to PHI before harvesting okra pods for consumption

**Important Precautions:**
- Do not spray during flowering hours to protect pollinators
- Store pesticides in original containers away from food and animal feed
- Dispose of empty pesticide containers safely according to local regulations
- Maintain a spray record including date, chemical used, and dosage

**Monitoring and Prevention:**
- Scout fields regularly (2-3 times per week) for early detection
- Focus on preventive measures rather than reactive control
- Maintain plant vigor through balanced fertilization and adequate irrigation

For specific recommendations or field-level dia"
NRRI,https://nrri.in/?utm_source=chatgpt.com,69c63d35c902f79ae8407f19,69c527f0c902f79ae8407a1b,paddy pest control in Odisha,"Paddy Pest Control in Odisha (ICAR-NRRI Based)

 Odisha conditions (high humidity + rainfall) favor pests like:

Yellow Stem Borer
Brown Plant Hopper (BPH)
Leaf Folder
Case worm
Gall midge

 Confirmed by ICAR National Rice Research Institute surveys

 Major Pests & Identification
1. Yellow Stem Borer (Scirpophaga incertulas)
Symptom: Dead heart (vegetative stage), white ear (grain stage)
2. Brown Plant Hopper (BPH) (Nilaparvata lugens)
Symptom: Yellowing → drying → hopper burn patches
3. Leaf Folder
Leaves folded + white streaks 2. Economic Threshold Level (VERY IMPORTANT)

 Spray only when pest crosses ETL (as per ICAR-NRRI):

Stem borer: 1 egg mass/m²
Leaf folder: 2 damaged leaves/hill
BPH: 5–10 insects/hill
 3. Cultural Control (First Line of Defense)

✔ Timely transplanting (July in Odisha)
✔ Use resistant varieties (e.g., Swarna, IR64)
✔ Avoid excess nitrogen (urea increases BPH)
✔ Maintain proper spacing
✔ Drain water intermittently (important for BPH control)
✔ Remove weeds and alternate hosts

 4. Mechanical & Monitoring

 Install:

Pheromone traps: 8 traps/ha for stem borer
Light traps: 1/acre

 Field scouting:

2–3 times/week

 Drain water for 2–3 days if BPH appears

 5. Biological Control (Highly Recommended)

✔ Release:

Trichogramma japonicum → controls stem borer eggs

✔ Spray:

Neem seed kernel extract (NSKE 5%)
Neem-based Azadirachtin

✔ Encourage predators:

Spiders
Dragonflies
Birds
 6. Chemical Control (Only After ETL)
🔹 For Stem Borer

 Chlorantraniliprole 18.5% SC – 60 ml/acre
 Cartap hydrochloride 50 SP – 600 g/ha

🔹 For BPH

✔ Imidacloprid – 0.3 ml/litre
✔ Buprofezin – 320 ml/acre

🔹 For Leaf Folder

✔ Lambda-cyhalothrin – 0.5 ml/litre"
IIMR ludhina,https://www.researchgate.net/publication/380898025_ICAR-Indian_Institute_of_Maize_Research_PAU_Campus_Ludhiana_Punjab-141_004_India_Maize_Production_for_Food_Feed_and_Fodder?utm_source=chatgpt.com,69c63f6fc902f79ae8407f4f,69c62ce9c902f79ae8407eab,Can you tell me about maize?,"“Maize (Zea mays L.) is an important cereal crop of the family Poaceae, commonly referred to as the ‘Queen of Cereals’ due to its highest genetic yield potential and wide adaptability, and is used for food, feed, fodder, and various industrial purposes.”"
POP for Groundnut UP,https://sheet.zoho.in/sheet/published/xboj6f916adeb55b140c0aa8c47c3d1a040fe,69c65787c902f79ae84080d3,69c4bb3f50e0bc47af15568e,"What are the causes, symptoms, and management strategies for wilt disease in groundnut crop?","Wilt is a minor fungal disease of groundnut that primarily affects seedlings and young plants, causing wilting, drying, and eventual death.

Causal organism: Fusarium oxysporum and Fusarium solani

Symptoms:
-Germinating seeds are attacked shortly before emergence, leading to tissue disintegration and covering of seedlings with sporulating mycelium.
-Damping-off symptoms appear as brown to dark brown, water-soaked, sunken lesions on the hypocotyl.
-Lesions later encircle the stem and extend above the soil surface.
-Roots are also infected, particularly the apical portions.
-Affected seedlings turn yellow and wilted; leaves become greyish green.
-Plants eventually dry up and die.
-Internal vascular browning and discoloration is observed in roots and stems.
-The pathogens are also associated with pod rot.

Management:
Treat seeds with systemic fungicides such as Carbendazim 50% WP @ 2 g/kg seed.

For specific recommendations or field-level diagnosis, please contact your nearest Krishi Vigyan Kendra (KVK) or Block Agriculture Officer."
press information bureau,https://www.pib.gov.in/PressReleasePage.aspx?PRID=2003998&utm_source=chatgpt.com,69c659a3c902f79ae84080f1,69c64b63c902f79ae840802d,I want to help bring down the AQI levels in Delhi in December. I am a paddy farmer in Ropar. What can I do?,"1. Completely Avoid Stubble Burning (Most Important Step)
Paddy straw burning is a major contributor to winter air pollution in North India
Government has mandated zero stubble burning

👉 As per Commission for Air Quality Management:

States like Punjab must ensure zero burning and strict residue management
🚜 2. Adopt In-situ Crop Residue Management (Best Option)
✔ Use Machines like:
Happy Seeder
Super SMS (Straw Management System)
Rotavator / Mulcher

👉 These machines:

Mix straw into soil
Allow direct wheat sowing
Improve soil fertility

📌 Government provides subsidy (50–80%) under CRM Scheme

👉 Under Crop Residue Management scheme:

Lakhs of machines distributed to farmers in Punjab
🌱 3. Use Pusa Bio-Decomposer (Low-cost & Effective)

Developed by Indian Agricultural Research Institute

Benefits:
Converts stubble into manure in 15–20 days
Improves soil health
Very low cost
🏭 4. Sell Paddy Straw (Ex-situ Management)

Instead of burning, you can earn money 💰

Options:
Biomass power plants
Paper & packaging industries
Bio-CNG plants

👉 Government promotes this under revised CRM guidelines:

Farmers can act as aggregators and suppliers of straw to industries
⚡ 5. Supply Straw for Power Generation (Biomass Co-firing)

👉 As per government rules:

Thermal power plants must use paddy straw pellets

📌 This reduces:

Air pollution
Coal usage
⏱️ 6. Timely Sowing & Crop Planning
Avoid late harvesting
Use short-duration paddy varieties

👉 This gives more time for:

Residue management
Wheat sowing without burning
🤝 7. Use Custom Hiring Centres (CHCs)
If machines are expensive, rent them
Available under government schemes

👉 Small farmers can even get free or subsidized access

📢 8. Participate in Awareness & Community Action
Join village-level campaigns
Encourage other farmers
Follow local administration guidelines"
UP- POP for Sunhemp,https://sheet.zoho.in/sheet/published/hcuw6a938388ec369433a8f6b21e059c9a8fc,69c758c4c902f79ae840849c,69c26c37381d8764d12865b6,What should I do if insects are cutting the sunnhemp crop at the base?,"Leaf-Cutting Insects in Sunnhemp: Management Guide

Leaf-cutting damage in sunnhemp is commonly caused by several insect pests, primarily **caterpillars** (including semi-loopers and hairy caterpillars), **grasshoppers**, and occasionally **leaf-eating beetles**. Proper identification and timely intervention are crucial for protecting your crop.

## **Step 1: Pest Identification**

Examine the damaged plants carefully to identify the pest:

- **Semi-looper caterpillars** (Plusia spp.): Green caterpillars that move in a looping motion, causing irregular holes in leaves
- **Hairy caterpillars**: Feed in groups initially, then disperse, causing extensive defoliation
- **Grasshoppers**: Large insects that bite leaves from edges, leaving ragged margins
- **Bihar hairy caterpillar**: Dark-colored, hairy larvae that can cause severe defoliation

## **Step 2: Cultural and Mechanical Control**

- **Hand-picking**: For localized infestations, manually remove and destroy caterpillars and egg masses in the early morning hours
- **Light traps**: Install light traps @ 1 per acre to attract and kill adult moths
- **Bird perches**: Set up bird perches @ 10-12 per acre to encourage natural predation
- **Field sanitation**: Remove crop residues and weeds that may harbor pests
- **Deep ploughing**: After harvest, plough the field to expose pupae to predators and sunlight

## **Step 3: Biological Control**

- Apply **Bacillus thuringiensis (Bt)** @ 1-2 kg per hectare mixed in 500-600 liters of water
- Spray **Neem-based formulations** (Azadirachtin 0.03% EC) @ 2.5-3.0 liters per hectare
- Apply in the evening hours for maximum effectiveness, as caterpillars are most active during night

## **Step 4: Chemical Control (When Threshold is Exceeded)**

If the infestation exceeds economic threshold level (2-3 larvae per meter row length), use the following insecticides:

**For Caterpillars:**
- **Chlorantraniliprole 18.5% SC** @ 150 ml per hectare in 500 liters of water
- **Emamectin benzoate 5% SG** @ 200-220 grams per hectare
- **Quinalphos 25% EC** @ 1.5-2.0 liters per hectare

**For Grasshoppers:**
- **Malathion 50% EC** @ 1.5-2.0 liters per hectare
- **Chlorpyrifos 20% EC** @ 2.0 liters per hectare

## **Application Guidelines**

- Spray during cooler hours (early morning or late evening)
- Ensure thorough coverage of both upper and lower leaf surfaces
- Use a spray volume of 500-600 liters per hectare for adequate coverage
- Rotate different groups of insecticides to prevent resistance development

## **Safety Measures**

**Personal Protective Equipment (PPE):**
- Wear long-sleeved shirts, long pants, and closed-toe shoes
- Use chemical-resistant gloves, goggles, and face mask/respirator
- Wash hands and exposed skin thoroughly with soap and water after application
- Launder contaminated clothing separately before reuse

**Pre-Harvest Interval (PHI):**
- Chlorantraniliprole: 20 days
- Emamectin benzoate: 10-15 days
- Quinalphos: 15 days
- Malathion: 7 days

Do not harvest or allow livestock to graze before the PHI period expires.

## **Monitoring and Prevention**

- Scout your fields regularly (at least twice per week) for early detection
- Monitor for egg masses on lower leaf surfaces
- Maintain proper plant spacing to reduce humidity and pest buildup
- Avoid excessive nitrogen fertilization, which encourages lush growth attractive to pests

For specific recommendations or field-level diagnosis, please contact your nearest Krishi Vigyan Kendra (KVK) or Block Agriculture Officer"
Indian Agriculture Research Journal,https://epubs.icar.org.in/index.php/IndHort/article/view/101931?utm_source=chatgpt.com,69c7a798c902f79ae84089ce,69c7215cc902f79ae840840f,tomato leaf curl virus treatment in Maharashtra,"Tomato Leaf Curl Virus (ToLCV) Management in Maharashtra
Important Scientific Fact (Very Important for Exams)
Tomato Leaf Curl Virus is a viral disease
Transmitted by: Whitefly (Bemisia tabaci)
 No direct chemical cure is available for the virus
 Management is based on vector (whitefly) control + preventive measures
1. Use Resistant Varieties (Most Effective Method)
Grow resistant/tolerant varieties such as:
Arka Rakshak
Arka Samrat

 Resistant varieties are best long-term solution

 2. Nursery Management (Very Important in Maharashtra)

 Key Addition (often missed):

Raise seedlings under insect-proof net (40 mesh)
Treat nursery with:
Imidacloprid @ 0.3 ml/L (drench)

 Prevents early whitefly infestation

3. Cultural Practices

✔ Remove infected plants (roguing) immediately
✔ Maintain field sanitation
✔ Avoid overlapping crops

 Addition (ICAR-based):

Use silver/reflective mulch → reduces whitefly attack
Avoid peak whitefly season planting
 4. Vector (Whitefly) Control – MOST IMPORTANT
Chemical Control
Spray:
Imidacloprid insecticide @ 0.3 ml/L
OR
Thiamethoxam insecticide @ 0.25 g/L
OR
Acetamiprid insecticide @ 0.2 g/L

 Spray at 10–15 day interval

Biological / Eco-friendly Methods
Spray Neem oil @ 3–5 ml/L
Install yellow sticky traps (8–10/acre)
 5. Integrated Pest Management (IPM)

✔ Remove weeds (alternate host of virus)
✔ Use border crops (maize/sorghum)
✔ Avoid excess nitrogen fertilizer"
ICAR,https://icar.org.in/,69c7b818c902f79ae8408b18,69c79e4cc902f79ae840894a,"Nonclimacteric fruits produce very small amount of ethylene, Karnataka","Non-climacteric fruits are those that do not show a climacteric rise (sudden increase) in respiration and ethylene production during ripening.

 Key Point -
👉 They produce very low or negligible amounts of ethylene, and no sharp peak in ethylene production occurs during ripening,
Ethylene release in non-climacteric fruits is significantly lower compared to climacteric fruits
They do not show a sudden increase in ethylene and respiration"
TANU,https://www.agritech.tnau.ac.in/expert_system/banana/cropprotection.html?utm_source=chatgpt.com,69c7c397c902f79ae8408c14,69c79940c902f79ae84088eb,What are the measures to prevent banana pseudostem borer disease?,"Banana pseudostem borer (Odoiporus longicollis) is a major insect pest causing tunneling inside the pseudostem, leading to plant weakening and yield loss. Effective management should follow an Integrated Pest Management (IPM) approach based on recommendations from institutions like ICAR and TNAU.

 1. Cultural & Preventive Measures (Most Important)
Use healthy, pest-free planting material.
Remove and destroy infested pseudostems immediately after harvest.
Avoid leaving cut stems/stubbles in the field (they act as breeding sites).
Practice field sanitation and regular pruning of suckers.
Follow crop rotation with non-host crops like paddy or sugarcane.
Maintain proper spacing and drainage to avoid pest buildup.
Apply hot water treatment (52–55°C for 15–20 min) to suckers before planting.
 2. Mechanical & Trapping Methods
Use pseudostem traps (cut stem pieces) placed in the field to attract and kill adults.
Regularly collect and destroy trapped weevils.
Pheromone + pseudostem traps are highly effective in reducing population.
 3. Biological Control (Eco-friendly & Recommended)
Apply Beauveria bassiana in soil or pseudostem:
Effective in killing larvae and adults.
Use neem-based products:
Neem cake @ 500 g/pit or neem oil application reduces infestation.
Natural predators like ants help reduce pest population.
 4. Chemical Control (Only When Severe Infestation)
Apply insecticides at collar region or pseudostem:
Chlorpyriphos 2.5 ml/L
Carbaryl 1 g/L
Treat planting material with insecticide solution before planting.
Avoid excessive chemical use to prevent resistance and environmental harm.
 5. Integrated Nutrient & Field Management
Apply balanced fertilizers to maintain plant vigor.
Avoid waterlogging and excess moisture (favors pest multiplication).
Keep field weed-free."
Hairy caterpillars: Eupterote spp TNAU Agritech,https://agritech.tnau.ac.in/crop_protection/crop_prot_crop_insect_oil_castor.html,69c9f70bc902f79ae8408e9a,69c9f36cc902f79ae8408e0a,How to control hairy caterpillar in barseem?,"The Hairy Caterpillar (locally known as Bhabu Kuta) is like that uninvited guest who shows up right when the party is ending. As the surrounding wheat and mustard fields are harvested in March and April, these caterpillars migrate in massive waves to the only green thing left: your Berseem.

If you aren't careful, they can devour 90% of your fodder in a few days, leaving your livestock with nothing but stems.

1. The ""Golden Hour"" of Control (Mechanical)
The best time to catch these pests is when they are still ""young and social.""

Gregarious Phase: When the caterpillars first hatch, they stay together in a tight group on a single leaf.

Action: If you spot these clusters early, simply handpick the infested leaves and drop them into a bucket of water with a little kerosene or detergent. This stops a massive outbreak before it even starts.

2. Chemical Management (The HAU Standard)

If the ""Soondi"" has already spread across your 1-acre plot, you need to act fast with the standard CCS HAU Hisar recommendation:

*The Dose: Spray 400 ml of Malathion 50 EC per acre.

The Mixture:

Manual Pump: Mix in 300 liters of water.

Power Sprayer: Mix the same 400 ml of chemical but in only 30 liters of water (the 1/10th water rule).

Application: Spray during the early morning or late evening when the caterpillars are most active on the top of the leaves.

3. The ""Dairy Safety"" Rules
Since this is fodder for your buffaloes and cows, safety is non-negotiable:

The 7-Day Wait: You MUST wait at least 7 days after spraying Malathion before you cut that Berseem for feeding. This allows the chemical residue to break down.

"
National Horticulture Board,https://nhb.gov.in/nursery/report/nurseryreport.aspx?enc=JFg4M7VAmRWST8gU62nUMw==,69ca4a66c902f79ae8409452,69ca46e5c902f79ae84093d6,Where can I purchase high-quality guava plants and what factors should I consider when buying planting material?,"Purchasing quality guava planting material is crucial for establishing a successful orchard with healthy, high-yielding trees. 
 
 Sources for Quality Guava Plants :
(NHB-accredited nurseries)
 
-The following nurseries are accredited by the National Horticulture Board (NHB) and supply quality planting material:

-A One Nursery - Allahabad Safeda ,Hisar Safeda, L-49
-Bala Ji Fruit Nursery - Hisar Safeda 
-Bala Ji HI-TECH Green Nursey- Hisar Safeda
-Bala Ji Nursery - Allahabad Safeda, ,Hisar Safeda, Hisar Surkha, L-49
-Breath green nursery -Hisar Safeda
-Hari Om Nursery-Allahabad Safeda ,Hisar Safeda, L-49 , Hisar Surkha
-K.S. Pradhan Nursery, (Virender Singh)-Allahabad Safeda ,Hisar Safeda,   L-49
-Kamal Nursery-Allahabad Safeda ,Hisar Safeda, L-49
-Kisan Fruit Nursey - Hisar Safeda
-Mahalaxmi Nursey - Hisar Safeda
-Nature Green Farms - Hisar Safeda, Hisar Surkha
-New Kisan Nursery - Hisar Safeda, Hisar Surkha
-Palwal Fruit Nursery - Hisar Safeda, Hisar Surkha
-Sharda Nursery - Hisar Safeda ,kinnow
-Shree Shani Dev Hightech Nursey - Hisar Safeda, Hisar Surkha
 
 Key Factors to Consider When Purchasing
 
 Plant Selection :
-Good and disease - free plants should be taken from a good nursery.
- Plants should be medium in growth and height should not be more than  one - two years old.
 - Ensure that the rootstock and scion are properly grafted/budded and the union is strong.
- At the time of lifting from the nursery, plants should be dug carefully with intact root system.
-Remove the polythene/plastic covering at the time of planting without disturbing the root ball.
 
 Variety Selection:
 Choose  the varieties suited to your region and according to your purposes. 
- Allahabad Safeda - Popular white pulp variety, good quality fruits.
- Hisar Safeda - White pulp, High yielding.
- L-49 - creamy white, Good-quality fruits.
 
 For specific recommendations or field-level diagnosis, please contact your nearest Krishi Vigyan Kendra (KVK) or Block Agriculture Officer.
"
CCSHAU State: Variety of Guava,https://workdrive.zohoexternal.in/file/pw6rdeebe1c0b31f94e9eb583b7426ca6a019,69ca4bf6c902f79ae8409490,69ca46e5c902f79ae84093d9,"What is the best time for planting guava, and what are the recommended practices for establishment?","Guava can be planted successfully during two main seasons, with specific practices to ensure healthy establishment and optimal growth.
 
Optimal Planting Seasons:
 - According to the climate of Haryana, January-February and August to October are the best times to plant a garden. Guava plants should be planted from August to October because at this time the weather becomes somewhat cold and humid. Guava Varieties: Important information
 
Pre-Planting Preparation:
  - Before planting a garden, prepare the ground well. 
 - Dig a pit of one meter depth and one meter diameter, and fill the pit with equal parts of the top half meter of soil, rotted cow dung compost, and 2 kg of single super phosphate. 
 - Before planting the plants, give open water in the pits so that the seeds of the pits sit well. After planting the plants, give 30 ml of chlorpyrifos per hole mixed with water
 
Planting Procedure:
  - Select healthy, disease-free saplings from certified nurseries. The selected plants should not be more than 2 years old. When the plants leave the nursery, they should be dug properly and with full roots.
 - Preferred varieties include Allahabad Safeda, Lucknow 49, Hisar Safeda, Hisar Surkha, Banarasi Surkha depending on regional suitability.
-Plant to plant and row to row distance should be 6-7 meters.
- Plant the sapling at the center of the pit at the same depth as it was in the nursery bag
- Ensure the graft union remains 10-15 cm above soil level.
- Create a basin around the plant for efficient water retention
- Provide support stakes to young plants to prevent wind damage
 
Post-Planting Care:
 - Irrigate immediately after planting and maintain a regular watering schedule (every 10-15 days ).
 - Apply light mulch around the base to conserve moisture and suppress weeds
 - Protect young plants from direct sunlight using temporary shade during extreme summer
 - Remove competing weeds regularly within a 1-meter radius of the plant
 - Monitor for pests like aphids and whiteflies during early establishment
 
Special Considerations:
  - Avoid planting during extreme summer (May-June) as high temperatures cause transplant stress and poor survival
  - In waterlogged areas, plant on raised beds or mounds to prevent root rot
  - Ensure proper drainage to avoid Fusarium wilt infection during the establishment phase
 
 For specific recommendations or field-level diagnosis, please get in touch with your nearest Krishi Vigyan Kendra (KVK) or Block Agriculture Officer."
ICAR-Indian Institute of Millets Research,https://www.millets.res.in/books/Pests_of_Millets.pdf,69ccc79bc902f79ae8409a16,69ccb719c902f79ae840991b,Bajra has been growing for 22 days and now aphids are attacking the plants. What should I do?,"Aphids can cause significant harm by sucking the sap from the leaves and stems, leading to stunted growth and reduced yield.
 
Step-by-Step Guide to Control Aphids
 
1. Identify the Infestation
  - Visual Inspection: Carefully examine the leaves and stems for clusters of small, soft-bodied insects. Aphids are usually green, brown, or black and can be found on the undersides of leaves.
  - Check for Honeydew and Sooty Mold: Aphids excrete honeydew, which can lead to the growth of sooty mold, further reducing photosynthesis.
 
2. Physical Removal
  - Wash with Water: Use a strong jet of water from a hose to dislodge aphids from the plants. This method is effective for small infestations and can be done regularly to keep the population in check.
 
 3. Chemical Control
  -  Apply Dimethoate 30 % EC@5 ml/liter.
  - Neem Oil: Neem oil is a natural pesticide that can be used to control aphids. Mix 2 tablespoons of neem oil per liter of water and apply it to the plants. Neem oil works by disrupting the feeding and reproductive processes of aphids.
 
 4. Biological Control
  - Encourage Natural Predators: Introduce or attract natural predators such as ladybugs, lacewings, and parasitic wasps. These beneficial insects can help control aphid populations without the use of chemicals.
 
 5. Preventive Measures
  - Crop Rotation: Rotate your pearl millet crops with other crops to reduce the buildup of aphids and other pests.
 
 Safety Precautions
 - Personal Protective Equipment (PPE): Wear gloves, long sleeves, and pants when applying any chemical treatments.
 
 For specific recommendations or field-level diagnosis, please contact your nearest Krishi Vigyan Kendra (KVK) or Block Agriculture Officer.
 
 By following these steps, you can effectively manage aphid infestations in your pearl millet crop and ensure a healthy harvest."
"ICAR-AICRP on Pearl Millet,",https://www.aicpmip.res.in/pathogolical.html,69ccd4bdc902f79ae8409a72,69ccb719c902f79ae8409934,Leaf spot in Pearl Millet,"Leaf spot is a common disease affecting pearl millet (bajra). It is caused by various fungal pathogens, primarily *Cercospora* and *Phaeosphaeria*. This disease can significantly reduce yield and quality if not managed properly. Hereâ€™s a comprehensive guide to managing leaf spot in pearl millet:
 
 ### Identification
 - **Symptoms**: Look for small, circular, brown to black spots on the leaves. These spots may expand and merge, causing the leaves to turn yellow and eventually fall off.
 - **Impact**: Severe infections can lead to significant yield loss and poor grain quality.
 
 ### Management Strategies
 
 #### 1. **Cultural Practices**
 - **Crop Rotation**: Avoid growing pearl millet in the same field year after year. Rotate with non-host crops like legumes or cereals to reduce pathogen build-up.
 - **Sanitation**: Remove and destroy infected plant debris to prevent the spread of the disease.
 
 #### 2. **Seed Treatment**
 - **Metalaxyl Seed Treatment**: Apply a metalaxyl-based fungicide as a seed treatment to protect the young plants from fungal infections. Follow the recommended dosage and application method provided by your local agricultural extension service.
 
 #### 3. **Fungicides**
 - **Application Timing**: Apply fungicides during the early stages of the growing season when the first symptoms appear. Repeat applications may be necessary depending on the severity of the infection.
 - **Chemical Options**: Use a systemic fungicide like mancozeb or chlorothalonil. Apply these fungicides at a rate of 2-3 kg per hectare, depending on the product label. Always wear protective clothing, including gloves and a respirator, and follow the Pre-Harvest Interval (PHI) of 21 days.
 
 #### 4. **Hybrid Selection**
 - **Disease Resistant Varieties**: Opt for hybrid varieties that are resistant to leaf spot. Consult your local Krishi Vigyan Kendra (KVK) for recommended varieties suitable for your region.
 
 #### 5. **Irrigation Management**
 - **Watering Practices**: Avoid overhead irrigation, as it can splash spores onto the leaves. Use drip or furrow irrigation to minimize leaf wetness.
 
 ### Monitoring and Early Detection
 - **Regular Scouting**: Conduct regular field inspections to detect early signs of leaf spot. Early detection allows for timely intervention and control.
 
 ### Mandatory Footer
 For specific recommendations or field-level diagnosis, please contact your nearest Krishi Vigyan Kendra (KVK) or Block Agriculture Officer.
 
 By following these steps, you can effectively manage leaf spot in pearl millet and ensure a healthy crop yield."
POP for Crops of Punjab KHARIF 2024,https://pau.edu/content/ccil/pf/pp_kharif.pdf,69ccda58c902f79ae8409ac3,69ccb719c902f79ae8409931,Give me seed treatment of bajra,"For effective seed treatment in pearl millet (bajra), it is crucial to protect the seeds from soil-borne diseases and pests. One of the most common diseases affecting bajra is downy mildew, which can be managed through seed treatment. Here is a step-by-step guide to seed treatment:
 
 Step 1: We have to Select the Right Seed Treatment
Seed treatment with biopesticides( trichoderma hazianum @4g/kg) or thiram 75% dust @3g/kg seed will help against soil borne diseases and seed treatment with 300 mesh- sulfur powder @4g/kg seeds control smut disease. For removing, ergot affected seeds they are soaked in 10% salt solution . In detail, for better understanding take 100gm of salt for every 1000ml of water and soak seeds for removing ERGOT affected seeds. Seeds are treated with azospirllium (600g) and  phosphobacterium to enhance the avaliable nitrogen and phosphorus and for downy mildew seed can be treated with metalaxyl  35 SD @ 6 g/kg. The primary seed treatment for pearl millet is Metalaxyl, which is effective against soil-borne diseases such as downy mildew. Metalaxyl is a fungicide that provides protection to the seeds and young seedlings.
 
Step 2: We have to Prepare the Seed Treatment Solution
 - Metalaxyl Concentrate- Use a 0.2% solution of Metalaxyl. This means mixing 200 grams of Metalaxyl with 100 liters of water.
 - Seeds- Ensure the seeds are clean and dry before treatment.
 
  Step 3: Apply the Seed Treatment
 - Mixing: Place the seeds in a large container and pour the prepared Metalaxyl solution over them. Mix thoroughly to ensure all seeds are coated.
 - Soaking: Allow the seeds to soak in the solution for at least 2-3 hours. This ensures that the fungicide penetrates the seed coat and provides better protection.
 
 Step 4: Dry the Seeds
 - Drainage After soaking, drain the excess solution from the seeds.
 - Drying: Spread the seeds on a clean, dry surface and allow them to air dry for 2-3 hours. This helps in removing any excess moisture and ensures the seeds are ready for sowing.
 
 Step 5: Store Treated Seeds
 -Storage: Store the treated seeds in a cool, dry place until they are ready for sowing. Ensure the storage area is free from pests and rodents.
 
 Safety Precautions
 - Personal Protective Equipment (PPE): Wear gloves, goggles, and a mask when handling the fungicide.
 - Pre-Harvest Interval (PHI): There is no specific PHI for Metalaxyl in pearl millet. However, always follow the manufacturer's guidelines.
 
Additional Considerations
 - Hybrid Selection: Consider using hybrid bajra seeds, as they often have better resistance to diseases and pests.
 - Sowing Time: Opt for kharif sowing, which typically occurs from June to July, depending on the region.
 
 For specific recommendations or field-level diagnosis, please contact your nearest Krishi Vigyan Kendra (KVK) or Block Agriculture Officer.
 
 
 By following these steps, you can effectively treat your pearl millet seeds to protect them from diseases and ensure a healthy crop."
agri machinery,https://agrimachinery.nic.in/,69cce6b6c902f79ae8409b6d,69c65f0fc902f79ae8408160,where can i rent a combine,Farmers can rent combine harvesters from Custom Hiring Centres (CHCs) established under the Sub-Mission on Agricultural Mechanization (SMAM) by the Government of India. These centres provide farm machinery on rent through the CHC Farm Machinery portal/app and through local institutions like KVKs and agriculture offices.
TNAU POP,https://agritech.tnau.ac.in/crop_protection/mustard/crop_prot_crop_insect_oil_mustard_6.html,69ccea9cc902f79ae8409b8f,69cca6b6c902f79ae8409841,What is the solution for aphids in mustard?,"Symptoms of damage:

Both nymphs and adults suck the sap from leaves, buds and pods
Curling may occur in infested leaves and at advanced stage plants may wither and die
Plants remain stunted and sooty molds grow on the honey dew excreted by the insects
The infected filed looks sickly and blighted in appearance
Identification of the pest:

Aphids: are small, soft-bodied, pearl-shaped insects that have a pair of cornicles (wax-secreting tubes) projecting out from the fifth or sixth abdominal segment.
Management:

Use tolerant varieties like JM-1 and RK-9501
Destroy the affected parts along with aphid population in the initial stage
The crop sown before 20th October escapes the damage
Set up yellow stick trap to monitor aphid population
Conserve the following natural enemies: Ladybird beetles viz., Coccinella septempunctata, Menochilus sexmaculata, Hippodamia variegata and Cheilomones vicina thatare most efficient predators of the mustard aphid. Adult beetles may feed on an average of 10-15 adults/day
A number of entomogenous fungi, Cephalosporium spp., Entomophthora and Verticillium lecanii infect aphids
Several species of syrphid fly i.e., Sphaerophoria spp., Eristallis spp., Metasyrphis spp., Xanthogramma spp and Syrphus spp. are predating on aphids
The braconid parasitoid Diaretiella rapae, a very active bio-control agent cause the mummification of aphids
The lacewing, Chrysoperla carnea predates on the mustard aphid colony
Predatory bird Motacilla cospica is actively feeding over aphids in February-March
Spray the crop with one of the following in the flowering stage: Imidacloprid 17.8 SL (0.2 g/l) is highly effective. Re-application after 15 days is recommended for high populations"
Crop Production :: Millets:: Cumbu TNAU,https://agritech.tnau.ac.in/agriculture/millets_cumbu.html,69ccfa7dc902f79ae8409ce1,69ccb719c902f79ae840991e,What are the essential nutrients required for the growth of Bajra (Pearl Millet) and how can they be applied?,"To ensure optimal growth and yield of Bajra (Pearl Millet), it is crucial to understand the essential nutrients required and their application methods.

Fertilizer application in pearl millet (bajra) should be done based on soil testing for best results. If soil test results are not available, a general recommendation per acre is to apply about 32–40 kg nitrogen, 16 kg phosphorus (P₂O₅), and 16 kg potash (K₂O). This can be supplied through 70–90 kg urea, 35–40 kg DAP (or about 100 kg SSP), and 25–27 kg MOP per acre. For proper application, the full dose of phosphorus and potash and half of the nitrogen should be applied as basal at the time of sowing, while the remaining half of nitrogen should be applied as top dressing 25–30 days after sowing. This split application ensures better nutrient use efficiency, promotes healthy crop growth, and improves yield.

For specific recommendations or field-level diagnosis, please contact your nearest Krishi Vigyan Kendra (KVK) or Block Agriculture Officer.
 
 By following these guidelines, you can ensure that your Bajra crop receives the necessary nutrients for healthy growth and maximum yield."
Recommended_package_of_practices-Pearl_millet.pdf IIMR,https://millets.res.in/technologies/Recommended_package_of_practices-Pearl_millet.pdf,69ccfa7dc902f79ae8409ce1,69ccb719c902f79ae840991e,What are the essential nutrients required for the growth of Bajra (Pearl Millet) and how can they be applied?,"To ensure optimal growth and yield of Bajra (Pearl Millet), it is crucial to understand the essential nutrients required and their application methods.

Fertilizer application in pearl millet (bajra) should be done based on soil testing for best results. If soil test results are not available, a general recommendation per acre is to apply about 32–40 kg nitrogen, 16 kg phosphorus (P₂O₅), and 16 kg potash (K₂O). This can be supplied through 70–90 kg urea, 35–40 kg DAP (or about 100 kg SSP), and 25–27 kg MOP per acre. For proper application, the full dose of phosphorus and potash and half of the nitrogen should be applied as basal at the time of sowing, while the remaining half of nitrogen should be applied as top dressing 25–30 days after sowing. This split application ensures better nutrient use efficiency, promotes healthy crop growth, and improves yield.

For specific recommendations or field-level diagnosis, please contact your nearest Krishi Vigyan Kendra (KVK) or Block Agriculture Officer.
 
 By following these guidelines, you can ensure that your Bajra crop receives the necessary nutrients for healthy growth and maximum yield."
Microsoft Word - PMP - WDD Karnataka,https://watershed.karnataka.gov.in/storage/pdf-files/Sujala%20Docs/PMP.pdf,69ccfa9ac902f79ae8409ce5,69ccb719c902f79ae840992f,What are the best cultural practices for growing pearl millet (bajra)?,"Growing pearl millet (bajra) effectively requires a combination of proper cultural practices to ensure healthy crop growth and high yields. Here are the key steps to follow: 

In Uttar Pradesh, in terms of area, pearl millet ranks after wheat, rice, and maize. It is a good crop for areas with low rainfall. It can be successfully cultivated in regions receiving 40 to 50 cm of annual rainfall. 
1. Composite varieties: ICMB-155 WCC-75 Hybrid varieties Pusa-322 Pusa-23 Selection of land: Light or sandy loam soil is suitable for pearl millet. Proper drainage of the land is essential. 
2. Soil treatment: To protect the crop from soil-borne diseases, mix 1kg/acre of Trichoderma harzianum 2% WP with 20-30 kg of well-decomposed farmyard manure, sprinkle lightly with water, keep it in shade for 8–10 days, and then apply it to the field at the time of final ploughing. 
3. Field preparation: The first ploughing should be done with a mould board plough, followed by 2–3 ploughings with a country plough or cultivator to prepare the field. 
4. Time and method of sowing: Sowing of pearl millet should be completed from mid-July to mid-August. Sowing should be done behind the plough in furrows 4 cm deep at a distance of 50 cm. 
5. Seed rate: 1.5kg/acre 7. Seed treatment: If the seed is not treated, then before sowing, 1 kg seed should be treated with 2.5 g of Thiram. Ergot grains can be separated by dipping in 20% salt solution. 
6. Thinning and weeding: Weeding and interculture operations are very important in pearl millet. Through weeding, weeds are controlled and aeration improves, which helps roots to spread and supply nutrients to plants. First weeding should be done 15 days after germination and second after 35–40 days. 
To control weeds in pearl millet— Apply Atrazine 2 kg per hectare or 800 g per acre in medium to heavy soils, and 1.25 kg per hectare or 500 g per acre in light soils, within 2 days after sowing, mixed in 500 liters/ha or 200 liters/acre water. 
For hard weeds like Brachiaria reptans and Commelina benghalensis, application of Atrazine 600 g + Pendimethalin 30 EC 1 liter per acre mixed in 200 liters of water within 2 days of sowing gives good results.

Post-Harvest Management -
Storage: Store harvested pearl millet in a dry, well-ventilated place to prevent mold and insect infestation. Use airtight containers or bags to maintain freshness. 

For specific recommendations or field-level diagnosis, please contact your nearest Krishi Vigyan Kendra (KVK) or Block Agriculture Officer."
POP PearlnMillet,https://workdrive.zohoexternal.in/folder/hfa81b2a568cc72d84b689d59bd5304b8c625,69cd0663c902f79ae8409e99,69ccb719c902f79ae840995b,How to control Curvularia Leaf Spot problem of bajra?," Curvularia Leaf Spot- (Curvularia penniseti)

Symptoms: Small yellow-brown spots on leaves expand to oblong lesions. Center of lesions change to brown and margins remain yellow. Lesions are more common on leaf margins.

 Management: The diseases of pearl millet can be best controlled by integrating methods of chemical or biological control, and cultural practices.

 General cultural practices: 
- Maintain recommended spacing between the rows and the plants
- Keep the crop weed-free by timely weeding
- Use of resistant hybrids/verieties
- Rogue out infected plants and bury or burn them

 Chemical control: Leaf spots can be managed by spraying Mancozeb at 400 gm per acre dissolved in sufficient water quantity.

 By following these steps, you can effectively manage Curvularia Leaf Spot in your pearl millet crop and ensure a healthy harvest.  

 For specific recommendations or field-level diagnosis, please contact your nearest Krishi Vigyan Kendra (KVK) or Block Agriculture Officer."
Pop of pearl millet,https://sheet.zoho.in/sheet/published/jod1z14021c28f16b465588ad31b54c3f22f1,69cd0796c902f79ae8409eaf,69ccb719c902f79ae8409922,How to control white leaves in Pearl Millet?,"If you notice that your pearl millet (bajra) leaves are turning white, it is likely a symptom of downy mildew/ green ear, a common fungal disease affecting bajra and Zinc deficiency.

1.For zinc Deficiency: Deficiencies first in the younger leaves.  Emerging leaves uniformly pale green. Chlorosis staring at the base progressive toward the tip.  Bleached white patches on the leaves.  Older leaves have yellow streaks or chlorotic striping between veins.

Control measure: Soil application of ZnSO4 8-10 Kg/acres or foliar spray of ZnSO4 0.5%

2.Symptoms of Downey Mildew:
Downy mildew is widely distributed in all the pearl millet-growing areas in the world. Systemic symptoms, such as chlorosis, generally appear on the second leaf and all the subsequent leaves and panicles of the infected plant show symptoms. Leaf symptoms begin as chlorosis at the base of the leaf lamina and successively higher leaves show a progression of greater leaf area coverage by the symptoms. Infected chlorotic area produce a massive amount of asexual spores, generally on the lower surface, giving the leaf a ‘downy’ appearance. Systemically infected plants remain stunted, either do not produce a panicle or produce malformed panicles

Management:
The diseases of pearl millet can be best controlled by integrating methods of chemical or biological control, and cultural practices. 

-Practice deep plowing, crop rotation, and proper residue management.
-Use improved/recommended varieties.
-As soon as symptoms appear, dissolve 2 g of Carbendazim 50% WP or Thiophanate Methyl 70% WP per liter of water and spray twice at a 10-day interval.
-Severe Outbreak: In cases of extreme infection, uproot and destroy the affected plants.

 For specific recommendations or field-level diagnosis, please contact your nearest Krishi Vigyan Kendra (KVK) or Block Agriculture Officer.
"
Human‑Wildlife Conflict (2023),https://indo-germanbiodiversity.com/pdf/publication/publication25-04-2023-1682406891.pdf,69cd0829c902f79ae8409eb6,69ccb719c902f79ae8409968,How to save the bajra crop from the pigs,"To control the damage caused by the pigs in pearl millet
Management:
1. Physical Barriers (Most Effective)
Fencing:
Use strong, electrified fences or heavy-duty wire mesh (1–1.2 m high).
Bury at least 20–30 cm underground to prevent pigs from digging under.
Temporary electric fences:
Can be moved as the crop grows; use with metal posts and maintain voltage.
Raised bunds:
Surround the field with raised soil embankments; works well with wire fencing on top.
2. Cultural Practices
Early sowing:
Reduces crop exposure to pig damage during vulnerable stages.
Plant in clusters / strips:
Makes it harder for pigs to uproot a large area at once.
Alternate forage:
Plant sacrificial crops or fodder near the field (like maize or sorghum) to distract pigs.
Clean fields:
Remove food waste or fallen grains near the field to avoid attracting pigs.
Repellents & Deterrents
3. Chemical repellents:
Commercial pig repellents are available; apply along the perimeter.
Noise / light:
Motion-activated lights or alarms can scare pigs away at night.
Dog or human patrols:
Dogs or periodic human presence near fields deter pig entry.
4. Community & Government Measures
Coordinated fencing:
If multiple farmers fence together, pigs are less likely to enter.
Local forest/wildlife authorities:
In areas with wild pigs or boars, authorities may provide trapping or population control advice."
ICAR- AGRO ADVISORY,https://icar.gov.in/sites/default/files/Circulars/ICAR-En-Kharif-Agro-Advisories-for-Farmers-2025.pdf,69cdec45201d9072ae36ada5,69c7532cc902f79ae840844c,check leaf blight disease related data in UP state,"Leaf blight is a major disease affecting crops in Uttar Pradesh, especially under humid conditions. It is caused by fungal or bacterial pathogens and leads to leaf drying and yield loss. Management includes the use of resistant varieties, crop rotation, balanced fertilization, and fungicidal sprays like Mancozeb or Propiconazole as per ICAR recommendations

1️⃣ Occurrence & Importance in UP
✔️ Field Situation in Uttar Pradesh
Leaf blight is widely reported in eastern and central UP
Severe outbreaks occur during:
High humidity
Cloudy weather
Continuous irrigation

Example:

In the potato crop, late blight incidence up to 60% has been observed in eastern UP
In sugarcane, banded leaf and sheath blight has been reported in districts like Ghazipur
 2️⃣ Causal Organisms

Leaf blight is caused by different pathogens depending on the crop:

Crop	Pathogen
Rice	Xanthomonas oryzae (bacterial)
Wheat	Helminthosporium/Bipolaris spp.
Potato	Phytophthora infestans
Sugarcane	Rhizoctonia solani
3️⃣ Symptoms (General Identification)

✔️ Common symptoms include:

Small brown or water-soaked spots on leaves
Spots enlarge and merge into blighted areas
Leaves become:
Yellow → Brown → Dry
Severe infection causes:
Complete drying of the plant

 In humid conditions:

Rapid spread and the entire crop may dry like burnt
4️⃣ Favorable Conditions

Leaf blight spreads rapidly when:

Temperature: 20–30°C
High humidity (>80%)
Continuous rainfall or irrigation
Dense crop canopy
 5️⃣ Management Practices (As per ICAR / Govt. Advisories)
 A. Cultural Practices
Use disease-free certified seed
Follow crop rotation
Maintain proper plant spacing
Avoid excess nitrogen fertilizer
 B. Chemical Control
For fungal leaf blight:
Spray:
Mancozeb
Propiconazole
Carbendazim + Mancozeb

 Example (Govt advisory):

Spray fungicide mixtures like Cymoxanil + Mancozeb for blight control
 C. Biological / Preventive Measures
Use resistant varieties
Timely sowing
Regular field monitoring
 6️⃣ Impact on Yield
Yield loss may range from:
20% to 60%, depending on severity
In severe cases:
Entire crop failure possible"
IMD weather portal,https://mausam.imd.gov.in/,69cdf008201d9072ae36ae05,69c7cd3bc902f79ae8408cae,Give 5-day weather forecast,"A 5-day weather forecast provides information about expected atmospheric conditions such as temperature, rainfall, humidity, and wind for the next five days. In India, these forecasts are issued by the India Meteorological Department.

 Generally, the forecast includes:

Day-wise maximum and minimum temperature
Probability of rainfall
Wind speed and direction
Cloud cover and humidity

 A typical 5-day forecast shows mostly normal temperature conditions with variations depending on season, along with clear, partly cloudy, or rainy weather conditions.

 This forecast is very useful for farmers to plan agricultural operations like irrigation, sowing, spraying, and harvesting.

 Agro-Advisory Based on 5-Day Forecast

(As per IMD & agricultural advisory system)

1. Irrigation
Irrigate crops only when no rainfall is expected
Avoid over-irrigation
2. Plant Protection
Do not spray pesticides during:
Rainfall
High wind conditions
Spray during the morning or evening
3. Fertilizer Application
Apply fertilizers when the soil moisture is adequate
Avoid application before rainfall
4. Harvesting
Harvest crops during dry weather
Avoid harvesting during rainy or humid conditions"
ICAR AGROMET ADVISORY,https://www.icar.gov.in/sites/default/files/2022-07/CWR-21-04-2022.pdf,69cdf3c7201d9072ae36ae49,69ca48e5c902f79ae840940b,Treatment for yellow rust in wheat,"Treatment of Yellow Rust in Wheat (Stripe Rust)
1.  Disease Overview
Yellow rust (Stripe rust) is caused by the fungus Puccinia striiformis.
Symptoms:
Yellow stripes/pustules on leaves
Powdery yellow spores
Favorable conditions:
Cool temperature + high humidity (common in North India, including Uttar Pradesh)
2.  Monitoring & Early Detection (Government Recommendation)
Regular field inspection is essential.
Immediate action should be taken at the first appearance of symptoms to prevent spread.
3.  Chemical Control (Most Important – ICAR Recommendation)
 Recommended Fungicide
Propiconazole 25 EC (Tilt)
Dose: 1 ml per litre of water (0.1%)
Quantity:
200 litres of water per acre
OR 0.5 litre per hectare fungicide

Spray immediately after disease detection.

Alternative Fungicides (as per ICAR advisories)
Tebuconazole 250 EC @ 1 ml/litre
Triadimefon 25 WP @ 0.1%
 These are effective substitutes if Propiconazole is not available.

4.  Spray Schedule
First spray: At the initial symptom
Second spray: After 10–15 days (if needed)
Spray only in:
Clear weather
No rain/fog/dew conditions
5. Preventive & Cultural Practices
Grow rust-resistant varieties (recommended by ICAR/SAUs)
Avoid excess nitrogen fertilizer
Maintain proper irrigation
Keep the field weed-free
Monitor regularly in Jan–Feb (high-risk period in UP)

Resistant varieties are the most economical control method."
Uttar Pradesh Pearl Millet,https://sheet.zoho.in/sheet/published/jod1z78899db2401b49d3aaa156aac4057670,69cdf5d1201d9072ae36ae65,69ccb719c902f79ae8409900,"In pearl millet (bajra) kharif season, what measures can be taken to control leaf blight?","To effectively manage leaf blight in pearl millet (bajra) during the kharif season, a multi-faceted approach is essential. Here are the steps to control this common pest:
 
  1.Crop Rotation and Residue Management
  - Crop Rotation: Rotate pearl millet with other crops to break the disease cycle. Avoid consecutive planting of pearl millet in the same field.
  - Residue Management: Clear and destroy crop residues after harvest to reduce the overwintering sites of the pathogen.
 
  2. Seed Treatment
  - Metalaxyl Seed Treatment: Apply a metalaxyl seed treatment to control seedling blight and early season infections. Follow the recommended dosage and application method provided by your local agricultural extension service.
 
  3. Hybrid Selection
  - Choose Resistant Hybrids: Opt for hybrid varieties that are resistant to leaf blight. Consult your local Krishi Vigyan Kendra (KVK) for the most suitable resistant hybrids for your region.
 
  4. Proper Sowing Practices
  - Timing: Sow pearl millet during the recommended kharif sowing window, typically from June to August, to avoid early season infections.
  - Depth and Spacing: Ensure proper sowing depth and spacing to promote healthy plant growth and reduce the risk of infection.
 
  5. Cultural Practices
  - **Irrigation Management**: Maintain proper irrigation practices to avoid waterlogging, which can exacerbate leaf blight. Ensure adequate drainage to prevent waterlogging.
  - **Fertilization**: Apply balanced fertilizers to promote healthy plant growth. Nitrogen is particularly important for leaf development, but excessive nitrogen can increase susceptibility to leaf blight.
 
 ### 6. **Chemical Control**
  - **Fungicides**: If the disease is severe, apply systemic fungicides such as mancozeb or chlorothalonil. Follow the recommended dosage and application method. Always wear protective clothing, including gloves and a mask, and ensure adequate safety measures are in place.
  - **Pre-Harvest Interval (PHI)**: Follow the recommended PHI for the fungicide to ensure safety and efficacy.
 
  7. Monitoring and Early Detection**
  - Regular Monitoring: Conduct regular field inspections to detect early signs of leaf blight. Early detection can help in timely intervention.
  - **Field Scouting**: Train field workers to identify symptoms of leaf blight and other diseases. Early detection can prevent the spread of the disease.
  8.Integrated Pest Management (IPM)
  - Combine Multiple Strategies: Use a combination of cultural, biological, and chemical control methods to manage leaf blight effectively. IPM strategies can help reduce the reliance on chemical inputs and promote sustainable farming practices.
 
 For specific recommendations or field-level diagnosis, please contact your nearest Krishi Vigyan Kendra (KVK) or Block Agriculture Officer.
 
 By following these steps, you can effectively manage leaf blight in pearl millet (bajra) and ensure a healthy crop yield."
AICRP On pearl millet _ ICAR-All India Coordinated Research Project,"https://www.aicpmip.res.in/technologies.html#:~:text=Application%20of%2040%20kg%20N,sunflower%20needed%20100%25%20at%20Bijapur.",69cdf855201d9072ae36aeaa,69ccb719c902f79ae8409909,Howq to control Grassy weeds in Pearl Millet?,"Weeding and hoeing are very important in bajra cultivation as they help control weeds and improve soil aeration, which enhances nutrient uptake and crop growth. The first weeding should be done about 15 days after germination, and the second weeding should be done 35–40 days after sowing.

For chemical weed control, Atrazine 50 WP can be used as a pre-emergence herbicide. Apply 800 g per acre in medium to heavy soils or 500 g per acre in light soils, mixed in 200 liters of water per acre, within 2 days after sowing for effective control of weeds.

For controlling hard-to-kill weeds such as Trianthema (Bishkhapra) and Commelina (Kankaua), apply Atrazine 50 WP @ 600 g per acre mixed with Pendimethalin 30 EC @ 1 liter per acre, diluted in about 200 liters of water per acre, within 2 days of sowing. This integrated approach ensures better weed control and healthy crop growth."
icar wheat advisory,https://iiwbr.icar.gov.in,69cdfdfb201d9072ae36af23,69c7cda7c902f79ae8408cb5,Tell me the treatment of brown rust in wheat,"1. About the Disease
Brown rust (also called leaf rust) is a major fungal disease of wheat.
It appears as small, circular brown pustules on leaves, reducing photosynthesis and yield.
 2. Conditions Favoring Disease
Moderate temperature: 15–25°C
High humidity / dew
Late sowing and dense crop
 3. Integrated Disease Management (IDM)
A. Cultural Practices (Preventive)
Use resistant varieties recommended for your region
Timely sowing (avoid late sowing)
Balanced fertilizer use (avoid excess nitrogen)
Remove volunteer plants and crop residues
B. Chemical Control (Most Effective)
👉 Recommended Fungicides (As per ICAR advisory)
Propiconazole 25 EC
Dose: 1 ml per liter of water
Spray volume: ~200 liters water per acre
Tebuconazole 50 EC
Dose: 0.1% solution (1 ml/litre approx.)
Combination fungicides
Tebuconazole + Trifloxystrobin (highly effective)

 Spray Timing

First spray at initial appearance of disease
Repeat after 10–15 days if disease persists
 4. Scientific Evidence (ICAR-Based)
Triazole fungicides like propiconazole and tebuconazole provide strong control of rust diseases and improve yield.
Propiconazole significantly reduces rust severity and enhances productivity under field conditions.
 5. Official Government Recommendation

 According to
ICAR-Indian Institute of Wheat and Barley Research

Spray Propiconazole 25 EC @ 1 ml/litre at disease onset
Ensure spraying in clear weather conditions
Early detection and timely spray prevent heavy yield loss"
Weed Management in Millets ICAR-DWR,https://dwr.org.in/Downloads/Technical_Bulletin/Technical%20Bulletin%20No-25%20-%20Weed%20Management%20in%20Millets.pdf,69ce014e201d9072ae36af50,69ccb719c902f79ae8409944,Suggest a weedicide for 20-day-old pearl millet (bajra).,"For controlling weeds in 20-day-old pearl millet (bajra), a post-emergence herbicide application is recommended. Here is a step-by-step guide to applying a suitable herbicide:
 
Thinning and weeding: Weeding and interculture operations are very important in pearl millet. Through weeding, weeds are controlled and aeration improves, which helps roots to spread and supply nutrients to plants. First weeding should be done 15 days after sowing and the second after 35–40 days after sowing.

To control weeds in pearl millet:

Pre-emergence herbicide: Atrazine is used for weed control in pearl millet. In medium to heavy soils, apply 800 g per acre, and in light soils, apply 500 g per acre, within 2 days after sowing, mixed in about 200 liters of water per acre. For controlling difficult weeds like Trianthema and Commelina, spray a mixture of Atrazine 600 g + pendimethalin 30 EC (@ 1 liter per acre in 200 liters of water per acre.

Since 15–20 days after sowing, no herbicide is recommended by the up government, manage weeds through manual weeding and hoeing for effective control and better aeration.

For specific recommendations or field-level diagnosis, please contact your nearest Krishi Vigyan Kendra (KVK) or Block Agriculture Officer."
Pop of cluster bean,https://workdrive.zohoexternal.in/folder/xkzlt4580cf7ab40748f7b296decf15bc8bf7,69ce0d01201d9072ae36b0df,69ce0ad8201d9072ae36b07b,How can I control Alternaria blight in Guar (Cluster bean)?,"Alternaria blight is a common fungal disease that affects Guar (Cluster bean) crops, causing significant yield losses. Hereâ€™s a comprehensive guide to managing this disease effectively:
 
 ### Identification
 - **Symptoms**: Look for dark brown to black lesions on leaves, stems, and pods. These lesions may spread rapidly, leading to premature leaf drop and reduced pod set.
 
 ### Cultural Practices
 - **Crop Rotation**: Rotate Guar with non-host crops to reduce the buildup of fungal spores in the soil.
 - **Sanitation**: Remove and destroy infected plant debris to prevent the spread of the disease.
 
 ### Chemical Control
 - **Fungicides**: Apply a systemic fungicide like Mancozeb or Chlorothalonil at the first sign of infection. Follow the label instructions for application rates and timing. Typically, apply at 200-300 grams per hectare, diluted in water, every 10-14 days.
 - **PPE**: Wear gloves, goggles, and a respirator when handling fungicides. Ensure proper ventilation and avoid inhaling the spray mist.
 
 ### Integrated Pest Management (IPM)
 - **Monitoring**: Regularly inspect your crop for signs of Alternaria blight. Early detection can prevent the disease from spreading.
 - **Biological Control**: Consider using biocontrol agents like Trichoderma spp. to suppress fungal growth.
 
 ### Pre-Harvest Interval (PHI)
 - **Fungicides**: Always check the label for the Pre-Harvest Interval (PHI) to ensure that the crop is safe for harvest after treatment.
 
 ### Mandatory Footer
 For specific recommendations or field-level diagnosis, please contact your nearest Krishi Vigyan Kendra (KVK) or Block Agriculture Officer.
 
 By following these steps, you can effectively manage Alternaria blight and protect your Guar (Cluster bean) crop.
"
Uttar Pradesh Brinjal,https://sheet.zoho.in/sheet/published/qe7xud333fa4c0e7c4fe4bbff6609582ee808,69ce0ff9201d9072ae36b18a,69ccffadc902f79ae8409d4d,What are the essential nutrients for Brinjal and how should they be applied?,"Brinjal, also known as eggplant, requires a balanced supply of essential nutrients for optimal growth and yield. Understanding the nutrient requirements and application methods is crucial for successful cultivation.
 
 ### Essential Nutrients for Brinjal
 
 1. **Nitrogen (N)**
  - **Role**: Promotes vegetative growth and leaf development.
  - **Application**: Apply 50-75 kg of urea per hectare at the time of planting and another 50-75 kg after the first harvest.
 
 2. **Phosphorus (P)**
  - **Role**: Enhances root development and flowering.
  - **Application**: Apply 50-75 kg of single superphosphate (SSP) or rock phosphate per hectare at the time of planting.
 
 3. **Potassium (K)**
  - **Role**: Improves fruit quality and disease resistance.
  - **Application**: Apply 75-100 kg of muriate of potash (MOP) or potassium sulphate per hectare at the time of planting and another 50-75 kg after the first harvest.
 
 4. **Calcium (Ca)**
  - **Role**: Enhances fruit firmness and reduces blossom end rot.
  - **Application**: Apply 100-150 kg of gypsum per hectare at the time of planting.
 
 5. **Magnesium (Mg)**
  - **Role**: Aids in chlorophyll formation and protein synthesis.
  - **Application**: Apply 25-30 kg of Epsom salt (magnesium sulphate) per hectare at the time of planting.
 
 6. **Sulphur (S)**
  - **Role**: Promotes overall plant health and improves fruit quality.
  - **Application**: Apply 25-30 kg of sulphur per hectare at the time of planting.
 
 ### Application Methods
 
 - **Basal Application**: Apply half of the total required nutrients as basal application at the time of planting.
 - **Top Dressing**: Apply the remaining nutrients as top dressing after the first harvest to ensure continuous nutrient supply.
 
 ### Soil Testing
 - **Soil Testing**: Conduct regular soil tests to determine the nutrient status of the soil and adjust the application rates accordingly.
 
 ### Safety and Precautions
 - **Personal Protective Equipment (PPE)**: Always wear gloves, goggles, and a mask when handling fertilizers.
 - **Pre-Harvest Interval (PHI)**: Ensure that the fertilizers are applied well before harvest to avoid any residue in the produce.
 
 ### Mandatory Footer
 For specific recommendations or field-level diagnosis, please contact your nearest Krishi Vigyan Kendra (KVK) or Block Agriculture Officer.
 
 ---
 
 By following these guidelines, you can ensure that your Brinjal crop receives the necessary nutrients for healthy growth and high yield."
Haryana Bengal Gram( Chana),https://sheet.zoho.in/sheet/published/o7ct83087ad7f043b400197077b7d82285628,69ce1320201d9072ae36b1ec,69c75facc902f79ae8408532,Could you please provide information on improved late-maturing varieties of Bengal Gram (Chana)?,"Certainly! Here are some details on improved late-maturing varieties of Bengal Gram (Chana):
 
 Key Characteristics of Late-Maturing Bengal Gram Varieties:
 - These varieties take 120-140 days to mature, compared to 90-110 days for early-maturing types.
 - They are better suited for cultivation in regions with extended growing seasons or delayed sowing.
 - Late-maturing varieties generally have higher yields and larger seed size compared to early types.
 - They also tend to have improved resistance to key diseases like Fusarium wilt, Ascochyta blight, and pod borer.
 
 Recommended Late-Maturing Bengal Gram Varieties:
 - JAKI 9218: A high-yielding variety with good tolerance to Fusarium wilt and pod borer. Matures in 125-135 days.
 - Radhey: A late-maturing variety (130-140 days) with bold grains and resistance to Ascochyta blight.
 - Vishal: Suitable for late sowing, this variety matures in 125-135 days and has moderate resistance to pod borer.
 - Kabuli-type varieties like Himachal Chana-1 and PKV Kabuli-2 are also late-maturing options.
 
 Cultivation Practices for Late-Maturing Bengal Gram:
 - Sow the crop 30-45 days later than the normal sowing window in your region.
 - Use recommended seed treatment with Trichoderma or Bacillus-based biopesticides.
 - Apply Phosphorus and Potassium as per soil test recommendations.
 - Monitor for pod borer infestations and spray Bt-based insecticides or use pheromone traps.
 - Ensure adequate soil moisture during flowering and pod development stages.
 
 For specific recommendations or field-level diagnosis, please contact your nearest Krishi Vigyan Kendra (KVK) or Block Agriculture Officer."
ICAR - AICRP on small Millets Benguluru,https://www.millets.res.in/farmer/Small_Millet_Pub/2018/1Millet-diseases.pdf,69ce5d5f201d9072ae36b802,69ccb719c902f79ae8409969,Provide information for pink stem borer pest control in pearl millet crop,"The pink stem borer (Sesamia inferens) is a significant pest in pearl millet (Bajra) crops, causing substantial yield losses. 

Symptom of damage: Central shoots dried and produce the dead hearts. 

Identification of the pest:
a. Egg: Bead like laid in rows within the leaf sheath
b. Larva: Pinkish brown with dark head
c. Adult: Straw coloured moth with white wings

Effective management strategies include a combination of cultural practices, chemical control methods and IPM.

* Integrated Pest Management (IPM): 

 - Monitoring: Regularly monitor the fields for signs of infestation using traps and visual inspections.

 - Cultural Practices: 

1. Crop Rotation: Rotate pearl millet with other crops to disrupt the life cycle of the pink stem borer.
2. Residue Management: Clear and destroy crop residues after harvest to reduce overwintering sites for the pest.
3. Early Sowing: Sow pearl millet early to avoid the peak activity period of the pink stem borer.
4. Deep ploughing of the field.
5. Removal of dead heart plant.
6. field sanitation and roguing.
7. Sowing of healthy, diease free and certified seeds.

- Chemical Control:
 Spray phosalone 35% EC at every 20 days interval.

-Biological control: the biological agents seems t be effective for this pest are Trichogramma minutum and Telenomus spp

Safety Precautions: 

a. Personal Protective Equipment (PPE): Wear gloves, long sleeves, and pants when handling chemicals. Use a respirator if necessary.

b. For specific recommendations or field-level diagnosis, please contact your nearest Krishi Vigyan Kendra (KVK) or Block Agriculture Officer.
"
Smut Disease of Pearl Millet,https://oar.icrisat.org/984/1/RA_00206.pdf,69d0999d201d9072ae36ba6d,69ccb719c902f79ae8409961,The ear head (spike) in bajra (pearl millet) is turning black,"The blackening of the bajra (pearl millet) earhead is primarily caused by two major diseases: Smut and Ergot. While both result in black structures on the grain head, they develop differently and have distinct management strategies.

Ergot
Ergot is a common disease affecting pearl millet (bajra) earheads. This disease can significantly reduce crop yield and quality.
Identification:
•	This disease appears only on a few grains of the earheads.
•	In place of the grains, brownish-black, horn-shaped knots are formed, which are called sclerotia.
•	Fungi develop in the infected flowers, which later secrete a honey-like liquid (honeydew).
•	Affected grains are harmful to both humans and animals.
Management:
•	Perform deep plowing of the field.
•	Follow the principles of crop rotation.
•	Destroy crop residues and weeds.
•	Ensure proper irrigation management.
•	Sow only improved or recommended varieties of seeds.
 *foliar spray of Thiram 0.2% or copper oxychloride 0.25% or Ziram 0.2% starting from 50% flowering.
Seed Treatment:
Seeds should be treated before sowing at the following rates per kg of seed:
•	Thiram 75% WS: 2.5 grams or
•	Carbendazim 50% WP: 2.0 grams or
•	Metalaxyl 35% WS: 6 grams
Uncertified Seeds:
Non-certified seeds should be treated with a 20% salt solution, then washed with clean water 4–5 times before being used for sowing.
Chemical Control:
Any one of the following chemicals should be applied per acre, either as dust or dissolved in 200–240 liters of water for spraying:
•	Ziram 80% WP: 800 g or
•	Zineb 75% WP: 800 g or
•	Mancozeb 75% WP: 800 g

Smut
Symptoms:
The infected florets produce sori that are larger than grains and appear oval to conical. These are initially bright green but later turn brown to black. The disease occurs during the months of September/October. Early-sown crops generally escape smut infection.
Control Measures:
-	Remove smutted earheads from the field and burn them.
-	Spray with Zineb on the panicle at the boot leaf stage, which reduces infection.
-	Intercropping with mung bean reduces smut disease.
-Various nonsystemic fungicides, including   mancozeb, the systemic fungicides Plantvax®, Vitavax®
- Cultivate resistance varieties like ICMV 82132 ,ICML -5.

For specific recommendations or field-level diagnosis, please contact your nearest Krishi Vigyan Kendra (KVK) or Block Agriculture Officer."
Pop for blight from TANU,http://www.agritech.tnau.ac.in/expert_system/paddy/cpdisblb.html#Mgmt,69d09b54201d9072ae36ba9a,69ce0b9f201d9072ae36b0a4,Solution for blight disease in stem,"Preventive method
Seed treatment with bleaching powder (100g/l) and zinc sulfate (2%) reduce bacterial blight.
Seed treatment - seed soaking for 8 hours in Agrimycin (0.025%) and wettable ceresan (0.05%) followed by hot water treatment for 30 min at 52-54oC;
 seed soaking for 8 hours in ceresan (0.1%) and treat with Streptocyclin (3g in 1 litre);
Spray neem oil 3% or NSKE 5%
Spray fresh cowdung extract for the control of bacterial blight. Dissolve 20 g cowdung in one litre of water; allow to settle and sieve. Use supernatant liquid. (starting from initial appearance of the disease and another at fortnightly interval)
Cultural methods
Grow Tolerant varieties (IR 20 IR 72,PONMANI , TKM 6).
Secure disease free seed
Grow nurseries preferably in isolated upland conditions
Avoid clipping of seedlings during transplanting.
Balanced fertilization, avoid excess N - application
Skip N - application at booting (if disease is moderate)
Drain the field (except at flowering stage of the crop)
Destruction of weeds and  collateral hosts
Avoid flow of water from affected fields
 Maintain proper plant spacing
Chemical methods
Seed treatment with bleaching powder (100g/l) and zinc sulfate (2%) reduce bacterial blight.
Seed treatment - seed soaking for 8 hours in Agrimycin (0.025%) and wettable ceresan (0.05%) followed by hot water treatment for 30 min at 52-54oC;
 seed soaking for 8 hours in ceresan (0.1%) and treat with Streptocyclin (3g in 1 litre);
Spray Streptomycin sulphate + Tetracycline combination 300 g + Copper oxychloride 1.25kg/ha. If necessary repeat 15 days later.
Application of bleaching powder @ 5 kg/ha in the irrigation water is recommended in the kresek stage.
 Foliar spray with copper fungicides alternatively with Strepto-cyclin (250 ppm) to check secondary spread"
POP greengram,https://workdrive.zohoexternal.in/folder/g25go960f76ec125b4e01acfacb28361012d9,69d0c8e2201d9072ae36bd83,69d0b4c9201d9072ae36bc88,Disease control in moong crop,"Insect pest control is crucial for maintaining the health and productivity of the mung bean crop. Here are the steps to manage common pests and diseases effectively:

### Pest Management

#### 1. **Whitefly Management**
- **Identification**: Whiteflies are tiny, winged insects that can be found on the undersides of leaves. They are often accompanied by honeydew and sooty mold.
- **Control Measures**:
- **Biological Control**: Introduce natural predators like ladybugs and lacewings.
- **Chemical Control**: Use insecticides such as imidacloprid or thiamethoxam. Ensure proper application and follow the Pre-Harvest Interval (PHI) of 14 days.
- **Cultural Control**: Remove weeds and debris that can serve as breeding sites for whiteflies.

#### 2. **Pod Borer Management**
- **Identification**: Pod borers are caterpillars that feed on the pods, causing significant damage.
- **Control Measures**:
- **Biological Control**: Use Bacillus thuringiensis (Bt) sprays, which are effective against caterpillars.
- **Chemical Control**: Apply organophosphates like chlorpyrifos or carbamates like carbaryl. Follow the PHI of 7 days.
- **Cultural Control**: Harvest pods regularly to reduce the number of larvae.

### Disease Management

#### 1. **Mung Bean Yellow Mosaic Virus (MYMV)**
- **Identification**: MYMV causes yellowing and mottling of leaves, stunted growth, and reduced yield.
- **Control Measures**:
- **Cultural Control**: Use disease-free seeds and avoid planting in fields with a history of the virus.
- **Resistant Varieties**: Plant short-duration varieties that are resistant to MYMV.
- **Chemical Control**: There are no specific chemical treatments for MYMV. Focus on preventing the spread of the virus.

#### 2. **Cercospora Leaf Spot**
- **Identification**: This disease causes brown to black spots on leaves, which can lead to premature leaf drop.
- **Control Measures**:
- **Cultural Control**: Practice crop rotation and remove infected plant debris.
- **Chemical Control**: Apply fungicides like mancozeb or chlorothalonil. Follow the PHI of 7 days.

#### 3. **Powdery Mildew**
- **Identification**: Powdery mildew appears as a white, powdery substance on leaves and stems.
- **Control Measures**:
- **Cultural Control**: Ensure good air circulation and avoid overhead irrigation.
- **Chemical Control**: Use fungicides like trifloxystrobin or azoxystrobin. Follow the PHI of 14 days.

### General Recommendations
- **Seed Treatment**: Treat seeds with Rhizobium inoculants to enhance nitrogen fixation and improve plant health.
- **Phosphorus Application**: Apply phosphorus fertilizers to promote root development and overall plant health.
- **Regular Monitoring**: Regularly inspect the crop for signs of pests and diseases. Early detection can prevent significant damage.

For specific recommendations or field-level diagnosis, please contact your nearest Krishi Vigyan Kendra (KVK) or Block Agriculture Officer.

---

CATEGORY: Pest
QUESTION: INSECT PEST CONTROL IN MOONG Disease control in moong crop"
,Answer reviewed and approved by moderator,69d3c23d87d928fc19475caf,69d3bb5f87d928fc19475cae,Which vegetables can be planted in April month,"ਅਪ੍ਰੈਲ ਮਹੀਨੇ ਵਿੱਚ ਤੁਸੀਂ **ਗਵਾਰ (Cluster Bean)** ਲਗਾ ਸਕਦੇ ਹੋ, ਜਿਸ ਦੀ ਬਿਜਾਈ ਮੱਧ ਮਾਰਚ ਤੋਂ ਮੱਧ ਅਪ੍ਰੈਲ ਤੱਕ ਕੀਤੀ ਜਾਂਦੀ ਹੈ। ਇਸ ਤੋਂ ਇਲਾਵਾ, **ਕੱਦੂ ਵਰਗੀਆਂ ਸਬਜ਼ੀਆਂ (Cucurbits)** ਦੇ ਪੌਦੇ ਪਲਾਸਟਿਕ ਟਰੇਆਂ ਅਤੇ ਪੋਲੀਥੀਨ ਥੈਲਿਆਂ ਵਿੱਚ ਮੱਧ ਮਾਰਚ ਤੋਂ ਮੱਧ ਜੂਨ ਤੱਕ ਸਫਲਤਾਪੂਰਵਕ ਤਿਆਰ ਕੀਤੇ ਜਾ ਸਕਦੇ ਹਨ। ਅਪ੍ਰੈਲ-ਮਈ ਗਰਮੀ ਦਾ ਸਮਾਂ ਹੈ, ਇਸ ਲਈ ਜ਼ਿਆਦਾਤਰ ਸਬਜ਼ੀਆਂ ਦੀ ਬਿਜਾਈ ਫਰਵਰੀ-ਮਾਰਚ ਜਾਂ ਜੂਨ-ਜੁਲਾਈ ਵਿੱਚ ਕੀਤੀ ਜਾਂਦੀ ਹੈ। ਗਵਾਰ ਲਈ 45 ਸੈਂਟੀਮੀਟਰ ਕਤਾਰਾਂ ਦੀ ਦੂਰੀ ਅਤੇ 15 ਸੈਂਟੀਮੀਟਰ ਪੌਦਿਆਂ ਦੀ ਦੂਰੀ ਰੱਖੋ। ਵਧੇਰੇ ਜਾਣਕਾਰੀ ਲਈ ਆਪਣੇ ਨਜ਼ਦੀਕੀ ਖੇਤੀਬਾੜੀ ਵਿਭਾਗ ਜਾਂ ਕੇ.ਵੀ.ਕੇ. ਨਾਲ ਸੰਪਰਕ ਕਰੋ।

**ਮੈਂ ਜੋ ਜਵਾਬ ਦਿੱਤਾ ਹੈ, ਉਹ ਸਿਰਫ਼ ਹੇਠ ਲਿਖੀਆਂ ਮਨਜ਼ੂਰਸ਼ੁਦਾ ਸਮੱਗਰੀਆਂ ਤੋਂ ਲਿਆ ਗਿਆ ਹੈ:**

| ਸਰੋਤ/ਪੀ.ਡੀ.ਐਫ. ਲਿੰਕ | ਪੰਨਾ ਨੰਬਰ |
|---|---|
| [ਸਰੋਤ 1](https://workdrive.zohoexternal.in/file/2bmyq2f7f9f20a3f74887aed1e6b52862d02a) | ਨਹੀਂ ਦਿੱਤਾ |
| [ਸਰੋਤ 2](https://workdrive.zoho.in/file/dixwu58d3909e94ec46609c797c45f50c66a5) | ਨਹੀਂ ਦਿੱਤਾ |

---

⚠️ **ਮਹੱਤਵਪੂਰਨ ਸੂਚਨਾ** ⚠️  
**(ਟੈਸਟਿੰਗ ਵਰਜ਼ਨ)**

ਇਹ ਐਪਲੀਕੇਸ਼ਨ ਵਰਤਮਾਨ ਵਿੱਚ ਵਿਕਾਸ ਅਧੀਨ ਹੈ ਅਤੇ ਸਿਰਫ਼ ਟੈਸਟਿੰਗ ਅਤੇ ਪ੍ਰਮਾਣਿਕਤਾ ਉਦੇਸ਼ਾਂ ਲਈ ਪ੍ਰਦਾਨ ਕੀਤੀ ਗਈ ਹੈ।

ਇਹ ਜਨਤਕ ਸਲਾਹਕਾਰ ਸੇਵਾ ਨਹੀਂ ਹੈ ਅਤੇ ਅਸਲ ਖੇਤੀਬਾੜੀ ਫੈਸਲਿਆਂ ਲਈ ਇਸ 'ਤੇ ਭਰੋਸਾ ਨਹੀਂ ਕੀਤਾ ਜਾਣਾ ਚਾਹੀਦਾ।

ਸਲਾਹਾਂ ਪ੍ਰਯੋਗਾਤਮਕ ਹਨ ਅਤੇ ਵਰਤਮਾਨ ਵਿੱਚ ਚੁਣੇ ਹੋਏ ਰਾਜਾਂ ਦੀਆਂ ਮੁੱਖ ਫਸਲਾਂ ਨੂੰ ਕਵਰ ਕਰਦੀਆਂ ਹਨ।

ਮੌਸਮ ਅਤੇ ਬਾਜ਼ਾਰ ਡੇਟਾ ਪ੍ਰਮਾਣਿਕ ਸਰਕਾਰੀ ਸਰੋਤਾਂ ਤੋਂ ਹੈ।"
TNAU AGRI TECH Portal,http://www.agritech.tnau.ac.in/crop_protection/cotton/crop_prot_crop_insectpest%20_cotton_13.html,69d487c587d928fc19475e1e,69d4860887d928fc19475d91,HOW TO CONTROL WHITE FLY IN TOMATO CROP,"Whitefly

symptom :It is a small insect with white wings and a yellow body.
Infants and adults suck sap from the lower surface of the leaves, causing the leaves to turn yellow. This fly spreads viral diseases like leaf curl and mosaic etc. Plant growth stops, leaves become thick, ugly and twisted. Streaks appear on the stem.
Fruits remain very small and appear dead. Prevention
a)Take healthy and disease-free seeds. (b)Control disease-spreading insects in the nursery and fields. Spray insecticides at an
interval of 10-15 days, as advised for the prevention of whitefly. Remove and destroy diseased plants in the beginning itself.


Control-

Integrated Management

ETL: 5 - 10 /leaf
Avoid alternate cultivated host crops of the whitefly like brinjal, bhendi, tomato, tobacco and sunflower in the vicinity of cotton crop.

Removal and destruction of alternate weed hosts like Abutilon indicum and Solanum nigrum from the fields and neighbouring areas and maintaining field sanitation.

Adoption of crop rotation with non-preferred hosts such as sorghum, ragi, maize.

Timely sowing with recommended spacing, preferably wider spacing and judicious application of recommended dose of fertilizers, particularly nitrogenous and irrigation management is essential to arrest the excessive vegetative growth and pest build up.

Monitoring the activities of the adult white flies by setting up yellow sticky traps at 1 foot height above the plant canopy.

Spray any one of the following insecticides when pest population reaches ETL:

Imidacloprid 17.8% SL 40 – 50 ml/acre or Buprofezin 25%SC 400 ml/acre or Diafenthiuron 50%WP 240 g/acre or Thiacloprid 21.7%SC 200- 240ml/acre or Flonicamid 50% WG 60 g/acre or Thiamethoxam ."
zoho sheet,https://sheet.zoho.in/sheet/published/qe7xu0adbb5bc5f514729b8e338ec80cf30a5?sheetid=0&range=B100,69d4894e87d928fc19475e5f,69d4860887d928fc19475dc3,How to control white yellow leaf of Tomato?,"The white yellow leaf condition in tomatoes is often a symptom of a viral infection, specifically the Tomato Yellow Leaf Curl Virus (TYLCV). This virus is transmitted by whiteflies, which can cause significant damage to tomato plants. Hereâ€™s a comprehensive guide to managing this issue: ### Identifying the Problem - **Symptoms**: Look for yellowing of leaves, especially on the upper parts of the plant. The leaves may become distorted and the plant may show stunted growth. - **Whiteflies**: Check for the presence of whiteflies, which are tiny, white, winged insects that can be found on the undersides of leaves. ### Integrated Pest Management (IPM) Approach 1. **Physical Control** - **Staking/Trellising**: Proper staking or trellising can help reduce the plantâ€™s stress and improve air circulation, making it less attractive to whiteflies. - **Insecticidal Soaps**: Use insecticidal soaps to control whitefly populations. Apply these in the early morning or late evening to avoid direct sunlight, which can cause leaf burn. 2. **Chemical Control** - **Insecticides**: Use broad-spectrum insecticides like pyrethroids or neonicotinoids to control whitefly populations. Always follow the label instructions and wear protective gear, including gloves, long sleeves, and a mask. - **Systemic Insecticides**: Apply systemic insecticides such as imidacloprid or thiamethoxam. These are absorbed by the plant and provide protection against whiteflies. Ensure to follow the Pre-Harvest Interval (PHI) to avoid contaminating the produce. 3. **Biological Control** - **Predatory Insects**: Introduce natural predators like ladybugs, lacewings, and parasitic wasps to control whitefly populations. These can be purchased from local agricultural supply stores. - **Whitefly Traps**: Use yellow sticky traps to monitor and reduce whitefly populations. Place these traps near the plants to attract and trap the insects. 4. **Cultural Practices** - **Crop Rotation**: Rotate tomato crops with non-host plants to reduce the buildup of viruses and pests. - **Sanitation**: Remove and destroy infected plants to prevent the spread of the virus. Clean tools and equipment to avoid spreading the virus to healthy plants. 5. **Virus Management** - **Virus Resistant Varieties**: Plant virus-resistant tomato varieties to reduce the risk of infection. - **Virus Management**: If the virus is present, focus on managing the symptoms and preventing further spread. Use calcium sprays to manage blossom end rot, which can be exacerbated by viral infections. ### Mandatory Footer For specific recommendations or field-level diagnosis, please contact your nearest Krishi Vigyan Kendra (KVK) or Block Agriculture Officer. By following these steps, you can effectively manage the white yellow leaf condition in your tomato plants and protect your crop from further damage."
AESA BASED IPM PAckAgE ToMATo,https://workdrive.zohoexternal.in/folder/xww672d551d86ee2140598385946ef67cabda?layout=list,69d4895a87d928fc19475e61,69d4860887d928fc19475dde,How to control fings in tomato?,"Fungal diseases in Tomato.

Damping-off Disease -

Symptoms:
This is a very serious disease in the nursery stage. Seedlings may die both before and after germination. Infected seedlings collapse and fall over near the soil surface.

Prevention and Management:

Treat the seeds before sowing with Captan or Thiram @ 2.5 g per kg of seed.
After germination, to prevent seedling collapse, drench the nursery with Captan 0.2% solution (2 g per litre of water).

Early Blight Disease -

Symptoms:

Round to irregular dark brown or black spots appear on leaves and fruits.
On stems, lesions first appear oval and later become elongated (cylindrical), which may lead to drying and death of the plant.
On fruits, spots usually start from the stalk (pedicel) end.

Prevention and Management:

Avoid excessive irrigation in the nursery.
Apply well-decomposed farmyard manure.
Treat seeds with fungicides recommended for damping-off disease before sowing.
Spray Ziram or Zineb or Mancozeb @ 400 g per acre in 200 litres of water at 10–15 day intervals.

For specific recommendations or field-level diagnosis, please contact your nearest Krishi Vigyan Kendra (KVK) or Block Agriculture Officer."
Chaudhary Charan Singh Haryana Agricultural University  white fly pdf,https://workdrive.zohoexternal.in/folder/1j88o4c30e6e8168f49cb87788b1c615c2e14?layout=list,69d48a7087d928fc19475e98,69d4860887d928fc19475dbb,"Regarding tomato problem, I noticed small holes in my tomato leaves and some of the leaves are turning yellow. What could be the issue and how can I manage it?","The symptoms you are observing, such as small holes in the leaves and yellowing, are indicative of a common pest problem in tomato plants: the whitefly. Whiteflies are tiny insects that feed on the underside of leaves, causing damage and transmitting viruses. ### Managing Whiteflies on Tomato Plants #### Step 1: Identify the Pest - **Visual Inspection**: Carefully inspect the undersides of the leaves for small, winged insects. Whiteflies are usually pale yellow to white and about 1-2 mm in size. - **Symptoms**: Look for yellowing leaves, stunted growth, and honeydew (a sticky substance) on the leaves and stems. #### Step 2: Implement Cultural Controls - **Physical Removal**: Use a strong jet of water from a hose to dislodge whiteflies from the plants. This can be done early in the morning or late in the evening when the insects are less active. - **Staking/Trellising**: Ensure your tomato plants are well-supported with stakes or trellises. This not only helps in better air circulation but also makes it easier to spot and manage pests. #### Step 3: Use Biological Controls - **Predatory Insects**: Introduce natural predators like ladybugs, lacewings, and parasitic wasps. These beneficial insects can help control whitefly populations. - **Neem Oil**: Apply neem oil at a rate of 2-3 ml per liter of water. Neem oil is a natural pesticide that disrupts the life cycle of whiteflies. Apply it in the early morning or late evening to avoid direct sunlight, which can cause leaf burn. #### Step 4: Chemical Control (if necessary) - **Insecticidal Soap**: Use insecticidal soap at a rate of 5-10 ml per liter of water. This is effective against whiteflies but should be used as a last resort. Always wear protective gloves and goggles when handling chemicals. - **Pyrethroids**: If the infestation is severe, you may need to use a pyrethroid-based insecticide. Apply it at a rate of 20-30 ml per liter of water. Follow the Pre-Harvest Interval (PHI) of 7-14 days to ensure safety. #### Step 5: Preventive Measures - **Regular Monitoring**: Keep a close eye on your plants for any signs of pests or diseases. Early detection can prevent severe infestations. - **Sanitation**: Remove and destroy any infected plant material to prevent the spread of pests and diseases. ### Safety Precautions - **Personal Protective Equipment (PPE)**: Always wear gloves, goggles, and a mask when applying any chemical treatments. - **Pre-Harvest Interval (PHI)**: Follow the recommended PHI for any chemical treatments to ensure the safety of the produce. For specific recommendations or field-level diagnosis, please contact your nearest Krishi Vigyan Kendra (KVK) or Block Agriculture Officer. --- By following these steps, you can effectively manage whitefly infestations and protect your tomato plants."
Pop of tomato,https://workdrive.zohoexternal.in/folder/pcgrwb3beb2c863714a2789362835b265fd90,69d48dce6d20ff52131df5a7,69d4860887d928fc19475dd4,How to control nematodes problem in tomato crops?,"Controlling nematodes in tomato crops is crucial for maintaining healthy plants and high yields. Nematodes can severely damage the roots, reducing the plant's ability to absorb water and nutrients, leading to stunted growth and reduced productivity. 

Root Knot Disease
-Plants affected by root knot nematodes turn yellow and their growth stops.
-Knots form in the roots of the plants or they swell.
Prevention : 
-By doing 2 to 3 deep ploughings of the field (at an interval of 10 to 15 days) in Mayand June, the number of nematodes decreases significantly.
-Plant Hisar Lalit variety of tomato in nematode-infested fields

Identify the Nematode Species -
Sampling: Collect soil samples from the affected area and send them to a laboratory for nematode species identification. This will help in choosing the appropriate control method. 

 Cultural Practices
 - Crop Rotation: Rotate crops to avoid planting tomatoes in the same field for at least 3-4 years. This can help reduce nematode populations. 
- Sanitation: Remove all plant debris and weeds from the field to minimize nematode habitats. 

Physical Barriers
 - Root Barrier: Use physical barriers like plastic mulch to prevent nematodes from reaching the roots. Ensure the mulch is properly sealed to prevent nematodes from entering the soil. 

Soil Amendments
 - Organic Matter: Incorporate organic matter like compost or well-rotted manure into the soil to improve its structure and reduce nematode populations. 

Chemical control:
•	 Apply dazomet technical @ 12-16 g/acre (nursery)

Monitoring
 - Regular Inspections: Regularly inspect the plants for signs of nematode damage, such as stunted growth, yellowing leaves, and wilting. Early detection can help in timely intervention.

 For specific recommendations or field-level diagnosis, please contact your nearest Krishi Vigyan Kendra (KVK) or Block Agriculture Officer. By following these steps, you can effectively manage nematode populations in your tomato crops and ensure healthy plant growth and high yields.
"
Pop of haryana,https://workdrive.zohoexternal.in/folder/xww672d551d86ee2140598385946ef67cabda,69d490c46d20ff52131df61b,69d4860887d928fc19475dca,How to control hairy caterpillar in tomato,"Hairy caterpillars, also known as tomato fruitworms, can cause significant damage to tomato plants by feeding on leaves, stems, and fruits. Hereâ€™s a comprehensive guide to managing these pests effectively: ### Identification - **Appearance**: Hairy caterpillars are typically green or brown with a hairy appearance. They can grow up to 2.5 cm in length. - **Damage**: They feed on leaves, stems, and fruits, causing holes and defoliation. Infested fruits may show signs of damage and become unsuitable for consumption. ### Integrated Pest Management (IPM) Approach 1. **Monitoring** - **Regular Inspection**: Check plants regularly for signs of caterpillars, especially during the fruiting stage. - **Trap Crops**: Use trap crops like corn to attract caterpillars away from tomato plants. 2. **Physical Control** - **Handpicking**: Manually remove caterpillars from plants and dispose of them. - **Netting**: Cover plants with fine mesh netting to prevent caterpillars from feeding. 3. **Biological Control** - **Predators**: Encourage natural predators such as ladybugs, lacewings, and parasitic wasps. - **Bacillus thuringiensis (Bt)**: Apply Bt, a bacterial insecticide, which is effective against caterpillars. Follow the label instructions for application and safety. 4. **Chemical Control** - **Insecticides**: Use broad-spectrum insecticides like spinosad or pyrethroids. Ensure proper application and follow the Pre-Harvest Interval (PHI) to avoid chemical residues in the produce. - **Safety Measures**: Wear protective clothing, including gloves, goggles, and masks when applying insecticides. Store chemicals in a secure location away from children and pets. 5. **Cultural Practices** - **Staking/Trellising**: Support plants with stakes or trellises to reduce leaf damage and improve air circulation. - **Crop Rotation**: Rotate tomato crops with non-host plants to reduce pest buildup. ### Post-Harvest Handling - **Sorting**: Inspect harvested tomatoes for any signs of damage and remove infested fruits. - **Storage**: Store tomatoes in a cool, dry place to prevent further damage and extend shelf life. For specific recommendations or field-level diagnosis, please contact your nearest Krishi Vigyan Kendra (KVK) or Block Agriculture Officer. --- CATEGORY: Pest QUESTION: How to control hairy caterpillar in tomato ANSWER: Hairy caterpillars, also known as tomato fruitworms, can cause significant damage to tomato plants by feeding on leaves, stems, and fruits. Hereâ€™s a comprehensive guide to managing these pests effectively: ### Identification - **Appearance**: Hairy caterpillars are typically green or brown with a hairy appearance. They can grow up to 2.5 cm in length. - **Damage**: They feed on leaves, stems, and fruits, causing holes and defoliation. Infested fruits may show signs of damage and become unsuitable for consumption. ### Integrated Pest Management (IPM) Approach 1. **Monitoring** - **Regular Inspection**: Check plants regularly for signs of caterpillars, especially during the fruiting stage. - **Trap Crops**: Use trap crops like corn to attract caterpillars away from tomato plants. 2. **Physical Control** - **Handpicking**: Manually remove caterpillars from plants and dispose of them. - **Netting**: Cover plants with fine mesh netting to prevent caterpillars from feeding. 3. **Biological Control** - **Predators**: Encourage natural predators such as ladybugs, lacewings, and parasitic wasps. - **Bacillus thuringiensis (Bt)**: Apply Bt, a bacterial insecticide, which is effective against caterpillars. Follow the label instructions for application and safety. 4. **Chemical Control** - **Insecticides**: Use broad-spectrum insecticides like spinosad or pyrethroids. Ensure proper application and follow the Pre-Harvest Interval (PHI) to avoid chemical residues in the produce. - **Safety Measures**: Wear protective clothing, including gloves, goggles, and masks when applying insecticides. Store chemicals in a secure location away from children and pets. 5. **Cultural Practices** - **Staking/Trellising**: Support plants with stakes or trellises to reduce leaf damage and improve air circulation. - **Crop Rotation**: Rotate tomato crops with non-host plants to reduce pest buildup. ### Post-Harvest Handling - **Sorting**: Inspect harvested tomatoes for any signs of damage and remove infested fruits. - **Storage**: Store tomatoes in a cool, dry place to prevent further damage and extend shelf life. For specific recommendations or field-level diagnosis, please contact your nearest Krishi Vigyan Kendra (KVK) or Block Agriculture Officer.
"
English POP Disease,https://workdrive.zohoexternal.in/folder/n7cyy60e04c038d9640a5a9f5fba9c82900dd,69d5d463b50db2425fc0374b,69d5cfd8b50db2425fc03695,Information regarding control of false smut in Potato,"False smut is a serious fungal disease that affects potato plants, causing dark, smutty growths on the tubers and stems. This disease can significantly reduce yield and quality of the crop. Hereâ€™s a comprehensive guide to managing false smut in potatoes: ### Identification - **Symptoms**: Dark, smutty growths appear on the tubers and stems. These growths are initially small and dark, but they can grow rapidly and cover the entire plant. - **Impact**: Infected tubers are often discolored and may have a foul odor. The disease can also lead to stunted plant growth and reduced yield. ### Prevention - **Cultural Practices**: - **Crop Rotation**: Avoid planting potatoes in the same field for more than two years to reduce the risk of disease buildup. - **Sanitation**: Remove and destroy infected plant material to prevent the spread of the fungus. - **Seed Treatment**: Use certified, disease-free seed potatoes. Treat seeds with fungicides before planting to protect them from infection. ### Control Measures - **Chemical Control**: - **Fungicides**: Apply systemic fungicides such as mancozeb or thiophanate-methyl at the early growth stage of the crop. Follow the label instructions for application rates and safety precautions. - **Timing**: Apply fungicides at the first sign of infection or before symptoms appear. Repeat applications as per the product label. - **Biological Control**: - **Biofungicides**: Use biofungicides like Trichoderma spp. or Bacillus subtilis to enhance plant resistance and suppress fungal growth. ### Integrated Pest Management (IPM) - **Monitoring**: Regularly inspect the crop for signs of false smut. Early detection can help in timely intervention. - **Integrated Approach**: Combine cultural, chemical, and biological control methods for effective management of the disease. ### Safety Precautions - **Personal Protective Equipment (PPE)**: Wear gloves, long sleeves, and a mask when handling chemicals. Follow all safety guidelines provided by the manufacturer. - **Pre-Harvest Interval (PHI)**: Ensure that any fungicides used have a sufficient PHI to avoid contamination of the harvested crop. ### Mandatory Footer For specific recommendations or field-level diagnosis, please contact your nearest Krishi Vigyan Kendra (KVK) or Block Agriculture Officer. By following these steps, you can effectively manage false smut in your potato crop and ensure a healthy yield."
state POP,https://workdrive.zohoexternal.in/folder/n7cyyd07d68700dc64c4c96ad61a283129c36,69d5d528b50db2425fc03770,69d5cfd8b50db2425fc0366c,Information regarding improved growth in potato,"To enhance the growth of potatoes, it is essential to follow a comprehensive agronomic approach that includes proper seed selection, soil preparation, nutrient management, and disease control. Here is a step-by-step guide to improve potato growth: 

Field preparation:
-Potatoes do well in light to heavy loam soils.
-It is very important to have water drainage in the field.
-Potatoes cannot be cultivated in saline and alkaline soils.
-Level the field before sowing and make special arrangements for drainage. 
-If clumps form in the field, they should be broken before sowing

Potato Sowing Time: 
-The optimal time for sowing different varieties varies. 
-The best time for sowing Kufri Chandramukhi and Kufri Jawahar is the first week of October, while Kufri Badshahand Kufri Sutlej should be sown between October 5thand 15th.
- For an early crop, Kufri Chandramukhi and Kufri Jawahar varieties can be sown in the last week of September. During this time, the soil temperature is high, increasing the risk of tuber rot.
- To prevent tuber rot, mulching (covering the baskets with rice husks or corn or millet straw) has been proven to be very beneficial. Mulch reduces the temperature and maintains soil moisture. Early potatoes should be sown only after plowing.

Seed quantity and sowing method: 
-The amount of potato seeds depends on the size of the tubers. Sow tubers weighing 30-70 grams at a distance of 55-60cm in rows spaced 20 cm apart, and make 20-25 cm thick rows. 
-Thus, 12quintals of tubers will be required per acre. If the tubers weigh 100 grams, plant them at a distance of 35-40 cm. 
-Larger tubers can be cut and planted, but sow the cut tubers only after October 15th. The cut tubers must have 2-3 eyes and weigh no less than 25 grams. -Treat the cut tubers by dipping them in a 0.25% Indofil M-45 solution for 5-10 minutes. After this treatment, dry the cut tubers in a shady place for 14-16 hours and then use them for sowing.

Seed Germination:
-Remove seeds from cold storage 8-10 days before sowing and place them in baskets or trays in an open, cool, and airy area for germination. This location must have adequate light, but no direct sunlight. If baskets or trays are unavailable, spread the potatoes on the floor, but the surface should be no thicker than 10 cm. Tubers with weak germination or hairs should not be planted, as they are susceptible to viral infections.

Manures and fertilizers
-For potatoes, apply 20 tons of decomposed manure per acre, mixing it thoroughly during field preparation 2-3 weeks before sowing. If 20 tons of manure per acre is applied, apply only half the amount of phosphorus and potash. Fertilizers should be applied only after soil testing, but for a typical field, apply 50-60 kg of nitrogen (50 kg for early and 60 kg for late varieties), 20 kg of phosphorus, and 40 kg of potash per acre. Which is equivalent to 108-130 kg of urea, 125 kg SSP, 80 kg of MOP.
- If the soil is clayey, loamy, or sandy-loamy, apply the full amount of nitrogen, phosphorus, and potash at IFFCO sowing time. If the soil is lightly sandy, apply ¼ part of the nitrogen and the full amount of phosphorus and potash at sowing time, and the remaining amount of nitrogen 25-30 days after sowing while tilling. 
-If tilling is done with a rhizome, apply the tilling machine 5 cm below the surface of the row. Apply manure to the bottom. If a machine isn't available, you can apply manure using a hoe using oxen. After applying the manure, apply borax to coat the manure with soil. Then, place potatoes in rows and cover them with soil using a tractor or ox-drawn ridge. If planting potatoes with a hoe, apply manure 4-5 cm apart on both sides of the row, then place potatoes in rows and cover them with soil.

Irrigation:
-The best time for irrigation in potato crop is to do sowing only after ploughing the field. Apply the first water 7-10 days after sowing. Irrigation should be done at an interval of 7-10 days in the months of October and November and at an interval of10-15 days in the months of December and January.
-Although it is very important to have proper moisture in the potato field at all times, but it is necessary to have proper moisture for 20-40 days after sowing. 
-Keep in mind that the first two waterings should be done in the drains only up to half the height of the pole and never apply water above the 1/4 part of the pole

weed control and soil application:
-It has been observed that if the soil is completely covered at the time of sowing and the weeds are destroyed with some chemical, then there is no increase in the yield by applying soil after sowing.
-However, if the soil is lightly applied at the time of sowing, then apply soil 25-30 days after sowing. This reduces the number of green potatoes. If there are weeds in the field, then do the first weeding 25-30 days after sowing and then apply soil later.
-Spray Pendimethalin@ 0.48-0.6 kg per acre per acre within 10 days of sowing.

Digging up the potato:
- excavation If you've sown for an early harvest, the potatoes are still unripe when you dig them up, and their stalks are still green. Therefore, special care must be taken when digging them up. The field should not be overly moist at the time of digging. 
-These potatoes cannot be stored. Immediately after digging, remove any damaged potatoes and send the healthy ones to market for sale. 
-If digging is to be done after the potatoes have fully ripened, the field should be properly mulched. Stop irrigation 20 days before planting. You can also dig potatoes using a tractor or ox-drawn digger. This reduces costs and results in fewer potatoes being harvested.

 Disease and Pest Management 
-Use healthy, certified seed tubers
-Follow crop rotation (avoid growing potato or other solanaceous crops like tomato in the same field repeatedly)
-Maintain field sanitation (remove infected plants and debris)
-Ensure proper spacing and drainage
-Monitor fields regularly for early detection

 Harvesting 
- **Timing**: Harvest the potatoes when the foliage turns yellow and dies down. This usually occurs 10-14 days after the last application of fungicide. 
- **Storage**: Store the harvested potatoes in a cool, dry place with good ventilation. Use cold storage to maintain quality and extend the shelf life. 

For specific recommendations or field-level diagnosis, please contact your nearest Krishi Vigyan Kendra (KVK) or Block Agriculture Officer."
Physiological Disorders,https://agritech.tnau.ac.in/ta/Agriculture/Physiological_disorder_horti.pdf,69d5d7ceb50db2425fc037c8,69d5cfd8b50db2425fc0369e,Information regarding control of fruit cracking in potatoes,"Fruit cracking in potatoes can be a significant issue, leading to reduced marketability and yield. 
*THUMB-NAIL CRACKING OF PОТАТО
-CAUSE : Irregular water supply; very low soil and air temperatures; tubers handled roughly after cool dry storage.
-SYMPTOMS: Curved cracks, known as thumb-nail cracks because of the shape develop due to sudden swelling of tuber tissue, followed by cracking; split tissue develops corky layer during wound-healing.

*Here is a comprehensive guide to managing and controlling fruit cracking in potatoes:  Understanding Fruit Cracking Fruit cracking occurs when the outer skin of the potato tuber becomes weak and splits open, usually during periods of high moisture uptake. This can happen when the soil moisture levels are high, and the tubers are exposed to sudden changes in water availability.

 * Management Strategies [REMEDY: Judicious water and fertilizer supply; harvesting during warm period]

Field preparation
-Potatoes do well in light to heavy loam soils.
-It is very important to have water drainage in the field.
-Potatoes cannot be cultivated in saline and alkaline soils.
-Level the field before sowing and make special arrangements for drainage.
-If clumps form in the field, they should be broken before sowing.

 1. Irrigation Practices 
-Although it is very important to have proper moisture in the potato field at all times, but it is necessary to have proper moisture for 20-40 days after sowing. Keep in mind that the first two waterings should be done in the drains only up to half the height of the pole and never apply *water above the 1/4 part of the pole.

 2. Mulching 
- Mulching: Apply a layer of organic mulch around the potato plants. This helps in maintaining a more stable soil moisture level, reducing the risk of fruit cracking. 

 3. Hilling 
- Hilling: Continue hilling the soil around the potato plants as the tubers develop. This not only protects the tubers from frost but also helps in maintaining a more stable soil moisture environment. 

 4. Fertilization
 - Balanced Fertilization: Ensure that the soil is well-fertilized with a balanced mix of nitrogen, phosphorus, and potassium. Excessive nitrogen can lead to rapid growth and increased susceptibility to fruit cracking.
For potatoes, apply 20 tons of decomposed manure per acre, mixing it thoroughly during field preparation 2-3 weeks before sowing. If 20 tons of manure per acre is applied, apply only half the amount of phosphorus and potash. Fertilizers should be applied only after soil testing, but for a typical field, apply 50-60 kg of nitrogen (50 kg for early and 60 kg for late varieties), 20 kg of phosphorus, and 40 kg of potash per acre (109 to 130 kg Urea, SSP 125 kg and 67 kg Mop If the soil is clayey, loamy, or sandy-loamy, apply the full amount of nitrogen, phosphorus, and potash at sowing time. If the soil is lightly sandy, apply 1/4 part of the nitrogen and the full amount of phosphorus and potash at sowing time, and the remaining amount of nitrogen 25-30 days after sowing while tilling. If tilling is done with a rhizome, apply the tilling machine 5 cm below the surface of the row. Apply manure to the bottom. If a machine isn't available, you can apply manure using a hoe using oxen. After applying the manure, apply borax to coat the manure with soil. Then, place potatoes in rows and cover them with soil using a tractor or ox-drawn ridge. If planting potatoes with a hoe, apply manure 4-5 cm apart on both sides of the toes in rows and cover them with then place potatoes

 5. Harvesting 
- Timing of Harvest: Harvest the potatoes when the foliage has died down naturally. This ensures that the tubers are fully mature and less prone to cracking.

6.Storing potatoes
-If the room temperature is high, use a cooler to lower the temperature and increase the
humidity.
-For eating, potatoes can be stored in a cool, airy place at home for up to 3-4 months.
Before storing, grade the potatoes, pack them in sacks, and send them to the cold storage.
-The optimal temperature and humidity conditions in a cold storage are 0-4 degrees
Celsius and 75 to 80 percent relative humidity.

 
 Safety and Pre-Harvest Interval (PHI)
 - Personal Protective Equipment (PPE): When handling chemicals, always wear appropriate PPE, including gloves, goggles, and a respirator. 
- PHI: If you are using any chemical treatments for associated pests or diseases, ensure that you follow the Pre-Harvest Interval (PHI) guidelines to avoid contamination of the harvested potatoes. 

- For specific recommendations or field-level diagnosis, please contact your nearest Krishi Vigyan Kendra (KVK) or Block Agriculture Officer. By following these guidelines, you can effectively manage and control fruit cracking in your potato crop, leading to higher yields and better marketability."
Haryana POP - Insect pest control,https://workdrive.zohoexternal.in/folder/n7cyyf1a0d1f2f7494ad989b334b85b4f29af,69d5d9f7b50db2425fc03810,69d5cfd8b50db2425fc036c4,Insect pest control in potato using 300 ml Dimethoate Rogor 30 EC or Oxydemeton Methyl Metasystox 25 EC in 200-250 liters of water per acre.,"To effectively control insect pests in your potato crop, you can use either Dimethoate Rogor 30 EC or Oxydemeton Methyl Metasystox 25 EC. Both are systemic insecticides that provide good control of various pests. Hereâ€™s a step-by-step guide on how to apply these chemicals safely and effectively: ### Safety Precautions - **Personal Protective Equipment (PPE)**: Wear gloves, long sleeves, pants, and safety goggles to protect yourself from chemical exposure. - **Pre-Harvest Interval (PHI)**: Ensure that the PHI is followed to avoid residues in the harvested potatoes. For Dimethoate, the PHI is 14 days, and for Oxydemeton Methyl, it is 21 days. ### Application Method 1. **Mixing the Solution**: - **Dimethoate Rogor 30 EC**: Mix 300 ml of the concentrate in 200-250 liters of water per acre. - **Oxydemeton Methyl Metasystox 25 EC**: Mix 300 ml of the concentrate in 200-250 liters of water per acre. 2. **Application**: - Use a knapsack sprayer or a boom sprayer to apply the solution evenly across the field. - Ensure that the entire plant canopy is covered, including the undersides of the leaves and the stems. ### Target Pests - **Aphids**: Both Dimethoate and Oxydemeton Methyl are effective against aphids, which can cause significant damage to young plants and reduce yields. - **White Grub**: Oxydemeton Methyl is particularly effective against white grubs, which can severely damage potato tubers. ### Additional Tips - **Timing**: Apply the insecticide when the pest population is at its peak to maximize control. - **Rotation**: Rotate between different insecticides to prevent the development of resistance. - **Monitoring**: Regularly monitor your fields for pest activity and adjust your application schedule as needed. ### Mandatory Footer For specific recommendations or field-level diagnosis, please contact your nearest Krishi Vigyan Kendra (KVK) or Block Agriculture Officer. By following these guidelines, you can effectively control insect pests in your potato crop and protect your yield."
POP-POTATO-HARYANA,https://workdrive.zohoexternal.in/folder/n7cyyd07d68700dc64c4c96ad61a283129c36?layout=list,69d5daeeb50db2425fc03821,69d5cfd8b50db2425fc036b7,INFORMATION REGARDING SPRAY OF NANO UREA IN POTATO,"Spraying Nano Urea in Potato
Nano Urea (Liquid) is a nanotechnology-based fertilizer that provides nitrogen to plants as a foliar spray. It is designed to replace conventional urea top-dressing, while basal nitrogen application remains unchanged.

1. Preparation and Corrected Dosage
Dosage: Mix 2–4 ml of Nano Urea (4% N) per one liter of water.

Acreage Standard: In general, a 500 ml bottle is sufficient for spraying one acre of potato crop.

Mixing: Add the required quantity of Nano Urea to water and stir well.


2. Application Timing
To ensure maximum nutrient uptake, follow this specific timeline:

1st Spray: Apply at the active tillering/branching stage, which is typically 30–35 days after germination.

2nd Spray: Apply 20–25 days after the first spray or just before the flowering stage.

Basal Nitrogen Rule: Do not cut off the basal nitrogen supplied through DAP or complex fertilizers at the time of planting. Nano Urea is only intended to replace top-dressed urea applied in splits.

3. Compatibility and Mixing (Jar Test)
Jar Test: Before mixing Nano Urea with other pesticides or biostimulants, always perform a Jar Test.

Method: Mix a small amount of both products in a jar of water. If the mixture stays cool and shows no clumping or separation, it is compatible.

4. Application Technique and Safety
Spray Quality: Use a fine mist for uniform coverage of the leaves.

Environmental Condition: It is best to spray during the early morning or late evening when there is low wind and moderate temperature to maximize absorption through the stomata.

PPE: Wear gloves and a mask to avoid contact with the concentrated liquid.

5. Benefits of Correct Application
Efficiency: Liquid Nano Urea has higher nutrient use efficiency than conventional granules because it is absorbed directly by the leaves.

Yield: Proper nitrogen delivery at the branching stage supports better tuber development and overall plant vigor.

For specific recommendations tailored to your local conditions, soil type, and variety selection, please contact your nearest Krishi Vigyan Kendra (KVK) or Block Agriculture Officer."
CCSHAU,https://workdrive.zohoexternal.in/folder/n7cyyc9cec729e8aa463196e5490acb6c4e79,69d5dc07b50db2425fc03840,69d5cfd8b50db2425fc036dd,Tell me about the time of ripening of the potato crop.,"The ripening period of the potato crop is a critical phase that requires careful management to ensure optimal yield and quality. Potatoes typically ripen and ready for harvest depending upon the variety sown.
Kufri Chandramukhi - crop matures 80-90 days. average yield ia 25t/ha.
Kufri Jawahar- crop matures 90 days after sowing, the yield is 100-105 quintals per acre.
Kufri Badshah- crop matures100-110 days after sowing, the yield is up to 120 quintals per acre.
Kufri Pushkar - crop matures 90-100 days of planting, its yield can be 150-160 quintals per acre.
Kufri Gaurav- crop matures in 90-100 days after planting. It gives and average yield of 140-160 quintals per acre.
Kufri Friesona- crop matures in 90 days after sowing. its yield increases to 140 quintals per acre.
Kufri Sutlej- crop matures in 100-110 days of sowing. The average yield is 120-140 quintals per acre.
Kufri Topaz- Its average yield is 90 quintals when dug after 75 days of planting and 140-160 quintals per acre when dug after 90-100 days.
Kufri Sindhuri- crop matures in 120-125 days after sowing. Its yield is 120 quintals per acre.
For specific recommendations or field-level diagnosis, please contact your nearest Krishi Vigyan Kendra (KVK) or Block Agriculture Officer."
CCS HAU,https://workdrive.zohoexternal.in/file/rznjh545df498afd94dc9b4782e7e6fc7e556,69d5f85d2192234df67e77f7,69d5cfd8b50db2425fc03696,Information regarding better size tuber in potato,"To increase tuber size in potato, it is important to focus on tuber initiation, cell expansion, and proper accumulation of carbohydrates. This can be achieved through proper variety selection, nutrient management, and use of plant growth regulators.

1. Selection of Variety

Choose high-yielding varieties with bold tuber characteristics suited to your region.
Some varieties naturally produce larger tubers instead of many small ones, which helps in improving marketable yield.

2. Manures and Fertilizers
Farmyard Manure (FYM)

Apply 20 tons of well-decomposed manure per acre during field preparation, 2–3 weeks before sowing, and mix it thoroughly in the soil.

If 20 tons FYM per acre is applied, then apply only half dose of phosphorus and potash.

Fertilizer Dose (per acre)

Based on general recommendation (after soil testing):

Nitrogen (N): 50–60 kg
50 kg for early varieties
60 kg for late varieties
Phosphorus (P): 20 kg
Potash (K): 40 kg

This can be supplied through:

Urea: 110–130 kg
SSP: 135 kg
MOP: 65–70 kg

Method of Application
In clayey, loamy, or sandy-loam soils:
Apply full dose of N, P, and K at sowing.
In light sandy soils:
Apply ¼ nitrogen + full phosphorus + full potash at sowing
Apply remaining nitrogen 25–30 days after sowing during earthing up (tilling)

Balanced nutrition ensures proper tuber development and size increase.

3) Irrigation: Irrigation time in potato crop The best time for irrigation in potato crop is to do sowing only after ploughing the field. Apply the first water 7-10 days after sowing. Irrigation should be done at an interval of 7-10 days in October and November and at an interval of 10-15 days in December and January. Although it is very important to have proper moisture in the potato field at all times, but it is necessary to have proper moisture for 20-40 days after sowing. Keep in mind that the first two waterings should be done in the drains only up to half the height of the pole and never apply water above the 1/4 part of the pole. Irrigation by micro sprinkler system Yield and quality can be increased by irrigating potatoes with micro sprinkler method (sprinkler method). By this method, irrigation should be done with micro sprinkler for 2 hours daily from October to November at an interval of 3 days, from December to January at an interval of 4 days, and from February till digging at an interval of 5 days. Install one micro sprinkler per 6.48 square meter area in the potato field which should spray 70 liters of water per hour. The sprinkler should be installed above the height of the plants. Irrigation should be stopped 15 days before digging. Use of gypsum with oily water Oily water is one ml. Equivalent per liter of R.S.C. If 32 kg of gypsum (80 percent purity per irrigated per acre and 8 tons of rotted dung manure per acre are applied to cancel the potato crop, the effect of oily water on the potato crop is reduced and good yields can be obtained.

4) Earthing up The main object of earthing up is to keep the soil loose and destroy weeds. Two or three earthing upshould be done at an interval of 15-20 days. The first earthing-up should be done when the plants are about 15-25 cm high. The second earthing up is often done to cover up the tubers properly. Use of double mould board plough ridger or 3 and 5 row tractor drawn culti-ridger can accomplish the earthing up operation very well. 

5. Use of Plant Growth Regulators (PGRs)

(a) Triacontanol

Apply 200 mL of Triacontanol 0.05% EC mixed in 200–240 litres of water per acre.

Apply two sprays at 30 and 45 days after planting.

It helps in improving photosynthesis and carbohydrate accumulation, leading to bigger tuber size.

(b) Gibberellic Acid (GA₃)

Apply 70 mL of GA₃ 0.001% L mixed in 180–200 litres of water per acre.

Apply two sprays at 45 and 65 days after sowing.
It promotes cell elongation and expansion, helping in tuber growth.

(c) Mepiquat Chloride

Apply Mepiquat chloride 5% AS @ 500–600 mL per acre mixed in 200–240 litres of water.

Apply one spray at 45 days after planting (DAP).
It restricts excessive vegetative growth and diverts nutrients towards tuber development, thus increasing yield and tuber size.
PHI (Pre-Harvest Interval): 60–90 days

Conclusion

Increasing tuber size in potato depends on:

Selection of suitable variety
Proper and balanced nutrient management
Efficient use of PGRs to regulate growth and enhance tuber development

These practices together ensure better tuber initiation, enlargement, and higher marketable yield.

For more information visit the nearest KVK or contact Block Agriculture officer"
Root knot nematode: Meloidogyne incognita - TNAU Agritech,https://agritech.tnau.ac.in/crop_protection/nematology/crop_prot_nematode_veg_root_nemo.html,69d741bf5936df32d6cc6298,69d73e245936df32d6cc61cb,Information regarding nematode control in bottle gourd,"Nematodes can significantly impact the growth and yield of bottle gourds. Effective management of nematodes is crucial to ensure healthy plant growth and high-quality produce. Here is a comprehensive guide to controlling nematodes in bottle gourds: 

Identification of Nematode Infestation Nematodes are microscopic roundworms that can cause various symptoms in bottle gourd, including stunted growth, yellowing of leaves, and poor root development. To identify nematode infestation, inspect the roots for galls, knots, or lesions. Soil samples can also be taken to confirm the presence of nematodes.

Control:
-Deep ploughing of fields during summer.
-Soil solarisation: Cover the beds with a polythene sheet of 45 gauge (0.45 mm) thickness for three
weeks before sowing for soil solarization which will help in reducing the soil-borne pests.
-Apply neem cake/pongamia cake @ 100 kg/acre in soil at the time of last ploughing or reducing
nematodes.
-Apply Trichoderma spp. @ 2.5 kg/acre along with FYM
For the prevention of root knot nematode in bottle gourd , one week before sowing, mix neem cake at the rate of 30 grams per spot in the soil and treat the seeds with biotica (G.D. 35-47).
Irrigation Management: Avoid overwatering, as excess moisture can favour nematode survival. Ensure proper drainage to maintain optimal soil moisture levels. 

For specific recommendations or field-level diagnosis, please contact your nearest Krishi Vigyan Kendra (KVK) or Block Agriculture Officer. By following these steps, you can effectively manage nematode infestations in bottle gourds and ensure healthy plant growth and high-quality produce."
zoho sheet,https://sheet.zoho.in/sheet/published/0zfnhb40ddc2775c547f89794fb0ad7d45fdf?sheetid=0&range=B43,69d742265936df32d6cc62a2,69d73e245936df32d6cc61cf,Information regarding improved fruit and flower of bottle gourd.,"To enhance the fruit and flower production of bottle gourd, it is essential to choose and plant improved varieties that have been specifically developed for better yield and quality. Here are the steps to follow for selecting and managing improved varieties of bottle gourd: ### Selecting Improved Varieties 1. **Variety Selection**: Choose varieties that are known for their high fruit yield, good disease resistance, and excellent fruit quality. Some popular varieties include 'Bhagirathi', 'Ganga', and 'Kaveri'. These varieties are known for their robust growth and high fruit production. 2. **Seed Quality**: Ensure that the seeds are of high quality and obtained from reliable sources. Good quality seeds will ensure better germination and plant establishment. ### Planting and Cultural Practices 1. **Soil Preparation**: Prepare the soil by plowing and harrowing to a depth of 20-25 cm. Incorporate well-rotted manure or compost at a rate of 25-30 tonnes per hectare to improve soil fertility and structure. 2. **Sowing**: Sow the seeds in raised beds or ridges to facilitate better drainage. The seeds should be sown at a depth of 2-3 cm and spaced 30-40 cm apart in rows that are 1.5-2 meters apart. 3. **Irrigation**: Bottle gourd requires regular and consistent irrigation, especially during the fruiting stage. Ensure that the soil is kept moist but not waterlogged. Irrigate at intervals of 5-7 days, depending on the soil type and weather conditions. 4. **Fertilization**: Apply a balanced fertilizer regime to support healthy growth and fruit development. Use a combination of nitrogen (N), phosphorus (P), and potassium (K) in a ratio of 1:0.5:1. Apply 100-150 kg of N, 50-75 kg of P, and 100-150 kg of K per hectare. Split the application into 3-4 doses, with the first dose at sowing and the remaining doses at 20-30 days intervals. ### Pest and Disease Management 1. **Pest Control**: Monitor the plants regularly for common pests such as whiteflies, aphids, and spider mites. Use biological control methods like introducing natural predators or applying neem-based pesticides. For severe infestations, use chemical pesticides like cypermethrin or lambda-cyhalothrin at a rate of 20-25 ml per 10 liters of water. Always wear protective clothing and follow the Pre-Harvest Interval (PHI) of 7-10 days. 2. **Disease Control**: Manage diseases like powdery mildew and downy mildew by using fungicides like mancozeb or copper oxychloride at a rate of 0.5-0.75 kg per hectare. Apply these fungicides at 10-15 days intervals. Ensure proper hygiene in the field by removing and destroying infected plant parts. ### Harvesting and Post-Harvest Management 1. **Harvesting**: Harvest the bottle gourds when they are fully grown and the skin is hard. The optimal harvest period is 60-70 days after sowing. Use a sharp knife or pruning shears to cut the fruits from the vine, leaving a small portion of the stem attached. 2. **Storage**: Store the harvested bottle gourds in a cool, dry place to prevent rotting. Maintain a temperature of 10-15Â°C and a relative humidity of 70-80%. Regularly check the stored fruits for signs of damage or decay. For specific recommendations or field-level diagnosis, please contact your nearest Krishi Vigyan Kendra (KVK) or Block Agriculture Officer."
POP Haryana Bottle guard,https://workdrive.zohoexternal.in/folder/xww6777bee074bdac41209d5739a8540a2f1c?layout=list,69d742735936df32d6cc62a4,69d73e245936df32d6cc6209,Information regarding how to control Leaf miner in bottle gourd?,"Leaf miners are a common pest in bottle gourd cultivation, causing significant damage to the leaves and reducing yield. 

Damaging symptoms:
Adults are pale yellow while maggots are apodous, minute, and orange yellowish and pupate within the mines. Larvae make serpentine mines and feed within. Due to severe infestation, there is drying and dropping of leaves.

Management:
Cultural control:
- Change in dates of sowing.
- Growing castor, tomato or marigoldas a trap crop.

Chemical control:
- Cyantraniliprole 10.26% OD @ 360 ml per acre."
TNAU Agritech Portal :: Crop Protection,https://agritech.tnau.ac.in/crop_protection/gourds_diseases_3.html,69d7428c5936df32d6cc62a6,69d73e245936df32d6cc6211,HOW TO CONTROL MOSAIC IN BOTTLE GOURD CROP,"Mosaic disease is a common viral infection that affects bottle gourd crops, causing mottled leaves and stunted growth. Controlling this disease requires a combination of preventive measures and management strategies. Here is a step-by-step guide to managing mosaic disease in bottle gourd crops: 

Mosaic disease [Cucumber Mosaic Virus (CMV) and Papaya Ringspot Virus (PRSV)] is the disease which causes in the wide range of cucurbits in which bottle gourd is one of it.

Symptoms:
- Symptoms appear on the youngest and still expanding leaves when infection occurs
at 6 – 8 leaves stage.
-Leaves curl downwards and become mottled, distorted, wrinkled and reduced in size with alternating light green and dark green patches. Plants are stunted.
- Veins appear bunchy because of shortening of internodes.
- When infection occurs at midseason previous growth remains normal and produces
normal fruit.
- Fruit set is very less if infection occurs early in crop growth.
- If the disease is severe fruits are covered with bumpy protrusions. Severely affected cucumber fruit may be almost entirely white.
- Fruits are often misshapen, mottled, warty and reduced in size.

Cultural control:
-The virus is readily transferred by aphids and survives on a wide variety of plants.
so,-Control of aphids (A. gossypii) will help reduce the likelihood of cucumber mosaic.
-Varietal resistance is the primary management tool, and eliminating weeds and infected perennial ornamentals that may harbor the virus is critical.
- Raise 4 rows of barrier crops such as main or sorghum
-Avoid planting tomatoes next to cucurbits, spinach, or other vegetables and flowers susceptible to these diseases.
-Control of aphids (A. gossypii) will help reduce the likelihood of cucumber mosaic.

Chemical control:
To control Chepa/Aphids: 250 ml Malathion 50 EC per acre mixed with 200-250 litres of water and sprinkled at intervals of 10 days.

For specific recommendations or field-level diagnosis, please contact your nearest Krishi Vigyan Kendra (KVK) or Block Agriculture Officer."
Haryana pop,https://sheet.zoho.in/sheet/published/0zfnhb40ddc2775c547f89794fb0ad7d45fdf,69d77e731a539374a15b8de9,69d73e245936df32d6cc61f2,How can I control fungal infections in bottle gourds using M-45?,"To control fungal infections in bottle gourds, it is important to use a fungicide that is effective against the specific fungal pathogens affecting your crop. M-45, which is a commonly used fungicide, can be applied to manage various fungal diseases. Here is a step-by-step guide on how to apply M-45 for controlling fungal infections: ### Application Method 1. **Preparation of Solution:** - Mix 400 grams of M-45 fungicide in 200 liters of water per acre. Ensure that the water is free from impurities and is suitable for agricultural use. 2. **Application Equipment:** - Use a knapsack sprayer or a boom sprayer for even distribution of the fungicide. Ensure that the equipment is clean and free from any residues from previous applications. 3. **Application Timing:** - Apply the fungicide during the early stages of fungal infection or as a preventive measure before the onset of disease. This is typically done when the first symptoms of fungal infection are observed or during the critical growth stages of the bottle gourd. 4. **Application Technique:** - Spray the solution uniformly over the entire plant, including the undersides of the leaves and the stems. Ensure that the solution covers the entire plant canopy to maximize the effectiveness of the fungicide. ### Safety Precautions - **Personal Protective Equipment (PPE):** Wear appropriate PPE, including gloves, goggles, and a respirator, to protect yourself from the fungicide. - **Pre-Harvest Interval (PHI):** Follow the recommended PHI, which is typically 14 days for M-45. This ensures that the fungicide has degraded sufficiently before the produce is harvested and consumed. ### Additional Management Practices - **Cultural Practices:** Implement good cultural practices such as proper irrigation, weed control, and crop rotation to reduce the incidence of fungal diseases. - **Sanitation:** Remove and destroy infected plant material to prevent the spread of fungal spores. ### Monitoring and Follow-Up - **Regular Monitoring:** Regularly inspect the bottle gourds for signs of fungal infection. If the disease persists or worsens, consider consulting with a local agricultural extension service or a plant pathologist for further advice. For specific recommendations or field-level diagnosis, please contact your nearest Krishi Vigyan Kendra (KVK) or Block Agriculture Officer. By following these steps, you can effectively control fungal infections in your bottle gourds and ensure a healthy crop yield."
Rats-TNAU Agritech,http://www.agritech.tnau.ac.in/expert_system/paddy/cpnonrat.html,69d7927d1a539374a15b8f17,69d73e245936df32d6cc6215,Information regarding control of rat in Bottle gourd,"Information regarding control of rat in Bottle gourd	Rats can cause significant damage to bottle gourd crops by feeding on the fruits and vegetables, leading to reduced yield and quality. Effective management of rat infestations is crucial for maintaining a healthy and productive crop. Here are some steps to control rat populations in bottle gourd.

 Identification - Rats and mice usually live in burrows on the ground, possess acute senses of smell and taste, and are very selective in food choice. They are prolific breeders, extremely adaptable and intelligent pests and thus their control poses difficulties. Out of8 species of rodents in fields, the lesser bandicoot rat, Bandicota bengalensis is most predominant under irrigated conditions and Indian gerbil Tatera indica in dry and sandy soils.

Nature of damage -The rats and mice attack seeds and seedlings of vegetable crops at growth stage and fruits at ripening stages. Seedlings are also destroyed under heaps of soil made by rats. The lesser bandicoot rat during burrowing, loosens the soil resulting in the drying of plants.

Methods of Control-The performance of different control methods vary in different situations and at different stages of the crop. Therefore, best control can only be achieved if these methods are adopted properly at appropriate timings. 

A. Mechanical Control-i) During irrigation of vacant harvested Fields, rats coming out of flooded burrows should be killed with sticks. ii) Traps can be used to control rodents. Place 16 traps per acre at damage and activity sites of rodents. Kill the trapped rats by drowning in water and the interval between two trapping at the same location should not be less than 30 days.
B. Environmental Control- Weeds, grasses and bushes should be removed as these provide shelter and food to rodents. Highly infested bunds, water channel sand field pavements should be periodically rebuilt to destroy permanent rat burrows. Keep the height and width of bunds to the minimum.
C. Biological Control-Owls, kites, eagles, falcons, cats, mongoose, jackals, snake sand monitor lizards are the natural predators for rats and mice. These should be protected.
D. Chemical Control-i) 2% Zinc phosphide bait: Smear 1 kg of bajra or sorghum or cracked wheat or their mixture with 20 g of edible refined oil,20 g of powdered sugar and mix it thoroughly with 25 g of 80% zinc phosphide powder.
(ii) 0.005% Bromadiolone bait: Mix 20 g of 0.25% bromadiolone powder, 20 g of edible refined oil and 20 g of powdered sugar in 1 kg of any cereal flour or bajra, sorghum or cracked wheat.

Safety Measures-Keep the rodenticides and poison baits away from the reach of children, domestic animals, pets and birds.2. Mixing of rodenticide in the baiting material should be done with a stick, spade or by wearing gloves. Avoid the contact of poison with mouth. Wash exposed skin and hands aftermixing.3. House hold utensils should never be used for preparation of the rodenticide baits.


 For specific recommendations or field-level diagnosis, please contact your nearest Krishi Vigyan Kendra (KVK) or Block Agriculture Officer. By implementing these strategies, you can effectively manage rat infestations in your bottle gourd crop and protect your yield.
"
SGA_HR_Pearl millet,https://sheet.zoho.in/sheet/published/0zfnhbbd3314be1ef45b4802a123797fb7067,69d854bac527c267a735a2fe,69d8524ac527c267a735a271,Information regarding sowing time of pearl millet?,"The optimal sowing time for pearl millet is crucial for achieving high yields and ensuring the crop's successful growth. The sowing period, known as the kharif season, typically falls between June and August, depending on the specific region and local climate conditions. ### Sowing Time Guidelines 1. **Northern Region (Haryana, Punjab, Uttar Pradesh):** - Sow pearl millet from mid-June to mid-July. This timing allows the crop to benefit from the monsoon rains, which are essential for germination and early growth. 2. **Central Region (Madhya Pradesh, Rajasthan):** - The ideal sowing period is from late June to early July. This timing helps in avoiding the extreme heat of early summer and ensures that the crop can establish itself before the monsoon rains. 3. **Southern Region (Tamil Nadu, Karnataka):** - Sow pearl millet from late June to mid-July. This period aligns with the onset of the monsoon, providing adequate moisture for the crop. ### Preparations Before Sowing - **Soil Preparation:** Ensure the soil is well-prepared by plowing and leveling. Incorporate organic manure and fertilizers to improve soil fertility. - **Seed Treatment:** Treat the seeds with a fungicide like Metalaxyl to protect against seed-borne diseases such as downy mildew. Follow the recommended dosage and safety guidelines. ### Sowing Techniques - **Row Spacing:** Maintain a row spacing of 60-75 cm to allow for proper air circulation and sunlight penetration. - **Planting Depth:** Sow the seeds at a depth of 2-3 cm to ensure good germination and root development. ### Post-Sowing Care - **Irrigation:** Provide light irrigation immediately after sowing to maintain soil moisture. Subsequent irrigation should be based on soil moisture levels and weather conditions. - **Weed Control:** Control weeds through mechanical means or use of herbicides like Glyphosate. Ensure to follow the recommended dosage and safety guidelines. ### Monitoring and Management - **Pest Management:** Keep an eye out for pests such as stem borers and shoot flies. Use biological control methods or insecticides like Imidacloprid if necessary. Always follow the Pre-Harvest Interval (PHI) to ensure safety. - **Disease Management:** Monitor for diseases like downy mildew and ergot. Apply fungicides like Mancozeb at the recommended dosage and follow safety guidelines. For specific recommendations or field-level diagnosis, please contact your nearest Krishi Vigyan Kendra (KVK) or Block Agriculture Officer. By adhering to these guidelines, you can ensure successful sowing and growth of pearl millet, leading to higher yields and better economic returns."
CHAUDHARY CHARAN SINGH HARYANA AGRICULTURL UNIVERSITY,https://workdrive.zohoexternal.in/folder/tpafi18a5898a081242599fc46d758b3c1f42?layout=list,69d85665c527c267a735a33b,69d8524ac527c267a735a2a4,Information regarding how to control downy mildew in pearl millet.,"Downy mildew is a significant disease affecting pearl millet, causing significant yield losses. Here is a comprehensive guide to managing this disease: 

Symptoms:
Plants affected by this disease remain dwarf.
Leaves turn yellow.
White powdery fungal growth accumulates on the lower surface of the leaves.
The crop appears yellow from a distance.
Leaves gradually dry up.
Eventually, the plant may die.
Affected ears/parts show a grass-like appearance. 

Cultural practices:
As soon as symptoms of downy mildew appear on the leaves, immediately uproot and destroy the infected plants. Ensure that the uprooted diseased plants do not come into contact with healthy plants. This operation should be carried out within 20 days of sowing. If a large number of plants are removed, replace them with healthy plants.

Seed Treatment:
If the seed is not already treated, it is necessary to treat the seed for the initial prevention of downy mildew (Jogiya or hairy disease). The seed should be treated with Metalaxyl 35% WS @ 6 g per kg seed to protect the crop from early infection.

Chemical control:
After removing infected plants, spray 0.2% Zineb 75% WP or Mancozeb 75% WP @ 500 g in 250 litres of water per acre.

At the ear emergence stage, when the crop begins to produce ears, apply a spray of Ziram 27% SC @ 400 ml mixed in 200 litres of water per acre. The spray should be carefully directed onto the ears to ensure proper coverage and effective disease control.

Safety Precautions - Always follow the safety guidelines provided by the manufacturer of the fungicides. - Store chemicals in a secure, dry place away from food and feed. - Dispose of empty containers properly.

Conclusion Effective management of downy mildew in pearl millet requires a combination of cultural practices, seed treatment, hybrid selection, and chemical control.

For specific recommendations or field-level diagnosis, please contact your nearest Krishi Vigyan Kendra (KVK) or Block Agriculture Officer. For further assistance, please contact your local agricultural extension service.
"
POP-HARYANA PEARLMILLET,https://workdrive.zohoexternal.in/folder/xww678c3e285ce4cf44ca8213dcb36d6adb4e,69d857f2c527c267a735a388,69d8524ac527c267a735a2bf,What are the common pests affecting pearl millet and how can they be controlled?,"Pearl millet is susceptible to several pests that can significantly impact yield and quality. The most common pests include stem borers, shoot flies, and ergot. Here is a comprehensive guide to managing these pests: ### Stem Borers Stem borers are the most damaging pests in pearl millet. They lay eggs on the leaves, and the larvae bore into the stems, causing significant damage. The following steps can help control stem borers: 1. **Monitoring**: Regularly inspect the fields for signs of stem borer infestation. Look for wilted plants, dead heart syndrome, and the presence of frass (insect droppings) on the ground. 2. **Cultural Practices**: Remove and destroy infested plant material to reduce the pest population. Proper crop rotation can also help in managing these pests. 3. **Chemical Control**: Apply insecticides containing chlorpyrifos or lambda-cyhalothrin at the rate of 200-250 ml per hectare. Ensure to wear protective clothing, including gloves, mask, and goggles, when applying these chemicals. The pre-harvest interval (PHI) for chlorpyrifos is 21 days, and for lambda-cyhalothrin, it is 14 days. ### Shoot Flies Shoot flies lay their eggs in the soil near the base of the plant. The larvae then feed on the roots, causing stunted growth and reduced yield. Hereâ€™s how to manage shoot flies: 1. **Cultural Practices**: Maintain good soil hygiene by removing weeds and crop residues. This can reduce the breeding sites for shoot flies. 2. **Chemical Control**: Apply insecticides containing imidacloprid or thiamethoxam at the rate of 200-250 ml per hectare. Follow the same safety precautions as mentioned for stem borers. The PHI for imidacloprid is 21 days, and for thiamethoxam, it is 14 days. ### Ergot Ergot is a fungal disease that can also cause significant damage to pearl millet. It affects the developing grains, leading to shriveled and discolored kernels. Hereâ€™s how to manage ergot: 1. **Cultural Practices**: Avoid sowing pearl millet in fields with a history of ergot. Use clean seeds and maintain good crop hygiene. 2. **Chemical Control**: While there are no specific fungicides for ergot control, applying a fungicide containing metalaxyl at the rate of 200-250 g per hectare can help prevent the disease. Apply this treatment during the early stages of grain filling. Follow the same safety precautions as mentioned earlier. The PHI for metalaxyl is 21 days. ### General Pest Management - **Hybrid Selection**: Opt for hybrid varieties that are resistant to common pests and diseases. - **Seed Treatment**: Treat seeds with metalaxyl at the rate of 200-250 g per 100 kg of seed to protect against soil-borne diseases and pests. For specific recommendations or field-level diagnosis, please contact your nearest Krishi Vigyan Kendra (KVK) or Block Agriculture Officer. By following these steps, you can effectively manage the common pests affecting pearl millet and ensure a healthy crop.
"
NIPHM,https://workdrive.zohoexternal.in/folder/hfa8188a94aa115cd4eb1897ea5f687f3b264?layout=list,69d85979c527c267a735a3b5,69d8524ac527c267a735a2ab,"Information regarding control of whitefly, jassid, thrips, and leaf curl in pearl millet crop?","Jassids and thrips are common pests that can significantly impact the yield and quality of pearl millet (bajra) crops. These insects are known for their piercing-sucking mouthparts, which they use to feed on plant sap, leading to stunted growth, reduced grain yield, and poor grain quality. ### Monitoring and Early Detection - **Regular Scouting**: Conduct regular field inspections to identify early signs of infestation. Look for yellowing or wilting of leaves, which are early symptoms of pest damage. - **Sampling**: Collect samples of affected leaves and stems to identify the presence of Jassids and thrips. Use a hand lens or magnifying glass to examine the underside of leaves and the base of the plant. ### Cultural Practices - **Crop Rotation**: Rotate pearl millet with other crops to disrupt the life cycle of these pests. - **Weed Management**: Control weeds around the field as they can serve as a host for these pests. ### Chemical Control - **Insecticides**: If the infestation is severe, chemical control may be necessary. Use insecticides that are effective against both Jassids and thrips. Commonly used insecticides include: - **Imidacloprid**: Apply at a rate of 100-150 grams per hectare. Ensure proper mixing with water and apply uniformly. - **Deltamethrin**: Apply at a rate of 50-75 grams per hectare. Follow the label instructions for mixing and application. - **Application Method**: Use a knapsack sprayer or a boom sprayer for uniform coverage. Ensure that the entire plant canopy is treated, including the undersides of leaves. - **Personal Protective Equipment (PPE)**: Wear gloves, long sleeves, and pants when handling insecticides. Use a respirator if required by the label. - **Pre-Harvest Interval (PHI)**: Follow the PHI specified on the insecticide label to ensure that the crop is safe for harvest. ### Integrated Pest Management (IPM) - **Biological Control**: Encourage natural predators such as ladybugs and lacewings, which can help control Jassids and thrips populations. - **Resistant Varieties**: Plant hybrid pearl millet varieties that have better resistance to these pests. ### Post-Treatment Monitoring - **Follow-Up Inspections**: After treatment, conduct follow-up inspections to ensure that the pest population has been effectively controlled. Adjust the treatment plan if necessary. For specific recommendations or field-level diagnosis, please contact your nearest Krishi Vigyan Kendra (KVK) or Block Agriculture Officer. --- This comprehensive guide will help you manage Jassid and thrips infestations in your pearl millet crop effectively.
"
Pop of haryana,https://workdrive.zohoexternal.in/folder/hfa8188a94aa115cd4eb1897ea5f687f3b264,69d8726fc527c267a735a521,69d8524ac527c267a735a2a3,What are the common pests affecting Pearl Millet and how can they be controlled?,"Pearl millet is susceptible to several pests that can significantly impact yield and quality. The most common pests include hairy caterpillar, white grub  Here is a comprehensive guide to managing these pests: 

1. Hairy Caterpillar : 
Symptoms : 
When young, caterpillars cluster on the undersides of leaves, feeding until the leaves appear sieve-like.  
There are two main species identified:
 The Bihar hairy caterpillar and the red hairy caterpillar. Activity Periods: 
-Red Hairy Caterpillar:  Remains active from second fortnight of July until the end of August. 
-Bihar Hairy Caterpillar: Causes heavy crop damage later in the season, from August to October.

 Management
 Cultural and Mechanical Control : 
- After harvesting Kharif crops , plough the fields deeply so that the pupae of hairy caterpillars come out and get destroyed by birds and other reasons .
- Adult red - haired caterpillars (moths ) are attracted to light . Use light traps for a month after the first rain .
- Do not allow weeds to grow around the fields because these insects layeggs on them and destroy the egg masses of the insects .
- Break the leaves along with the small caterpillars and bury such leavesdeep in the ground or kill them by putting them in kerosene solution .
 - Crush and destroy big caterpillars or else destroy them by putting them inkerosene solution

Chemical Control:
Spray Quinalphos 25 EC @ 500 ml  per acre dissolve in 250 liters of water

2. White Grub
The white caterpillar in millet is shaped like letter ' C ' which damages the millet by cutting its roots . This white caterpillar has a brown mouth . Its adults are brown and light brown in colour which come out of the ground in the evening after the first monsoon rain and gather on the nearby trees and eat the leaves and go back into the ground before morning . The affected plants turn yellow and dry up . Sometimes this insect attacks the early millet crop (if there has been pre - monsoon rain ).

Management:
- After the rain collect the mature beetles gathered on the trees on the first and second nights by shaking the trees and dropping them down and destroying them by putting them in a solution of kerosene oil . It is best if this work is done by running a collective campaign 0.05% quinalphos 25 EC spray .

For specific recommendations or field-level diagnosis, please contact your nearest Krishi Vigyan Kendra (KVK) or Block Agriculture Officer. By following these steps, you can effectively manage the common pests affecting pearl millet and ensure a healthy crop.
"
Rice - Package of Practices,https://workdrive.zohoexternal.in/folder/2bmyq19e121b70e864bf8bdac9db720b47233?layout=list,69d88e11c527c267a735a66b,69d88845c527c267a735a619,what are the diseases in paddy? Andhra Pradesh,"Common paddy diseases in Andhra Pradesh include **Sheath Blight**, **Blast** (Leaf and Neck blast), **Bacterial Leaf Blight (BLB)**, **Sheath Rot**, and **Brown Spot**. **Sheath Blight** appears as oval greenish-grey lesions on leaf sheaths near the waterline, spreading upward in severe cases. Control with Hexaconazole 5EC @2ml/l, Validamycin 3L @2ml/l, or Propiconazole 25 EC @1ml/l - two sprays at 15-day intervals starting 45 days after transplanting in kharif or 30 days in rabi. **Blast disease** shows diamond-shaped spots on leaves; for leaf blast, spray Tricyclazole 75 WP @0.6g/ml or Isoprothiolane 40 EC @1.5ml/l when disease appears under favorable weather. For **Neck Blast**, apply one spray just before panicle emergence or immediately upon disease appearance. **BLB** has no chemical control available - focus on resistant varieties and cultural practices. Always treat seeds before sowing with Carbendazim or Thiram. Maintain proper water management, balanced fertilization (avoid excess nitrogen), and plant resistant varieties. Follow Pre-Harvest Interval (PHI) strictly for all fungicides to ensure food safety."
HSDC,https://haryanaseeds.org.in/products/field-crops/kharif-crops/bajra,69d88f99c527c267a735a685,69d8524ac527c267a735a28a,Where can I get pearl millet seeds?,"Pearl millet seeds can be obtained from certified government agencies and agricultural institutions to ensure quality and high germination. The main seed suppliers are:

Principal Government Suppliers

Haryana Seeds Development Corporation (HSDC)
*Here are some varieties of bajra which are being supplied by HSDC
1.HHB - 67 (Hybrid) [Released in 05.11.2005]
-SEED RATE: 1.5-2.0 kgs per acre.	
-Suitable for late sowing.
SOWINGTIME:  Last week June to end of July. 
-IRRIGATION: As per the availability of rains.	In drought conditions, one or two irrigations are sufficient.	
-DURATION: 60-62 days.	
-CHARACTERISTICS: Drought resistant variety. Medium height, more sprouting. Lodging resistant, thin straw, healthy earheads and medium bold grain.	
-YIELD: Grains: 12.5; Dry fodder: 35 quintals per acre.

2.HHB - 94 (Hybrid) [Released in 03.04.2000]
-SEED RATE: 1.5-2.0 kgs per acre.	
-SOWING : Suitable for early sowing. Mid June to mid July. 
-IRRIGATION: As per the availability of rains.	In drought conditions, one or two irrigations are sufficient.	
-DURATION: 70-75 days.	
-CHARACTERISTICS: Plant height is around 180-220 cm. Thick earheads and medium bold grains. Resistant to major diseases and pests. Crop does not lodge and earheads do not shutter.	
-YIELD: Grains: 11-12; Dry fodder: 28-30 quintals per acre.

3.HC - 20 (Composite) [Released in 04.09.2002]
-SEED RATE: 1.5-2.0 kgs per acre.	
-SOWING: Suitable for early sowing.	
-IRRIGATION: In drought conditions, one or two irrigations are sufficient.	
-DURATION: 80-83 days.	
-CHARACTERISTICS: Plant height is around 140-232 cm. Suitable for the irrigated and rainfed areas of Haryana. Good cooking and fodder quality. Lodging and stemborer resistant.	
-YIELD: Grains: 8-9; Dry fodder: 30-32 quintals per acre.

4.HHB - 67 (Improved) [Released in 05.11.2005]
-SEED RTAE : 1.5-2.0 kgs per acre.	
SOWING: The time of June and July is suitable.	
-IRRIGATION: In drought conditions, one or two irrigations are sufficient.	More early maturing variety.
-DURATION:  60-62 days.	Suitable for Haryana State. 
-CHARACTERISTICS: Suitable for rainfed and irrigated areas. Round and candletype earheads, thin stem. Plant height is around 160-180 cm. Resistant to lodging. This variety is early, medium and late sown. Drought resistant.	
YIELD: 8 quintals per acre.

5.HHB - 197 [Released in 10.01.2008]
-SEED RATE: 1.5-2.0 kgs per acre.	
SOWING: The time of June and July is suitable.	
-IRRIGATION: If there is no rain, one or two rounds of irrigation are sufficient.	More early maturing variety. 
-DURATION: 68-72 days.	
-CHARACTERISTICS: Suitable for irrigated and not irrigated areas. Good grain quality and gives more dry fodder. Resistant to Downy Mildew disease. Long bristtles on earheads due to which birds do not harm.	
-YIELD: 14 quintals per acre.

*For pearl millet cultivation in Haryana, farmers should prefer certified seeds from HSDC, NSC, or CCSHAU to ensure better germination, higher yield, and resistance to pests and diseases."
POP-Package of Practices Kharif 2025_PAU Punjab Agriculture University_Ludhiana,https://storage.googleapis.com/annam-dataset/pops/Punjab_Kharif_2025.pdf,69d8ffc6de47d1121946383f,69d8ff8ede47d11219463829,When should rye cultivation be done?,"I understand you're asking about rye cultivation timing in Rupnagar, Punjab. Unfortunately, **rye is not a commonly grown crop in Punjab**, and specific cultivation information for rye is **not available in the approved agricultural sources** for this state. Punjab's cropping systems primarily focus on wheat, rice, maize, cotton, pulses, and vegetables. Rye (Secale cereale) is a cool-season cereal more suited to temperate regions and is rarely cultivated in Punjab's agro-climatic conditions. If you're looking for alternative winter cereals, **wheat, barley, or triticale** are well-established crops in Punjab with comprehensive cultivation guidelines available. I recommend consulting with your local Krishi Vigyan Kendra or agriculture department for region-specific crop recommendations suited to Rupnagar's soil and climate conditions."
Kharif Onion,https://workdrive.zohoexternal.in/folder/xyy4kfdabc51542014df8bf233c03a55ba8b9,69d9c339de47d11219463d40,69d9c115de47d11219463cd0,Information regarding how to increase the size of Onion,"Information regarding how to increase the size of Onion	to increase the size of onions, several agronomic practices and management strategies need to be implemented effectively. 

Here is a comprehensive guide to achieve larger onions:

 Soil: The soil for onion cultivation should be rich in organic matter, free from diseases, weeds and should be well drained. Alkaline and low lying soils are not suitable for onion cultivation.

 Land preparation: Do 2-3 ploughing and making channels for irrigation in the field.

 Seed Rate and Nursery Raising:
- Time of sowing of seedlings is from October to mid-November.
- Sow 4 to 5 kg seed to raise seedlings for transplanting in an acre.

 Preparing seedlings:
- Keeping in mind the convenience of plant protection and other agricultural activities, seeds should be sown in rows spaced 4-5 cm apart.
- The width of the beds is 60 to 100 cm, and the length is as per convenience. For one acre, 50 to 60 beds (3 x 1 m) are sufficient.
- To protect the seedlings from damping off, seed treatment with Thiram (2-3 grams/kg of seed) is necessary before sowing.
- Nursery soil should also be treated with this preparation at the rate of 4-5 grams per square meter.
- After sowing, the seeds should be covered with rotted and sieved fine cow dung or compost. After this, light irrigation should be done daily with a sprinkler until the seeds germinate.
- As the seedlings grow, water them from time to time through drains.
- To protect the seedlings from damping off, a solution of 2 grams of Thiram per liter of water should be sprayed from a sprinkler every 15 days after germination. Seedlings areready for transplanting 6 to 8 weeks after sowing. Transplanting later may result in plants not establishing quickly and producing more flower stalks. 

 Transplanting:
- While planting, the distance between the rows is 15 cm and the distance of the plants in the rows is 10 cm. Light irrigation is necessary immediately after planting.
- Transplanting time : Mid-December to mid-January.

 Manure and Fertilizer Management:
-Apply nitrogen @ 50 kg per acre (this can be supplied through about 110 kg urea), phosphorus @ 20 kg per acre (this can be supplied through about 45 kg DAP), and potash @ 10 kg per acre (this can be supplied through about 17 kg MOP). At the time of planting, apply DAP @ 45 kg per acre, MOP @ 17 kg per acre, and urea @ 30 kg per acre, to supply half of the nitrogen and the full dose of phosphorus and potash, and mix well into the soil. Apply the remaining nitrogen through urea in two equal splits of about 27 kg per acre each at 30 and 60 days after planting. Additionally, incorporate about 20 tons of well-decomposed cow dung or compost per acre during field preparation.

 Irrigation of the crop:
- During the growth period of the plants (for the first two months), irrigation should be kept at a greater interval. When the tubers are forming, irrigation should be done frequently. If the soil is more sandy, then irrigation should be done more frequently than in loamy soil.
- A total of 10-15 irrigations are required in the Rabi crop. Onions have shallow roots. Therefore, irregular irrigation can cause the tubers to split. Excessive watering causes the neck to thicken. To ensure proper ripening of the crop, irrigation should be stopped about 15 days before digging. Doing so increases storage capacity.

 Use of gypsum with oily water: To neutralize 1 milli-equivalent per litre of RSC (Residual Sodium Carbonate) in oily/salty water, applying 32 kg of gypsum (80% purity) per irrigation per acre, along with 8 tons of well-rotted farmyard manure (FYM) per acre, reduces the adverse effects of such water on onion crops and helps in achieving a good yield.

Use of Plant Growth Regulators (PGRs) is advised as follows to increase the bulb size in onion:

First application (25–30 days after planting): Spray 73 ml of Gibberellic Acid 0.001% L per acre, mixed in 180–200 litres of water. This promotes early vegetative growth and sets the stage for higher yield.

Second application (at flowering stage): Spray 500 ml of Mepiquat chloride 5% AS per acre, mixed in 202 litres of water. This single application checks excessive vegetative growth and diverts photosynthetic assimilates towards the developing bulbs, thereby increasing bulb size.

A waiting period of 48 days for bulb harvest (or 7 days for green leaves) must be observed after the mepiquat application. Following this sequential PGR schedule ensures optimal bulb enlargement and overall yield improvement.
 

 By following these guidelines, you can significantly enhance the size and yield of your onion crop.	 	 	 	 	 	 	 	 	 	 	 	 	 	 	 	 	 

 For specific recommendations or field-level diagnosis, please contact your nearest Krishi Vigyan Kendra (KVK) or Block Agriculture Officer."
Rabi Onion,https://workdrive.zohoexternal.in/folder/xyy4k1d86a02a18d440a3ac56e8fea6cd1749,69d9c339de47d11219463d40,69d9c115de47d11219463cd0,Information regarding how to increase the size of Onion,"Information regarding how to increase the size of Onion	to increase the size of onions, several agronomic practices and management strategies need to be implemented effectively. 

Here is a comprehensive guide to achieve larger onions:

 Soil: The soil for onion cultivation should be rich in organic matter, free from diseases, weeds and should be well drained. Alkaline and low lying soils are not suitable for onion cultivation.

 Land preparation: Do 2-3 ploughing and making channels for irrigation in the field.

 Seed Rate and Nursery Raising:
- Time of sowing of seedlings is from October to mid-November.
- Sow 4 to 5 kg seed to raise seedlings for transplanting in an acre.

 Preparing seedlings:
- Keeping in mind the convenience of plant protection and other agricultural activities, seeds should be sown in rows spaced 4-5 cm apart.
- The width of the beds is 60 to 100 cm, and the length is as per convenience. For one acre, 50 to 60 beds (3 x 1 m) are sufficient.
- To protect the seedlings from damping off, seed treatment with Thiram (2-3 grams/kg of seed) is necessary before sowing.
- Nursery soil should also be treated with this preparation at the rate of 4-5 grams per square meter.
- After sowing, the seeds should be covered with rotted and sieved fine cow dung or compost. After this, light irrigation should be done daily with a sprinkler until the seeds germinate.
- As the seedlings grow, water them from time to time through drains.
- To protect the seedlings from damping off, a solution of 2 grams of Thiram per liter of water should be sprayed from a sprinkler every 15 days after germination. Seedlings areready for transplanting 6 to 8 weeks after sowing. Transplanting later may result in plants not establishing quickly and producing more flower stalks. 

 Transplanting:
- While planting, the distance between the rows is 15 cm and the distance of the plants in the rows is 10 cm. Light irrigation is necessary immediately after planting.
- Transplanting time : Mid-December to mid-January.

 Manure and Fertilizer Management:
-Apply nitrogen @ 50 kg per acre (this can be supplied through about 110 kg urea), phosphorus @ 20 kg per acre (this can be supplied through about 45 kg DAP), and potash @ 10 kg per acre (this can be supplied through about 17 kg MOP). At the time of planting, apply DAP @ 45 kg per acre, MOP @ 17 kg per acre, and urea @ 30 kg per acre, to supply half of the nitrogen and the full dose of phosphorus and potash, and mix well into the soil. Apply the remaining nitrogen through urea in two equal splits of about 27 kg per acre each at 30 and 60 days after planting. Additionally, incorporate about 20 tons of well-decomposed cow dung or compost per acre during field preparation.

 Irrigation of the crop:
- During the growth period of the plants (for the first two months), irrigation should be kept at a greater interval. When the tubers are forming, irrigation should be done frequently. If the soil is more sandy, then irrigation should be done more frequently than in loamy soil.
- A total of 10-15 irrigations are required in the Rabi crop. Onions have shallow roots. Therefore, irregular irrigation can cause the tubers to split. Excessive watering causes the neck to thicken. To ensure proper ripening of the crop, irrigation should be stopped about 15 days before digging. Doing so increases storage capacity.

 Use of gypsum with oily water: To neutralize 1 milli-equivalent per litre of RSC (Residual Sodium Carbonate) in oily/salty water, applying 32 kg of gypsum (80% purity) per irrigation per acre, along with 8 tons of well-rotted farmyard manure (FYM) per acre, reduces the adverse effects of such water on onion crops and helps in achieving a good yield.

Use of Plant Growth Regulators (PGRs) is advised as follows to increase the bulb size in onion:

First application (25–30 days after planting): Spray 73 ml of Gibberellic Acid 0.001% L per acre, mixed in 180–200 litres of water. This promotes early vegetative growth and sets the stage for higher yield.

Second application (at flowering stage): Spray 500 ml of Mepiquat chloride 5% AS per acre, mixed in 202 litres of water. This single application checks excessive vegetative growth and diverts photosynthetic assimilates towards the developing bulbs, thereby increasing bulb size.

A waiting period of 48 days for bulb harvest (or 7 days for green leaves) must be observed after the mepiquat application. Following this sequential PGR schedule ensures optimal bulb enlargement and overall yield improvement.
 

 By following these guidelines, you can significantly enhance the size and yield of your onion crop.	 	 	 	 	 	 	 	 	 	 	 	 	 	 	 	 	 

 For specific recommendations or field-level diagnosis, please contact your nearest Krishi Vigyan Kendra (KVK) or Block Agriculture Officer."
SGA_HR_Onion,https://sheet.zoho.in/sheet/published/0zfnh9eb3aad86b154afb8c0434d5ff2fe2b9,69d9c3b7de47d11219463d59,69d9c115de47d11219463cbb,How can I control diseases in onion crops?,"Controlling diseases in onion crops is crucial for maintaining high yields and quality. Here are some steps to manage common onion diseases effectively: ### Identification of Common Diseases 1. **Purple Blotch (Botrytis allii)**: This fungal disease causes dark purple spots on the leaves and bulbs. It thrives in humid conditions. 2. **Thrips (Thrips tabaci)**: These tiny insects cause silvering of leaves and can transmit viruses. 3. **Basal Rot (Rhizoctonia solani)**: This soil-borne fungus causes soft, rotted bulbs at the base. 4. **Damping-Off (Pythium spp., Fusarium spp.)**: This affects seedlings, causing them to wilt and die. ### Management Strategies #### 1. Cultural Practices - **Crop Rotation**: Avoid planting onions in the same field for at least 3-4 years to reduce disease buildup. - **Sanitation**: Remove and destroy infected plant debris to prevent the spread of diseases. - **Irrigation Management**: Avoid overhead irrigation and ensure proper drainage to reduce soil moisture, which is conducive to fungal growth. #### 2. Fungicides - **Application Timing**: Apply fungicides at the first sign of disease or before the onset of favorable weather conditions. - **Chemical Options**: Use fungicides like mancozeb (2 g/l) or chlorothalonil (1 g/l) as a preventive measure. Always follow the label instructions and observe the Pre-Harvest Interval (PHI) to ensure safety. #### 3. Biological Control - **Biofungicides**: Consider using biofungicides like Trichoderma harzianum or Bacillus subtilis, which can help suppress fungal growth. #### 4. Resistant Varieties - **Selection**: Choose onion varieties that are resistant to specific diseases. Consult your local Krishi Vigyan Kendra (KVK) for variety recommendations. #### 5. Integrated Pest Management (IPM) - **Monitoring**: Regularly inspect plants for signs of disease. Early detection can prevent the spread of diseases. - **Integrated Approach**: Combine cultural, chemical, and biological methods for effective disease management. ### Safety Precautions - **Personal Protective Equipment (PPE)**: Wear gloves, long sleeves, and face masks when handling chemicals. - **Pre-Harvest Interval (PHI)**: Follow the recommended PHI for fungicides to ensure the safety of the produce. For specific recommendations or field-level diagnosis, please contact your nearest Krishi Vigyan Kendra (KVK) or Block Agriculture Officer. By implementing these strategies, you can effectively manage diseases in your onion crops and ensure a healthy harvest."
Onion Disaeses-NHB,https://workdrive.zohoexternal.in/file/xyy4k4fae8e9cdb50403a88b94eb5c4cf6284,69d9c479de47d11219463d79,69d9c115de47d11219463d10,HOW TO CONTROL YELLOW LEAF SPOT IN ONION NURSERY,"Yellow leaf spot, can occur due to many reasons 

1.Onion Yellow Dwarf:
This is a viral disease caused by onion yellow dwarf virus. It is transmitted mechanically as well as by insect vectors. The symptoms of the disease are severe stunting of the plants, dwarfing and twisting of the flower stalk. The affected leaves and stems change their normal green colour to various shades of yellow and leaves tend to flatten and crinkle and as a result bend over.

Control:
Manage the vector population.• Plant virus free transplants.• Follow crop rotation of at least three years. Remove and destroy the diseased plants to check the spread of disease. Rogueing of diseased plants and isolation from other susceptible crops or volunteer onions Use blue sticky trap.  Conserve the predators such as coccinellids, lacewings, spiders,wasps etc. for controlling thrips.
emical
Chemical Control- : If insect vectors (like aphids) are spreading the disease in your field, Spray Malathion or Oxydemeton methyl at a 0.1% concentration

2.Anthracnose (Colletotrichum gloeosporiodes or Colletotrichum circinans):
The symptoms appear initially on the leaves as water soaked pale yellow spots, which spreads lengthwise covering entire leaf blade. The affected leaves shrivel and droop down.

Control: Field sanitation: Destruction of infected plant debris. Use of resistant varieties

Chemical Control: Spray your crop with Mancozeb 75% WP at 600 to 800 grams per acre, or use Carbendazim 50% WP.

3.Basal rot:
Disease symptoms: Initially yellowing of leaves and stunted growth of plant is observed, which later on dry from tip to downwards. In early stage of infection, the roots of the plants become pink in colour and rotting take place later. In advanced stage, the bulb starts decaying from lower ends and ultimately whole plant dies.

4.Control measure: 
Cultural control: Follow crop rotation for 4-5 years with non-host crop. Mixed cropping with tobacco and sorghum is effective in reducing pathogen inoculum and the disease. Soil solarization by using polythene sheet of 25 guage in summer season for 30 days reduces the pathogen inoculum and in turn reduces the disease. Follow proper drainage practices. Deep summer ploughing. Avoid injury during cultural practices. Flood the soil in the non-growing season for basal rot control. Use resistant varieties.
Seed Treatment: Always treat your onion seeds with Thiram at a rate of 2 grams per kilogram of seed before sowing in the nursery.
Chemical Control:
If the disease is already present in your soil, apply Carbendazim or Thiophanate Methyl  as a soil drench at a 0.1% concentration.

5.Iris yellow spot disease:
Symptoms of iris yellow spot virus are often seen as a cream, elliptical spots on the leaves. The spots also appear on onion scapes or flower stalks of onions.

Control measure:
Cultural control: Plant healthy seedlings free from thrips and Iris yellow spot virus. Follow three year or longer rotation between onion crops. Eliminate alternate host plants, culls, and weeds in and around onion fileld. Use sprinkler irrigation for suppression of thrips and disease. Avoid thin, patchy plant stands and crop stress.
Vector Control: This virus is spread entirely by Onion Thrips. To stop the yellow spots, you must kill the thrips. Spray Dimethoate 30% EC at 264 ml per acre.

6.Downy Mildew (Perenospora destructor):
The disease is caused by and reported from northern hilly track and plains particularly in high humid locations. The disease is worst in damp conditions and late planting of the crop, application of higher doses of fertilizers and numerous irrigation increased disease severity. Symptoms appear on the surface of leaves or flower stalk as violet growth of fungus, which later becomes pale greenish yellow and finally the leaves or seed stalks collapse.

Control: For managing the disease effectively, onion bulbs meant for seed crop should be exposed to sun for 12 days to destroy the fungus. Spraying with Zineb (0.2%) 400 g per acre also gives good control of the disease.

7. Stemphylium Blight (Fungal Disease)
Symptoms: Infection starts as small yellowish to orange flecks or streaks in the middle of the leaves. These soon grow into elongated, spindle-shaped spots with pinkish margins. It often causes severe damage to the flower stalks in seed crops
Cultural Control: Collect and burn old crop residues to destroy the surviving fungus. Practice long crop rotations with non-host crops and soak onion seeds in hot water (50 °C) for 20 minutes before sowing.
Chemical Control: Spray Mancozeb 75% WP or Zineb 75% WP at a dose of 600 to 800 grams mixed in 300 to 400 liters of water per acre


7.Nutrient Deficiencies If your soil lacks certain nutrients, the crop will show specific yellowing patterns:

Nitrogen: Leaves become yellowish green erect and upright curled, wilted and dwarf. At maturity tissue above bulbs become soft.

Correction measure: Foliar spray of Urea 1% or DAP 2% twice at weekly intervals.

Zinc: Growth restricted. The leaves show interveinal necrosis. In the early stages of zinc deficiency the younger leaves become yellow and pitting develops in the interveinal upper surfaces of the mature leaves. As the deficiency progress these symptoms develop into an intense interveinal necrosis but the main veins remain green.

Correction measure: Foliar spray of ZnSO4 @ 0.5% twice at for nightly interval

Nutrient Deficiency
before using any fertilizer please test your soil .
Manure and Fertilizer Management Apply about 20 tons of cow dung or compost per acre at the time of plowing the field. Apply half the amount of nitrogen (25 kg) or 54 kg urea  and full amount of phosphorus (20 kg) DAP 44kg and potash (10 kg) MOP 17kg per acre at the time of planting and mix well in the soil.
Apply the remaining amount of nitrogen in two doses at an interval of 30 days. 


For specific recommendations or field-level diagnosis, please contact your nearest Krishi Vigyan Kendra (KVK) or Block Agriculture Officer"
CHAUDHARY CHARAN SINGH AGRICULTURAL UNIVERSITY,https://workdrive.zohoexternal.in/folder/xyy4k0b1321a234094c8d974dfe9d18de6d15?layout=list,69d9c68fde47d11219463dc1,69d9c115de47d11219463ca9,What are the improved varieties of onion available for cultivation?,"Improved varieties of onion are specifically developed to enhance yield, disease resistance, and overall quality. Here are some of the popular improved onion varieties that farmers can consider for cultivation: 1. **Hybrid Varieties**: - **Hybrid 101**: This variety is known for its high yield and excellent storage quality. It is resistant to purple blotch and thrips, making it a preferred choice for farmers. - **Hybrid 202**: This variety is early maturing and has good resistance to basal rot and damping-off. It is suitable for both direct sowing and transplanting. 2. **Open Pollinated Varieties**: - **Bhagirathi**: This variety is known for its high yield and good storage quality. It is resistant to purple blotch and thrips, and is suitable for cultivation in various soil types. - **Nagpur Red**: This variety is early maturing and has good resistance to basal rot and damping-off. It is also resistant to purple blotch and thrips, making it a robust choice for farmers. 3. **Disease-Resistant Varieties**: - **Purple Blotch Resistant**: These varieties are specifically bred to resist purple blotch, a common fungal disease that can significantly reduce yield. They are suitable for cultivation in areas with high humidity. - **Thrips Resistant**: These varieties are resistant to thrips, which can cause significant damage to the leaves and bulbs. They are ideal for areas where thrips are a common pest. When selecting an improved variety, it is important to consider the local climate, soil type, and pest pressure. Farmers should also consult with their local Krishi Vigyan Kendra (KVK) or Block Agriculture Officer for specific recommendations based on their region. For specific recommendations or field-level diagnosis, please contact your nearest Krishi Vigyan Kendra (KVK) or Block Agriculture Officer.
"
CCSHAU-Haryana,https://workdrive.zohoexternal.in/folder/xyy4kacd919f9f74244649775428611fc8e43,69d9c6b7de47d11219463dc9,69d9c115de47d11219463ca4,How to control fungal diseases in the onion crop?,"Fungal diseases can significantly impact the yield and quality of onion crops. Common fungal diseases affecting onions include purple blotch, basal rot, and gray mold. Effective management strategies include cultural practices, chemical control, and biological control methods. ### Cultural Practices 1. **Crop Rotation**: Rotate onion crops with non-host crops to reduce the buildup of fungal pathogens in the soil. Avoid planting onions in the same field for at least three years. 2. **Sanitation**: Remove and destroy infected plant debris after harvest to prevent the spread of fungal spores. Ensure that tools and equipment are clean and sanitized to avoid transferring pathogens. 3. **Irrigation Management**: Avoid overhead irrigation and water the plants in the early morning to allow leaves to dry quickly. Overwatering can create a favorable environment for fungal growth. 4. **Proper Planting Depth**: Ensure that onions are planted at the correct depth to promote healthy root development and reduce the risk of fungal infections. ### Chemical Control 1. **Fungicides**: Apply fungicides as a preventive measure during the growing season. Common fungicides include mancozeb, chlorothalonil, and thiophanate-methyl. Always follow the label instructions for application rates and timing. - **Mancozeb**: Apply at a rate of 0.5-1 kg per hectare, depending on the product formulation. - **Chlorothalonil**: Apply at a rate of 0.5-1 kg per hectare. - **Thiophanate-methyl**: Apply at a rate of 0.5-1 kg per hectare. 2. **Pre-Harvest Interval (PHI)**: Ensure that the fungicide has a sufficient PHI to avoid residues in the harvested onions. Follow the product label for the specific PHI. 3. **Personal Protective Equipment (PPE)**: Wear appropriate PPE, including gloves, goggles, and a respirator, when handling fungicides. ### Biological Control 1. **Biofungicides**: Use biofungicides such as Trichoderma spp. and Bacillus subtilis to control fungal diseases. These products are generally safer for the environment and human health. 2. **Promote Plant Health**: Maintain healthy plants through proper nutrition and soil management. Use organic amendments like compost to improve soil health and enhance plant resistance to diseases. ### Monitoring and Early Detection 1. **Regular Scouting**: Conduct regular field inspections to detect early signs of fungal diseases. Look for symptoms such as leaf spots, wilting, and discoloration. 2. **Sampling**: Collect plant samples for laboratory analysis if the disease is suspected. This will help in identifying the specific fungal pathogen and selecting the appropriate control measures. For specific recommendations or field-level diagnosis, please contact your nearest Krishi Vigyan Kendra (KVK) or Block Agriculture Officer. By implementing these strategies, you can effectively manage fungal diseases in your onion crop and ensure a healthy yield.
"
POP-HARYANA ONION,https://workdrive.zohoexternal.in/folder/xyy4kd55ddba1796c40628d4bad24a7c36138?layout=list,69d9c9efde47d11219463e05,69d9c115de47d11219463ce0,Information regarding transplanting distance in onion,"Transplanting distance in onion is a critical factor that influences the yield and quality of the crop. Proper spacing ensures optimal growth and minimizes competition among plants for nutrients and water. Here is a comprehensive guide to determine the appropriate transplanting distance for onions: ### Determining the Transplanting Distance 1. **Planting Density**: - The ideal planting density for onions is typically 10-15 cm between plants and 15-20 cm between rows. This spacing allows for adequate air circulation and reduces the risk of diseases. 2. **Soil Conditions**: - Sandy soils may require a slightly wider spacing (15-20 cm between plants and 20-25 cm between rows) to prevent water stress and ensure good root development. - Clay soils can support closer spacing (10-15 cm between plants and 15-20 cm between rows) as they retain more moisture. 3. **Variety**: - Early maturing varieties can be planted closer together (10-12 cm between plants and 15-20 cm between rows) as they require less time to reach maturity. - Late maturing varieties may benefit from wider spacing (15-18 cm between plants and 20-25 cm between rows) to allow for better bulb development. 4. **Irrigation and Fertility**: - Well-managed soils with good fertility and consistent irrigation can support closer spacing. - In areas with limited water, wider spacing is recommended to ensure adequate water supply to each plant. ### Steps for Transplanting 1. **Prepare the Seedlings**: - Ensure the seedlings are healthy and have at least 4-5 true leaves before transplanting. - Harden off the seedlings by gradually exposing them to outdoor conditions over a week. 2. **Prepare the Field**: - Ensure the field is free of weeds and has been properly tilled and leveled. - Apply necessary fertilizers and organic matter to improve soil fertility. 3. **Transplanting**: - Dig small holes at the recommended spacing using a dibber or transplanting tool. - Place the seedling in the hole, ensuring the neck of the bulb is just above the soil surface. - Gently firm the soil around the base of the plant to secure it. 4. **Watering**: - Immediately after transplanting, water the plants thoroughly to settle the soil and reduce transplant shock. ### Post-Transplant Care 1. **Irrigation**: - Maintain consistent moisture levels, especially during the first few weeks after transplanting. - Gradually reduce irrigation as the plants mature to prevent bulb splitting. 2. **Weeding**: - Keep the field free of weeds to prevent competition for nutrients and water. 3. **Fertilization**: - Apply balanced fertilizers as per soil test recommendations to support healthy growth. By following these guidelines, you can ensure optimal transplanting distance for your onion crop, leading to higher yields and better quality bulbs. For specific recommendations or field-level diagnosis, please contact your nearest Krishi Vigyan Kendra (KVK) or Block Agriculture Officer.
"
CCSHAU,https://workdrive.zohoexternal.in/folder/xyy4kfdabc51542014df8bf233c03a55ba8b9?layout=list,69d9cf75de47d11219463e53,69d9c115de47d11219463ce7,Information regarding how to control potash deficiency in onion,"Potash deficiency in onions can lead to poor bulb development, reduced yield, and lower quality bulbs. To manage and control potash deficiency, follow these steps: ### Assessing Potash Deficiency - **Symptoms**: Look for yellowing of older leaves, stunted growth, and poor bulb development. Potash deficiency often manifests as a yellowing of the leaf margins, which can spread towards the leaf tip. - **Soil Testing**: Conduct a soil test to determine the exact level of potassium (K) in the soil. This will help in formulating a precise application plan. ### Application of Potash - **Type of Potash**: Use potassium chloride (KCl) or potassium sulfate (K2SO4) as the source of potash. Potassium sulfate is a better choice for soils with high salinity or alkalinity. - **Application Rate**: Apply 50-75 kg of KCl or 40-50 kg of K2SO4 per hectare. The exact rate depends on the soil test results and the current level of potash in the soil. - **Method of Application**: Apply potash as a basal dose at the time of sowing or transplanting. Incorporate it into the soil thoroughly to ensure even distribution. ### Foliar Application - **Foliar Spray**: If soil application is not feasible, a foliar spray of potassium nitrate (KNO3) can be used. Mix 1-2 kg of KNO3 in 100 liters of water and spray it on the leaves every 10-15 days. - **Timing**: Apply foliar sprays during the vegetative growth stage and early bulb development stage. ### Integrated Management - **Irrigation**: Ensure proper irrigation to maintain soil moisture levels, which is crucial for nutrient uptake. - **Compost and Organic Matter**: Incorporate well-composted manure or organic matter into the soil to improve soil structure and nutrient availability. - **Crop Rotation**: Practice crop rotation to avoid depleting soil nutrients and to manage soil-borne diseases. ### Safety Precautions - **Personal Protective Equipment (PPE)**: Wear gloves, goggles, and a respirator when handling potash to avoid skin irritation and inhalation. - **Pre-Harvest Interval (PHI)**: There is no specific PHI for potash application in onions. However, ensure that the crop is harvested after the recommended application period to avoid any potential residue issues. ### Conclusion Proper management of potash deficiency is crucial for optimal onion growth and yield. Regular soil testing, appropriate application of potash, and integrated nutrient management practices will help in maintaining healthy onion crops. For specific recommendations or field-level diagnosis, please contact your nearest Krishi Vigyan Kendra (KVK) or Block Agriculture Officer.
"
CCSHAU,https://workdrive.zohoexternal.in/folder/xyy4k1d86a02a18d440a3ac56e8fea6cd1749?layout=list,69d9cf75de47d11219463e53,69d9c115de47d11219463ce7,Information regarding how to control potash deficiency in onion,"Potash deficiency in onions can lead to poor bulb development, reduced yield, and lower quality bulbs. To manage and control potash deficiency, follow these steps: ### Assessing Potash Deficiency - **Symptoms**: Look for yellowing of older leaves, stunted growth, and poor bulb development. Potash deficiency often manifests as a yellowing of the leaf margins, which can spread towards the leaf tip. - **Soil Testing**: Conduct a soil test to determine the exact level of potassium (K) in the soil. This will help in formulating a precise application plan. ### Application of Potash - **Type of Potash**: Use potassium chloride (KCl) or potassium sulfate (K2SO4) as the source of potash. Potassium sulfate is a better choice for soils with high salinity or alkalinity. - **Application Rate**: Apply 50-75 kg of KCl or 40-50 kg of K2SO4 per hectare. The exact rate depends on the soil test results and the current level of potash in the soil. - **Method of Application**: Apply potash as a basal dose at the time of sowing or transplanting. Incorporate it into the soil thoroughly to ensure even distribution. ### Foliar Application - **Foliar Spray**: If soil application is not feasible, a foliar spray of potassium nitrate (KNO3) can be used. Mix 1-2 kg of KNO3 in 100 liters of water and spray it on the leaves every 10-15 days. - **Timing**: Apply foliar sprays during the vegetative growth stage and early bulb development stage. ### Integrated Management - **Irrigation**: Ensure proper irrigation to maintain soil moisture levels, which is crucial for nutrient uptake. - **Compost and Organic Matter**: Incorporate well-composted manure or organic matter into the soil to improve soil structure and nutrient availability. - **Crop Rotation**: Practice crop rotation to avoid depleting soil nutrients and to manage soil-borne diseases. ### Safety Precautions - **Personal Protective Equipment (PPE)**: Wear gloves, goggles, and a respirator when handling potash to avoid skin irritation and inhalation. - **Pre-Harvest Interval (PHI)**: There is no specific PHI for potash application in onions. However, ensure that the crop is harvested after the recommended application period to avoid any potential residue issues. ### Conclusion Proper management of potash deficiency is crucial for optimal onion growth and yield. Regular soil testing, appropriate application of potash, and integrated nutrient management practices will help in maintaining healthy onion crops. For specific recommendations or field-level diagnosis, please contact your nearest Krishi Vigyan Kendra (KVK) or Block Agriculture Officer.
"
Post harvest Handling and processing,https://workdrive.zohoexternal.in/file/egcqk5aefaac1cfc244ada546b7455cc20bad,69e79a77b5aab4468eebeec5,69e7486bb5aab4468eebec3a,How should I dry the tomato crop?,"Drying tomato crops is a process that requires careful handling to ensure the quality and safety of the produce. Here is a step-by-step guide to drying tomatoes:
 
1. Sun Drying ( Traditional method)
Select ripe , healthy fruits of tomato
Wash thoroughly.
Cut into halves or slices.
Remove seeds( if desired)
Add a little salt
Spread on clean trays or mats
Keep in direct  sunlight (5-7) days
Cover with net cloth to protect from dust/ insects.

2. Drying using Hybrid Solar Dryer

A..Raw Materials Preparation
Choose fresh, ripe, and firm tomatoes for the process.
Clean the tomatoes thoroughly under running water to remove dirt and debris.
Sanitize using a food-grade sanitizer solution (e.g., 10% vinegar solution) for 2–3 minutes to reduce microbial load.
Remove the stems and any green stalk on the fruit.
Cut tomatoes into uniform slices of 5–6 mm thickness using a sharp knife or mechanical slicer.
Remove seeds if desired (optional, depending on end-use requirements).

B.Pretreatment Prior to Drying
Prepare a citric acid solution (0.5% concentration) and dip the tomato slices in the solution for 5 minutes.
If citric acid is not available, steam-blanch the slices for 5 minutes. These operations help prevent browning and preserve color.
Drain excess solution or residual moisture using a sieve before loading into the solar dryer.

C..Dryer Preparation
Wash or wipe all drying trays with a clean cloth before use.
Allow trays to dry before loading products into the dryer.
Ensure the circulation fan and hybrid heater are working properly.
Clean the outer dryer surface with a soft, clean cloth to allow adequate reception of solar energy.
Ensure all vents are clean and unobstructed.

D..Loading of Products into the Dryer  
Tomato slices should be arranged in single layers on each drying tray.
Ensure adequate spacing between the slices to allow proper airflow and even drying.
Start the drying process early in the morning to maximize the use of solar radiation.
Position the dryer so that it receives optimal sun exposure.
Monitor the temperature and adjust the alternative heat source if required.
Ensure the dryer maintains a temperature range of 55–60°C.
Rearrange trays by switching their positions to ensure uniform drying.
On each drying tray, flip the products using clean, dry, and protected hands or utensils to avoid moisture entrapment.
Monitor weather changes and adjust the backup heater accordingly.
Total drying time should be 18–24 hours of active drying, depending on weather conditions.
After the first 18 hours of drying, check the moisture content every 2 hours.
Final moisture content should be 12–15% (wet basis) when fully dried.
Verify texture to confirm proper dryness: it should be leathery and crispy, but not brittle when fully dried.

3.Post drying operations

Assess texture uniformity before packing to avoid wet spots.
If wet spots are found, return those slices and nearby products to the dryer.
Once fully dried, place the tomato slices in a tray for cooling.
Allow them to cool to room temperature.
After proper cooling, pack immediately in airtight containers or moisture‑proof bags.
Store in a cool (below 25°C), dry place, away from direct sunlight.


Safety and Precautions
 - Personal Protective Equipment (PPE): Wear gloves and a mask when handling the tomatoes to prevent contamination.
 - Pre-Harvest Interval (PHI): Not applicable in this context as drying is a post-harvest process.
 
 Mandatory Footer
 For specific recommendations or field-level diagnosis, please contact your nearest Krishi Vigyan Kendra (KVK) or Block Agriculture Officer."
"NHB Guava Propagation Method_National Horticulture Board, Gurugram, Haryana.pdf",https://workdrive.zohoexternal.in/folder/ufqv7175b3b5a39754c1b977a7edcd6e607c1?layout=list,69e98217b5aab4468eebfaf4,69e96c9db5aab4468eebfa6c,Tell me about the propagation method in guava plant.,"The Paropagatin method is a propagation technique used in guava cultivation to ensure the production of healthy and genetically identical plants. This method involves the use of stem cuttings, which are taken from the mother plant and then rooted to form new plants. Here is a step-by-step guide to the Paropagatin method:
 
 ### Materials Needed
 - Sterile cutting tools (pruners, knives)
 - Disinfectant solution (1% sodium hypochlorite or 70% alcohol)
 - Hormone rooting powder (indole-3-butyric acid, IBA)
 - Potting mix (well-draining, sterile)
 - Propagation trays or pots
 - Plastic cover or polythene sheet
 
 ### Steps to Follow
 
 #### 1. Selecting the Cutting Material
 - **Choose the Right Time**: The best time to take cuttings is during the growing season, typically from March to June.
 - **Select Healthy Shoots**: Choose healthy, disease-free shoots that are about 10-15 cm long. Avoid using shoots with flowers or fruits.
 - **Cut the Shoots**: Use sterile pruners to make clean cuts just below a node (the point where leaves emerge from the stem).
 
 #### 2. Preparing the Cuttings
 - **Disinfect the Tools**: Clean and disinfect the cutting tools in a solution of 1% sodium hypochlorite or 70% alcohol to prevent the spread of diseases.
 - **Remove Lower Leaves**: Strip off the lower leaves to reduce water loss and prevent rotting. Keep 2-3 leaves at the top of the cutting.
 
 #### 3. Treating the Cuttings
 - **Apply Rooting Hormone**: Dip the cut end of the cutting in a rooting hormone solution (indole-3-butyric acid, IBA) to promote root growth. This step is crucial for successful propagation.
 
 #### 4. Planting the Cuttings
 - **Prepare the Potting Mix**: Use a well-draining potting mix that is sterile to avoid introducing pathogens.
 - **Plant the Cuttings**: Insert the cuttings into the potting mix, ensuring that the node is just below the soil surface. Press the soil around the cutting to secure it.
 - **Watering**: Water the cuttings gently to settle the soil and provide moisture.
 
 #### 5. Creating a Humid Environment
 - **Cover with Plastic**: Cover the propagation tray or pots with a plastic sheet or polythene to create a humid environment. This helps in retaining moisture and promoting root growth.
 - **Provide Light**: Place the cuttings in a well-lit area but avoid direct sunlight, which can cause heat stress and dehydration.
 
 #### 6. Monitoring and Care
 - **Check for Rooting**: After about 2-3 weeks, check for root development by gently tugging on the cuttings. If they resist, roots have formed.
 - **Remove Plastic Cover**: Once roots are well-established, remove the plastic cover to acclimate the plants to normal conditions.
 - **Transplanting**: After 4-6 weeks, when the cuttings have developed a good root system, transplant them into larger pots or the field.
 
  7. Post-Transplant Care
 - **Watering**: Water the transplanted cuttings regularly, ensuring the soil remains moist but not waterlogged.
 - **Fertilization**: Apply a balanced fertilizer after the cuttings have established themselves in the new environment.
 - **Pest and Disease Management**: Monitor the plants for any signs of pests or diseases and take appropriate action.
 
 Safety and Pre-Harvest Interval (PHI)
 - **Personal Protective Equipment (PPE)**: Always wear gloves and protective clothing when handling cuttings and applying rooting hormones.
 - **PHI**: There is no specific Pre-Harvest Interval (PHI) for rooting hormones used in this method. However, ensure that the plants are well-established before transplanting.
 Propagation in Guava 

Propagation in guava is done through **seed and vegetative methods**, but vegetative propagation is preferred for maintaining true-to-type plants.

 1. Seed Propagation

Guava can be propagated through seeds, which germinate within about **three weeks**. Seeds should be collected from **fully matured fruits** and sown immediately, as their viability decreases quickly after extraction. Due to the **hard seed coat**, pre-treatments such as soaking in water for about two weeks or treating with strong sulphuric acid for a short duration help improve germination. Seedlings are usually raised in nursery beds or polythene bags. However, **seed propagation is not recommended for commercial cultivation**, because the resulting plants show **high variability** and do not retain the characteristics of the mother plant.

2. Vegetative Propagation

Vegetative propagation is the most widely used method in guava as it ensures **uniformity and true-to-type plants**.

a) Air-layering

Most common commercial method of propagation
* Best time: **April to June** under warm and humid conditions
* A healthy shoot of about 1 cm diameter from the previous season’s growth is selected
* A ring of bark about 3 cm long is removed
* The exposed portion is covered with moist sphagnum moss and wrapped with polythene
Root formation occurs in 30–40 days, after which the rooted layer is detached and planted
b) Other Vegetative Methods

Veneer grafting
T-budding
Forkert budding

These methods are also practiced for propagation and help in producing quality planting material
Although seed propagation is possible, vegetative methods, especially air-layering, are preferred in guava cultivation** due to their ability to produce uniform, high-yielding plants identical to the parent type. 

--
 
 For specific recommendations or field-level diagnosis, please contact your nearest Krishi Vigyan Kendra (KVK) or Block Agriculture Officer.
 
 ---
 
 This method ensures that the new plants are genetically identical to the mother plant, which is crucial for maintaining the desired characteristics and productivity in guava cultivation."
"Glimpses of Sugarcane Cultivation-Directorate of Sugarcane Development,Lucknow,Uttarpradesh.pdf",https://workdrive.zohoexternal.in/folder/88tep928d19b666f74f2a92f12d6f33565c6c?layout=list,69eade1ccf42f542dcc89df1,69eabf08cf42f542dcc89cd2,What is the recommended dose of urea for sugarcane?,"The recommended dose of urea for sugarcane varies depending on soil type, soil fertility, and the specific growth stage of the crop. The recommended dose of urea for sugarcane in the North-West Zone (including Delhi) is as follows:
Plant crop (150 kg N/ha): ≈ 326 kg urea/ha (130 kg urea/acre)
Ratoon crop (200 kg N/ha): ≈ 435 kg urea/ha (173 kg urea/acre)
Urea should be applied in split doses for better utilization:
One-third of the total urea is applied at planting (basal dose)
The remaining two-thirds is applied in two equal splits:
1. At the tillering stage (30-45 days after planting):  This application helps in promoting healthy shoot growth and root development. 
2. At the commencement of the grand growth stage (60-75 days after planting): Crucial for the development of the ratoon crop and for maintaining high sugar content in the stalks 

Fertilizers may also be applied through diammonium phosphate (DAP) at planting to supply the full phosphorus requirement along with part of nitrogen.

Considerations - Soil Testing : Always conduct soil tests to determine the exact nutrient requirements of your soil. This will help in adjusting the urea dose accordingly. - Split Application : Splitting the urea application into multiple doses can help in reducing the risk of leaching and improving nutrient uptake. -Water Management : Ensure proper irrigation after each urea application to facilitate nutrient uptake by the roots. 

Mandatory Footer For specific recommendations or field-level diagnosis, please contact your nearest Krishi Vigyan Kendra (KVK) or Block Agriculture Officer. 
 "
TNAUAGRI INFOTECH,https://workdrive.zohoexternal.in/folder/krmj738a22803314e4c67a72e0cb955becb08?layout=list,69eba204cf42f542dcc8acd4,69e35e6a2c0bf9fbaeb6e6e7,What is the recommended ratio of cocopeat-vermiculite-kulite for bottle gourd cultivation?,"The recommended ratio of cocopeat-vermiculite-kulite for bottle gourd cultivation can vary based on the specific requirements of your soil and the growing conditions. However, a commonly used ratio is 2:1:1, where cocopeat constitutes 2 parts, vermiculite 1 part, and kulite (a type of expanded clay aggregate) 1 part. This mixture helps in improving soil aeration, water retention, and nutrient availability, which are crucial for the healthy growth of bottle gourd plants.The recommended growing medium for bottle gourd cultivation is a **2:1:1 ratio of cocopeat, vermiculite, and kulite (expanded clay aggregate)**, which provides an ideal balance of moisture retention, aeration, and drainage. Cocopeat acts as the primary component by retaining water and promoting root development, while vermiculite enhances moisture and nutrient-holding capacity, and kulite improves aeration and prevents waterlogging. The cocopeat should be soaked for about 24 hours before mixing, and the components should be blended uniformly to avoid clumping. The medium should maintain a moisture level of about 60–70%, ensuring it is moist but not saturated. For optimal growth, the pH of the medium should be maintained between 6.0 and 6.8, which aligns with the preferred slightly acidic to neutral conditions for bottle gourd cultivation . Since this medium is low in nutrients, it should be enriched with biofertilizers like *Azospirillum* and *Phosphobacteria*, or supplemented with vermicompost or water-soluble fertilizers through fertigation. Seedlings can be raised in protrays and transplanted at around 15 days of age, as recommended under improved cultivation practices . Proper drainage in containers (15–20 L capacity) is essential to prevent root diseases, and the addition of *Trichoderma* can help protect against soil-borne pathogens. Regular irrigation, preferably through drip systems, should be maintained without causing water stagnation. As bottle gourd is a vining crop, providing support through a trellis or bower system is important for better growth, fruit quality, and yield. Overall, this medium ensures a favorable environment for healthy plant development and higher productivity under container or protected cultivation systems.

 
 ### Preparation of Growing Medium
 1. **Materials Required**:
  - Cocopeat: 2 parts
  - Vermiculite: 1 part
  - Kulite: 1 part
 
 2. **Mixing the Components**:
  - **Step 1**: Soak the cocopeat in water for about 24 hours to ensure it is thoroughly wet. This helps in breaking down the cocopeat and making it easier to mix with other components.
  - **Step 2**: Drain the excess water from the cocopeat and mix it with vermiculite and kulite in the ratio of 2:1:1. Ensure that the mixture is well combined to avoid any clumps.
 
 3. **Adjusting the Moisture Content**:
  - The final mixture should have a moisture content of about 60-70%. To check this, take a handful of the mixture and squeeze it. If water drips, it is too wet; if it crumbles, it is too dry. Adjust the moisture content by adding more water or cocopeat as needed.
 
 4. **Sterilization**:
  - To prevent the growth of pathogens, it is advisable to sterilize the mixture before use. This can be done by placing the mixture in a container and heating it in an oven at 100Â°C for 1-2 hours. Alternatively, you can use steam sterilization for 30 minutes.
 
 5. **Use in Containers**:
  - Fill the containers with the prepared mixture and plant the bottle gourd seeds or seedlings. Ensure that the container has adequate drainage holes to prevent waterlogging.
 
 ### Additional Tips
 - **Pest and Disease Management**: Regularly inspect the plants for any signs of pests or diseases. Use appropriate biological or chemical controls as needed.
 - **Watering**: Water the plants regularly, ensuring that the soil remains moist but not waterlogged. Use a drip irrigation system if available to maintain consistent moisture levels.
 - **Fertilization**: Apply a balanced fertilizer (15-15-15 NPK) every 2-3 weeks during the growing season. Follow the recommended dosage and ensure that the fertilizer is well mixed with the growing medium.
 
 ### Mandatory Footer
 For specific recommendations or field-level diagnosis, please contact your nearest Krishi Vigyan Kendra (KVK) or Block Agriculture Officer."
BlackgramandGreengram.pdf,https://sheet.zoho.in/sheet/published/8ydc62f3a4aebc06449a68958088b3b1df27d,69d0cefa201d9072ae36be3c,69d0b4c9201d9072ae36bc97,HOW TO CONTROL TELA IN GREEN GRAM CROP,"Controlling aphids in green gram (mung bean) is crucial to maintain crop health and yield. Aphids can cause significant damage by feeding on plant sap, leading to stunted growth, reduced yield, and the spread of viruses. Here’s a comprehensive guide to managing aphids in your green gram crop:

### Pest Identification
- **Appearance**: Aphids are small, soft-bodied insects that can be green, yellow, brown, or black. They often cluster on the undersides of leaves and stems.
- **Damage**: Look for yellowing or wilting leaves, distorted growth, and sticky honeydew on the leaves and stems.

### Integrated Pest Management (IPM) Approach
1. **Monitoring**
- **Regular Scouting**: Inspect plants regularly, especially during the early stages of growth, to detect aphid infestations early.
- **Thresholds**: Set a threshold for aphid population. For green gram, a threshold of 10-15 aphids per leaf is often used.

2. **Cultural Practices**
- **Crop Rotation**: Rotate crops to avoid building up aphid populations.
- **Sanitation**: Remove weeds and crop residues that can serve as hosts for aphids.

3. **Biological Control**
- **Predators**: Encourage natural predators such as ladybugs, lacewings, and parasitic wasps. These predators can significantly reduce aphid populations.
- **Planting Companion Plants**: Plant flowers like marigold and nasturtiums, which attract beneficial insects.

4. **Chemical Control**
- **Insecticides**: Use insecticides as a last resort. Choose products that are effective against aphids but have a low impact on beneficial insects.
- **Application**: Apply insecticides in the early morning or late evening to avoid harming pollinators. Ensure proper coverage of the plant canopy.
- **PPE**: Wear protective clothing, including gloves, goggles, and a respirator when applying insecticides.
- **Pre-Harvest Interval (PHI)**: Follow the PHI specified on the product label to ensure safety.

5. **Mechanical Control**
- **Hose Off**: Use a strong jet of water to dislodge aphids from plants. This method is effective for small-scale infestations.

### Rhizobium Inoculation
- **Seed Treatment**: Apply Rhizobium inoculant to the seeds before planting. This helps in fixing atmospheric nitrogen, enhancing plant growth and overall health.

### Fertilizer Application
- **Phosphorus**: Apply phosphorus-rich fertilizers to improve plant resistance to aphids. Phosphorus helps in root development and overall plant health.

### Variety Selection
- **Short-Duration Varieties**: Opt for short-duration green gram varieties that have better resistance to aphids and other pests.

### Mandatory Footer
For specific recommendations or field-level diagnosis, please contact your nearest Krishi Vigyan Kendra (KVK) or Block Agriculture Officer.

By following these steps, you can effectively manage aphid populations in your green gram crop and ensure a healthy yield."
TNAU Agritech Portal,https://agritech.tnau.ac.in/org_farm/orgfarm_green%20manure.html,69d0e67d201d9072ae36bfee,69d0b4c9201d9072ae36bcf7,Information regarding which crop grows as a fertilizer,"Green Manure

Undecomposed green plant material incorporated into soil to improve fertility is called green manure. It is obtained in two ways: by growing green manure crops or by collecting green leaf (along with twigs) from plants grown in wastelands, field bunds and forest. Green manuring is growing in the field plants usually belonging to leguminous family and incorporating into the soil after sufficient growth. The plants that are grown for green manure known as green manure crops. The most important green manure crops are sunnhemp, dhaincha, green gram,clusterbeans and Sesbania rostrata.

Sesbania rostrata is a stem nodulating green manure crop which is a native of West Africa. As it is a short-day plant and sensitive to photoperiod, the length of vegetative period is short when sown in August or September. A mutant (TSR-l) developed by Bhabha Atomic Research Centre, Bombay is insensitive to photoperiod, tolerant to salinity and waterlogged condition. Growth and nitrogen fixation is higher with TSR-l compared to the existing strains.

Advantages

-Green manuring improves soil structure, increases water holding capacity and decreases soil loss by erosion.
-Growing of green manure crops in the off season reduces weed proliferation and weed growth.
-Green manuring helps in reclamation of alkaline soils. Root knot nematodes can be controlled by green manuring.
 "
Low cost wild boar managment methods Kerala - Kerala Agricultural University,https://www.ainpvpm.in/Archive/Folder/Low%20cost%20wild%20boar%20managment%20methods.pdf,69d0f211201d9072ae36c0c5,69ccb719c902f79ae8409968,How to save the bajra crop from the pigs,"Management of Wild Boar (Pig) Damage in Pearl Millet (Bajra):

Wild boar can cause serious damage to bajra crops, especially at early and grain stages. An integrated approach using physical, olfactory, and auditory methods is effective for control.

A. Physical Barriers
Nylon Net Fencing:
Install a 5-foot wide nylon net around the field. Fix wooden stakes of about 1 m height at 3 m spacing. Tie the net so that 3 feet remains above ground and 2 feet is buried and fixed with pegs. Tighten with rope at the top and about 15 cm above ground level to prevent entry.
Shade Net Fencing:
Use 5-foot wide shade net fencing tied to pegs at 3 m intervals around the field to restrict wild boar movement.
Solar-Based Electric Fencing:
Install solar fencing with low-voltage current (around 12 V). It gives a mild shock to animals, deterring them without causing harm. Suitable for high-value crops.
Tying Colored Clothes (Saris):
Tie different colored cloth pieces around the field to create a human presence effect and scare animals away.
Trenches:
Dig trenches of about 2 feet width and 1.5 feet depth around the field to prevent entry.
Human Hair Barrier:
Spread cut human hair along field boundaries. The smell irritates wild boars and helps keep them away.
Barbed Wire / Iron Wire Fencing:
Install 3 rows of wire fencing—first at 1 foot above ground, and remaining two at 1-foot intervals above it.
B. Olfactory Repellents
Egg Solution Spray:
Prepare a solution using 20 ml egg per liter of water and spray on crop boundaries. Repeat every 10 days in heavily affected areas. It masks crop smell and repels wild boar.
BoRep (Olfactory Repellent):
Take 25 g BoRep in small cloth pouches and tie them around the field at 2–3 m spacing and 10 cm above ground. Also sprinkle around the boundary. About 2 kg per acre is required. Effective for 1–1.5 months. Use gloves while handling.
C. Auditory Repellents
Automatic Cracker Devices:
Use automatic sound-producing devices that release noise at intervals to scare wild boars away.
Bio-Acoustic Devices:
These devices emit predator or distress sounds to deter animals. They are useful for controlling wild boar and other stray animals.

Overall, combining fencing, repellents, and sound devices provides better protection. Regular monitoring and timely action are important to reduce crop losses."
Haryana pop,https://sheet.zoho.in/sheet/published,69d336eb87d928fc194751e6,69d0b4c9201d9072ae36bcf6,When is the best time to spray pesticides in a mung bean crop?,"Timing the pesticide application correctly is crucial for effective pest control in mung bean crops. Here’s a step-by-step guide to help you determine the best spray time:

### Understanding the Pest Cycle
1. **Identify the Pest**: The primary pests affecting mung bean crops include pod borers, whiteflies, and mung bean yellow mosaic virus (MYMV) transmitted by whiteflies.
2. **Monitor Pest Activity**: Regularly inspect your crop for signs of pest infestations. Early detection is key to effective management.

### Timing the Spray
1. **Pre-Sprouting and Seedling Stage**:
- **Objective**: Protect seedlings from soil-borne diseases and early pests.
- **Timing**: Apply a fungicide and insecticide mixture at the time of sowing or shortly after germination.
- **Pesticides**: Use a broad-spectrum fungicide and an insecticide like thiamethoxam or imidacloprid.
- **PPE**: Wear gloves, goggles, and a respirator. Follow the manufacturer’s instructions for application rates and safety precautions.

2. **Vegetative Stage**:
- **Objective**: Control early stages of pests and diseases.
- **Timing**: Apply a foliar spray when the plants are 10-15 days old.
- **Pesticides**: Use a combination of a fungicide (like mancozeb) and an insecticide (like lambda-cyhalothrin).
- **PPE**: Ensure you have the necessary protective gear and follow the Pre-Harvest Interval (PHI) guidelines.

3. **Pod Formation and Maturation Stage**:
- **Objective**: Protect pods from pests and diseases.
- **Timing**: Apply a spray when the pods are visible and the plants are 30-40 days old.
- **Pesticides**: Use a broad-spectrum insecticide (like chlorpyrifos) and a fungicide (like copper oxychloride).
- **PPE**: Wear appropriate protective clothing and follow the safety instructions.

### Integrated Pest Management (IPM)
1. **Whitefly Management**:
- **Monitoring**: Use yellow sticky traps to monitor whitefly populations.
- **Spray Timing**: Apply insecticides when the whitefly population reaches a threshold level (e.g., 10-15 whiteflies per trap).
- **Pesticides**: Use neonicotinoids like thiamethoxam or pyrethroids like lambda-cyhalothrin.
- **PPE**: Ensure you have the necessary protective gear and follow the safety instructions.

2. **Pod Borer Management**:
- **Monitoring**: Check for signs of pod borer damage, such as holes in pods.
- **Spray Timing**: Apply insecticides when the larvae are actively feeding on pods.
- **Pesticides**: Use organophosphates like chlorpyrifos or pyrethroids like lambda-cyhalothrin.
- **PPE**: Wear appropriate protective clothing and follow the safety instructions.

### Post-Spray Considerations
- **PPE**: Always wear protective gear during application.
- **PHI**: Follow the Pre-Harvest Interval (PHI) guidelines to ensure safety.
- **Record Keeping**: Keep a record of the pesticides used and the dates of application for future reference.

For specific recommendations or field-level diagnosis, please contact your nearest Krishi Vigyan Kendra (KVK) or Block Agriculture Officer.

---

CATEGORY: Pest
QUESTION: When is the best time to spray pesticides in a mung bean crop?"
Punjab Rabi Season crops,https://workdrive.zohoexternal.in/folder/xww67437388a407984886aa71ce9ad01793ea?layout=list,69d33bf487d928fc194752d6,69d338ae87d928fc19475282,Tell me soil treatment for control of wilt disease in sugarcane.,"To effectively manage wilt disease in sugarcane, soil treatment is a crucial step. Wilt disease, caused by fungi such as Fusarium, can severely impact sugarcane yield and quality. 

Symptoms:
Externally gradual yellowing and drying of foliage, and shrinkage/withering of canes.
Internally light to dark purplish or brown discolouration of ground tissue, pithiness and boat-shaped cavities in the middle of the internodes.

Control Measures:
Dipping the setts in 40 ppm of boron or manganese, or spraying the plants with either of these minor elements, reduces the disease intensity.
sett treatment with fungicide like Carbendazim 50% WP, 0.1% (1 gm per lit. of water) before planting .

Cultural control:
- Use resistant or moderately resistant varieties.
- Any sett showing reddening at the cut ends or at the nodal region should be discarded.
- Healthy setts should be planted. Such setts must be produced from crop raised from
heat treatment of seed canes in moist hot air at 54°C for 2.5 hour at 99% humidity.
- Remove affected clump along with root system and burn. Bunding of affected field should be done to avoid movement of rain or floodwater to healthy fields.
- Ratooning of diseased crop should be avoided.
- Diseased crop should be harvested as early as possible.
- Crop rotation should be followed in affected fields.
- Use yellow sticky traps for the control of aphid vector.

Integrated Disease Management (IDM) for wilt 
 1.Sett treatment - Dip sets in 0.25% emisan - 6 or 0.0.5% carbendazim for 15 minutes before planting .
2. Field sanitation - Burn diseased trash and stubble , and avoid using diseased fields.
3.Soil application - Apply Trichoderma enriched FYM in the field before planting . 

For specific recommendations or field-level diagnosis, please contact your nearest Krishi Vigyan Kendra (KVK) or Block Agriculture Officer. By following these steps, you can effectively manage wilt disease in your sugarcane fields, ensuring better yields and quality."
SGA_HR_sugarcane,https://sheet.zoho.in/sheet/published/qe7xu2bcb98f8c93f4f8ca2e4de1b6ce81747,69d3425087d928fc194753b0,69d338ae87d928fc19475230,How can I control ant attacks in sugarcane?,"Controlling ant attacks in sugarcane is crucial to protect the crop from damage and ensure optimal growth. Ants can cause significant harm by feeding on sugarcane sap, which can lead to reduced yield and quality. 

-Its adults are small, black in colour and winged, whereas the babies are pink and black in colour and wingless.

-They hide inside the cabbage and suck the juice due to which the leaves turn yellow and red spots like eyes appear on them

-Its outbreak is more prevalent in the paddy crop during the summer and dry season (May-June)

-Affected crops experience a slowdown in growth and appear to suffer from a nitrogen deficiency. If the pest is not timely controlled, it moves onto the surrounding crop.

Control measures:

-To control this pest in the millet crop, spray 400 ml of Phenthoate 50 EC or 400 ml of Chlorpyrifos 20 EC per acre dissolved in 400 litres of water by foot or rocking pump till mid - May.

Precautions / Take care

-It is important for the insecticide to reach inside the cob so that the larvae and adults of the black insects hidden in them during the day are destroyed.

-Adding ten kilos of urea per acre to the pesticide solution benefits the crop.

-If this insect is not completely eradicated then do second spraying after 25 to 30 days.

-Even if this insect attacks the Baod crop, its prevention should be done in May - June as mentioned above, otherwise in drought conditions this insect can damage the crop till September - October.

 For specific recommendations or field-level diagnosis, please contact your nearest Krishi Vigyan Kendra (KVK) or Block Agriculture Officer. By following these steps, you can effectively manage ant attacks in sugarcane and protect your crop from damage."
Pop of sugarcane,https://workdrive.zohoexternal.in/folder/g3f7t05b914c79fc249068badc3e066bbcfb6,69d34bf687d928fc19475467,69d338ae87d928fc19475232,FIRST IRRIGATION IN SUGARCANE,"The first irrigation in sugarcane is crucial for establishing a strong root system and ensuring healthy plant growth. Here is a step-by-step guide to managing the first irrigation effectively: 

Irrigation mangement:
Apply the first irrigation five to six weeks after sowing. Irrigate the crop every 10 days before the monsoon and every 25 days after the monsoon. 
COJ 64 and COS 8436 varieties require fixed and more irrigation.
The varieties CO 1148 and CO S 767 are quite drought tolerant.

For specific recommendations or field-level diagnosis, please contact your nearest Krishi Vigyan Kendra (KVK) or Block Agriculture Officer."
Co 0238 – The Wonder Variety of Sugarcane.pdf,https://icar.org.in/en/node/4869,69d34f2387d928fc194754b0,69d338ae87d928fc19475284,What are the best varieties of sugarcane for high sugar recovery and brix value?,"Choosing the right variety of sugarcane is crucial for achieving high sugar recovery and brix value. Here are some of the best varieties suitable for different climatic conditions in India:

1. CO 0238 (Karan 4) – The Wonder Variety of Sugarcane
-A high yielding and high sugar content variety for commercial cultivation in North-West Zone  comprising the states of Haryana, Punjab, Western and Central Uttar Pradesh, Uttarakhand and Rajasthan.
-It showed 19.96, 15.83 and 0.50% improvement in cane yield, sugar yield and sucrose % respectively. 
- The jaggery of Co 0238 is of A1 quality with light yellow colour.  
 - Haryana had the coverage of 29% growing area of this variety.
  
2. COJ 64
This is an early variety
-Good rainfall and suitable for early harvest , more affected by drought
- Adequate water , protection from insects and diseases is necessary to get a good
    crop
-Stem borer and bullet borer are more susceptible to red rot .
- Average yield 200 quintals / acre and share of sugar 18-20 percent

3.CO 1148
-Medium ripening variety
- Drought and frost tolerant
- Only suitable for adults
- Susceptible to canker , stem borer and red rot
- Average yield is 320 quintals per acre and sugar fraction is 17-19 percent

4. CO 7717
-Medium ripening variety
- Good splitting , non - falling and straight growing variety
- Suitable for modhi crop
- It is resistant to kangiari and drought but is susceptible to red rot and scab .
- Average yield 350 quintals per acre and sugar fraction around 17 percent

5. COH 128
-Suitable for spring sowing and sowing
- Varieties with good footing
- Anti- red rot
- The average yield is 305 quintals per acre and sugar fraction is 17.7 percent
 
6. COH56
-This is an early variety
- It is a non- falling and good splitting variety .
- Susceptible to blight and red rot .
- Higher yield and sugar share 18.0 percent

  . For specific recommendations or field-level diagnosis, please contact your nearest Krishi Vigyan Kendra (KVK) or Block Agriculture Officer. MANDATORY FOOTER: For specific recommendations or field-level diagnosis, please contact your nearest Krishi Vigyan Kendra (KVK) or Block Agriculture Officer."
POP english Emausamhau,https://workdrive.zohoexternal.in/folder/1j88obb2f498ec2db4756bcca6f0a35f32421,69d34f2387d928fc194754b0,69d338ae87d928fc19475284,What are the best varieties of sugarcane for high sugar recovery and brix value?,"Choosing the right variety of sugarcane is crucial for achieving high sugar recovery and brix value. Here are some of the best varieties suitable for different climatic conditions in India:

1. CO 0238 (Karan 4) – The Wonder Variety of Sugarcane
-A high yielding and high sugar content variety for commercial cultivation in North-West Zone  comprising the states of Haryana, Punjab, Western and Central Uttar Pradesh, Uttarakhand and Rajasthan.
-It showed 19.96, 15.83 and 0.50% improvement in cane yield, sugar yield and sucrose % respectively. 
- The jaggery of Co 0238 is of A1 quality with light yellow colour.  
 - Haryana had the coverage of 29% growing area of this variety.
  
2. COJ 64
This is an early variety
-Good rainfall and suitable for early harvest , more affected by drought
- Adequate water , protection from insects and diseases is necessary to get a good
    crop
-Stem borer and bullet borer are more susceptible to red rot .
- Average yield 200 quintals / acre and share of sugar 18-20 percent

3.CO 1148
-Medium ripening variety
- Drought and frost tolerant
- Only suitable for adults
- Susceptible to canker , stem borer and red rot
- Average yield is 320 quintals per acre and sugar fraction is 17-19 percent

4. CO 7717
-Medium ripening variety
- Good splitting , non - falling and straight growing variety
- Suitable for modhi crop
- It is resistant to kangiari and drought but is susceptible to red rot and scab .
- Average yield 350 quintals per acre and sugar fraction around 17 percent

5. COH 128
-Suitable for spring sowing and sowing
- Varieties with good footing
- Anti- red rot
- The average yield is 305 quintals per acre and sugar fraction is 17.7 percent
 
6. COH56
-This is an early variety
- It is a non- falling and good splitting variety .
- Susceptible to blight and red rot .
- Higher yield and sugar share 18.0 percent

  . For specific recommendations or field-level diagnosis, please contact your nearest Krishi Vigyan Kendra (KVK) or Block Agriculture Officer. MANDATORY FOOTER: For specific recommendations or field-level diagnosis, please contact your nearest Krishi Vigyan Kendra (KVK) or Block Agriculture Officer."
Haryana pop,https://sheet.zoho.in/sheet/published/8ydc62f3a4aebc06449a68958088b3b1df27d?sheetid=0&range=B410,69d3557d87d928fc19475546,69cf8c65201d9072ae36b8de,"When is the sowing time for moong (mung bean), summer moong sowing time?","The optimal sowing time for Green Gram (Mung bean) varies depending on the region and climate. Generally, it is advisable to sow Green Gram during the monsoon season, which typically ranges from June to September, to take advantage of the natural rainfall. However, for areas with a shorter monsoon period, early sowing can be done in May to ensure good germination and growth.

### Sowing Time Guidelines

1. **Monsoon Season (June to September)**:
- **North India**: Sow Green Gram in the second week of June to the first week of July.
- **Central India**: Sow Green Gram in the first week of July to the first week of August.
- **South India**: Sow Green Gram in the first week of August to the first week of September.

2. **Pre-monsoon Sowing (May)**:
- For regions with a shorter monsoon period, sowing can be done in the first week of May. This requires careful monitoring of soil moisture and timely irrigation to ensure seed germination.

3. **Post-monsoon Sowing (October to December)**:
- In some regions, post-monsoon sowing can be done in October to December, especially in areas with assured irrigation. This timing helps in avoiding the heat stress of summer and ensures better yield.

### Preparations for Sowing

- **Soil Preparation**: Plow the land deeply to a depth of 15-20 cm and then harrow it to make a fine tilth. Incorporate organic manure and fertilizers at this stage.
- **Seed Treatment**: Treat the seeds with a fungicide to protect them from soil-borne diseases. Additionally, seed inoculation with Rhizobium can enhance nitrogen fixation, leading to better plant growth.

### Post-Sowing Care

- **Irrigation**: Provide adequate irrigation immediately after sowing and maintain soil moisture throughout the growing period. Ensure that the soil does not become waterlogged.
- **Weeding**: Keep the field free from weeds by timely weeding. Hand weeding or mechanical weeding can be done as needed.
- **Pest and Disease Management**: Monitor the field for pests like pod borers and diseases such as mung bean yellow mosaic virus (MYMV) and cercospora leaf spot. Use appropriate pesticides and fungicides as per the Integrated Pest Management (IPM) guidelines.

### Mandatory Footer
For specific recommendations or field-level diagnosis, please contact your nearest Krishi Vigyan Kendra (KVK) or Block Agriculture Officer.

By following these guidelines, you can ensure successful sowing and cultivation of Green Gram (Mung bean) in your region."
haryana pop,https://sheet.zoho.in/sheet/published/8ydc62f3a4aebc06449a68958088b3b1df27d?sheetid=0&range=B397,69d3568787d928fc1947556c,69d0b4c9201d9072ae36bce9,Information regarding Spacing of Mung Bean,"Spacing is a critical factor in the cultivation of Mung Bean (Green Gram) as it affects plant growth, yield, and resource utilization. Proper spacing ensures that each plant has adequate room to grow, which is essential for maximizing productivity.

### Optimal Spacing for Mung Bean

1. **Row Spacing:**
- **Recommended Row Spacing:** 45-60 cm. This spacing allows for good air circulation and reduces the risk of diseases.
- **Reasoning:** Adequate row spacing ensures that the plants have enough space to spread their roots and leaves, which is crucial for nutrient and water uptake.

2. **Plant Spacing:**
- **Recommended Plant Spacing:** 25-30 cm within the row. This spacing is ideal for short-duration varieties and ensures uniform plant growth.
- **Reasoning:** Closer plant spacing within the row can lead to higher plant density, which is beneficial for early yield but may reduce the overall yield if not managed properly. For longer-duration varieties, a slightly wider spacing (30-35 cm) is recommended to allow for better growth and development.

### Benefits of Proper Spacing

- **Enhanced Air Circulation:** Proper spacing improves air circulation, which helps in reducing the incidence of diseases such as powdery mildew and cercospora leaf spot.
- **Optimized Light Penetration:** Adequate spacing ensures that each plant receives sufficient light, which is essential for photosynthesis and overall plant health.
- **Improved Water and Nutrient Utilization:** Proper spacing allows for better water and nutrient absorption, leading to healthier plants and higher yields.

### Planting Method

1. **Seeding Depth:** Plant seeds at a depth of 2-3 cm. This depth ensures that the seeds receive adequate moisture and warmth for germination.
2. **Seeding Rate:** Use a seeding rate of 25-30 kg/ha for short-duration varieties and 30-35 kg/ha for longer-duration varieties. This rate ensures a good stand and uniform plant growth.

### Precautions

- **Soil Preparation:** Ensure that the soil is well-prepared and free of weeds before planting. This helps in maintaining the health of the plants and reduces competition for resources.
- **Irrigation Management:** Proper spacing also helps in efficient irrigation management. Ensure that the irrigation system is designed to provide uniform water distribution.

### Mandatory Footer

For specific recommendations or field-level diagnosis, please contact your nearest Krishi Vigyan Kendra (KVK) or Block Agriculture Officer.

---

By following these guidelines, you can ensure that your Mung Bean crop is well-spaced, leading to better growth, higher yields, and improved overall health of the plants."
haryana pop,https://sheet.zoho.in/sheet/published/8ydc62f3a4aebc06449a68958088b3b1df27d?sheetid=0&range=B14,69d356e287d928fc1947557d,69d0b4c9201d9072ae36bc8c,Information regarding how to control yellow mosaic in green gram,"This disease is caused by the mung bean yellow mosaic virus
(MYMV) belonging to Gemini group of viruses, which is
transmitted by the whitefly (Bemisia tabaci).
Disease symptoms:
• Initially mild scattered yellow spots appear on young leaves
• The next trifoliate leaves emerging from the growing apex show irregular yellow and green patches
alternating with each other
• Spots gradually increase in size and ultimately some leaves turn completely yellow
• Infected leaves also show necrotic symptoms.
• Diseased plants are stunted, mature late and produce very few fl owers and pods
• Pods of infected plants are reduced in size and turn yellow in colour.
Transmission and favourable conditions:
• The disease is transmitted in semi persistent manner by aphid Aphis gossypii.
• Aphids are more active in warm summer conditions and increase in their population leads to increased
spread of the viruses
Control :
Grow tolerant/resistant varieties like Narendra Mung1, Pant
Mung 3, PDM 139 (Samrat), PDM 11, MUM 2, ML 337, IPM 02-14, MH 421, SML 832 etc.
Whiteflies spread this disease. To prevent this, spray 250 ml of Dimethoate 30 EC(Rogor) or 250 ml of Oxydemeton Methyl 25 EC (Metasystax) or 250 ml of Formethion 25 EC (Anthio) or 400 ml of Malathion 50 EC per acre, dissolved in 250liters of water, 20-25 days after sowing, at intervals of 10-15 days.
Uproot and destroy diseased plants.
Remove weeds from the crop in time.
For specific recommendations or field-level diagnosis, please contact your nearest Krishi Vigyan Kendra (KVK) or Block Agriculture Officer.
"
haryana pop,https://sheet.zoho.in/sheet/published/8ydc62f3a4aebc06449a68958088b3b1df27d?sheetid=0&range=B212,69d357e087d928fc194755a4,69d0b4c9201d9072ae36bcb9,Information regarding payment of mung bean crop,"The question regarding the payment of mung bean crop is not within the scope of agricultural expertise. However, we can provide you with general guidance on the process of crop payment and how to ensure timely and fair compensation.

1. **Understanding the Payment Process**:
- **Harvesting and Grading**: Ensure that the mung bean crop is harvested at the right time and graded according to the quality standards set by the buyer or the market.
- **Contractual Agreements**: Review the terms and conditions of the contract you have with the buyer. This includes the price per quintal, payment terms, and any other relevant details.

2. **Documentation**:
- **Weighing and Inspection**: Have the crop weighed and inspected by an authorized person or agency to ensure accuracy and compliance with quality standards.
- **Payment Receipts**: Keep all receipts and documentation related to the sale of the mung bean crop. This includes purchase orders, delivery notes, and payment confirmations.

3. **Communication**:
- **Regular Updates**: Maintain regular communication with the buyer to ensure that the crop is being processed and payment is being made as per the agreed terms.
- **Dispute Resolution**: If there are any disputes regarding the payment, seek assistance from your local agricultural cooperative or the relevant agricultural department to resolve the issue.

4. **Support Services**:
- **Local Agricultural Support**: For specific recommendations or field-level diagnosis, please contact your nearest Krishi Vigyan Kendra (KVK) or Block Agriculture Officer.

For specific recommendations or field-level diagnosis, please contact your nearest Krishi Vigyan Kendra (KVK) or Block Agriculture Officer."
haryana pop,https://sheet.zoho.in/sheet/published/8ydc62f3a4aebc06449a68958088b3b1df27d?sheetid=0&range=B233,69d3596587d928fc194755c3,69d0b4c9201d9072ae36bcbb,Information about control of termite or army worm in green gram crop?,"To manage termite and army worm infestations in green gram (mung bean) crops, it is essential to adopt a combination of cultural practices, biological control methods, and chemical control measures. Here is a comprehensive guide to effectively manage these pest

Termites: Odontotermes obesus 

Symptoms of damage:
- Termite bores into the roots and stem. Due to the bore the plants soon dries.
- Attack may continue to the standing crop also especially during the period of drought.

Control Management:

- Frequent intercultural operations and irrigation before sowing.
- Field sanitation, timely disposal of crop stables and undecomposed plant parts.
- Undecomposed FYM or composed should not be used
- Two-three deep ploughing could also help control this pest.
- Destroy the termite bunds in and around the field and kill the queen and complimentary form.
- Seed treatment with chlorpyriphos @ 4ml/kg of seed

As per the POP of Haryana Army worm is not major pest in Green gram, As per the Directorate of Pulses, Farmer may confuse to identify the pest properly.As per source alternate pest which symptoms same as armyworm:

Bihar Hairy Caterpillar:
 Nature of damage: Female moths lay eggs on plants in a field. Young caterpillar eats away all the green matter of the leaves and it can be easily recognised by perforated, dusty, white-coloured leaves in the field. The grown-up caterpillars feed voraciously on leaves, soft stems, and branches. The insect totally denudes the crop within a few days, resulting in total failure of the crop.

Control Measures:
i) Uproot the damaged plants along with the young larvae at the gregarious phase and bury under the soil; ii) Spray of Quinalphos 25 EC @ 2.5 ml/liter of water.

For specific recommendations or field-level diagnosis, please contact your nearest Krishi Vigyan Kendra (KVK) or Block Agriculture Officer.

"
haryana pop,https://sheet.zoho.in/sheet/published/8ydc62f3a4aebc06449a68958088b3b1df27d?sheetid=0&range=B56,69d35a5487d928fc194755df,69d0b4c9201d9072ae36bc9d,Information regarding water management in moong,"Water management is crucial for the successful cultivation of green gram (mung bean). Proper irrigation techniques can significantly enhance yield and ensure the health of the crop. Generally the kharif crop requires one life saving irrigation, which may be applied during the early pod formation stage. For the summer/spring mungbean, 3–4 irrigations are required. Apply first irrigation after 20-25 days of sowing and repeat after 10-15 days as per need. One irrigation before flowering and another at pod-filing stage would ensure healthy seeds. Water logging in the field should be avoided at all cost. No irrigation should be given when the crop is in full bloom stage. 
For specific recommendations or field-level diagnosis, please contact your nearest Krishi Vigyan Kendra (KVK) or Block Agriculture Officer."
haryana pop,https://sheet.zoho.in/sheet/published/8ydc62f3a4aebc06449a68958088b3b1df27d?sheetid=0&range=B105,69d35aa587d928fc194755ed,69d0b4c9201d9072ae36bca6,Information regarding how to control termites in mung bean.,"Controlling termites in mung bean is crucial to protect the crop from significant damage. Here’s a comprehensive guide to managing termite infestations:

Termites: Odontotermes obesus 

Symptoms of damage:
- Termite bores into the roots and stem. Due to the bore the plants soon dries.
- Attack may continue to the standing crop also especially during the period of drought.

Control Management:

- Frequent intercultural operations and irrigation before sowing.
- Field sanitation, timely disposal of crop stables and undecomposed plant parts.
- Undecomposed FYM or composed should not be used
- Two-three deep ploughing could also help control this pest.
- Destroy the termite bunds in and around the field and kill the queen and complimentary form.
- Seed treatment with chlorpyriphos @ 4ml/kg of seed

For specific recommendations or field-level diagnosis, please contact your nearest Krishi Vigyan Kendra (KVK) or Block Agriculture Officer.
"
Haryana pop,https://sheet.zoho.in/sheet/published/8ydc62f3a4aebc06449a68958088b3b1df27d?sheetid=0&range=A85,69d35b0087d928fc194755f3,69d0b4c9201d9072ae36bca1,How to control leaf curl in mung bean crops?,"Leaf curl is a common pest issue in mung bean crops, caused by the whitefly vector. Managing this pest effectively is crucial for maintaining healthy plants and high yields. Here’s a comprehensive guide to control leaf curl in mung bean crops:

### Step 1: Early Detection and Monitoring
- **Regular Inspection**: Conduct regular field inspections to detect early signs of leaf curl. Look for yellowing leaves, stunted growth, and curled leaves.
- **Whitefly Monitoring**: Use yellow sticky traps to monitor the presence and population of whiteflies. Place these traps at the field edge and in the center of the field.

### Step 2: Cultural Practices
- **Crop Rotation**: Rotate mung bean crops with non-host crops to reduce the buildup of whitefly populations.
- **Sanitation**: Remove and destroy infected plants to prevent the spread of the virus.

### Step 3: Biological Control
- **Encourage Natural Predators**: Promote the presence of natural predators such as ladybugs, lacewings, and spiders. These predators can help control whitefly populations.
- **Use of Biopesticides**: Apply neem-based biopesticides or other biopesticides that are effective against whiteflies. These products are less harmful to the environment and beneficial insects.

### Step 4: Chemical Control
- **Insecticides**: If the infestation is severe, use insecticides such as imidacloprid or thiamethoxam. Always follow the label instructions and apply these chemicals in the early morning or late evening to avoid harming beneficial insects.
- **Precautions**: Wear protective clothing, including gloves, goggles, and a respirator when applying insecticides. Ensure proper disposal of empty containers and follow the Pre-Harvest Interval (PHI) guidelines.

### Step 5: Integrated Pest Management (IPM)
- **Combine Methods**: Use a combination of cultural, biological, and chemical control methods to manage leaf curl effectively.
- **Regular Monitoring**: Continue to monitor the field for signs of leaf curl and adjust your management strategies as needed.

### Step 6: Post-Harvest Management
- **Clean Equipment**: Clean and disinfect all equipment used in the field to prevent the spread of the virus to other crops.
- **Storage**: Store harvested mung beans in clean, dry, and well-ventilated areas to prevent mold and other post-harvest issues.

For specific recommendations or field-level diagnosis, please contact your nearest Krishi Vigyan Kendra (KVK) or Block Agriculture Officer.

---

CATEGORY: Pest
QUESTION: How to control leaf curl in mung bean crops?

ANSWER:
Leaf curl in mung bean crops is primarily caused by the whitefly vector. Effective management involves a combination of early detection, cultural practices, biological control, and chemical control. Here’s a detailed guide:

### Early Detection and Monitoring
- **Regular Inspections**: Check for yellowing leaves, stunted growth, and curled leaves.
- **Whitefly Traps**: Use yellow sticky traps to monitor whitefly populations.

### Cultural Practices
- **Crop Rotation**: Rotate mung beans with non-host crops.
- **Sanitation**: Remove and destroy infected plants.

### Biological Control
- **Encourage Predators**: Promote ladybugs, lacewings, and spiders.
- **Biopesticides**: Use neem-based biopesticides.

### Chemical Control
- **Insecticides**: Apply imidacloprid or thiamethoxam if necessary.
- **Precautions**: Wear protective clothing and follow PHI guidelines.

### Integrated Pest Management (IPM)
- **Combine Methods**: Use a combination of cultural, biological, and chemical control.
- **Regular Monitoring**: Continue monitoring for leaf curl.

### Post-Harvest Management
- **Clean Equipment**: Disinfect equipment.
- **Storage**: Store harvested mung beans in clean, dry areas.

For specific recommendations or field-level diagnosis, please contact your nearest Krishi Vigyan Kendra (KVK) or Block Agriculture Officer."
haryana pop,https://sheet.zoho.in/sheet/published/8ydc62f3a4aebc06449a68958088b3b1df27d?sheetid=0&range=B52,69d35b4f87d928fc194755fc,69d0b4c9201d9072ae36bc99,Information regarding control of insect-pests Blister Beetle in green gram,"Blister Beetles are a significant pest in green gram cultivation, causing damage to leaves and pods. Effective management of these pests is crucial for maintaining yield and quality. Here is a comprehensive guide to control Blister Beetles in green gram:

### Identification and Monitoring
- **Identification**: Blister Beetles are elongated, black or dark-colored insects with a distinctive white or yellow stripe on their back. They are about 1-2 cm long.
- **Monitoring**: Regularly inspect plants for signs of feeding damage, such as chewed leaves and pods. Use yellow sticky traps to monitor adult beetle populations.

### Cultural Practices
- **Crop Rotation**: Avoid planting green gram in the same field consecutively. Rotate with non-host crops to reduce pest buildup.
- **Sanitation**: Remove and destroy infested plant material to reduce overwintering sites for the beetles.

### Biological Control
- **Predators and Parasites**: Encourage natural enemies such as ladybugs, lacewings, and parasitic wasps by maintaining a diverse ecosystem in the field.

### Chemical Control
- **Insecticides**: Use broad-spectrum insecticides if necessary. Commonly used insecticides include:
- **Carbaryl (Sevin)**: Apply at a rate of 100-150 g a.i./ha. Wear protective clothing, including gloves, goggles, and a respirator. The Pre-Harvest Interval (PHI) is 14 days.
- **Imidacloprid**: Apply at a rate of 100-150 ml a.i./ha. Follow the same safety precautions as above. The PHI is 21 days.

### Integrated Pest Management (IPM)
- **Integrated Approach**: Combine cultural, biological, and chemical control methods for the most effective management. Monitor pest populations and apply control measures only when necessary to minimize environmental impact.

### Mandatory Footer
For specific recommendations or field-level diagnosis, please contact your nearest Krishi Vigyan Kendra (KVK) or Block Agriculture Officer.

By following these steps, you can effectively manage Blister Beetles in your green gram crop, ensuring better yields and quality."
UP POP,https://sheet.zoho.in/sheet/published/jod1z14021c28f16b465588ad31b54c3f22f1?sheetid=0&range=B27,69d35c4187d928fc1947560d,69ccb719c902f79ae84098ff,Information about Nutrient management in Pearl millet crop,"Nutrient management is crucial for ensuring optimal growth and yield in pearl millet (Bajra) crops. Here is a comprehensive guide to managing nutrients effectively:
 
* Nutrient Requirements
 Pearl millet requires a balanced supply of macronutrients (nitrogen, phosphorus, potassium) and micronutrients (iron, zinc, manganese, boron). The nutrient requirements vary based on soil type, climate, and the specific variety of pearl millet being grown.
 
 *Soil Testing
 Before applying any fertilizers, it is essential to conduct a soil test to determine the nutrient status of the soil. This will help in identifying any deficiencies or excesses and guide the application rates.
 
 *Macronutrient Management
     A. PRIMARY NUTRIENTS

1. Nitrogen : Little new growth, yellow leaves, this being more pronounced in older leaves and leaf drop. Plants stunted, spindly pale yellow or deep yellow color near the tips and margins progresses towards the base, heads small, seed numbers reduced.
-Pearl millet requires moderate amounts of nitrogen. Apply 50-75 kg of nitrogen per hectare in the form of urea or ammonium sulphate. Split application can be done at different growth stages to avoid leaching and ensure uniform uptake.
-Apply 8-10 Kg N / acre as top dressing or foliar spray of urea @ 2-3 percent.
-Under excessive rain situation during vegetative phase, additional dose of nitrogen @ 20 kg/ha should be given. 


 2. Phosphorus : Small root systems; grain filling inhibited. Growth stunted, spindly, dark green / purple leaves with dark red coloration. Leaf sheaths bend upward with red coloration leaf. Leave appear to be erect and leathery. Roots turn dark brown purple or black.
-Apply 40-50 kg of phosphorus per hectare in the form of single superphosphate or rock phosphate. This should be incorporated into the soil during the preparation of the field.
-foliar spray of 2% DAP 2-3 sprays at an interval of 15 days.

  3. Potassium :  Deficiency first seen on older leaves. Irregular necrotic patterns intermingled with red pigmentation. Streaked patterns on the interveinal tissue, symptoms at tips and margins move towards the base.
-Apply 50-75 kg of potassium per hectare in the form of muriate of potash (MOP) or potassium sulphate. This should also be incorporated into the soil during the preparation of the field.
- foliar spray of KCl @ 1%.

    B. SECONDARY NUTRIENTS
1.Sulphur: Deficiency appears first on younger leaves. New growth is pale yellow.
Correction measure: foliar spray of CaSO4 @ 2%

 
* Micronutrient Management
 1. Iron: Iron deficiency can be managed by applying iron chelates at the rate of 1-2 kg per hectare.
 2. Zinc : Zinc deficiency can be corrected by applying zinc sulphate at the rate of 1-2 kg per hectare. The zinc deficiency in standing crop, spray of 0.2% ZnSO4 at tillering to pre-flowering stage is recommended
 3. Manganese : Manganese deficiency can be managed by applying manganese sulphate at the rate of 1-2 kg per hectare.
 4. Boron: Boron deficiency can be corrected by applying borax at the rate of 1-2 kg per hectare.

*MEASURES TO BE TAKEN 
-In light soils (sandy loams) the applied nitrogen may be lost due to leaching with heavy rains. So, only about half of the recommended nitrogen dose should be applied at seedbed preparation. 
-The remaining half of nitrogen dose is side-dressed when the crop is 25 days old.
- On soils which do not leach easily like black soils, all of the nitrogen may be applied during seedbed preparation. 
-Pearl millet seeds are sensitive to fertilizer burn. Do not apply fertilizer in the furrow with the seed or very near the seed in the row after sowing. It should be applied as side dressing 
-Use of biofertilizer (Azospirillum and PSB) can economize the N and P fertilizer application.
 
 * Application Methods
 - Broadcasting: Apply most of the fertilizers by broadcasting them evenly over the field and incorporating them into the soil.
 -Band Application: For nitrogen, a band application can be made at the time of sowing or at the early growth stage to ensure better utilization.
 
* Safety Precautions
 - Always wear protective clothing, including gloves, goggles, and masks, when handling fertilizers.
 - Follow the manufacturer's instructions for mixing and applying fertilizers.
 - Ensure that fertilizers are applied at the correct rates to avoid over-fertilization, which can lead to nutrient imbalances and environmental pollution.
 
 *Pre-Harvest Interval (PHI)
 - There is no specific PHI for fertilizers in pearl millet. However, it is recommended to avoid applying any fertilizers within 15 days of harvest to ensure that the crop is not contaminated.
 
* Mandatory Footer
 For specific recommendations or field-level diagnosis, please contact your nearest Krishi Vigyan Kendra (KVK) or Block Agriculture Officer.
 
 By following these guidelines, you can ensure that your pearl millet crop receives the necessary nutrients for optimal growth and yield."
Pearlmillet-NIPHM.pdf,https://workdrive.zohoexternal.in/folder/jod1z11a227a2e3f44ab7beff69c401de1690?layout=list,69d35c4187d928fc1947560d,69ccb719c902f79ae84098ff,Information about Nutrient management in Pearl millet crop,"Nutrient management is crucial for ensuring optimal growth and yield in pearl millet (Bajra) crops. Here is a comprehensive guide to managing nutrients effectively:
 
* Nutrient Requirements
 Pearl millet requires a balanced supply of macronutrients (nitrogen, phosphorus, potassium) and micronutrients (iron, zinc, manganese, boron). The nutrient requirements vary based on soil type, climate, and the specific variety of pearl millet being grown.
 
 *Soil Testing
 Before applying any fertilizers, it is essential to conduct a soil test to determine the nutrient status of the soil. This will help in identifying any deficiencies or excesses and guide the application rates.
 
 *Macronutrient Management
     A. PRIMARY NUTRIENTS

1. Nitrogen : Little new growth, yellow leaves, this being more pronounced in older leaves and leaf drop. Plants stunted, spindly pale yellow or deep yellow color near the tips and margins progresses towards the base, heads small, seed numbers reduced.
-Pearl millet requires moderate amounts of nitrogen. Apply 50-75 kg of nitrogen per hectare in the form of urea or ammonium sulphate. Split application can be done at different growth stages to avoid leaching and ensure uniform uptake.
-Apply 8-10 Kg N / acre as top dressing or foliar spray of urea @ 2-3 percent.
-Under excessive rain situation during vegetative phase, additional dose of nitrogen @ 20 kg/ha should be given. 


 2. Phosphorus : Small root systems; grain filling inhibited. Growth stunted, spindly, dark green / purple leaves with dark red coloration. Leaf sheaths bend upward with red coloration leaf. Leave appear to be erect and leathery. Roots turn dark brown purple or black.
-Apply 40-50 kg of phosphorus per hectare in the form of single superphosphate or rock phosphate. This should be incorporated into the soil during the preparation of the field.
-foliar spray of 2% DAP 2-3 sprays at an interval of 15 days.

  3. Potassium :  Deficiency first seen on older leaves. Irregular necrotic patterns intermingled with red pigmentation. Streaked patterns on the interveinal tissue, symptoms at tips and margins move towards the base.
-Apply 50-75 kg of potassium per hectare in the form of muriate of potash (MOP) or potassium sulphate. This should also be incorporated into the soil during the preparation of the field.
- foliar spray of KCl @ 1%.

    B. SECONDARY NUTRIENTS
1.Sulphur: Deficiency appears first on younger leaves. New growth is pale yellow.
Correction measure: foliar spray of CaSO4 @ 2%

 
* Micronutrient Management
 1. Iron: Iron deficiency can be managed by applying iron chelates at the rate of 1-2 kg per hectare.
 2. Zinc : Zinc deficiency can be corrected by applying zinc sulphate at the rate of 1-2 kg per hectare. The zinc deficiency in standing crop, spray of 0.2% ZnSO4 at tillering to pre-flowering stage is recommended
 3. Manganese : Manganese deficiency can be managed by applying manganese sulphate at the rate of 1-2 kg per hectare.
 4. Boron: Boron deficiency can be corrected by applying borax at the rate of 1-2 kg per hectare.

*MEASURES TO BE TAKEN 
-In light soils (sandy loams) the applied nitrogen may be lost due to leaching with heavy rains. So, only about half of the recommended nitrogen dose should be applied at seedbed preparation. 
-The remaining half of nitrogen dose is side-dressed when the crop is 25 days old.
- On soils which do not leach easily like black soils, all of the nitrogen may be applied during seedbed preparation. 
-Pearl millet seeds are sensitive to fertilizer burn. Do not apply fertilizer in the furrow with the seed or very near the seed in the row after sowing. It should be applied as side dressing 
-Use of biofertilizer (Azospirillum and PSB) can economize the N and P fertilizer application.
 
 * Application Methods
 - Broadcasting: Apply most of the fertilizers by broadcasting them evenly over the field and incorporating them into the soil.
 -Band Application: For nitrogen, a band application can be made at the time of sowing or at the early growth stage to ensure better utilization.
 
* Safety Precautions
 - Always wear protective clothing, including gloves, goggles, and masks, when handling fertilizers.
 - Follow the manufacturer's instructions for mixing and applying fertilizers.
 - Ensure that fertilizers are applied at the correct rates to avoid over-fertilization, which can lead to nutrient imbalances and environmental pollution.
 
 *Pre-Harvest Interval (PHI)
 - There is no specific PHI for fertilizers in pearl millet. However, it is recommended to avoid applying any fertilizers within 15 days of harvest to ensure that the crop is not contaminated.
 
* Mandatory Footer
 For specific recommendations or field-level diagnosis, please contact your nearest Krishi Vigyan Kendra (KVK) or Block Agriculture Officer.
 
 By following these guidelines, you can ensure that your pearl millet crop receives the necessary nutrients for optimal growth and yield."
UP POP,https://sheet.zoho.in/sheet/published/jod1z14021c28f16b465588ad31b54c3f22f1?sheetid=0&range=B484,69d35e9787d928fc1947562a,69ccb719c902f79ae8409963,How can I control animals that damage my Pearl Millet (Bajra) crop?,"Controlling animals that damage your Pearl Millet (Bajra) crop is crucial for maintaining a healthy and productive harvest. Here are steps to effectively manage animal pests:
 
 Identify the Animal Pests
 Common animals that can damage Pearl Millet include birds, rodents, and larger mammals. Identifying the specific pest is the first step in choosing the right control method.
 
Blue Bull Management: 
Shinning tapes and LED lights: 
The blue bull is afraid of shinning material and glaring lights. Farmers tie shinning audio/radio tape or reflective ribbons or string of LED lights around the elds with the help of bamboo sticks as fencing 

Scarecrow: 
Humans cannot guard the field for the whole day, so they make a scare crow that looks like a human, and the blue bull gets frightened from it thinking it is human. But the use of scarecrow can be effective if the position of the scarecrow in the elds is changed frequently because if the scare crow remains at the same position animals get habituated to it and stop getting frightened from it. Different scarecrows can be erected at different places in the field to give an impression to the animal as if many people are working in the field together. Scarecrows with LED bulbs inside can be installed in fields to scare away the animals at night. 

Hatchery waste:
 It can be prepared by mixing yolk and albumin from broken, damaged, old, liquefied, unhatched, or even ordinary table eggs. For spraying in fields, 100ml of this mixture, can be mixed with water in a ratio of 1:10. It can be sprayed over crops, trees, etc. using a hand or mechanical sprayer. The pungent smell of egg remains for about a month and the smell of this solution acts as are repellant for the blue bulls. 

Fencing:
 The use of fencing to prevent the entry of wild animals into agricultural elds is one of the oldest used methods of control. As blue bull is capable of jumping up to 8 feet, therefore, to prevent their entry into the fields, the height of fencing should be 8 to 9 feet and should be rm enough so that animal cannot break it off. The cost of protecting crops by chain-link fencing is too high but is effective against blue bull as it cannot break off this fencing . HDPE nylon net (6 feet high) can also be used against the blue bull and is cheap and effective too. Hoofs of animal gets entangled in the part of net laid horizontally thus disturbing its balance . 

 Biofencing using thor (Euphorbia nerifolia), babul or kikar (Prosopis juliflora),Karanda (Carissa carandas), Pearl millet (Pennisetum glaucum), fever nut(Caesalpinia bonducella) and curry leaves (Murraya koenigii) is another way offencing crop elds. When these plants attain a height of around 6-7 feet, fencing becomes so firm that blue bulls cannot pass through it 

Bioacoustic technology: It uses sounds of predators, distress and alarm calls of target and closely related species to convey the message to the target animal that this area is dangerous in their language. On hearing the sounds, the target animals start avoiding the area, thus protecting the crop from damage caused the wild animals. The bio-acoustics equipment is solar/battery powered, covering around 10 to 15 acres. Its cost is Rs 15,000 to Rs 20,000. The equipment can be installed when the animal starts damaging the crop. The equipment can be switched on manually or automatically using a smartphone 

Wild boar management : 
- Erecting HDPE nylon net (2”mesh) fence (4’ upright and 3’ trailing on ground) around the cropped field reduces wild boar damage. (b) Use of BoRep @ 2kg/ac by any one of the following methods to keep wild boar away from the cropped fields. 
- Sprinkle around the cropped field or Put BoRep cloth pouches on wooden poles or hung from a rope at10cm above the ground level (at 1.5 to 2m intervals) around cropped area or broadcast on paths frequented by wild boar

Bird Management:
 Peafowl Management at Germination stage: 
Installation of jute rope in 180 cm strip along the periphery in crisscross pattern at height of 30 cm above the germinating mustard crop is required for protection from Indian Peafowl and other bird pest specie
Eco friendly Management:
-  Use of reflective ribbons 
-  Jute rope technique for pea fowl management 
- Spraying egg solution
- Bird Acoustics 
 
 For specific recommendations or field-level diagnosis, please contact your nearest Krishi Vigyan Kendra (KVK) or Block Agriculture Officer."
agritech,"https://agritech.tnau.ac.in/crop_protection/mustard/crop_prot_crop_insect_oil_mustard_6.html#:~:text=Use%20tolerant%20varieties%20like%20JM,of%2010%2D15%20adults/day",69d36c5087d928fc19475672,69ccf10bc902f79ae8409bf0,How to protect mustard crop from aphids?,"Protecting mustard crops from aphids requires an integrated approach: early sowing (before October 20th), using resistant varieties (e.g., JM-1, RK-9501), and implementing yellow sticky traps. Biological control with ladybird beetles, combined with botanical sprays like neem oil or insecticides (Dimethoate/Thiamethoxam) at the early flowering stage, helps keep populations below economic thresholds.   
        Here are the key strategies for aphid management in mustard:
1. Cultural Practices
Early Sowing: Sowing before Oct 20th allows the crop to mature before peak aphid infestation.
Optimal Nutrition: Avoid excessive nitrogen application, which makes the plant more succulent and attractive to aphids.
Removal of Affected Plants: In the initial stage, break off and destroy the infested terminal twigs along with the aphid colonies.
Resistant Varieties: Use resistant/tolerant varieties like JM-1, RK-9501, or TM-2 for higher resistance.  

2. Physical and Biological Control
Yellow Sticky Traps: Set up 10–12 yellow sticky traps per acre to monitor and capture winged aphid adults.
Natural Enemies: Conserve natural enemies like ladybird beetles, syrphid flies, and lacewings.
    
Trap Crops: Grow mustard as a trap crop around other vegetables, as it attracts aphids away from the main field. 

3. Chemical and Organic Control
Neem Oil: Spray neem oil  to control aphids early without harming beneficial insects.
Systemic Insecticides: If the infestation exceeds thresholds (e.g., 50–60 aphids/10 cm of shoot), spray systemic insecticides:
Dimethoate 30 EC: 1 ml/liter of water.
Oxydemeton methyl 25 EC: 1 ml/liter of water.
Thiamethoxam 25 WG: 0.2 g/liter of water.
Timing: Perform spraying in the afternoon to avoid hurting honey bees, which are important for pollination. 
Regular monitoring of the field twice a week, particularly during January-February, is recommended to apply control measures timely. 
"
agritech,https://iiwbr.org.in/wp-content/uploads/2024/01/RB-51-Compendium-of-Wheat-Varieties-Notified-in-India-During-2018-2023.pdf#:~:,69d36d5987d928fc19475694,69cf49df201d9072ae36b8be,Give me some good variety of wheat in Punjab," Top wheat varieties in India known for high yield and quality include HD 3086 (Pusa Gautami), DBW 187 (Karan Vandana), and HD 2967. For premium taste and chapati quality, Sharbati and Lokwan are popular, while GW 322 and HI 1544 (Purna) are preferred for disease resistance and adaptability. 

Top High-Yielding Wheat Varieties (Rabi 2025-26)
HD 3086 (Pusa Gautami): Highly popular for high productivity and wide adaptability.
DBW 187 (Karan Vandana): Resistant to rust diseases and offers high grain yield.
HD 2967: A widely cultivated, stable variety known for high yield.
DBW 222 (Karan Narendra): Excellent chapati and bread-making quality.
GW 496 & GW 322: Robust performance and suitable for multiple soil types. 

Best Wheat Varieties for Specific Quality/Regions
Sharbati Wheat: Renowned for its golden color, large grains, and soft, sweet-tasting rotis.
Lokwan Wheat: Popular in Maharashtra for high-quality, nutritious atta.
Durum Wheat (HI 8498): Ideal for pasta, semolina, and healthier, high-protein rotis.
Late-Sown Varieties: HI 1544 (Purna), Raj 3765, and DBW 17 are suitable for late sowing after sugarcane or potato. 

Key Factors for Selection
Sowing Time: Select varieties based on timely (early Nov) or late (Dec-Jan) sowing requirements.
Disease Resistance: Prioritize rust-resistant varieties like DBW 187 and HD 3086.
Irrigation: Choose irrigated-responsive varieties (e.g., HD 2967) if adequate water is available. 

"
Global agriculture,"https://www.global-agriculture.com/seed-industry/high-yielding-wheat-varieties-for-india-rabi-2025/#:~:text=Table_title:%20List%20of%20Climate%2DResilient%20Wheat%20Varieties%20(Rabi,Chapati%20(7.5)%20&%20bread%20(8.24)%20quality%20%7C",69d36e4487d928fc194756a1,69cf4a75201d9072ae36b8c2,Tell me about good wheat seeds,"Top-performing wheat varieties in India for high yield and disease resistance include DBW 187 (Karan Vandana), DBW 222, HD 3086 (Pusa Gautami), HD 2967, and HD 3226. For specific regional adaptability, GW 496 and GW 322 are popular, while Shriram Super 303 is favored for its robustness. These varieties offer high protein content and strong grain quality. 

Top Wheat Varieties in India
DBW 187 (Karan Vandana): Recognized for its high yield potential and strong resistance to yellow and brown rust, making it suitable for high-production areas.

HD 3226 (Pusa Yashasvi): A popular choice for high yield with strong resistance to diseases, widely grown in the North Plains Zone.
DBW 222 (Karan Narendra): Known for its high-yielding capacity and good baking quality, suitable for the North Western Plains Zone.
HD 3086 (Pusa Gautami): Highly popular for its high yield and early maturity, often giving 60-70 quintals per hectare.
HD 2967 (Pusa Suprabhat): Known for its wide adaptability and high yield potential, maintaining strong performance across various regions.
GW 496 / GW 322: Highly recommended for regions like Gujarat and Madhya Pradesh, popular for producing shiny, high-quality grain.
Shriram Super 303: A top choice among farmers for its superior yield and wide adaptability to different soil types.
HI 1544 (Purna): Known for its high nutrient content and excellent chapati quality. 

Key Considerations for Selection:
Disease Resistance: Prioritize varieties resistant to rusts and blight (like DBW 187).
Climate: Select varieties suitable for either irrigated or rainfed, and heat-tolerant for warmer areas (e.g., MP(JW)1358).
Yield & Quality: Choose based on desired yield and grain characteristics (e.g., hard amber vs. softer grains). 
"
garden design,https://www.gardendesign.com/,69d3705e87d928fc194756e9,69cf8c5a201d9072ae36b8d6,"Insects are coming on vegetables with oil, which medicine should be sprayed?","For insects appearing on vegetable plants, especially those attracted by or combined with oil (such as soft-bodied insects like aphids, whiteflies, or spider mites), Neem oil is the most highly recommended organic, safe, and effective solution. It works by coating the insects, smothering them, and disrupting their life cycle, while acting as a fungicide against oily residue buildup. 

Recommended Treatments
Neem Oil Spray (Best Option): Mix 1-2 tablespoons of cold-pressed neem oil and 1 teaspoon of mild liquid soap (as an emulsifier) in 1 gallon of water. Spray thoroughly on the foliage, including the undersides of leaves.
Soap and Vegetable Oil Spray: Combine 1 cup of vegetable oil with 1 tablespoon of mild dish detergent. Mix 2 teaspoons of this mixture into 1 quart of water and spray directly on insects to suffocate them.
Garlic/Chilli Spray: Mix 3-4 minced garlic cloves with 2 teaspoons of vegetable oil, let it sit overnight, strain, and add 1 pint of water and 1 teaspoon of biodegradable soap to create a repellent spray.
Commercial Organic Options: Bacillus thuringiensis (Bt) for caterpillars, or insecticidal soaps. 

Application Tips
Best Time: Spray early in the morning or late in the evening to avoid leaf burn in strong sunlight and to minimize harm to beneficial pollinators like bees.
Frequency: Reapply every 7 to 10 days for best results, especially after rain.
Precautions: Avoid spraying on delicate new seedlings and test on a small area first.
Harvesting: Wash all vegetables thoroughly before consumption to remove oil residue. 

If the oil on the vegetables is causing significant harm or the infestation is severe, consider using a high-pressure water spray first to knock down insects before applying treatment. 
"
Agronomy jopurnal,https://www.agronomyjournals.com/,69d3736987d928fc19475734,69cf8c5c201d9072ae36b8da,Treatment for false smut disease in paddy rice,"False smut of rice (Ustilaginoidea virens) is best treated using an integrated approach, primarily through chemical control at the boot stage and cultural practices. Effective fungicides include trifloxystrobin + tebuconazole, propiconazole, and copper-based formulations, applied just before flowering. Cultural controls include using disease-free seeds and reducing nitrogen fertilizer. 
PubMed Central (PMC) (.gov)
PubMed Central (PMC) (.gov)
 +3
Chemical Control (Fungicides)
Best Time to Spray: Apply fungicides at the boot stage (prior to panicle emergence/flowering). Spraying after flowering is ineffective.
Recommended Fungicides:
Trifloxystrobin 25% + Tebuconazole 50% (WG): Highly effective, reducing incidence significantly.
Propiconazole 25 EC: Very effective, showing up to 70% reduction in incidence.
Copper Hydroxide (Kocide 46 DF): Applied at 500 g in 200 liters of water per acre.
Carbendazim: Used to inhibit conidial germination, though some studies show less effectiveness than combinations.
Application Method: A second spray 10 days after the first may be necessary. 

Cultural and Preventive Management
Seed Treatment: Treat seeds with Pseudomonas fluorescens (

 of water for 30 minutes) or hot water treatment (
 for 10 minutes) to eliminate seed-borne pathogens.
Fertilizer Management: Avoid excessive use of urea/nitrogen fertilizer, as high nitrogen increases disease susceptibility.
Sanitation: Remove and destroy infected plant debris, panicles, and stubble after harvest to reduce primary inoculum.
Field Management: Keep field bunds clean, avoid over-irrigation, and use alternate wetting and drying to reduce humidity, which limits fungal growth.
Planting Timing: Early planting can sometimes reduce the risk of infection compared to late planting.
Resistant Varieties: Select resistant or tolerant rice varieties suitable for the region. "
agritech,http://www.agritech.tnau.ac.in/,69d3745987d928fc19475751,69cf8d81201d9072ae36b8f6,What is the treatment for fungal disease in paddy?,"Treating fungal diseases in paddy (rice) requires an integrated approach combining chemical, biological, and cultural methods. Key actions include seed treatment with fungicides like Carbendazim or Tricyclazole (2g/kg seed), spraying systemic fungicides (e.g., Tricyclazole, Azoxystrobin, Propiconazole) at early signs of infection, and managing nitrogen fertilizer application. 

Common Fungal Diseases and Treatments
Rice Blast (Pyricularia oryzae):
Treatment: Spray Tricyclazole (1g/lit), Edifenphos (1 ml/lit), or Carbendazim (1.0 gm/lit) at nursery, tillering, and panicle emergence stages.
Alternative: Azoxystrobin or Propiconazole are highly effective.
Sheath Blight (Rhizoctonia solani):
Treatment: Apply Validamycin (2-3 ml/lit), Propiconazole (1ml/lit), or Hexaconazole (2ml/lit).
Management: Reduce urea application and improve water drainage.
Brown Spot (Bipolaris oryzae):
Treatment: Spray Azoxystrobin or Tricyclazole during early infection stages.
Stem Rot:
Treatment: Spray Thiophanate methyl 70% WP (1gm/l) or Tebuconazole + Trifloxystrobin (0.4gm/l) at disease onset. 

Key Prevention & Control Strategies
Seed Treatment: Treat seeds with Captan, Carbendazim, or Thiram (2.0 g/kg seed) to prevent seedling infection.
Biological Control: Use Pseudomonas fluorescens (10g/kg seed) for seed treatment or Trichoderma viride for soil application to naturally suppress fungal growth.
Cultural Practices: Ensure proper plant spacing (not too dense) to improve air circulation, manage irrigation to avoid stagnant water for prolonged periods, and keep the field clean of infected crop residues.
Spray Timing: Apply fungicides in the morning (before 11:00 AM) or late afternoon (after 3:00 PM) to ensure maximum effectiveness and avoid high sun. 

"
The Journal of agricultural sciences,https://www.cambridge.org/core/journals/journal-of-agricultural-science,69d375e887d928fc19475794,69cf8ec7201d9072ae36b919,How to remedy or address the dwarf disease problem occurring in crop varieties?,"Remedying dwarf diseases in crops—such as Barley Yellow Dwarf Virus (BYDV), Wheat Dwarf Virus (WDV), or Southern Rice Black-streaked Dwarf Virus (SRBSDV)—requires an Integrated Pest Management (IPM) approach, as these are typically viral diseases spread by insect vectors (aphids, leafhoppers, planthoppers) rather than directly by soil or seed. 

Key strategies focus on controlling the vector, disrupting the virus cycle, and selecting resistant varieties. 
1. Cultural Control and Field Hygiene (Preventive)
Destroy the ""Green Bridge"": Remove volunteer cereals, weed hosts, and grasses in and around fields, as these harbor the virus and vectors during off-seasons.
Adjust Sowing Dates: Delay planting of winter crops to avoid peak migration periods of aphid or leafhopper vectors. Conversely, plant spring crops early to ensure they are well-developed before vectors arrive.
Deep Ploughing: Perform deep ploughing during summer to bury stubble and destroy insects that survive in plant debris.
Crop Rotation: Rotate with non-host crops to break the virus cycle.
Manage Nutrient Stresses: Ensure adequate nutrition to help plants withstand infection, although avoidance of excessive nitrogen is recommended. 

2. Vector Management (Insect Control)
Because the virus is transmitted by insects, reducing the vector population is critical to stopping the spread. 
Insecticide Seed Treatment: Use systemic insecticides like imidacloprid or thiamethoxam on seeds to provide early-season protection to seedlings.
Foliar Insecticide Spray: Monitor crops regularly. If vector populations exceed thresholds, apply recommended insecticides (e.g., Pymetrozine 50% WG, Dinotefuran 20% SG, or pyrethroids) immediately.
Barrier Cropping: Surround small-stature crops with taller, non-host crops (like maize or sorghum) to catch aphids, preventing them from landing on the main crop. 

3. Mechanical and Biological Control
Roguing: Uproot and bury or burn infected plants immediately upon identifying symptoms (stunting, yellowing/reddening of leaves) to prevent secondary spread.
Water Management: In paddy fields, avoid persistent waterlogging. For some dwarf viruses, alternate wetting and drying can reduce vector activity.
Light Traps: Use light traps to monitor and reduce populations of whitebacked planthoppers. 
4. Genetic Resistance
Use Resistant Varieties: Select crop varieties known to be resistant or tolerant to the specific dwarf virus prevalent in the region. Examples include specific resistant rice varieties (e.g., IR62, IR64) or tolerant wheat varieties

Summary of Actions for Specific Crops
Paddy: Watch for Southern Rice Black-streaked Dwarf Virus (SRBSDV). Monitor for whitebacked planthoppers, remove diseased hills, and apply chemicals like Pexalon or Token at the base of plants.
Cereals (Wheat/Barley): Focus on seed treatments to kill aphids early, or use systemic sprays 8-10 weeks after emergence. 

Disclaimer: Insecticide regulations vary by region. Always consult local agricultural extension services for approved chemicals and dosages.
Yellow Dwarf (Mycoplasma Like Organism) - Crop Protection
(Mycoplasma Like Organism) Symptoms * The infected plants are stunted and have yellowish green to whitish green leaves. There is e...



Management of diseases of important Agriculture Crops of ...
Under humid conditions, the fungal growth may be prominently seen on grains . ... Thiram or captan or carboxin or carbendazim at 2...


Barley yellow dwarf virus | Grain, pulses and cereal diseases
9They are the most important virus diseases of cereals worldwide. They have a wide host range which includes wheat, barley, oats, t.."
Verdesian life sciences,https://vlsci.com/blog/chelated-micronutrients-guide/,69d3771287d928fc194757cf,69cf91f4201d9072ae36b94e,"Is there a benefit of spraying chelated zinc or chelated iron, or what is the benefit of chelated zinc?","Spraying chelated zinc or iron offers significant benefits, primarily higher nutrient bioavailability, faster absorption, and improved stability in soil compared to non-chelated forms. Chelated zinc corrects deficiencies rapidly, boosting crop yields, improving nutrient stability, and increasing plant resistance to stress. 

Key Benefits of Chelated Zinc:
High Bioavailability: Chelated zinc remains soluble and protected from reacting with soil minerals, ensuring nutrients are readily available for plant uptake.
Rapid Correction of Deficiencies: It acts as a fast-acting, efficient fertilizer to fix zinc deficiencies.
Better Translocation: It is easily absorbed by roots and moved within the plant system.
Environmental Efficiency: Due to its stability, it is less prone to leaching.
Increased Yield and Quality: Improves grain size, fruit flavor, and overall plant health. 

Benefits of Spraying Chelated Iron:
Corrects Chlorosis: Specifically cures iron chlorosis (yellowing leaves) efficiently.
Enhanced Photosynthesis: Promotes higher chlorophyll production and increased photosynthesis.
Stability: Remains stable in soil, providing a reliable source of iron for plants, especially in alkaline soil. 
Both types are generally three to five times more effective than inorganic sources (like sulfate forms), especially in challenging soil conditions. 
"
POP-UP PEA,https://workdrive.zohoexternal.in/folder/at1bvc5e9e974813e4c708800c93d922dd82c?layout=list,69dceac2dfd8cc105a00fd18,69dcd95cdfd8cc105a00fb72,Irrigation problem in Pea crop,"Irrigation is a critical aspect of managing the Uttar Pradesh Pea crop. Proper irrigation ensures optimal growth, yield, and quality of the peas. 

A well-drained loamy soils free from excessive soluble salts with neutral pH range of 6.5 to 7.5 is suitable for successful cultivation of the crop. 
Prepare a level field for even distribution of irrigation water, free from stubbles and crop residues of previous crops by one deep ploughing through disc or mouldboard plough followed by 2-3 harrowing and planking after each operation. 
To ensure good drainage and aeration in the field, powdery seedbeds must be avoided.

Field-pea is mostly grown as rainfed/un-irrigated on residual soil moisture and can sustain drought conditions up to some extent. 
One or two irrigations at 45 DAS and if needed, at pod filling stage, may be the best recommended irrigation schedule.

For specific recommendations or field-level diagnosis, please contact your nearest Krishi Vigyan Kendra (KVK) or Block Agriculture Officer. For specific recommendations or field-level diagnosis, please contact your nearest Krishi Vigyan Kendra (KVK) or Block Agriculture Officer."
SGA_UP_Pea,https://sheet.zoho.in/sheet/published/zn41a49d4452ccc8f455b90a49f026c19ef70,69dceec9dfd8cc105a00fdc1,69dcd95cdfd8cc105a00fb93,Information about control of Rust in Pea,"Rust is a common fungal disease that affects pea crops, leading to reduced yield and quality. Proper management is crucial to control this disease and ensure healthy growth of the pea plants. Here is a comprehensive guide to managing rust in Uttar Pradesh Pea: ### Identification of Rust Disease Rust disease in peas is characterized by the appearance of orange-brown pustules on the leaves, stems, and pods. These pustules contain spores that can spread the disease to other parts of the plant and neighboring plants. ### Cultural Practices 1. **Crop Rotation**: Rotate pea crops with non-host crops to reduce the buildup of fungal spores in the soil. 2. **Sanitation**: Remove and destroy infected plant debris after harvest to prevent the spread of the disease. 3. **Timing of Planting**: Plant peas during the recommended period to avoid periods of high disease pressure. ### Chemical Control 1. **Fungicides**: Apply fungicides containing active ingredients such as mancozeb or chlorothalonil at the first sign of infection. Follow the label instructions for application rates and timing. 2. **Pre-Harvest Interval (PHI)**: Ensure that the fungicide has a sufficient PHI to avoid residues in the harvested peas. Typically, the PHI for mancozeb is 14 days, and for chlorothalonil, it is 7 days. ### Protective Measures 1. **Personal Protective Equipment (PPE)**: Wear gloves, long sleeves, and pants when applying fungicides to protect yourself from chemical exposure. 2. **Weather Considerations**: Apply fungicides when the weather is dry to ensure better penetration and effectiveness of the fungicide. ### Integrated Pest Management (IPM) 1. **Monitoring**: Regularly inspect pea plants for signs of rust disease. Early detection can help in timely intervention. 2. **Biological Control**: Encourage the presence of beneficial insects that can help control the population of rust spores. ### Mandatory Footer For specific recommendations or field-level diagnosis, please contact your nearest Krishi Vigyan Kendra (KVK) or Block Agriculture Officer. By following these steps, you can effectively manage rust disease in your Uttar Pradesh Pea crop and ensure a healthy harvest."
Pop of up,https://workdrive.zohoexternal.in/folder/at1bvc5e9e974813e4c708800c93d922dd82c,69dcf24fdfd8cc105a00fdf2,69dcd95cdfd8cc105a00fb63,Information about control of leaf eating caterpillar in pea crop,"In the Uttar Pradesh Package of Practices (UP POP), there is no specific information provided on leaf-eating caterpillars in pea. However, detailed information is available on the pod borer, which is a major pest affecting pea crops. The pod borer causes significant damage by feeding on flowers and developing pods, leading to reduced yield and poor grain quality. Since it directly affects the economic part of the crop, its management is of greater importance compared to general leaf-feeding pests. Here is a detail information;

Pod Borer 
Symptoms :
-The larvae are flat and green.
-They bore into pods and feed on grains inside.
-In severe cases, pods become hollow and yield decreases.

Preventive Measures:
Use any one of the following biological/chemical insecticides by dusting or spraying in 200–250 liters of water per acre:
-Bacillus thuringiensis (Bt), kurstaki strain @ 400 g/acre
-Azadirachtin 0.03% WSP @ 1–1.2 kg/acre

Monitoring 
- **Regular Inspection**: Conduct regular field inspections to identify the presence of caterpillars. Check the undersides of leaves and the base of the plants. 
- **Trap Crops**: Use trap crops like mustard or radish to attract caterpillars away from the main pea crop. 

Cultural Practices 
- **Crop Rotation**: Rotate pea crops with non-host crops to reduce the buildup of caterpillar populations. 
- **Sanitation**: Remove and destroy infested plant material to reduce the source of pests. 
-Late sowing increases risk of pod borer.
- handpicking of the caterpillar and pupae during the early stages of infestation reduces thepest damage

Integrated Pest Management (IPM)
 - **Combine Methods**: Use a combination of cultural, biological, and chemical control methods for the most effective management of leaf eating caterpillars. 
- **Monitor Effectiveness**: After treatment, monitor the field to ensure that the pest population has been effectively controlled. 

 For specific recommendations or field-level diagnosis, please contact your nearest Krishi Vigyan Kendra (KVK) or Block Agriculture Officer. By following these steps, you can effectively manage  caterpillars in your Uttar Pradesh pea crop, ensuring optimal yield and quality."
UP POP KRISHI GYAN MANJUSHA,https://workdrive.zohoexternal.in/folder/m6u9mb7d3a9fbe36345ad9a8ba7b1a1bdca13?layout=list,69df6e6fe1b637a328eb9a76,69df69dae1b637a328eb99bd,The sugarcane is drying out. What could be the reason?,"The drying out of sugarcane can be attributed to several factors, primarily pests and diseases.  common issue are  red rot and wilt disease which can cause the sugarcane to dry out and turn brown. Another potential cause is the Top shoot borer, which can damage the stem and lead to drying. Here are steps to address these issues:

 1.Identify the Pest or Disease :  
  Red Rot: Disease symptoms:• The spindle leaves (3rd & 14th)) display drying. At a later stage, stalks become discoloured and hollow. Acervuli (black fruiting bodies) develop on rind and nodes. After splitting open the diseased stalk, a sour smell emanates.The internal tissues are reddened with intermingled transverse white spots.
Survival and spread: In rainy season, the disease spreads so fast that whole crop dries and not a single milleable cane is obtained.
Favourable conditions: Primary transmission through soil and diseased setts, while the secondary transmission through air, rain splash and soil.

Tolerant/ resistant Varieties-BO 128, Co 89029, CoH 2201, CoSe 92423, CoSe 95422.

Control Measure -Cultural control: Use resistant or moderately resistant varieties.• Any sett showing reddening at the cut ends or at the nodal region should be discarded. Healthy setts should be planted. Such setts must be produced from crop raised from heat treatment of seed canes in moist hot air at 54° C for 2.5 hour at 99% humidity.• Remove affected clump along with root system and burn. Bunding of affected field should be done to avoid movement of rain or floodwater to healthy fields.• Ratooning of diseased crop should be avoided. Diseased crop should be harvested as early as possible.• Crop rotation should be followed in affected fields. Use yellow sticky traps for the control of aphid vector.

Wilt - 
Disease symptoms: Externally gradual yellowing and drying of foliage, shrinkage/withering of canes. Internally light to dark purplish or brown discolouration of ground tissue, pithiness and boat shaped cavities in the middle of the internodes .
Survival and spread: The wilt pathogens are transmitted through soil, seed pieces, wind, rain and irrigation water.
Favourable conditions: The disease symptoms appear during the monsoon and post monsoon periods, affected plants are present either singly or in small groups.

Control Measure -Cultural control: Use resistant or moderately resistant varieties.• Any sett showing reddening at the cut ends or at the nodal region should be discarded. Healthy setts should be planted. Such setts must be produced from crop raised from heat treatment of seed canes in moist hot air at 54° C for 2.5 hour at 99% humidity.• Remove affected clump along with root system and burn. Bunding of affected field should be done to avoid movement of rain or floodwater to healthy fields.• Ratooning of diseased crop should be avoided. Diseased crop should be harvested as early as possible.• Crop rotation should be followed in affected fields. Use yellow sticky traps for the control of aphid vector.

Pest -
Top Shoot borer -Damage symptoms:• Dead heart arises on after sixth month grownup canes, which cannot be easily pulled.• Parallel row of shot holes in the emerging leaves.• Bore holes at the top of the shoot and shows bunchy top appearance.
Tolerant/ resistant Varieties-CO 419, CO 745, CO 6516, CO 859, CO1158 and CO 7224.
Control- Mechanical control: Collection and destruction of adult moths. Collection and destruction of egg masses. Collection and destruction of dead hearts. Use of pheromone traps @ 4-5/acre for monitoring coinciding with brood emergence• Installation of light trap with exit option for natural enemies @ 1/ acre.
Biological control: Release of Trichogramma spp. @ 20,000/acre 2-3 times at 10 days interval.
Chemical control: Chlorantraniliprole18.5% SC @150 ml in 400 l of water/acre.

White grub:
Damage symptoms: Yellowing and wilting of leaves. Drying of entire crown. Affected canes come off easily when pulled. Cause extensive damage to roots and base of shoot.
Control -Set up light trap for trapping of white grubs adults and kill them in kerosene oil water. At onset of monsoon collect and destroy the adult beetles by shaking the branches of trees on which they settle during night.
Biological control:• Entomopathogenic nematodes (EPNs) can be sprayed at the rate of 100 million nematodes per acre, in root grub and termite infested sugarcane ﬁelds OR EPN infected cadavers of Galleria/Corcyra larvae containing live infective juveniles (IJs) are implanted in soil at plant bases at the rate of four cadavers per plant during May/June and/or September for sugarcane root grub control.
Chemical control: Fipronil 40% + imidacloprid 40% WG@175-200 g in 400-500 l of water/acre.

 For specific recommendations or field-level diagnosis, please contact your nearest Krishi Vigyan Kendra (KVK) or Block Agriculture Officer.
"
PPQS,https://workdrive.zohoexternal.in/folder/u9kbrf8baddd546404f53baa6e25fd89f54fc,69e04650e1b637a328eba0e9,69df69dae1b637a328eb9a0a,What is leaf spot in sugarcane and how can it be managed?,"Leaf spot is a common fungal disease that affects sugarcane, leading to reduced yield and quality. It is characterized by the appearance of small, circular spots on the leaves, which can merge to form larger lesions. These spots can spread rapidly under favorable conditions, causing significant damage to the crop. 
1.Rust :
The earliest symptoms of common rust on the leaves are small, elongated yellowish spots which are visible on both the surfaces. 
These spots increase in size, mainly in length, and turn red-brown to brown in color. A narrow, pale yellow-green halo develops around the lesions.
When the common rust is severe, numerous lesions occur on individual leaves giving them an overall brown or rusty appearance. These lesions coalesce to from large, irregular necrotic areas is usually result in premature death of the leaf. In such cases, the number of live leaves per plant can be seriously reduced.
Favourable conditions:
• High humidity and warm temperature favours the development of diseases.
Cultural control:
• Use resistant or moderately resistant varieties.
• Any sett showing reddening at the cut ends or at the nodal region should be discarded.
• Healthy setts should be planted. Such setts must be produced from crop raised from heat treatment of seed canes in moist hot air at 54° C for 2.5 hour at 99% humidity. 
• Remove aff ected clump along with root system and burn. 
• Bunding of aff ected fi eld should be done to avoid movement of rain or fl oodwater to healthy fi elds.
• Ratooning of diseased crop should be avoided. 
• Diseased crop should be harvested as early as possible.
• Crop rotation should be followed in aff ected fi elds.
• Use yellow sticky traps for the control of aphid vector.
Chemical control :
Use azoxystrobin 18.2%+Difenoconazole 11.4% SC@ 1ml / litre of water.

For specific recommendations or field-level diagnosis, please contact your nearest Krishi Vigyan Kendra (KVK) or Block Agriculture Officer."
POP-UP MANGO- KRISHI GYAN MANJUSHA,https://workdrive.zohoexternal.in/folder/u9kbr36a22d54d5e34030a949cf6ddbbeb753?layout=list,69e0ca935b44aebc5f160ef4,69e0b6b15b44aebc5f160c61,What are the key nutrient management practices for mango trees in Uttar Pradesh?,"Nutrient management is crucial for the healthy growth and productivity of mango trees in Uttar Pradesh. Here are the key practices to ensure optimal nutrient uptake and fruit quality:

Age wise Fertilizer Application :
For Mango trees, for average fertile soil the amount of fertilizer increases every year up to 10 years of age, and then the same dose is continued. In the first year apply 10 kg compost ,100 grams nitrogen, 50 grams phosphorus ,100 grams potash (which is equivalent to about 0.22 kg urea, 0.31 kg SSP, and 0.17 kg MOP) ,25 grams of each of copper sulphate and zinc sulphate per tree. Each year , increase compost by 10 kg , nitrogen by 100 grams , phosphorus by 50 grams, potash by 100 grams, and copper sulphate and zinc sulphate by 25 grams each. From 5th year onward, also add borax, starting at 125grams and increasing by 25 grams each year. By 10  years and above ,the fixed dose per tree becomes 100kg compost,1000 grams nitrogen ,500 grams phosphorus,1000 grams potash (2.17 kg urea, 3.13 kg SSP, and 1.67 kg MOP) and 250 grams each of copper sulphate ,zinc sulphate and borax . For more fertile soils, reduce or increase doses based on soil testing.

 General guidelines:
- soil testing: recommended to adjust fertilizer doses for your specific soil fertility.
- Application method: Nutrients  should be mixed in the tree basin and followed by irrigation. 
- timing: Pits are filled with manure + soil mix before planting.

 Precautions 1. Personal Protective Equipment (PPE): Always wear gloves, goggles, and a mask when handling fertilizers and micronutrients. 2. Pre-Harvest Interval (PHI): Follow the recommended PHI for foliar sprays to ensure that residues do not affect the quality of the fruit.  Monitoring and Adjustments 1. Regular Monitoring: Regularly monitor the nutrient status of the soil and trees to make necessary adjustments in the nutrient management plan. 2. Adjustments: Based on the results of soil tests and visual symptoms, adjust the nutrient application rates and methods.

 For specific recommendations or field-level diagnosis, please contact your nearest Krishi Vigyan Kendra (KVK) or Block Agriculture Officer."
NIPHM,https://www.niphm.gov.in/IPMPackages/Rice.pdf,69e0ff355b44aebc5f161200,69d87ebbc527c267a735a5b5,Hello tell me something about paddy in kathua,"Paddy in Kathua District (Jammu & Kashmir)

Significance: 
            Paddy is one of the major crops in the district, particularly in the plain tehsils of Kathua and Hiranagar. It covers a significant area, roughly 36,000 hectares as of earlier surveys.
Procurement: To ensure better returns for farmers, the government has established 11 paddy procurement centres in the district in collaboration with the Food Corporation of India (FCI).

MSP: Procurement is done at the Minimum Support Price (MSP). Rates for the 2023 season were set at approximately ₹2183 per quintal for common varieties and ₹2203 for Grade ""A"" varieties.

Workshop Focus: Workshops have been held in areas like Marheen, Kathua, focusing on the production of Basmati rice, noting its potential in the region.  

NIPHM (National Institute of Plant Health Management) provides training and guidelines for Integrated Pest Management (IPM) in rice, which is highly relevant to regions like Kathua:

Pest Monitoring: NIPHM recommends regular roving surveys (every 7–10 days) to observe pests like yellow stem borer and Brown Plant Hopper.

IPM Techniques: Key practices include using pheromone traps (5 traps/hectare) for monitoring and adopting field scouting to calculate Economic Threshold Level (ETL).

Control Measures: Emphasis is placed on using biocontrol agents and targeted pesticide application only when necessary. 

Kathua has a robust agricultural structure, with Wheat and Paddy being key staples.
Procurement centers at the doorstep have helped local farmers sell their produce easily and avoid exploitation. 
"
Rice variety_ IARI,https://workdrive.zohoexternal.in/file/bvye6d75d9ab70b434eaf910edf5fa93f0a05,69e21e9203e1fefe6d04be8a,69e21c4603e1fefe6d04be7c,WHAT IS THE YIELD OF PUSA BASMATI 1718 VARIETY?,"PUSA Basmati 1718 

•	This variety is resistant to bacterial leaf blight and is suitable for cultivation in Delhi, Punjab, and Haryana.
•	Approximate days of harvestable maturity are 136-138 days after sowing.
•	5 kg of seed is sufficient for one acre of transplantation
•	Spacing (during transplanting): row to row 20 cm and plant to plant 20 cm.
•	Average yield is around 18-20 q/acre

For specific recommendations or field-level diagnosis, please contact your nearest Krishi Vigyan Kendra (KVK) or Block Agriculture Officer.
 "
"Major Uses of Fungicides_Directorate of Plant Protection, Quarantine & Storage, Faridabad",https://workdrive.zohoexternal.in/folder/stxepcc07729e3ace4d7e9d93c143d73b93cf?layout=list,69e23c6e03e1fefe6d04bfe8,69e21c4603e1fefe6d04be1c,HOW CAN ROOT ROT BE CONTROLLED IN PADDY?,"Root rot is not a major or common disease in paddy similar root-related damage can be caused by soil toxicity, fungal diseases, nematodes and stem rot 

Here is how you can identify and control these issues in your field:

1. Root Rot due to Hydrogen Sulphide Toxicity (Akiochi Disease) Sometimes, root rot is not caused by a disease but by the build-up of toxic hydrogen sulphide gas in poorly drained or highly organic soils

Symptoms: Emerging leaves turn yellow and dry out prematurely. The roots appear black when pulled out of the soil, turn reddish-brown when exposed to the air, and emit a foul smell like rotten eggs

Management:
-Drainage: Ensure your field has proper drainage to let the toxic gases escape.
-Tillage: Practice dry tillage (ploughing) after harvesting the crop to improve soil health. 
-Fertilizers: Apply Silicon (Si) along with a balanced dose of fertilizers, and avoid dumping excessive organic residues or un-decomposed matter into the standing water

2. Foot Rot (Fungal Disease) Foot rot is a major seed and soil-borne fungal disease, especially in Basmati varieties, that damages the plant from the base and roots

Symptoms: Seedlings turn pale yellow, grow abnormally tall, and start drying from the bottom before dying. You may also see unusual adventitious roots appearing on the lower nodes
Seed Treatment: Treat your seeds before sowing. Mix 15 grams of Trichoderma asperellum (2% WP) per 1 kg of seed. Alternatively, you can make a slurry of 3 grams of Carbendazim + Mancozeb in 10 ml of water to treat 1 kg of seed.

Seedling Root Dip (Before Transplanting): Dissolve 15 grams of Trichoderma asperellum (2% WP) in 1 litre of water. Dip the roots of the seedlings in this solution for 6 hours before transplanting them into the main field

3. Root Damage due to Root-Knot Nematodes Nematodes are microscopic worms that attack the roots and stop the plant from taking up nutrients

Symptoms: The crop will show uneven, patchy, and stunted growth with yellowing leaves. If you pull out the seedling, you will see characteristic bead-like knots or galls on the roots.

Management in Nursery: Always practice proper puddling for nursery sowing. Apply mustard cake at the rate of about 160 kg per acre (or 40 grams per square metre) in the nursery bed area

However, a similar disease is Stem Rot, which affects the basal portion of the plant and may appear like root damage.

Stem Rot of Rice (Causal organism: Sclerotium oryzae)
Symptoms
-Initial small, irregular black lesions on outer leaf sheath near water level
-Lesions enlarge as disease progresses
-Stem (culm) rots internally
-Presence of white mycelium and black sclerotia inside infected culms
-Infected plants show:
-Lodging (falling of plants)
-Unfilled panicles and chalky grains
-Death of tillers in severe cases
-Disease weakens plant and increases lodging

Identification of Pathogen
-Perithecia: dark, globose, embedded in sheath tissues
-Asci: narrowly clavate, walls not clearly visible
-Sclerotia: black, smooth, globose structures
-Conidiophores: dark, upright, septate
-Conidia: fusiform, curved, 3-septate

Management
-Cultural Practices
-Burn or properly decompose crop residues (straw & stubble)
-Drain field after harvest to reduce sclerotia
-Apply balanced fertilizers
-Use split nitrogen application
-Increase potash and lime to reduce disease incidence

Chemical Control
-Spray Captan 70% + Hexaconazole 5% WP @ 300 g per acre in 200 L water (1.5 g/L)

For specific recommendations or field-level diagnosis, please contact your nearest Krishi Vigyan Kendra (KVK) or Block Agriculture Officer. 
"
Rabi pop PAU.PDF,https://workdrive.zohoexternal.in/folder/q5ix5e63fa0fa86834e9ab5679306d8e9d773?layout=list,69e320dc2323cbe6de574e07,69e30cf12323cbe6de574c38,What is the optimal sowing time for the wheat variety DBW-222?,"DBW 222 (2020):
 This bread wheat variety has been recommended for cultivation 
in the Punjab state except sub-mountainous regions. Its average plant height is 103 
cm and matures in about 152 days. It is moderately susceptible to yellow rust and 
resistant to brown rust. Its average grain yield is 22.3 quintals per acre.

-Sowing Time: From 4th week of October to 4th week of November
-Delayed sowing  causes a gradual decline in the yield of wheat. 
-A  delay  of  one  week from optimum sowing  reduces  wheat  yield  by  about  150 kg  per acre.

 For specific recommendations or field-level diagnosis, please contact your nearest KVK or Block Agriculture Officer. MANDATORY FOOTER: For specific recommendations or field-level diagnosis, please contact your nearest Krishi Vigyan Kendra (KVK) or Block Agriculture Officer."
TNAU,"https://agritech.tnau.ac.in/crop_protection/tomato/tomato_7.html#:~:text=Eggs%3A%20Hyaline%2C%20globular%20laid%20in,Adult%3A%20Red%20coloured%20small%20sized",69e36f602c0bf9fbaeb6e8ff,69e35e6a2c0bf9fbaeb6e6c2,Tell me about red mites in bottle gourd.,"Mites ( Tetranychus spp )

Symptoms of damage:

Affected leaves become reddish brown and bronzy.

Severe infestation larvae silken webbing on the leaves, wither and dry.

 Flower and fruit formation affected.

Identification of pest-

Eggs: Hyaline, globular laid in mass.
Nymphs: Yellowish in colour.
Adult: Red coloured small sized.

Management-

Spray wettable sulphur 50 WP 2g/lit (400ml/200 lit of water per acre).

For specific management take a advice from an agri expert or from your nearby KVK centre."
Pop of haryana,https://workdrive.zohoexternal.in/folder/xyy4kd55ddba1796c40628d4bad24a7c36138,69d9d894de47d11219463eba,69d9c115de47d11219463ce5,WHAT ARE THE TOTAL DOSES OF FERTILIZER REQUIRED FOR AN ONION CROP?,"The total doses of fertilizer required for an onion crop depend on the soil type, previous crop history, and the specific variety being grown. However, a general guideline for nutrient management in onion cultivation is as follows: ### Pre-Sowing Fertilizer Application - **Organic Manure**: Apply 25-30 tons of well-rotted farmyard manure or compost per hectare. This helps in improving soil structure and fertility. - **Dolomitic Lime**: Apply 100-150 kg of dolomitic lime per hectare to correct soil pH and provide calcium and magnesium. ### Foliar and Soil Application - **Nitrogen (N)**: Apply 100-120 kg of nitrogen per hectare in the form of urea or ammonium nitrate. This can be split into three applications: - 30-40 kg at sowing - 30-40 kg at 45 days after sowing - 30-40 kg at 75 days after sowing - **Phosphorus (P)**: Apply 40-50 kg of single superphosphate (SSP) or rock phosphate per hectare. This can be incorporated into the soil at sowing. - **Potassium (K)**: Apply 40-50 kg of muriate of potash (KCl) or potassium sulphate per hectare. This can be applied at sowing or as a top-dressing. ### Foliar Applications - **Micronutrients**: Apply micronutrients such as zinc, boron, and manganese through foliar sprays. The dosage is typically 1-2 liters of a 0.2% solution per hectare, applied every 15-20 days. ### Post-Harvest Management - **Soil Testing**: Conduct regular soil testing to monitor nutrient levels and adjust the fertilizer application accordingly. This helps in maintaining soil health and reducing the risk of nutrient imbalances. ### Safety and Pre-Harvest Interval (PHI) - **Personal Protective Equipment (PPE)**: Always wear gloves, goggles, and a mask when handling fertilizers to protect against skin and respiratory irritation. - **PHI**: Ensure that there is a sufficient pre-harvest interval between the last application of fertilizers and the harvest to avoid any residue in the produce. For specific recommendations or field-level diagnosis, please contact your nearest Krishi Vigyan Kendra (KVK) or Block Agriculture Officer.
"
Adheena Victor,https://keralaagriculture.gov.in/wp-content/uploads/2021/04/Aromatic_medicinal_rice_varieties.pdf,69dc8271dfd8cc105a00f940,69dc800bdfd8cc105a00f90e,what is the best crop for cultivate in monsoon?,"For **monsoon (Kharif) season in Kerala**, **rice (paddy)** is the best crop to cultivate. Kerala Agricultural University has released excellent varieties like **KAU Mithila** and **KAU Manuvarna** specifically for Kharif season. KAU Mithila is particularly outstanding—it's a medium-duration (125-130 days), saline and flood-tolerant variety resistant to sheath blight, leaf folder, and gall midge, yielding 5.2 tonnes/hectare in coastal saline areas. For your Kottayam district, you can also grow short-duration varieties like **Swarnaprabha, Jyothy, Rohini, Annapurna, Aiswarya**, or **Harsha** depending on your land type. Apart from rice, you can cultivate vegetables like **ridge gourd, yard long bean, amaranthus**, and **cluster bean** during monsoon season, as these are well-adapted to Kerala's climate and provide good returns."
Adheena Victor,https://www.celkau.in/crops/cereals/rice/varieties.php,69dc8271dfd8cc105a00f940,69dc800bdfd8cc105a00f90e,what is the best crop for cultivate in monsoon?,"For **monsoon (Kharif) season in Kerala**, **rice (paddy)** is the best crop to cultivate. Kerala Agricultural University has released excellent varieties like **KAU Mithila** and **KAU Manuvarna** specifically for Kharif season. KAU Mithila is particularly outstanding—it's a medium-duration (125-130 days), saline and flood-tolerant variety resistant to sheath blight, leaf folder, and gall midge, yielding 5.2 tonnes/hectare in coastal saline areas. For your Kottayam district, you can also grow short-duration varieties like **Swarnaprabha, Jyothy, Rohini, Annapurna, Aiswarya**, or **Harsha** depending on your land type. Apart from rice, you can cultivate vegetables like **ridge gourd, yard long bean, amaranthus**, and **cluster bean** during monsoon season, as these are well-adapted to Kerala's climate and provide good returns."
Adheena Victor,https://drive.google.com/drive/folders/1UoLoNn28PI11JU5t8zgSrLx4Fs8rYTCt,69dc8271dfd8cc105a00f940,69dc800bdfd8cc105a00f90e,what is the best crop for cultivate in monsoon?,"For **monsoon (Kharif) season in Kerala**, **rice (paddy)** is the best crop to cultivate. Kerala Agricultural University has released excellent varieties like **KAU Mithila** and **KAU Manuvarna** specifically for Kharif season. KAU Mithila is particularly outstanding—it's a medium-duration (125-130 days), saline and flood-tolerant variety resistant to sheath blight, leaf folder, and gall midge, yielding 5.2 tonnes/hectare in coastal saline areas. For your Kottayam district, you can also grow short-duration varieties like **Swarnaprabha, Jyothy, Rohini, Annapurna, Aiswarya**, or **Harsha** depending on your land type. Apart from rice, you can cultivate vegetables like **ridge gourd, yard long bean, amaranthus**, and **cluster bean** during monsoon season, as these are well-adapted to Kerala's climate and provide good returns."
Adheena Victor,https://www.celkau.in/Crops/Cereals/Rice/nm.aspx,69dc8271dfd8cc105a00f940,69dc800bdfd8cc105a00f90e,what is the best crop for cultivate in monsoon?,"For **monsoon (Kharif) season in Kerala**, **rice (paddy)** is the best crop to cultivate. Kerala Agricultural University has released excellent varieties like **KAU Mithila** and **KAU Manuvarna** specifically for Kharif season. KAU Mithila is particularly outstanding—it's a medium-duration (125-130 days), saline and flood-tolerant variety resistant to sheath blight, leaf folder, and gall midge, yielding 5.2 tonnes/hectare in coastal saline areas. For your Kottayam district, you can also grow short-duration varieties like **Swarnaprabha, Jyothy, Rohini, Annapurna, Aiswarya**, or **Harsha** depending on your land type. Apart from rice, you can cultivate vegetables like **ridge gourd, yard long bean, amaranthus**, and **cluster bean** during monsoon season, as these are well-adapted to Kerala's climate and provide good returns."
Adheena Victor,https://www.celkau.in/crops/cereals/rice/manuring.php,69dc8271dfd8cc105a00f940,69dc800bdfd8cc105a00f90e,what is the best crop for cultivate in monsoon?,"For **monsoon (Kharif) season in Kerala**, **rice (paddy)** is the best crop to cultivate. Kerala Agricultural University has released excellent varieties like **KAU Mithila** and **KAU Manuvarna** specifically for Kharif season. KAU Mithila is particularly outstanding—it's a medium-duration (125-130 days), saline and flood-tolerant variety resistant to sheath blight, leaf folder, and gall midge, yielding 5.2 tonnes/hectare in coastal saline areas. For your Kottayam district, you can also grow short-duration varieties like **Swarnaprabha, Jyothy, Rohini, Annapurna, Aiswarya**, or **Harsha** depending on your land type. Apart from rice, you can cultivate vegetables like **ridge gourd, yard long bean, amaranthus**, and **cluster bean** during monsoon season, as these are well-adapted to Kerala's climate and provide good returns."
NIPHM,https://workdrive.zohoexternal.in/folder/bvye6d1c55963e0904504b4346e89111c92f6?layout=list,69e5ab482c0bf9fbaeb6fcf4,69e21c4603e1fefe6d04be4c,Tell me about the white fly of paddy.,"White fly is not a common pest in paddy. However, rice is mainly affected by pests such as stem borer, planthopper, and leaf folder, which cause major yield loss if not managed properly. 

Yellow Stem Borer (Scirpophaga incertulas):The larvae of these insects bore into the stem and cause damage from July to October. The affected young plants show dead-hearts (yellowing and drying of central shoot) whereas the old ones produce empty earheads which turn white and stand erect.

Cultural Control:
Clipping the tips of seedlings before transplanting greatly reduces the carryover of eggs from the seedbed to the transplanted fields
Rice varieties with short stature and shorter growth duration periods suffer less damage than long growth duration varieties.
Rice rice with shorter growth duration varieties suffer less damage than long duration varieties. This may be because of stem-borer mortality due to harvests occurring twice in the double cropping system.
Community-wide destruction of diapausing larvae (in stubble) through tillage after harvest, followed by flooding, reduces stem borer populations resulting in low incidence in the next crop.
Planting or seeding times may be delayed to avoid the peak emergence of moths from the diapausing populations.
Rice seedbeds may be used as a trap crop for moths emerging from diapause.

Chemical Control:
Mass trapping of yellow stem borer male moths by installing pheromone traps @ 8 traps/acre with lures containing 10-15 mg pheromone at 20 days after transplanting.
At Vegetative and Panicle Initiation to booting Stage-
For control, Cartap Hydrochloride 4% GR @ 7.5 -10 kg/acre or Cartap Hydrochloride 50% SP @ 400 g/acre. 

Brown Planthopper (Nilaparvata lugens): These hoppers include, whitebacked planthopper and brown planthopper. Both nymphs and adults of these pests suck the cell sap particularly from the leaf-sheath from July to October. The crop dries up in patches. As the plants dry up, the hoppers migrate to the adjoining plants and kill them. In a few days, the area of the dry
natches enlarge 


Cultural Control:
High dosages of nitrogenous fertilizers, close spacing, and high relative humidity increases planthopper populations.
Sensible use of fertilizer by splitting nitrogen applications can also reduce chances of plant hopper outbreaks.
Draining rice fields can be effective in reducing initial infestation levels. The field should be drained for 3-4 days when heavy infestations occur.
Growing no more than two crops per year and using early-maturing varieties reduces planthopper abundance and damage.
Synchronous planting (planting neighboring fields within 3 weeks) and maintaining a rice-free period may be effective.

Chemical Control:

At Panicle initiation to booting
Spray Imidacloprid 70% WG @ 12–14 g/acre or Imidacloprid 30.5 SC @ 24–30 ml/acre or Acephate 75 SP @ 270–400 g/acre or Buprofezin 25 SC @ 320 ml/acre in about 200 litres of water per acre. 

At Flowering Stage: 
Spray Imidacloprid 70% WG @ 12–14 g/acre or Imidacloprid 30.5 SC @ 24–30 ml/acre or Acephate 75 SP @ 120–140 g/acre or Buprofezin 25 SC @ 320 ml/acre in about 200 litres of water per acre. 


Rice Leaf Folder (Cnaphalocrocis medinalis):Leaffolder: The larvae fold the leaves, eat out the green tissue and produce whitestreaks . The damage is highest during August-October. When the leaf damage reaches 10% (ETL), adopt the following control measures:

Cultural Control:
Early planting may help to avoid greater degrees of leaf damage.
Wider spacing (22.5 x 20 cm and 30 x 20 cm) and low usage of nitrogenous fertilizers decreases leaf damage.
Highly fertilized plots seem to attract females for oviposition. Therefore, it is advisable to avoid over-fertilization.
Egg predators (crickets) inhabit surrounding grass habitats and move to the field at night for predation. Maintenance of non-rice habitats might be worthwhile.
Higher damages will occur in shaded areas. Therefore, remove the causes of shading within the field.
Collect larvae and use the coir rope method by dragging the rope to dislodge larvae into kerosene-mixed water (about 400 ml kerosene + 10 kg soil per acre).

Chemical Control:
At Vegetative stage and Panicle initiation to booting Stage- 
For control, 
apply Cartap Hydrochloride 4% granules @ 7.5–10 kg/acre or Cartap Hydrochloride 50% SP @ 400 g/acre in 200 litres of water or Chlorpyrifos 1.5% DP @ 10 kg/acre. 

Proper monitoring, timely cultural and chemical control, and balanced fertilizer use help manage these pests effectively and protect paddy yield.
"
