source,answer_id,question_id,question,answer
https://workdrive.zoho.in/file/ea2zne2cd1b9f0b8745778d8cc181a1d8fe60,694536beba7dbbec181ce2c2,6944cc66ba7dbbec181cdee0,Can I mix Boron and Zinc spray in Mustard field? ,"Boron and zinc sprays can be mixed safely for mustard crops to address common micronutrient deficiencies that limit pod formation and seed filling.
Zinc deficiency causes stunted growth and chlorosis, while boron deficiency leads to hollow stems and poor pollination; together they boost yield by 15-25% in deficient soils. IFFCO recommends mixing 1-2 grams of Boron 20% per liter with 2-3 grams of Zinc sulphate (21%) per liter of water for foliar spray, applied at rosette (25-30 DAS) and early flowering stages (45-50 DAS) ensuring compatibility without precipitation when pH is neutral. 
NIPHM guidelines under integrated nutrient management endorse such tank mixes for oilseeds like mustard, confirming no antagonism at these low concentrations. Spray during morning or evening to enhance uptake, adding a sticker (0.5 ml/liter) for better adhesion on mustard leaves."
https://workdrive.zoho.in/file/ofd56a04a5fde9efd43c894ed1dd29bde511e,694634b8d683a39e87807eba,6944cc66ba7dbbec181cdf08,How to control stem and root rot in Mustard?,"Sclerotinia stem rot and root rot are among the most damaging diseases of mustard. Root rot is generally considered a minor disease of mustard and is mainly caused by Fusarium species; however, under favourable conditions it can still cause considerable damage to the crop. Sclerotinia stem rot, caused by Sclerotinia sclerotiorum, is more destructive and widespread.

In Sclerotinia stem rot, elongated water-soaked lesions appear on the stem near the crown region, which later become covered with white, cottony mycelial growth. From a distance, affected plants appear whitish at the internodes or base. The disease leads to premature ripening, shredding of the stem, wilting, and drying of plants. At later stages, brown to black sclerotial bodies may be observed on infected plant parts. Root rot, mainly caused by Fusarium spp., results in root decay, poor plant vigour, wilting, and uneven crop stand.

For the management of Sclerotinia stem rot and root rot in mustard (West Bengal conditions), an integrated approach is recommended. As a primary biological control measure, apply Trichoderma harzianum 1% WP (e.g., IIHR Th-2 strain) at 2.5–5 kg per acre, mixed with 50 kg of well-decomposed FYM, during land preparation. For seed treatment, use Carbendazim 50% WP @ 2 g per kg of seed or Trichoderma powder @ 6–10 g per kg of seed, as recommended in government extension advisories.

If disease symptoms appear in the field, usually around 45–60 days after sowing, apply a foliar spray of Tebuconazole 50% + Trifloxystrobin 25% WG @ 80–100 g per acre (0.08%) in 200 litres of water, or Thiophanate-methyl 70% WP @ 250–500 g per acre (1 g/L) for systemic curative control. A pre-harvest interval (PHI) of 21–25 days must be strictly followed. Crop rotation should be practiced, avoiding mustard after cabbage and cauliflower. The use of organic manures (FYM, compost) and soil solarization is encouraged to reduce soil-borne inoculum, particularly for managing root rot."
https://workdrive.zoho.in/file/yclw73937b03169b0411e89ad7189453ee0c2,69464623d683a39e87807f71,6944cc66ba7dbbec181cdf0f,Information regarding the Ammonium Molybdate,"Ammonium Molybdate containing 52% Molybdenum is a critical micronutrient intervention for mustard cultivation, particularly in acidic and lateritic soil profiles where molybdenum availability is naturally limited, as it serves as an essential cofactor for nitrate reductase and nitrogenase enzymes responsible for nitrogen metabolism. To optimize yield and prevent physiological disorders such as leaf cupping or marginal scorching, it is recommended to apply a basal dose of 500–700 grams per acre during final land preparation or, for faster absorption, a foliar spray of 0.05–0.1% solution (0.5–1.0 g per 10 L water), (25–50 g per acre in 200–250 L water) during the early vegetative stage at 30–45 days after sowing (DAS). When integrated with a standard fertilisation schedule of 32 kg Nitrogen, 16 kg Phosphorus, 16 kg Potassium, and 16 kg Sulphur per acre, the addition of this micronutrient enhances chlorophyll synthesis, increases the number of siliquae per plant, and improves seed weight, leading to a potential yield of 8 to 10 quintals per acre. Farmers should maintain a seed rate of 2–3 kg per acre and at least 21 days if molybdenum is applied in conjunction with other chemical treatments. Systematic application of this nutrient, especially when combined with 4 kg of Borax per acre, effectively mitigates sterility and ensures high oil content in the harvested seeds while conforming to the official package of practices recommended by Bidhan Chandra Krishi Viswavidyalaya and ICAR-Directorate of Rapeseed-Mustard Research."
https://workdrive.zoho.in/file/7be2w8fe369097c114948a379d525e2abd2c1,69467c60d683a39e8780813b,69456282ba7dbbec181ce3b2,ਮੱਕੀ ਦੇ ਵਿੱਚ ਸੁੰਡੀ ਲਈ ਕੀ ਕਰਨਾ ਚਾਹੀਦਾ,"In maize, two major worm or caterpillar pests commonly cause damage: the maize stem borer and the white grub.
Maize stem borer (Chilo partellus Swinhoe / Sesamia inferens Walker) can be effectively managed by adopting resistant or tolerant varieties such as HQPM-1, DHM-117, HM-4, HM-5, Vivek Hybrid-5, HMM-1, PEHM-1, Pusa Composite-3, Pusa Composite-4, Amar, and Azad Kamal. Cultural practices play a key role in management; deep summer ploughing followed by fallowing helps expose the resting stages of the pest, while intercropping maize with legumes reduces borer incidence. Suitable intercropping systems include maize–soybean, maize–cowpea, and maize–green gram. The use of well-decomposed farmyard manure (FYM) also helps reduce termite attack. Recommended plant spacing is 75 × 18 cm during the kharif season and 60 × 18 cm in other seasons. Several natural enemies help control stem borer populations, including parasitoids such as Trichogramma chilonis (egg parasitoid) and Cotesia flavipes (larval parasitoid), and predators like Chrysoperla carnea, coccinellids, king crow, common mynah, wasps, dragonflies, spiders, robber flies, reduviid bugs, preying mantids, fire ants, big-eyed bugs (Geocoris sp.), pentatomid bugs (Eocanthecona furcellata), earwigs, ground beetles, and rove beetles, along with the nematode Ovomermis albicans. For chemical control, granular application of Carbofuran 3% CG at 33.3 kg per hectare (13.3 kg per acre) should be applied in the whorls of infested plants.
White grub is another important pest of maize and can be managed by using certified seeds of recommended varieties with better tolerance to local pest problems, such as Pusa Composite-4, Amar, and Azad Kamal. Natural enemies play an important role in suppressing grub populations, including parasitoids like Tiphia rufo-femorata and predators such as spiders, robber flies, preying mantids, fire ants, big-eyed bugs (Geocoris sp.), crock beetle (Autocrates aenens), Indian mynah, and jungle crow. In case of severe infestation, a spray of Carbaryl 85% WP at 1764 g per hectare (about 714 g per acre) mixed in 200 litres of water can be applied for effective control."
https://workdrive.zoho.in/file/7be2wf07fb6bb23b642dca7160fe13790f538,694a3357b8b4b1ceb66167ce,6943c417ba7dbbec181cdc49,ਕਣਕ ਦੀ ਕਾਲੀ ਕੁੰਗੀ ਦਾ ਇਲਾਜ ਦੱਸੋ,"Black or dark brown elongated pustules appear on stems and leaves. Plants may lodge and dry early. Farmers can control black rust by using wheat varieties that are resistant to the disease and by planting their crops according to the recommended planting dates for their particular region. Regular monitoring of wheat crops for signs of disease is a must, and when farmers see any signs of black rust on their crops, they should apply a fungicide treatment as soon as possible; propiconazole 25% EC should be used at a rate of 200 ml per acre in 200 liters of water, with adequate coverage of stems and leaves. If conditions remain favourable for the disease, a second application can be made after 10–15 days. Another goop option is Triadimefon 25% WP. The recommended dose is about 400 g in 300 liters of water per acre. Farmers can also reduce the severity of the disease through proper management of nutrients. Nitrogen fertilization should be done in a balanced manner and not in excess amounts. If farmers are able to adhere to these guidelines, control of black rust of wheat can be accomplished with minimal yield loss."
https://workdrive.zoho.in/file/mp02130134cf0352d4ca2ac63723e3d019089,694a9ea6571b48ad544ac7bc,6936bd6a36c38b7c36d5f221,Information regarding kisan call centre?,"About KCC- The Department of Agriculture & Cooperation (DAC), Ministry of Agriculture, Govt. of India launched Kisan Call Centers on January 21, 2004, across the country to deliver extension services to the farming community.

The purpose of these call centers is to respond to issues raised by farmers, instantly, in the local language. There are call centers for every state which are expected to handle traffic from any part of the country. Queries related to agriculture and allied sectors (Horticulture, Animal Husbandry, Fisheries, Poultry,
Beekeeping, Sericulture, Aquaculture, Agricultural Engineering, Agricultural
marketing, Biotechnology, Home Science etc.) are being addressed through these call centers.

The universal toll-free number for farmers across India, including Odisha, is- 1800-180-1551, available daily from 6 AM to 10 PM for all the 7 days in week for advice in 22 local languages.

Kisan Call Centre agents known as Farm Tele Advisors (FTAs), and possess excellent
communication skills in respective local languages. Queries which cannot be answered by Farm Tele Advisor (FTAs) are transferred to higher level experts in a call conferencing mode. These experts are subject matter specialists of State Agriculture Departments, ICAR and State Agricultural Universities.
"
https://workdrive.zoho.in/file/cg2nn783258c4460846b5985f962379f7baa1,694b6a3a0d03bcc0ede26da9,694aef5a0d03bcc0ede26cde,What information is available regarding Yara Zinc fertilizer for paddy cultivation?,"YaraVita Zintrac 700 is a highly concentrated flowable zinc fertilizer containing about 39.5% zinc, formulated for rapid foliar uptake with added wetting, sticking, dispersing and stabilising agents that improve spray coverage and rainfastness. For cereals, including paddy, it is recommended to apply 0.625 litre per hectare at 30–35 days after sowing and repeat at 45–50 days after sowing if zinc deficiency persists. On a per-acre basis, this equals about 250 ml per acre, using approximately 200 litres of water per acre (converted from 500 L/ha). The spray should be applied uniformly during early morning or late evening hours to ensure better absorption and effective correction of zinc deficiency."
https://workdrive.zoho.in/file/cg2nne9774779af504d8a8e86a42546f9e9b3,694b6a3a0d03bcc0ede26da9,694aef5a0d03bcc0ede26cde,What information is available regarding Yara Zinc fertilizer for paddy cultivation?,"YaraVita Zintrac 700 is a highly concentrated flowable zinc fertilizer containing about 39.5% zinc, formulated for rapid foliar uptake with added wetting, sticking, dispersing and stabilising agents that improve spray coverage and rainfastness. For cereals, including paddy, it is recommended to apply 0.625 litre per hectare at 30–35 days after sowing and repeat at 45–50 days after sowing if zinc deficiency persists. On a per-acre basis, this equals about 250 ml per acre, using approximately 200 litres of water per acre (converted from 500 L/ha). The spray should be applied uniformly during early morning or late evening hours to ensure better absorption and effective correction of zinc deficiency."
https://workdrive.zoho.in/file/4xdjhb87971661ccb4319ac9337b699fd5206,694b81720d03bcc0ede26e4a,694aef5a0d03bcc0ede26d35,Why does water not stagnate in the ground during paddy crop cultivation?,"Water drainage issues during paddy cultivation can be attributed to the inherent physical properties of the soil in your region. In Mansa district, particularly in areas like Sardulgarh, the soil characteristics play a crucial role in water management during the Kharif season when paddy is grown.
The primary reason water may not stagnate properly in your fields is due to the soil texture and structure. Sandy loam or loamy sand soils, which are common in parts of Punjab, have larger pore spaces and better drainage capacity. While this is generally beneficial for most crops, paddy cultivation requires standing water for optimal growth. When soil has high permeability or sandy texture, water quickly percolates down through the soil profile instead of remaining on the surface.
To address this challenge and improve water retention for paddy cultivation, consider these practical solutions:
**Soil Improvement Methods:** Apply farmyard manure (FYM) or compost at 10-12 tons per hectare before transplanting. Organic matter helps bind soil particles together, reducing water seepage. Green manuring with dhaincha or sesbania 4-6 weeks before transplanting also improves soil structure.

**Puddling Operation:** Proper puddling is essential. After pre-soaking irrigation, puddle the field 2-3 times with 5-7 cm standing water. This breaks down soil aggregates and creates a hardpan layer that reduces water percolation significantly. The ideal puddling should result in a muddy, semi-fluid condition.

**Field Leveling:** Ensure your field is properly leveled using laser land leveling if possible. Uneven fields cause water to drain to lower areas, creating non-uniform water distribution.

**Bund Maintenance:** Construct and maintain strong field bunds (edges) of 30-45 cm height to hold water effectively. Repair any cracks or rat holes that might cause water leakage.

**Irrigation Management:** During the critical growth stages, maintain 5-7 cm water depth continuously. Apply irrigation 2-3 days after water disappearance from the field surface.

By implementing these measures, you can significantly improve water retention in your paddy fields despite unfavorable soil properties, leading to better crop establishment and higher yields."
https://workdrive.zoho.in/file/4xdjh90fb4d7c49934190a1ca40a64efb1b6a,694b8ddf0d03bcc0ede26ec7,694aef5a0d03bcc0ede26ca6,What information is available about the Supreme 110 paddy variety for cultivation in Punjab?,"Supreme 110 is a paddy variety that farmers in Punjab may be interested in cultivating. However, it's important to note that this variety may not be officially approved or recommended by Punjab Agricultural University (PAU) for the region. Before making any decision about planting Supreme 110 or any other paddy variety, farmers should verify several critical aspects.

First and foremost, check whether Supreme 110 is listed among the PAU-recommended varieties for Punjab. The officially recommended varieties for Punjab include PR-126, PR-127, PR-128, PUSA-44, and several others that have been tested for local conditions including water requirements, disease resistance, and yield potential. These approved varieties are specifically suited to Punjab's soil type, climate, and irrigation patterns.

If you have obtained Supreme 110 seeds or are considering purchasing them, carefully examine the seed bag for the following information: the company name and address, batch number, germination percentage, physical purity, date of packing, net weight, and any certification marks. Genuine seed packets should have clear labeling with complete details about the variety characteristics, maturity duration, recommended sowing time, and expected yield.

For accurate and detailed information specific to Supreme 110, you should contact the seed company directly or share a clear photograph of the seed packet with agricultural experts. You can send images to agricultural helpline numbers like 9988434143 or contact your local Krishi Vigyan Kendra (KVK) in Gurdaspur district for expert guidance.

Before sowing any paddy variety, consider these factors: duration of the variety (should ideally be 120-125 days for Punjab), water requirement (shorter duration varieties save water), resistance to diseases like bacterial leaf blight and blast, and the variety's performance in your specific agro-climatic zone. Punjab government also provides subsidies and support for approved varieties, which you might not receive for non-recommended ones.

Always consult with local agricultural extension officers or visit your nearest PAU Krishi Vigyan Kendra before making final decisions about variety selection to ensure optimal yields and compliance with state agricultural guidelines.
"
https://workdrive.zoho.in/file/4xdjh43d43f4eac154c28b7134605a703c1fc,694b91ed0d03bcc0ede26ee4,694aef5a0d03bcc0ede26d47,What is the recommended dose and application method of Ferterra for controlling stem borer in paddy?,"For effective control of stem borer (sundi) in paddy crops, Ferterra is a highly recommended insecticide when applied correctly. The recommended dose is 4 kg of Ferterra, which contains Chlorantraniliprole 0.4% granules, per acre. For proper application, the 4 kg granules should be thoroughly mixed with 15–20 kg of fine, dry sand to ensure uniform distribution, as sand acts as a carrier for even spreading. This mixture should then be broadcast uniformly over one acre of the paddy field. For best results, Ferterra should be applied during critical crop growth stages when stem borer infestation is most likely, particularly during the kharif season in Punjab, around July, when the crop is in the active tillering to vegetative stage. Early monitoring and timely application help prevent significant yield loss. At the time of application, the field should have adequate moisture with about 2–3 inches of standing water to enhance the effectiveness of the granular formulation. The application should be done during morning or evening hours under calm weather conditions, avoiding windy situations to prevent uneven spread. While applying Ferterra, farmers should wear protective gear such as gloves and masks, keep children and livestock away from treated fields for at least 24 hours, avoid contamination of water bodies, and store unused product in a cool, dry place away from food and animal feed. Chlorantraniliprole provides long-lasting control, works by disrupting insect muscle function, leading to feeding cessation and death, and has minimal impact on beneficial insects when used as directed, making it a suitable option for integrated pest management in paddy cultivation."
https://workdrive.zoho.in/file/4xdjh3dcfe4359918436bb7cb46f8df55b6d5,694b91ed0d03bcc0ede26ee4,694aef5a0d03bcc0ede26d47,What is the recommended dose and application method of Ferterra for controlling stem borer in paddy?,"For effective control of stem borer (sundi) in paddy crops, Ferterra is a highly recommended insecticide when applied correctly. The recommended dose is 4 kg of Ferterra, which contains Chlorantraniliprole 0.4% granules, per acre. For proper application, the 4 kg granules should be thoroughly mixed with 15–20 kg of fine, dry sand to ensure uniform distribution, as sand acts as a carrier for even spreading. This mixture should then be broadcast uniformly over one acre of the paddy field. For best results, Ferterra should be applied during critical crop growth stages when stem borer infestation is most likely, particularly during the kharif season in Punjab, around July, when the crop is in the active tillering to vegetative stage. Early monitoring and timely application help prevent significant yield loss. At the time of application, the field should have adequate moisture with about 2–3 inches of standing water to enhance the effectiveness of the granular formulation. The application should be done during morning or evening hours under calm weather conditions, avoiding windy situations to prevent uneven spread. While applying Ferterra, farmers should wear protective gear such as gloves and masks, keep children and livestock away from treated fields for at least 24 hours, avoid contamination of water bodies, and store unused product in a cool, dry place away from food and animal feed. Chlorantraniliprole provides long-lasting control, works by disrupting insect muscle function, leading to feeding cessation and death, and has minimal impact on beneficial insects when used as directed, making it a suitable option for integrated pest management in paddy cultivation."
https://workdrive.zoho.in/file/4xdjhf632cbf2eb914e1cb03ea113596076ab,694bac320d03bcc0ede26f79,694aef5a0d03bcc0ede26ccc,How can I prevent seeds from floating when applying irrigation to my Paddy nursery?,"Seed floating during irrigation is a common challenge in paddy nursery. When seeds float away, it results in uneven seed distribution, poor germination rates, and ultimately affects the quality of seedlings available for transplanting. To address this issue effectively, farmers should implement proper seed protection measures.

The most effective solution is to apply a covering layer immediately after broadcasting the paddy seeds in the nursery bed. Prepare a mixture by combining farmyard manure (FYM) with sand in appropriate proportions. The farmyard manure should be well-decomposed and sieved to remove large particles. Mix approximately 2-3 parts of sand with 1 part of fine farmyard manure. This mixture serves multiple purposes in your nursery management.

After broadcasting the pre-soaked and sprouted paddy seeds uniformly over the prepared nursery bed, spread this sand-FYM mixture as a thin covering layer of about 0.5 to 1 cm thickness over the seeds. This covering layer acts as a physical barrier that anchors the seeds in place, preventing them from floating when you apply irrigation water. The weight of the sand helps keep seeds stationary while the organic matter from FYM provides additional nutrients to the developing seedlings.

This method also offers protection against birds, which are particularly active during the early stages of nursery establishment in June when you're preparing your paddy nursery. Birds can cause significant seed losses by feeding on exposed seeds, but the covering layer makes it difficult for them to access the seeds.

When applying irrigation after covering, use a gentle shower method rather than flooding or heavy watering. This ensures that water penetrates gradually without disturbing the seed bed. Maintain adequate moisture levels by applying light irrigation 2-3 times daily during the initial days. The nursery should be kept moist but not waterlogged until germination is complete and seedlings are well-established, which typically takes 3-4 days after sowing. This practice will ensure uniform germination and healthy seedling development for successful transplanting in your main paddy field."
https://workdrive.zoho.in/file/435hh6bc80b1b0084419d8da3ae4ed0667ff0,694e14a58aab50c8d431b1a8,694aef5a0d03bcc0ede26d15,What are the control measures for Southern Rice Black-Streaked Dwarf Virus (SRBSDV) in paddy crop?,"Southern Rice Black-Streaked Dwarf Virus (SRBSDV) causes significant dwarfing disease in paddy, characterized by stunted growth and white chlorotic spots on leaves. Infected plants grow only 1/2 to 1/3 the height of healthy plants, develop weak roots that can be easily pulled out, produce smaller panicles, and show empty grains. This viral disease is transmitted by the White-Backed Plant Hopper (WBPH) persistently, and since there is no curative treatment for viral diseases, preventive management is crucial.
For effective control, farmers should implement regular monitoring practices. Inspect the paddy fields weekly by gently tapping and shaking 2-3 plants at their base. If WBPH nymphs or adults are seen floating on water, immediate action is required. The disease is more prevalent in early transplanted crops, so farmers in Punjab should strictly follow the transplanting schedule recommended by Punjab Agricultural University (PAU). This practice not only helps manage the viral disease but also conserves water.
Chemical control should target the vector (WBPH) rather than the virus itself. When WBPH presence is detected, spray appropriate insecticides directed at the base of plants. Recommended insecticides include Pexalon 10 SC (Triflumezopyrim), Osheen/Token 20 SG (Dinotefuran), or Chess 50 WG (Pymetrozine). These should be applied targeting the lower parts of the plant where hoppers congregate.
Cultural practices play a vital role in disease management. Avoid excessive nitrogen fertilizer application as it promotes WBPH population growth. Instead, use balanced fertilization with split applications of nitrogen. Implement Alternate Wetting and Drying (AWD) irrigation techniques to manage water levels, as waterlogging and stagnant water encourage pathogen spread. Physical barriers or nets can be used to protect plants from WBPH infestation.
Weed management is also important since SRBSDV can infect various weed species that serve as alternate hosts. In cases of low infection rates, promptly remove and destroy infected tillers or plants to prevent further spread. Regular scouting is particularly critical during early and pre-junction stages between early and late summer rice crops when WBPH populations are typically higher."
https://workdrive.zoho.in/file/fh79n936469d2c39e4fdb8bf4ef0ea227cc23,694e1cef8aab50c8d431b20a,694e089c8aab50c8d431b0db,Can we mix two herbicides for spray on Paddy Basmati in Punjab?,"Yes, mixing two compatible herbicides for Paddy Basmati can be done, but it requires careful consideration. You should mix only herbicides that have different modes of action to prevent resistance and ensure they are chemically compatible. Common combinations in Punjab paddy fields include mixing pre-emergence herbicides like Pendimethalin with post-emergence herbicides like Bispyribac - sodium or Fenoxaprop. However, always read the product labels carefully, conduct a jar test to check for physical compatibility, avoid mixing products that may cause phytotoxicity, and follow recommended doses for each herbicide. It's advisable to consult with local agricultural extension officers or experts before mixing herbicides to ensure effectiveness and crop safety specific to Basmati varieties."
https://workdrive.zoho.in/file/shhine78443325ed54d56852b47ef6c349114,694e4785aca96f5efbe2fea0,694e089c8aab50c8d431b0e6,What is the recommended method for foliar application of chelated zinc in paddy cultivation?,"For effective management of zinc deficiency in paddy, use 100% water-soluble chelated zinc as a foliar spray, as it ensures quick absorption by the plant. Chelated zinc enhances chlorophyll formation, promotes early leaf greening, and improves photosynthesis and protein synthesis, which ultimately leads to better crop yield, root development, and plant immunity. It also works efficiently in high-pH and saline soils and increases the efficiency of applied NPK fertilizers.
The foliar spray should be applied during the early vegetative growth stage. If deficiency symptoms persist, a second spray can be given at the flowering or panicle initiation stage. In zinc-deficient fields, spraying may be repeated at an interval of 15–20 days. For application, dissolve 100 g of chelated zinc in 150–200 liters of water per acre and spray uniformly over the crop. Avoid spraying during mid-day hours to prevent leaf scorch; early morning or late afternoon is recommended."
https://workdrive.zoho.in/file/shhina49d8ae2b9a0496bb8a6936c50b59efc,694e4950aca96f5efbe2feb5,694aef5a0d03bcc0ede26ced,What information is available regarding the subsidy for direct seeded rice (DSR) crop in Punjab?,"The Punjab government provides subsidies for direct seeded rice (DSR) cultivation as part of its efforts to promote water conservation and sustainable agricultural practices. Direct seeded rice is an alternative method to traditional transplanted paddy cultivation that saves water, labor, and energy while reducing cultivation costs.

To apply for the DSR subsidy, farmers need to fill out an online application form through the official Punjab Agri Machinery portal at https://www.agrimachinerypb.com/. This portal is the central platform for accessing various agricultural machinery subsidies and government schemes in Punjab.

The DSR subsidy typically covers:

Machinery and Equipment Support: Subsidies are provided on various farm equipment needed for direct seeding such as happy seeders, zero-till seed drills, and other specialized machinery. The subsidy amount usually ranges from 40-50% of the equipment cost, subject to government guidelines.

Application Process: Farmers should register on the portal with their land records, Aadhaar card, bank account details, and other relevant documents. The application should be submitted before the Kharif season begins, ideally in May-June, to ensure timely processing.

Eligibility Criteria: Individual farmers, cooperative societies, and farmer producer organizations (FPOs) can apply. Priority is often given to small and marginal farmers.

Benefits of DSR: This method saves approximately 15-20% water compared to traditional transplanting, reduces methane emissions, eliminates the need for nursery preparation, and allows timely sowing which can improve yields.

Important Considerations: Farmers adopting DSR should ensure proper weed management, use recommended seed varieties, and follow the package of practices prescribed by Punjab Agricultural University. The subsidy is subject to budget availability and government policies, so farmers are advised to check the portal regularly for updates and deadlines.

For detailed information, technical support, and application status, farmers can contact their local agriculture department office or the district agriculture officer in Muktsar."
https://workdrive.zoho.in/file/510qadd4fc8741a66466e8b40ebe82fada610,694e4af9aca96f5efbe2fed1,694e2b44aca96f5efbe2fdba,What is Chlorpyriphos 20EC and how is it used as an insecticide in paddy cultivation?,"Chlorpyriphos 20% EC is an organophosphate insecticide widely used in paddy (rice) cultivation to control various pests. It contains 20% Chlorpyriphos in emulsifiable concentrate form. In paddy crops, it is effective against stem borers, leaf folders, gall midges, hispa and whorl maggots. The typical dosage is 500 ml per acre, mixed with 200-400 liters of water for foliar spray. It should be applied when pest infestation is noticed at the early stage. The insecticide works by inhibiting the nervous system of insects. Safety precautions include wearing protective equipment during application, maintaining a pre-harvest interval as per product label, and avoiding application during flowering stage or windy conditions. Always follow the manufacturer's instructions and local agricultural department guidelines for best results.
"
https://workdrive.zoho.in/file/510qa42afcdc5832744ca9ad699cceef953a9,694e4edbaca96f5efbe2ff10,694e2b44aca96f5efbe2fd96,What is the recommended dose of Padan (Cartap Hydrochloride) for controlling leaf folder in paddy?,"For controlling leaf folder & stem borer in paddy, Padan (Cartap Hydrochloride 50% SP) should be applied at the rate of 400 grams per acre. Mix the recommended dose in sufficient water (approximately 200-400 liters per acre) and spray uniformly on the crop. Apply the insecticide when early symptoms of leaf folder & stem borer infestation are noticed, typically during the vegetative to tillering stage. For effective control, ensure good coverage of the foliage and repeat the application if necessary after 10-15 days, depending on the severity of infestation. Always follow the PHI (Pre Harvest Interval) of 21 days."
https://workdrive.zoho.in/file/510qa7157b589dddc47a5a52d9f37ae60cae1,694e4edbaca96f5efbe2ff10,694e2b44aca96f5efbe2fd96,What is the recommended dose of Padan (Cartap Hydrochloride) for controlling leaf folder in paddy?,"For controlling leaf folder & stem borer in paddy, Padan (Cartap Hydrochloride 50% SP) should be applied at the rate of 400 grams per acre. Mix the recommended dose in sufficient water (approximately 200-400 liters per acre) and spray uniformly on the crop. Apply the insecticide when early symptoms of leaf folder & stem borer infestation are noticed, typically during the vegetative to tillering stage. For effective control, ensure good coverage of the foliage and repeat the application if necessary after 10-15 days, depending on the severity of infestation. Always follow the PHI (Pre Harvest Interval) of 21 days."
https://workdrive.zoho.in/file/gsz1ocf0f6361560c4f2f99d431c8d6afd1ee,694e597838eee18abb6bbd4f,694e0ce68aab50c8d431b123,Can we mix nutrients and fungicides together for paddy crop in Punjab?,"The compatibility of specific nutrients and fungicides determines whether they can be mixed. Generally, water-soluble fertilizers such as urea, DAP (Diammonium Phosphate), and micronutrients can be combined with fungicides if they are compatible. However, it is important to avoid mixing alkaline fertilizers with acidic fungicides, as they may react negatively. Always refer to the product labels for compatibility information.
It is advisable to conduct a jar test before mixing in a tank. To do this, mix small quantities of the products in a jar, wait for 30 minutes, and observe for any precipitation, curdling, or separation. 
For paddy crops, when combining foliar nutrients with fungicides like propiconazole or azoxystrobin, ensure the proper pH and avoid mixing with alkaline compounds. If you are uncertain, it is best to apply the treatments separately, with an interval of 2 to 3 days, to maximize the effectiveness of both."
https://workdrive.zoho.in/file/bhhqudeb3f04595834568875f23bf654ac07f,694e658538eee18abb6bbde2,694e2b44aca96f5efbe2fdc6,What are the effective methods for controlling whitefly and mites in rice/paddy cultivation in Punjab?,"Whitefly is not a major pest in paddy, while the primary mite that attacks paddy is the panicle mite. Whitefly may cause slight yellowing of leaves and weak growth; it may produce honeydew leading to sooty mold, but damage is usually minor. The panicle mite infests the panicles, causing twisted or deformed grains, reduced grain filling, and poor grain quality.

For controlling whitefly and mites in paddy, use integrated pest management approaches. For whitefly control: (1) Use yellow sticky traps for monitoring and mass trapping, (2) Spray neem-based insecticides or PAU homemade neem extract (3) Apply chemical insecticides like Dinotefuran 20 SG at 80 g per acre or Flonicamid 50 WG at 60 g per acre in 100-150 liters of water.

For panicle mite control: (1) Maintain proper field hygiene and remove alternate host weeds, and (2) spray acaricides like Propargite 57% EC at 2 ml/liter or Spiromesifen 22.9% SC at 1 ml/liter of water. Ensure adequate water management and avoid water stress. Apply treatments during early morning or evening hours for better effectiveness. During spraying, target the underside of leaves."
https://workdrive.zoho.in/file/pabggad07d24d05b64aee8fe842a5d7e70519,694f5dba14a8273593a950bc,694f5af414a8273593a9504c,How should sticker be applied when mixed with fungicide for paddy cultivation in Punjab?,"When applying a sticker mixed with fungicide for a paddy crop in Punjab, use a non-ionic sticker or spreader at the rate of 0.5-1 ml per liter of spray solution. Mix the sticker thoroughly with the fungicide solution before spraying. The sticker helps improve adhesion of the fungicide on leaf surfaces, especially during rainy conditions. Apply the mixture using a knapsack sprayer, ensuring uniform coverage of the crop canopy. For best results, spray during early morning or evening hours when the temperature is moderate. The sticker-fungicide combination is particularly effective for managing diseases like blast and sheath blight in paddy. Always follow the recommended dosage mentioned on the fungicide label and maintain a proper spray volume of 150-200 liters per acre for effective disease control."
https://workdrive.zoho.in/file/fh79nc14bcf22945746998ad1107940784379,694f764a14a8273593a951d6,694f5af414a8273593a95047,What is the recommended dose of Indofil Avtar (Zineb 68% + Hexaconazole 4% WP) for controlling leaf blight in rice?,"Indofil Avtar (Zineb 68% + Hexaconazole 4% WP) @ 400-500 g per acre in 200 litres of water can be used for the management of fungal leaf diseases such as leaf blast or brown spot in rice. However, it is not effective against bacterial leaf blight, for which PAU recommends antibiotic + copper-based sprays along with proper nutrient and water management. Always follow the PHI (Pre Harvest Interval) of 34 days."
https://workdrive.zoho.in/file/2ra2h2ec011594ac945da874a4afa83df9c94,694f843114a8273593a9529c,694f5af414a8273593a95089,How can I contact the Chief Agricultural Officer of Mohali for paddy residue waste management?,"For information regarding paddy residue waste management in Mohali district, you can contact the SAS Nagar Mohali district agriculture office through the 0172-5095396 number. The general contact number for the Agriculture Department, Mohali, is available at the district office, or you can visit the official Punjab Agriculture Department website for updated contact details. The Department of Agriculture head office is located at Kheti Bhawan, Plot No. 204, Phase 6, Sector 56, SAS Nagar (Mohali), Punjab 160055, with phone 172-2970603. You can also contact the commissioner of agriculture at 1722970707. You can also contact the Mohali regional pollution control office at 0172-5044900. "
https://workdrive.zoho.in/file/510qa33f8943d1e0f4a32883e3a0f4e2dd3db,6951fefc14a8273593a9564d,694f5af414a8273593a95048,What is Vayego insecticide and how is it used in Paddy cultivation?,"Vayego is an insecticide manufactured by Bayer containing Tetraniliprole (Tetraniliprole 18.18% w/w SC) as the active ingredient. It is effective against stem borers, leaf folders, and other lepidopteran pests in Paddy (Dhan) crop. For Paddy cultivation in Punjab, it is typically applied at 100-120 ml per acre in 200 L of water/acre, when pest infestation is observed. The waiting period from last spray to harvest is 43 days. It provides long-lasting protection and can be tank-mixed with other compatible pesticides. Farmers should follow safety precautions during application and observe the recommended pre-harvest interval before harvesting the crop. Vayego is a Ryanodine Receptor Modulator, making their muscles contract and stopping them from eating the crop right away. It paralyses the insects, so they can’t move or cause harm."
https://workdrive.zoho.in/file/hwc477765f98400244282b4a8e20a1fcdf492,6951fefc14a8273593a9564d,694f5af414a8273593a95048,What is Vayego insecticide and how is it used in Paddy cultivation?,"Vayego is an insecticide manufactured by Bayer containing Tetraniliprole (Tetraniliprole 18.18% w/w SC) as the active ingredient. It is effective against stem borers, leaf folders, and other lepidopteran pests in Paddy (Dhan) crop. For Paddy cultivation in Punjab, it is typically applied at 100-120 ml per acre in 200 L of water/acre, when pest infestation is observed. The waiting period from last spray to harvest is 43 days. It provides long-lasting protection and can be tank-mixed with other compatible pesticides. Farmers should follow safety precautions during application and observe the recommended pre-harvest interval before harvesting the crop. Vayego is a Ryanodine Receptor Modulator, making their muscles contract and stopping them from eating the crop right away. It paralyses the insects, so they can’t move or cause harm."
https://workdrive.zoho.in/file/4xdjhb128e582bf904b6ebe4f4025c68ae6f8,69520e3b14a8273593a956f8,694e2b44aca96f5efbe2fd82,What is the recommended dosage of Regent (Fipronil) and Ferterra (Chlorantraniliprole) insecticides for paddy crop in Punjab?,"Regent is one of the most popular and effective systemic insecticides used for paddy. It is a Bayer brand product that contains the active ingredient fipronil. Two types of Regent Granular products are available in the market. One is Regent Ultra, which contains Fipronil 0.6% GR, and the other one is Regent GR, which contains 0.3% GR. The recommended dose of Regent Ultra is about 4 kg per acre. The recommended dose of Regent GR is about 6 kg per acre (as per PAU guidelines). These are effective against both yellow stem borers and leaf folders in paddy. 

Ferterra is a granular insecticide from FMC containing chlorantraniliprole 0.4% w/w GR, designed for effective control of stem borers, and leaf folders in paddy via root uptake and translocation. The recommended dose is about 4 kg per acre. Apply these insecticides with 10-20 kg of dry sand by the broadcasting method for uniform coverage throughout the field. "
https://workdrive.zoho.in/file/pabgg0f994f1d795e41a1b4ed0148039fca54,69525c9c14a8273593a95a4d,694aef5a0d03bcc0ede26d03,What are the characteristics and features of the rice variety PUSA 1824?,"PUSA 1824 (IET 28442) is a high-yielding, medium-duration rice variety that has been developed for cultivation in suitable rice-growing regions. This variety has demonstrated significant superiority in yield performance compared to popular check varieties during field evaluation trials. One of the key characteristics of PUSA 1824 is its medium-duration maturity period, with a seed-to-seed maturity duration of approximately 120–125 days. This makes it suitable for timely harvesting and allows sufficient time for after-harvest operations and preparation for subsequent rabi crops.
PUSA 1824 has shown remarkable yield potential, exhibiting about 31.5% yield superiority over Pusa 44 under evaluated conditions, with an average yield of 38.47 quintals per acre. The variety has a semi-dwarf growth habit with strong culms and is non-lodging and non-shattering, which contributes to its high yield stability. Given its maturity duration, it supports timely harvest and can help reduce risks associated with delayed harvesting.
To achieve optimum performance, recommended agronomic practices such as proper nursery management, appropriate transplanting, balanced fertilizer application, adequate irrigation at critical growth stages, and timely pest and disease management should be followed, as with other recommended rice varieties."
https://workdrive.zoho.in/file/pabgg3efcde0198134acaa3cc586fc9744653,6953b21c14a8273593a95fee,694f5af414a8273593a95026,What is the use of double sulphate of aluminum in paddy fields?,"Double sulphate of aluminium, also known as potash alum or aluminium potassium sulphate, is not commonly recommended as a fertiliser for paddy fields in Punjab. However, some farmers use it as a soil amendment to improve soil structure and reduce water seepage in flooded paddy fields. It may also help in controlling iron toxicity by oxidising ferrous iron (Fe²⁺) into ferric iron (Fe³⁺), which is less available to plants. In addition, it is known to lower soil pH. Therefore, if the soil is already acidic, the application of alum can further increase soil acidity and may lead to nutritional deficiencies in the field. Therefore, its use should be avoided unless advised by soil experts. For paddy cultivation in Punjab, it is advisable to follow the recommended fertiliser schedule based on soil testing results. The general recommended fertiliser dose per acre is Nitrogen 42 kg, Phosphorus (P₂O₅) 12 kg, and Potash (K₂O) 12 kg. This can be supplied through Neem-coated urea 90 kg/acre, DAP 27 kg/acre, or Single Super Phosphate 75 kg/acre, and Muriate of Potash 20 kg/acre. Phosphorus and potash should be applied only if the soil test shows a deficiency. Apply the full dose of phosphorus and potash before puddling. Phosphorus can also be top-dressed up to 21 days after transplanting. If 27 kg DAP is used, reduce urea by 10 kg/acre. Nitrogen should be applied in three equal splits—first within 7 days of transplanting, second at 21 days, and third at 35 days for short-duration varieties or 42 days for other varieties. But basal application is strongly recommended. Apply the second and third nitrogen splits when no standing water is present, and irrigate the field on the third day after fertiliser application. Farmers are strongly advised to consult local agricultural extension officers or soil testing laboratories before using any unconventional soil amendments in paddy fields to ensure optimal crop growth and yield."
https://workdrive.zoho.in/file/hwc47ea591f6e61d0400ba1fbcfaa7fe7bbf4,695653c27c5a4fea85026c5f,694aef5a0d03bcc0ede26cf4,Is black paddy (black rice) suitable for cultivation in Punjab?,"Black paddy (black rice) is generally not considered very suitable for large-scale cultivation in Punjab. Black rice varieties are traditionally adapted to eastern and northeastern Indian conditions (Assam, Odisha, West Bengal, Bihar), where humidity, rainfall pattern, and soil type differ from Punjab. Punjab’s intensive paddy ecosystem, high fertilizer use, and mechanized practices are not well suited to most available black rice varieties. Most black rice varieties have lower yield, longer duration, and special management needs, which make them less profitable compared to recommended basmati and non-basmati varieties in Punjab. Punjab Agricultural University (PAU) emphasizes short-to-medium duration non-basmati, and basmati rice suited to Punjab's rice-wheat system, with no mention of black rice in recent recommendations. Black rice cultivation remains niche and unsupported by Punjab's mainstream guideline. Black rice may be grown on a small experimental scale under assured irrigation and careful management. It can be suitable for kitchen gardens, organic farming, or specialty markets, where premium prices are available. For Punjab farmers, it is advisable to grow PAU-recommended basmati or PR paddy varieties rather than black rice. Black rice cultivation should be taken up only after consulting PAU/KVK experts and mainly for trial or specialty purposes, not for commercial large-scale farming."
https://workdrive.zoho.in/file/p7iy5c98a6f3aee1243a5b896b714ebdaad95,69589ca128ae67127339d4c4,6958962185e5253473bfb332,How to prepare Jeevamrit?,"Jeevamrit is an excellent liquid organic fertilizer used in natural farming practices that enhances soil microbial activity, provides essential nutrients, and improves soil health. It is particularly beneficial for paddy cultivation and other crops in Uttar Pradesh and across India.
 
Preparation Method:
To prepare 200 liters of Jeevamrit, you will need the following ingredients: 10 kg fresh cow dung, 10 liters cow urine, 1-2 kg jaggery (old/dark jaggery preferred), 1 kg gram flour (besan), 1 kg soil (from the field or under a banyan/peepal tree), and 200 liters of clean water.
 
Step-by-Step Process:
Take a large plastic drum or container with a capacity of 200 liters or more. Add 10 kg of fresh cow dung and 10 liters of cow urine to the container. Dissolve 1-2 kg of jaggery in lukewarm water and add it to the mixture. The jaggery serves as food for beneficial microorganisms. Add 1 kg of gram flour, which provides protein for microbial growth. Add 1 kg of soil, preferably from your own field or beneath a tree, as it contains beneficial soil microbes. Pour approximately 200 liters of water into the mixture and stir thoroughly using a wooden stick.
 
Fermentation and Maturation:
Keep the container in a shaded area, away from direct sunlight. Stir the mixture twice daily - once in the morning and once in the evening - for about 5-10 minutes using a wooden stick. This aeration helps in the multiplication of beneficial aerobic microorganisms. The fermentation process takes 5-7 days. After 7 days, the Jeevamrit is ready for application. You will notice a pleasant fermented smell when it is ready.
 
Benefits:
Jeevamrit increases soil microbial population, improves nutrient availability, enhances soil structure, reduces dependency on chemical fertilizers, and improves crop resistance to diseases and pests. It is cost-effective and completely safe for the environment.
 
Protective Gear and Safety Guidelines:
While Jeevamrit is organic and safe, maintain basic hygiene during preparation. Wear gloves while handling cow dung and mixing ingredients. Wash hands thoroughly with soap after preparation. Store the prepared Jeevamrit in a shaded place and use within 15 days for maximum effectiveness. Keep the container covered with breathable cloth to allow air exchange while preventing contamination. Ensure proper sanitation of preparation vessels before use.
 
For further guidance or clarification, farmers are advised to contact the nearest Krishi Vigyan Kendra (KVK) or local agricultural extension officer."
https://workdrive.zoho.in/file/p7iy5dfbdd6e14881442f86eeed656e043418,6958b1cf28ae67127339d5b1,6958996628ae67127339d464,Can gibberellic acid (GA₃) be used in Paddy nurseries?,"In paddy nursery, gibberellic acid (GA₃) is not recommended as a routine practice in the Uttar Pradesh Package of Practices (POP). The UP POP for rice nursery management mainly focuses on good seed, proper water, and correcting nutrient problems (especially zinc/urea or zinc/lime nursery spray), and it does not list GA₃ as a standard nursery input. So, for normal nursery raising in UP, farmers should avoid GA₃ in the nursery, because it can make seedlings too tall and weak (leggy), which reduces seedling quality after transplanting.
However, GA₃ is an officially approved Plant Growth Regulator (PGR) at the national level, and the PPQS (Govt. of India) “Approved use of Plant Growth Regulators / Major Uses of Pesticides” clearly shows GA₃ use in paddy crop after transplanting (DAT = Days After Transplanting)—not in nursery. According to PPQS, Gibberellic Acid 0.001% L in paddy is used @ 73 ml/acre in 200 litres of water “to increase yield and quality,” and the timing is based on variety duration: short duration 20–25 DAT, medium duration 30–35 DAT, and long duration 40–45 DAT.
Protective Gear and Safety Guidelines:
When handling gibberellic acid and chemical fertilizers, farmers should wear chemical-resistant gloves and a face mask to avoid direct contact. Use protective clothing, including long sleeves and full pants, during preparation and application. After handling chemicals, wash your hands thoroughly with soap and water. Avoid eating, drinking, or smoking during application. Store GA3 powder and other chemicals in a cool, dry place away from children, animals, and food items. Keep containers properly sealed and labeled.
Safety Disclaimer:
Always follow the recommended doses of gibberellic acid and fertilizers strictly‚ do not exceed the prescribed amounts, as over-application can lead to excessive vegetative growth and weak seedlings. Maintain proper hygiene during application and ensure safe disposal of empty containers. Keep emergency contact numbers handy and read product labels carefully before use. Apply treatments in calm weather conditions to ensure even distribution and effectiveness.
For further guidance or clarification, farmers are advised to contact the nearest Krishi Vigyan Kendra (KVK) or local agricultural extension officer.									"
https://workdrive.zoho.in/file/uakafb86ccdd27d5842618428e98b2c539adf,6958bef528ae67127339d643,6958962185e5253473bfb35d,Nano DAP and Nano Urea can be sprayed together?,"Yes, Nano DAP (Di-Ammonium Phosphate) and Nano Urea can be mixed and sprayed together on paddy crops. This is an efficient practice that saves time and labor and allows for simultaneous application of nitrogen and phosphorus nutrients in their nano form. Nano fertilizers represent advanced agricultural technology where nutrients are available in nanoparticle form (1-100 nanometers), which enhances their absorption and utilization efficiency by plants. For paddy cultivation in Uttar Pradesh, particularly in districts like Etah, this technology offers significant benefits.

 Soil Testing and Assessment: Before applying any fertilizers, it is advisable to conduct a soil test to determine the actual nutrient status of your field. This helps in understanding existing nutrient levels and planning supplementary applications accordingly. Soil testing can be done at nearby Krishi Vigyan Kendra or agricultural universities.

 Application Details for Nano Fertilizers: For paddy crops, Nano Urea (500 ml per acre) and Nano DAP (500 ml per acre) can be mixed together in the spray tank. Add the required quantity of both nano fertilizers to water (approximately 200 liters per acre for proper coverage). Mix thoroughly before spraying. The ideal time for application is during the vegetative growth stage, typically 25-30 days after transplanting, and again at the panicle initiation stage (around 50-55 days after transplanting). 

Application Method: Use a knapsack sprayer or boom sprayer for uniform coverage. Spray during early morning or late evening hours when temperatures are moderate and wind velocity is low. Ensure complete coverage of the foliage, especially the underside of leaves, where absorption is more efficient. Avoid spraying during windy conditions, immediately before rain, or during the hottest part of the day. 

Supplementary NPK Requirements: While nano fertilizers significantly reduce the requirement for conventional fertilizers, a basal dose of conventional fertilizers may still be needed.

Protective Gear and Safety Guidelines: When handling and applying nano fertilizers, wear chemical-resistant gloves to prevent skin contact, use a face mask to avoid inhalation of spray mist, wear protective clothing including long sleeves and full pants, and use eye protection such as goggles. After application, wash hands and exposed skin thoroughly with soap and water. Avoid eating, drinking, or smoking during application.

 Safety and Storage: Store nano fertilizers in a cool, dry place away from direct sunlight. Keep containers tightly closed when not in use. Store away from children, livestock, and food items. Do not mix with pesticides or other chemicals unless specifically recommended. Follow the manufacturer's recommended dosage strictly. Do not exceed prescribed limits. Properly dispose of empty bottles as per local regulations. Performing a jar test to check the compatibility test is a simple compatibility test done before mixing two or more agrochemicals; take a clean transparent jar, add 500 ml water, add the required quantities of the products in the same proportion as for spraying, seal the jar and shake vigorously, then observe if there is no separation, precipitation, clumping, or heat formation; if the mixture is safe to spray.

Benefits of Combined Application: Mixing Nano Urea and Nano DAP reduces application costs, saves labor and time, ensures uniform nutrient distribution, improves nutrient use efficiency by 30-40%, and reduces environmental impact compared to conventional fertilizers. For further guidance or clarification, farmers are advised to contact the nearest Krishi Vigyan Kendra (KVK) or local agricultural extension officer."
https://workdrive.zoho.in/file/qyqoqcfd28ab9bc834da9a3eebae9ce485f44,695b464b28ae67127339dac7,695b446528ae67127339da88,Farmer want to know about dose of Ammonium Sulfate in paddy crop?,"Soil Testing and Nutrient Assessment:
Before applying any fertilizer, farmers should conduct a soil test to determine the existing nutrient status and pH level of their fields. This helps in making informed decisions about fertilizer requirements and prevents over-application or deficiencies.
Ammonium Sulphate is a quick acting acidic fertiliser
It contains 20.5 % Nitrogen, most preferred source of nitrogen in Paddy crop. There is no loss of Nitrogen through leaching. As it is resistant to leaching it is more suitable at the time of planting. It contains 23 % Sulphur to take care of the crop's Sulphur requirement. It helps the crop to utilize Nitrogen efficiently due to the presence of Sulphar. Organic Matter Management: Incorporate well-decomposed Farm Yard Manure (FYM) at 5 tonnes/Acre  This improves soil structure, water retention, and provides slow-release nutrients throughout the growing season. Green manuring with dhaincha or sesbania 2-3 weeks before transplanting adds organic nitrogen and improves soil fertility. Ammonium Sulfate Application for Paddy: For the first top-dressing in paddy crop, when targeting 7kg nitrogen/Acre, farmers can use a combination of Ammonium Sulfate and other nitrogen sources. The recommended application is  20 kg Ammonium Sulfate (21% N, 24% S) combined with 10Kg Urea (46% N)/Acre. Protective Gear for Fertilizer Application: When handling and applying chemical fertilizers including Ammonium Sulfate, farmers must wear chemical-resistant gloves to prevent skin contact, a face mask to avoid inhaling dust particles, full-sleeved protective clothing and full pants, and ensure proper ventilation during storage. Always wash hands thoroughly after handling fertilizers, avoid eating or drinking during application, and store fertilizers in a dry, cool place away from children, animals, and food items.
Application Timing and Method: Apply the first top-dressing 20-25 days after transplanting when the crop is at active tillering stage. Ensure the field has standing water of 5-7 cm depth during application. Broadcast the fertilizer uniformly across the field and incorporate lightly if possible for better nutrient availability. For further guidance or clarification, farmers are advised to contact the nearest Krishi Vigyan Kendra (KVK) or local agricultural extension officer."
https://workdrive.zoho.in/file/2kue1793fe1cbcdc940bc8f021f1eea96070a,695b47ab28ae67127339daec,695b446528ae67127339da8e,Can I mix zinc sulphate with DAP?,"Zinc sulphate should NOT be mixed with DAP (Di-Ammonium Phosphate) for application in paddy cultivation. This is an important fertilizer compatibility issue that farmers must understand to ensure optimal nutrient availability and crop health.
 
The primary reason for avoiding this mixture is chemical incompatibility. When zinc sulphate is mixed with DAP, a chemical reaction occurs between the zinc ions and phosphate ions. This reaction forms insoluble zinc phosphate compounds that precipitate out, making both zinc and phosphorus less available to plants. This defeats the purpose of applying these nutrients and results in wastage of valuable fertilizers and reduced crop nutrition or  form zinc phosphate, which is insoluble in soil. This compound gets locked in the soil and is no longer available to the plant roots.
 
However, zinc sulphate can be safely mixed with Urea for application. Urea does not contain phosphate, so there is no adverse chemical reaction. This combination is commonly practiced and recommended for paddy cultivation, especially in zinc-deficient soils which are widespread across Uttar Pradesh and other parts of India.

Zinc becomes unavailable to the crop. Phosphorus efficiency also decreases. Leads to zinc deficiency symptoms like stunted growth, yellowing of young leaves, and reduced yield. Maintain gap of at least 10–15 days between applications if applied through soil.
 
For paddy cultivation in Uttar Pradesh, particularly in Mirzapur district, the recommended approach is:
 
Application Strategy: Apply DAP separately during basal application at the time of field preparation or transplanting. The typical dose is 50kg DAP/Acre, which provides phosphorus for initial root development. DAP should be incorporated into the soil 2-3 days before transplanting for best results.
 
Zinc Application: Zinc sulphate can be applied in two ways - Zinc Sulphate Monohydrate can be applied to the crops at the time of sowing and in the standing crops. The fertilizer can be applieddirectly to the soil at the time of sowing at the rate of 2-3 kg/acre and if needed, a similar dosage can be applied at the interval of 40-45days (25 to 30 days for grain crops) in standing crops. 

If using the leaf spray method for fertilizer application 2-3grams Zinc Sulphate Monohydrate + 2.5grams Lime or 10grams Urea per literwater should be mixed properly and should be sprayed directly over the leaves in the first or second week after the vegetative growth.

Timing Considerations: For basal application, apply DAP alone or with other compatible fertilizers like potash (MOP - Muriate of Potash). For top dressing (30-35 days after transplanting), apply a mixture of Urea and zinc sulphate when mixing zinc application with nitrogen.

Benefits:- Keeps the crops green. Improves zinc deficiency of crops. Enhances stem growth in plants. Increases the crop yield especially in oilseed crops. Essential for enzyme and plant protein formation
 
Soil Testing: Before applying any fertilizers, conduct a soil test through your nearest Krishi Vigyan Kendra to determine actual nutrient deficiencies and requirements. This ensures balanced fertilization and prevents nutrient antagonism.
 
Protective Gear (for chemical fertilizer handling): When handling and applying chemical fertilizers like DAP, Urea, and zinc sulphate, farmers should wear chemical-resistant gloves to protect skin, use a face mask to avoid inhaling dust particles, wear full protective clothing with long sleeves and pants, and ensure proper eye protection. After handling fertilizers, wash hands thoroughly before eating or drinking. Store fertilizers in a cool, dry place away from children, animals, and food items.
 
Safety Guidelines: Always follow recommended doses as excess application can lead to nutrient imbalances and soil degradation. Apply fertilizers during appropriate timing as per crop growth stage. Avoid fertilizer application during heavy rain or strong winds. Ensure uniform distribution for optimal crop response. Maintain proper records of fertilizer applications for future reference and planning.
 
For further guidance or clarification, farmers are advised to contact the nearest Krishi Vigyan Kendra (KVK) or local agricultural extension officer.	 	 	 	 	 	 	 	 	 	 	 	 	 	 	 	 	 	 	 	 	 	 	 	 	 "
https://workdrive.zoho.in/file/2kue1b0cccba916484475b0d76ad6776a0e3a,695b47ab28ae67127339daec,695b446528ae67127339da8e,Can I mix zinc sulphate with DAP?,"Zinc sulphate should NOT be mixed with DAP (Di-Ammonium Phosphate) for application in paddy cultivation. This is an important fertilizer compatibility issue that farmers must understand to ensure optimal nutrient availability and crop health.
 
The primary reason for avoiding this mixture is chemical incompatibility. When zinc sulphate is mixed with DAP, a chemical reaction occurs between the zinc ions and phosphate ions. This reaction forms insoluble zinc phosphate compounds that precipitate out, making both zinc and phosphorus less available to plants. This defeats the purpose of applying these nutrients and results in wastage of valuable fertilizers and reduced crop nutrition or  form zinc phosphate, which is insoluble in soil. This compound gets locked in the soil and is no longer available to the plant roots.
 
However, zinc sulphate can be safely mixed with Urea for application. Urea does not contain phosphate, so there is no adverse chemical reaction. This combination is commonly practiced and recommended for paddy cultivation, especially in zinc-deficient soils which are widespread across Uttar Pradesh and other parts of India.

Zinc becomes unavailable to the crop. Phosphorus efficiency also decreases. Leads to zinc deficiency symptoms like stunted growth, yellowing of young leaves, and reduced yield. Maintain gap of at least 10–15 days between applications if applied through soil.
 
For paddy cultivation in Uttar Pradesh, particularly in Mirzapur district, the recommended approach is:
 
Application Strategy: Apply DAP separately during basal application at the time of field preparation or transplanting. The typical dose is 50kg DAP/Acre, which provides phosphorus for initial root development. DAP should be incorporated into the soil 2-3 days before transplanting for best results.
 
Zinc Application: Zinc sulphate can be applied in two ways - Zinc Sulphate Monohydrate can be applied to the crops at the time of sowing and in the standing crops. The fertilizer can be applieddirectly to the soil at the time of sowing at the rate of 2-3 kg/acre and if needed, a similar dosage can be applied at the interval of 40-45days (25 to 30 days for grain crops) in standing crops. 

If using the leaf spray method for fertilizer application 2-3grams Zinc Sulphate Monohydrate + 2.5grams Lime or 10grams Urea per literwater should be mixed properly and should be sprayed directly over the leaves in the first or second week after the vegetative growth.

Timing Considerations: For basal application, apply DAP alone or with other compatible fertilizers like potash (MOP - Muriate of Potash). For top dressing (30-35 days after transplanting), apply a mixture of Urea and zinc sulphate when mixing zinc application with nitrogen.

Benefits:- Keeps the crops green. Improves zinc deficiency of crops. Enhances stem growth in plants. Increases the crop yield especially in oilseed crops. Essential for enzyme and plant protein formation
 
Soil Testing: Before applying any fertilizers, conduct a soil test through your nearest Krishi Vigyan Kendra to determine actual nutrient deficiencies and requirements. This ensures balanced fertilization and prevents nutrient antagonism.
 
Protective Gear (for chemical fertilizer handling): When handling and applying chemical fertilizers like DAP, Urea, and zinc sulphate, farmers should wear chemical-resistant gloves to protect skin, use a face mask to avoid inhaling dust particles, wear full protective clothing with long sleeves and pants, and ensure proper eye protection. After handling fertilizers, wash hands thoroughly before eating or drinking. Store fertilizers in a cool, dry place away from children, animals, and food items.
 
Safety Guidelines: Always follow recommended doses as excess application can lead to nutrient imbalances and soil degradation. Apply fertilizers during appropriate timing as per crop growth stage. Avoid fertilizer application during heavy rain or strong winds. Ensure uniform distribution for optimal crop response. Maintain proper records of fertilizer applications for future reference and planning.
 
For further guidance or clarification, farmers are advised to contact the nearest Krishi Vigyan Kendra (KVK) or local agricultural extension officer.	 	 	 	 	 	 	 	 	 	 	 	 	 	 	 	 	 	 	 	 	 	 	 	 	 "
https://workdrive.zoho.in/file/6jryn685fabd4a3cf485fa608592e12966a94,695b49d528ae67127339db14,695b446528ae67127339da85,Why no money received into Our accounts under Pradhan Mantri Kisan Samman Nidhi Scheme?,"The Pradhan Mantri Kisan Samman Nidhi (PM-KISAN) is a central government scheme that provides direct income support of Rs 6,000 per year to eligible farmer families in three equal installments of ‚Rs 2,000 each. If the money is not being credited to your bank account, there could be several reasons and corresponding solutions.

Common Reasons for Non-Payment:

 1. Incomplete or Incorrect Registration: Your registration details may be incomplete, or there might be errors in your Aadhaar number, bank account details, or land records. Even minor spelling mistakes in your name can cause payment failures.

 2. Aadhaar-Bank Account Linking Issues: Your Aadhaar must be linked with your bank account. If this linkage is missing or incorrect, payments will not be processed.

 3. Invalid or Inactive Bank Account: The bank account provided during registration must be active and operational. Accounts that have been dormant or closed will not receive payments.

 4. Land Record Discrepancies: Your land ownership details must match government records. Any mismatch or pending land disputes can lead to payment rejection.

 5. Ineligible Category: Certain categories of farmers are not eligible, including institutional landholders, government employees, income tax payers, or farmers with specific professional backgrounds.

 6. Pending Verification: Your application might be under verification at the district or state level, which can delay payment processing.

 Steps to Resolve the Issue:

 1. Check Application Status: Visit the PM-KISAN official website (pmkisan.gov.in) and check your beneficiary status using your Aadhaar number or mobile number registered during enrollment.

 2. Verify Bank Details: Ensure that your bank account number, IFSC code, and account holder name exactly match your Aadhaar card details.

 3. Update Information: If you find any errors, contact your local agriculture office, Block Development Officer (BDO), or the Lekhpal/Patwari to update your details in the PM-KISAN portal.

 4. eKYC Completion: Complete your eKYC (electronic Know Your Customer) through Aadhaar-based authentication. This is mandatory for receiving payments.

 5. Contact Local Authorities: For detailed assistance regarding your specific case in Bijnor district, Budhanpur Seohara block, contact:

  - Deputy Director of Agriculture at the district level

  - Seed Godown In-charge at the block level

  - Block Technology Manager (BTM)

  - Common Service Center (CSC) in your village

 6. Helpline Support: You can also call the PM-KISAN helpline at 155261 or 011-24300606 for assistance.

 Required Documents:

 Keep the following documents ready when visiting authorities: Aadhaar card, bank passbook, land ownership documents (Khatauni/Khasra), and any previous correspondence related to PM-KISAN.

 Important Note: Regular monitoring of your application status and maintaining updated records can prevent future payment issues. The scheme operates on a transparent online system, and most issues can be resolved by correcting registration details.

 For further guidance or clarification, farmers are advised to contact the nearest Krishi Vigyan Kendra (KVK) or local agricultural extension officer."
https://workdrive.zoho.in/file/6jrynf2186a0c8fad47fc8d13c92af5b5c161,695b49d528ae67127339db14,695b446528ae67127339da85,Why no money received into Our accounts under Pradhan Mantri Kisan Samman Nidhi Scheme?,"The Pradhan Mantri Kisan Samman Nidhi (PM-KISAN) is a central government scheme that provides direct income support of Rs 6,000 per year to eligible farmer families in three equal installments of ‚Rs 2,000 each. If the money is not being credited to your bank account, there could be several reasons and corresponding solutions.

Common Reasons for Non-Payment:

 1. Incomplete or Incorrect Registration: Your registration details may be incomplete, or there might be errors in your Aadhaar number, bank account details, or land records. Even minor spelling mistakes in your name can cause payment failures.

 2. Aadhaar-Bank Account Linking Issues: Your Aadhaar must be linked with your bank account. If this linkage is missing or incorrect, payments will not be processed.

 3. Invalid or Inactive Bank Account: The bank account provided during registration must be active and operational. Accounts that have been dormant or closed will not receive payments.

 4. Land Record Discrepancies: Your land ownership details must match government records. Any mismatch or pending land disputes can lead to payment rejection.

 5. Ineligible Category: Certain categories of farmers are not eligible, including institutional landholders, government employees, income tax payers, or farmers with specific professional backgrounds.

 6. Pending Verification: Your application might be under verification at the district or state level, which can delay payment processing.

 Steps to Resolve the Issue:

 1. Check Application Status: Visit the PM-KISAN official website (pmkisan.gov.in) and check your beneficiary status using your Aadhaar number or mobile number registered during enrollment.

 2. Verify Bank Details: Ensure that your bank account number, IFSC code, and account holder name exactly match your Aadhaar card details.

 3. Update Information: If you find any errors, contact your local agriculture office, Block Development Officer (BDO), or the Lekhpal/Patwari to update your details in the PM-KISAN portal.

 4. eKYC Completion: Complete your eKYC (electronic Know Your Customer) through Aadhaar-based authentication. This is mandatory for receiving payments.

 5. Contact Local Authorities: For detailed assistance regarding your specific case in Bijnor district, Budhanpur Seohara block, contact:

  - Deputy Director of Agriculture at the district level

  - Seed Godown In-charge at the block level

  - Block Technology Manager (BTM)

  - Common Service Center (CSC) in your village

 6. Helpline Support: You can also call the PM-KISAN helpline at 155261 or 011-24300606 for assistance.

 Required Documents:

 Keep the following documents ready when visiting authorities: Aadhaar card, bank passbook, land ownership documents (Khatauni/Khasra), and any previous correspondence related to PM-KISAN.

 Important Note: Regular monitoring of your application status and maintaining updated records can prevent future payment issues. The scheme operates on a transparent online system, and most issues can be resolved by correcting registration details.

 For further guidance or clarification, farmers are advised to contact the nearest Krishi Vigyan Kendra (KVK) or local agricultural extension officer."
https://workdrive.zoho.in/file/6jrync56f0f2375ed4400a3712c8487becbef,695b4b3428ae67127339db2b,695b446528ae67127339da81,Provide information for growing mat type / system of rice intensification (SRI) nursery ,"Mat type or System of Rice Intensification (SRI) nursery is an innovative method for raising healthy paddy seedlings that promotes better root development and easier transplanting. This method is particularly suitable for Uttar Pradesh conditions and offers several advantages over traditional nursery methods. The System of Rice Intensification (SRI) helps farmers achieve higher savings by reducing the cost of cultivation by about 23% and shortening the overall crop duration. It also results in nearly 40% savings in irrigation water while increasing land productivity by around 45%. In addition, nursery costs are considerably lower under the SRI technique, providing an added economic advantage to farmers.
 
Seed Treatment:
Healthy seeds of improved rice variety are soaked in water for12-24 hours. Soaked seeds are covered with moist gunny bags for 24-48 hours and regularly sprinkle water to facilitate sprouting. Nearest Krishi Vigyan Kendra or Agriculture Department or Kisan Sewa Kendra can be contacted for appropriate improved variety of rice suitable for the region.

Bed Construction:
Normal garden nursery is ideal for SRI. Under this method 5 kg seeds per ha are required. 100square meter nursery is needed for 5 kg seeds. Surface soil (0-15 cm deep) is well pulverised and mixed with well decomposed organic manure. 50kg compost/ farm yard manure or 25 kg vermicompost is needed for 100 square meter of nursery bed. Raised beds of about 6-12 inches are prepared as the roots of 8-12 days old seedlings would grow up to 3 inches. The beds should be 4 feet wide and of convenient length which can be adjusted. Depending upon the convenience, single bed or several smaller beds can be prepared for one acre of planting. The soil of the beds is mixed with sufficient amount of farmyard manure and irrigated. The seeds are sown either in 10 cm rows or through broadcasting. The seeds are covered with a mixture of fine soil and farmyard manure inequal proportions with height of 2 cm, watered and covered with a layer of rice husk for three days for protection. A water drainage channel is prepared around the nursery bed. Stability of the raised bed can be ensured through wooden planks, bamboos or other locally available materials.
 
Nursery Management:
For the first 4-5 days, spray water regularly to maintain adequate moisture without waterlogging. Remove the mulch cover once seedlings emerge. Importantly, do not apply any chemical fertilizers to the SRI nursery, as the organic matter from FYM provides sufficient nutrition. The organic layers ensure healthy root and shoot development without excessive vegetative growth.
 
Transplanting Guidelines:
Under the SRI method, use only 8-12 day old seedlings with 2-3 leaves. Carefully uproot seedlings using a khurpi (small hand tool), ensuring the seed coat and roots remain intact with soil attached. If using mat nursery, the entire mat can be lifted and transported to the transplanting field. Transplant single seedlings at 25 cm x 25 cm spacing at 2-3 cm depth using thumb and ring finger in a field without standing water. Plant at the intersection points of vertical and horizontal lines for proper spacing.
 
Important Precautions:
To prevent root drying, transplant seedlings within 30 minutes of removal from the nursery. Handle seedlings gently to maintain root-soil contact. Ensure adequate moisture in the main field before transplanting.
 
Safety Guidelines for Nursery Management:
When handling organic materials like FYM, wear gloves to prevent skin irritation and potential infections. Store seeds in a cool, dry place away from moisture and pests. Ensure proper ventilation when working in enclosed nursery areas. Keep the nursery area clean and free from weeds to prevent pest harboring.
 
For further guidance or clarification, farmers are advised to contact the nearest Krishi Vigyan Kendra (KVK) or local agricultural extension officer."
https://workdrive.zoho.in/file/6jryn437cb836bae8485b8529ce8cd07287fe,695b52ab28ae67127339db99,695b38a328ae67127339d98e,What is Super Seeder Machine?,"A Super Seeder is an advanced agricultural machine designed for conservation agriculture, particularly beneficial for farmers in Uttar Pradesh and other rice-wheat cropping zones. This innovative equipment enables direct seeding of wheat and other rabi crops without prior tillage operations, while simultaneously managing paddy straw residues effectively.

 The Super Seeder is a tractor-mounted machine that performs multiple operations in a single pass. It cuts and lifts the paddy stubble and straw from the field, drills the wheat seeds directly into the soil at the appropriate depth (typically 5-6 cm), and then spreads the cut straw evenly as mulch over the sown field. This eliminates the need for burning crop residues, which is both environmentally harmful and legally prohibited in many states.

 Key advantages of using a Super Seeder include significant savings in time, fuel, and labor costs. Farmers can save approximately 80-90% of the time required for conventional tillage operations. The machine helps retain soil moisture, improves soil health through organic matter addition, and reduces the overall cost of cultivation. The retained straw mulch suppresses weed growth, conserves moisture, and gradually decomposes to enrich soil organic carbon. Many super seeder models are equipped with fertilizer application attachments, allowing fertilizers to be applied simultaneously with sowing and ensuring early nutrient availability to crops. Combining sowing and fertilizer application reduces field operations, saving time, fuel, and labour. The super seeder efficiently manages crop residues by chopping and incorporating them into the soil, eliminating the need for residue burning. Incorporation of residues improves soil structure, increases organic matter, and enhances soil moisture retention. It assists in basic land preparation, such as soil leveling and incorporation of organic matter, without requiring additional equipment. The super seeder ensures uniform seed placement at proper depth and spacing, resulting in better germination and healthier crop growth. Precise sowing leads to efficient use of inputs and ultimately contributes to higher crop yield. For optimal results in Uttar Pradesh conditions, the Super Seeder should be operated when soil moisture is adequate, ideally within 7-10 days after paddy harvest.

 The Super Seeder is available through various agricultural implement dealers, custom hiring centers, and government subsidy schemes. Farmers can access this technology through Primary Agricultural Credit Societies (PACS) or agricultural cooperatives that provide machinery on a rental basis. Several state governments, including Uttar Pradesh, offer subsidies of 50-80% under the Sub-Mission on Agricultural Mechanization (SMAM) scheme for individual farmers or custom hiring centers.

 For further guidance or clarification, farmers are advised to contact the nearest Krishi Vigyan Kendra (KVK) or local agricultural extension officer."
https://workdrive.zoho.in/file/uakaf0e5a7ffbbeed4b34889e5b2091d26142,695b707c28ae67127339dcf7,695b446528ae67127339da9f,"provide information about Nano DAP, nano urea and humic acid can be mixed together and sprayed ?","Introduction:
Nano fertilizers like Nano DAP and Nano Urea represent advanced agricultural technology that delivers nutrients more efficiently to plants. When combined with humic acid, a natural soil conditioner, farmers can potentially enhance nutrient uptake and improve crop health. However, compatibility testing is essential before mixing these products for paddy cultivation.
 
Compatibility Testing (Mandatory Before Tank Mixing):
 Before mixing Nano DAP, Nano Urea, and Humic Acid for application on paddy crops, farmers must conduct a jar test. Take small quantities of each product in the same proportions as intended for field application and mix them in a clean container with water. Allow this mixture to stand for 15-20 minutes and observe. If there is no precipitation, separation of layers, colour change, or formation of lumps, the products are compatible and can be mixed together. If any adverse reaction occurs, these products should be applied separately with a gap of 3-5 days between applications.
 
Application Guidelines for Paddy:
For paddy crops in Uttar Pradesh, the recommended application timing is during critical growth stages: tillering stage (25-30 days after transplanting), panicle initiation stage (45-50 days), and flowering stage (65-70 days). Mix 4 ml of Nano DAP + 4 ml of Nano Urea + 2-3 ml of Humic Acid per liter of water. Apply this solution as a foliar spray during early morning or late evening hours when temperatures are moderate. Use approximately 200 liters of spray solution per acre, ensuring complete coverage of leaves on both upper and lower surfaces.
 
Benefits of Combined Application:
Nano DAP provides phosphorus in nanoparticle form, which is readily absorbed by plants and promotes root development and grain formation. Nano Urea supplies nitrogen efficiently with minimal losses, supporting vegetative growth and tillering. Humic Acid acts as a chelating agent, improving nutrient availability and uptake, enhancing soil microbial activity, and increasing the effectiveness of both nano fertilizers. This combination can reduce conventional fertilizer requirements by 25-30% while maintaining or improving yields.
 
Soil Testing and Organic Matter:
Before relying solely on nano fertilizers, conduct soil testing to determine existing nutrient levels. Continue incorporating organic manures like Farm Yard Manure (FYM) at 10-12 tonnes per hectare (4 to 4.8 ton per acre) or vermicompost at 5-6 tonnes per hectare (2 to 2.4 ton per acre) during land preparation. Green manuring with dhaincha or sesbania before paddy transplanting further enriches soil organic matter and provides balanced nutrition.
 
Micronutrient Management:
In case of micronutrient deficiencies common in paddy fields, particularly zinc deficiency, apply Zinc Sulphate at 25 kg per hectare (10 kg per acre) during puddling or as a foliar spray of 0.5% solution. Iron deficiency can be corrected with Ferrous Sulphate spray at 0.5% concentration.
 
Safety Guidelines for Handling Nano Fertilizers and Humic Acid:
While these products are generally safer than chemical pesticides, proper handling is important. Wear chemical-resistant gloves while preparing spray solutions. Use a face mask to avoid inhaling spray mist during application. Protective clothing, including long-sleeved shirts and full pants, should be worn. After application, wash your hands and exposed skin thoroughly with soap and water. Store nano fertilizers and humic acid in a cool, dry place away from direct sunlight, children, and food items. Do not eat, drink, or smoke during handling and application. Avoid spraying during windy conditions or before expected rainfall.
 
Environmental Safety:
Nano fertilizers have minimal environmental impact compared to conventional fertilizers as they reduce nutrient runoff and leaching. However, follow recommended doses strictly‚ over-application provides no additional benefits and wastes resources. Proper calibration of spraying equipment ensures uniform application and prevents wastage.
 
For further guidance or clarification, farmers are advised to contact the nearest Krishi Vigyan Kendra (KVK) or local agricultural extension officer."
https://workdrive.zoho.in/file/qyqoq261ba3daa7f948939374263d723beb79,695b7a3628ae67127339dd5c,695b672b28ae67127339dcc5,Tell me in 500 Km what are the prices of onion from Ajmer Rajasthan?,"Onion prices in and around Ajmer, Rajasthan — including markets within about 500 km — currently show moderate wholesale mandi rates, reflecting seasonal supply and demand conditions. In the Ajmer (F&V) market, wholesale onion prices typically range between ₹700 and ₹1,800 per quintal (₹7–₹18 per kg) depending on arrival, variety, and quality; on some days the minimum reported price was around ₹700/quintal while the maximum reached up to ₹1,800/quintal in recent observations. This wide range indicates fluctuating arrivals and quality differences in the local market. According to market reports, the average onion price in Ajmer district averages around ₹14 – ₹15 per kg (approximately ₹1,250–₹1,500 per quintal) in the wholesale mandi, with typical rates near ₹13/kg in many reports. Across Rajasthan, wholesale onion prices vary by mandi — for example, other mandi markets in the state have reported onion prices generally around ₹1,200–₹1,900 per quintal depending on the location and variety. These prices are at the wholesale/mandi level and may vary at the retail level in local urban centers due to transport, grading, and demand fluctuations. Farmers checking onion rates for Ajmer should consult the official Agmarknet/mandi price portals or credible local market information because prices can change daily with arrivals and seasonal trends."
https://workdrive.zoho.in/file/qyqoqafcd279a6b774913a84fa47729cbf49d,695b7a3628ae67127339dd5c,695b672b28ae67127339dcc5,Tell me in 500 Km what are the prices of onion from Ajmer Rajasthan?,"Onion prices in and around Ajmer, Rajasthan — including markets within about 500 km — currently show moderate wholesale mandi rates, reflecting seasonal supply and demand conditions. In the Ajmer (F&V) market, wholesale onion prices typically range between ₹700 and ₹1,800 per quintal (₹7–₹18 per kg) depending on arrival, variety, and quality; on some days the minimum reported price was around ₹700/quintal while the maximum reached up to ₹1,800/quintal in recent observations. This wide range indicates fluctuating arrivals and quality differences in the local market. According to market reports, the average onion price in Ajmer district averages around ₹14 – ₹15 per kg (approximately ₹1,250–₹1,500 per quintal) in the wholesale mandi, with typical rates near ₹13/kg in many reports. Across Rajasthan, wholesale onion prices vary by mandi — for example, other mandi markets in the state have reported onion prices generally around ₹1,200–₹1,900 per quintal depending on the location and variety. These prices are at the wholesale/mandi level and may vary at the retail level in local urban centers due to transport, grading, and demand fluctuations. Farmers checking onion rates for Ajmer should consult the official Agmarknet/mandi price portals or credible local market information because prices can change daily with arrivals and seasonal trends."
https://workdrive.zoho.in/file/qyqoq8230a854d5a84813afb94631cc116ae0,695b7a3628ae67127339dd5c,695b672b28ae67127339dcc5,Tell me in 500 Km what are the prices of onion from Ajmer Rajasthan?,"Onion prices in and around Ajmer, Rajasthan — including markets within about 500 km — currently show moderate wholesale mandi rates, reflecting seasonal supply and demand conditions. In the Ajmer (F&V) market, wholesale onion prices typically range between ₹700 and ₹1,800 per quintal (₹7–₹18 per kg) depending on arrival, variety, and quality; on some days the minimum reported price was around ₹700/quintal while the maximum reached up to ₹1,800/quintal in recent observations. This wide range indicates fluctuating arrivals and quality differences in the local market. According to market reports, the average onion price in Ajmer district averages around ₹14 – ₹15 per kg (approximately ₹1,250–₹1,500 per quintal) in the wholesale mandi, with typical rates near ₹13/kg in many reports. Across Rajasthan, wholesale onion prices vary by mandi — for example, other mandi markets in the state have reported onion prices generally around ₹1,200–₹1,900 per quintal depending on the location and variety. These prices are at the wholesale/mandi level and may vary at the retail level in local urban centers due to transport, grading, and demand fluctuations. Farmers checking onion rates for Ajmer should consult the official Agmarknet/mandi price portals or credible local market information because prices can change daily with arrivals and seasonal trends."
https://workdrive.zoho.in/file/qyqoq9eb382a482854b2685b88fbe5764de52,695b854028ae67127339ddda,695b5e3d28ae67127339dc61,ਮੈਨੂੰ ਆਰਗੈਨਿਕ ਫਾਰਮਿੰਗ ਬਾਰੇ ਦੱਸੋ ਮੈਂ ਨਵੀਆਂ ਖੇਤੀਬਾੜੀ ਵਿੱਚ ਤੇ ਮੈਂ ਉਹਦੀ ਜਾਣਕਾਰੀ ਲੈਣਾ ਚਾਹੁੰਦੀ ਹਾਂ,"Organic farming has been an integral part of agricultural practices in India since ancient times. It focuses on sustainable agriculture that supports environmental health and ensures the production of safe and nutritious food. The core of organic farming lies in the use of natural resources and ecological processes to enhance agricultural productivity without harming the ecosystem. It relies on organic inputs such as animal, crop, and aquatic wastes, biological materials, and beneficial microorganisms like biofertilizers and biocontrol agents. These inputs improve soil fertility, supply essential nutrients, and protect crops from pests and diseases, resulting in healthier and more productive farming systems.

Principles and Context of Organic Farming:
Organic farming avoids the use of synthetic fertilizers, pesticides, and GMOs, and depends on organic inputs and natural processes to maintain soil fertility and crop productivity. Practices such as crop rotation, use of local resources, and reduced dependence on non-renewable resources help maintain ecological balance and long-term soil health.

Agronomic Practices in Organic Farming:
Agronomic practices in organic farming emphasize efficient use of natural resources and traditional knowledge. Proper land preparation improves soil aeration and structure, while selection of healthy, locally adapted, and disease-resistant seeds ensures good crop establishment. Crop rotation and multiple cropping enhance soil fertility and reduce pest and disease incidence. Mulching conserves soil moisture and improves organic matter, and weed control is mainly carried out through mechanical and cultural methods. Proper post-harvest management, including drying, cleaning, and storage, helps maintain produce quality and minimize losses.

Nutrient Management in Organic Farming:
Nutrient management focuses on maintaining soil fertility through natural sources. Farmyard manure, compost, and vermicompost improve soil structure, microbial activity, and nutrient availability. Green manuring, especially with leguminous crops, enriches the soil with organic matter and nitrogen. Biofertilizers such as nitrogen-fixing and phosphate-solubilizing microorganisms enhance nutrient uptake, while crop rotation ensures balanced nutrient use and prevents soil degradation.

Weed Management in Organic Farming:
Weed management in organic farming is achieved through preventive, cultural, and mechanical practices. Timely sowing, proper crop spacing, and crop rotation reduce weed competition. Hand weeding, hoeing, and inter-cultivation are commonly used mechanical methods. Mulching and cover crops suppress weed growth while improving soil fertility, and biological approaches further support sustainable weed control.

Pest Management in Organic Farming:
Organic pest management relies on ecological balance and natural control methods. Pheromone traps and light traps are used for monitoring and reducing pest populations. Natural predators and parasitoids help control insect pests, while resistant varieties minimize crop damage. Biological control agents and botanical pesticides, such as neem-based products, are widely used as safe and eco-friendly alternatives to chemical pesticides.

Disease Management in Organic Farming:
Disease management emphasizes prevention rather than cure. Cultural practices like proper spacing, timely sowing, and balanced nutrition reduce disease incidence. Field sanitation and removal of infected plant residues prevent pathogen buildup. Use of disease-resistant varieties and crop rotation helps break disease cycles, while botanical preparations provide eco-friendly disease suppression.

Overall, organic farming improves soil organic matter, enhances water-holding capacity, reduces soil erosion, and supports biodiversity of plants, animals, and soil microorganisms. It strengthens natural biological cycles and ensures efficient use of water and nutrients, making agriculture more resilient and sustainable.

Schemes for Promoting Organic Farming
To promote organic farming in India, the government is implementing schemes such as Paramparagat Krishi Vikas Yojana (PKVY) and Mission Organic Value Chain Development for North Eastern Region (MOVCDNER).

If the farmer wants to learn about organic farming, he may approach Punjab Agricultural University or nearest KVK’s or ICAR institutes or Regional Centres of Organic Farming"
https://workdrive.zoho.in/file/f9h0v683e2523787a478bb1dfa7c80721dbc7,695c93c5b4938aec8001b449,695c8bdbb4938aec8001b395,Can there be a difference in cost and production in sowing paddy using the traditional method and drum seeder?,"Introduction:
The choice between traditional transplanting and drum seeder method for paddy cultivation significantly impacts both production costs and labor requirements. Understanding these differences helps farmers make informed decisions about the most economical and efficient sowing method for their circumstances, particularly in Uttar Pradesh and similar regions.
 
Comparative Analysis of Methods:
 
Traditional Transplanting Method:
In the conventional transplanting approach, nursery-raised seedlings (21-25 days old) are manually transplanted into puddled fields. This method requires intensive labor, with approximately 18-20 laborers needed to complete transplanting operations for one acre of paddy field. The process is time-consuming, typically taking 3-4 days to complete one acre. Labor costs constitute a major portion of establishment costs, often ranging from ₹ 6000-8000 per acre depending on local wage rates. However, this method allows for better plant population control and uniform spacing.
 
Drum Seeder Method:
The drum seeder is a labor-saving mechanical device that sows pre-germinated seeds directly in puddled fields. For one acre, only 3-4 workers are required, completing the operation in 3-4 days. This translates to labor equivalent of 3-4 man-days compared to 18-20 man-days in traditional transplanting. The cost savings are substantial, reducing labor expenses by approximately ₹ 4000-6000 per acre bringing establishment costs down to ₹ 1200-2000 per acre. The drum seeder ensures uniform seed placement at optimal depth (2-3 cm) and maintains proper row spacing (20 cm).
 
 Cost-Benefit Analysis:
 Labor cost savings: Drum seeder reduces labor costs by ₹ 4500-6000 per acre
 Time efficiency: Completes sowing 5-6 days faster than transplanting
 Seed rate: Drum seeder uses 8-10 kg/acre compared to 12-14 kg/acre in transplanting
 Water savings: Direct seeding reduces water requirement by 15-20%
 Yield potential: Both methods achieve comparable yields (18-22 quintals/acre) when properly managed
 
Production Considerations:
While drum seeder offers cost advantages, farmers should ensure proper land leveling, use of pre-germinated seeds, and timely weed management for optimal results. The initial investment in drum seeder (₹ 1000-1200 per acre) is recovered within 1-2 seasons through labor savings. This method is particularly beneficial in areas facing labor shortage or where timely establishment is critical.
 
Recommendations:
For small and marginal farmers, drum seeder adoption can significantly reduce production costs while maintaining yields. The method is most effective when combined with proper water management, recommended fertilizer application (48 kg N, 24 kg P‚ 16 kg K per acre in splits), and integrated weed management. Farmers should select appropriate varieties suitable for direct seeding, such as those with good seedling vigor and weed competitiveness.
 
For further guidance or clarification, farmers are advised to contact the nearest Krishi Vigyan Kendra (KVK) or local agricultural extension officer."
https://workdrive.zoho.in/file/wqwydf8426e5c05154087bbff99977d62b898,695ca3e6b4938aec8001b54a,695c9265b4938aec8001b428,Information about permission to sow Paddy,"No such permission is required for farmers to sow a crop of their choice. Farmers are not required to take permission from any department to sow paddy, nor does it attract any punishment or fine. Farmers are only given suggestions underscoring the urgent need for crop diversification, emphasizing a shift from water-intensive summer rice to less water-demanding crops such as maize, pulses, and oilseeds, based on the spatial extent of summer rice cultivation in the state and its contribution to groundwater withdrawal.

Why farmers are suggested to grow alternate crops:
- Summer paddy requires 120–150 cm of water, compared to 100–120 cm for Kharif paddy
- Groundwater recharge is minimal during the summer months
- Higher evapotranspiration rates increase water demand
- There is a risk of complete crop failure if water sources dry up mid-season

RECOMMENDED ALTERNATIVES:
- Instead of off-season paddy, farmers in Moradabad district are encouraged to consider:
- Water-efficient crops like wheat (Rabi season), which is the predominant crop
- Pulse crops such as chickpea, lentil, and field pea, which require less irrigation
- Oilseeds like mustard and sunflower, which are drought-tolerant options
- Vegetable cultivation such as potato, cauliflower, and cabbage, which offer higher returns with less water
- Fodder crops like berseem and oats, supporting dairy operations

If farmers desire to grow paddy only, they may adopt the following water-efficient methods:
- Direct-seeded rice (DSR) method instead of transplanting
- Alternate Wetting and Drying (AWD) irrigation technique
- Drip or sprinkler irrigation systems, where feasible
- Short-duration varieties (95–110 days), such as Pusa Basmati 1509
- Proper land leveling using laser levelers to reduce water wastage

For further guidance or clarification, farmers are advised to contact the nearest Krishi Vigyan Kendra (KVK) or local agricultural extension officer."
https://workdrive.zoho.in/file/6jrynaedf841494d4421b8dbbd39fc3aef8b2,695ca6f7b4938aec8001b5a1,695c9006b4938aec8001b3ff,How to use nano urea with decomposer to decompose paddy straw in the field?,"Decomposing paddy straw using nano urea with decomposer is an effective and eco-friendly practice that helps convert crop residue into valuable organic matter while enriching soil health. This method is particularly important for managing paddy straw after harvest and avoiding the harmful practice of stubble burning.
 
The combination of decomposer culture with nano urea accelerates the breakdown of paddy straw by providing both microbial activity and nitrogen nutrition. The decomposer contains beneficial microorganisms that break down complex organic compounds in the straw, while nano urea supplies readily available nitrogen that these microbes need for their metabolic activities and multiplication.
 
For effective decomposition of paddy straw, prepare a solution by mixing 20 grams of decomposer culture with 500 milliliters of nano urea in 200 liters of water per acre. This dilution rate ensures uniform distribution and optimal microbial activity across the field. The water should be clean and free from chlorine, as chlorinated water can inhibit microbial growth.
 
Application Method: After paddy harvest, chop or shred the straw into smaller pieces (2-4 inches) using a mulcher or chopper attachment. Smaller pieces decompose faster due to increased surface area for microbial action. Spread the chopped straw evenly across the field. Spray the prepared decomposer-nano urea solution uniformly over the spread straw using a knapsack sprayer or tractor-mounted sprayer. Ensure thorough coverage of all straw material.
 
Timing and Conditions: Apply the solution immediately after spreading the straw, preferably in the evening or early morning to avoid direct sunlight exposure. Adequate soil moisture (around 60-70% field capacity) is crucial for effective decomposition. If the field is dry, provide light irrigation after spraying to maintain moisture levels. The decomposition process typically takes 20-25 days under favorable conditions.
 
Benefits: This practice adds organic carbon to the soil, improves soil structure and water-holding capacity, recycles nutrients (especially potassium, silicon, and micronutrients present in straw), reduces the need for external fertilizers in subsequent crops, and eliminates air pollution caused by stubble burning. The decomposed material acts as natural mulch, suppressing weeds and conserving soil moisture.
 
Additional Recommendations: For faster decomposition, you may incorporate the treated straw into the soil through shallow plowing (4-6 inches depth) after 10-12 days of application. Avoid deep plowing as it buries the straw where oxygen availability is limited, slowing down aerobic decomposition. Monitor moisture levels throughout the decomposition period and provide light irrigation if needed.
 
Safety Guidelines: When handling nano urea and decomposer products, wear protective gloves to avoid skin contact. Store these products in a cool, dry place away from direct sunlight, children, and animals. Follow the recommended doses strictly and do not exceed application rates. Maintain proper hygiene by washing hands thoroughly after handling these products.
 
For further guidance or clarification, farmers are advised to contact the nearest Krishi Vigyan Kendra (KVK) or local agricultural extension officer.	 	 	 
"
https://workdrive.zoho.in/file/2kue1e38a46cf83564e1090c9402b5e27508c,695ca98cb4938aec8001b5b7,695c99cdb4938aec8001b4be,Information given about availability of black salt kiran paddy variety,"Kalanamak Kiran (PRDF 2-14-10) (IET 24753) is a non-basmati rice variety released in 2019, suitable for irrigated medium and rainfed lowland conditions of eastern Uttar Pradesh, with a duration of 140–150 days; it produces medium slender grains, has high zinc content (about 20 ppm), shows moderate resistance, and gives an average yield of about 15 quintals per acre under recommended management practice
 
Season and Duration: This variety is primarily cultivated during the Kharif season (June-July planting). 

Water Requirements: Kiran paddy requires a consistent water supply throughout its growing period, particularly during the tillering and flowering stages. Farmers should ensure proper water management with standing water of 5-7 cm during critical growth phases.
 
Recommended Varieties and Characteristics: The Kiran black salt paddy variety produces aromatic grains with distinctive black color and is highly valued in specialty markets. 

Special Traits: The variety is known for its aromatic grains, high anthocyanin content (beneficial antioxidants), and premium market price. The black color of the grain comes from natural pigments, making it highly nutritious and commercially valuable.
 
Disease and Pest Resistance: Kiran variety shows moderate resistance to common paddy diseases like blast and bacterial leaf blight. However, proper integrated pest management should be followed to control stem borers, leaf folders, and brown plant hoppers.
 
Seed Source and Availability: To obtain authentic seeds of the Kiran black salt paddy variety, farmers should contact:
 - Nearest Krishi Vigyan Kendra (KVK) in their district
 - Block-level Government Seed Godown (Rajkiya Beej Bhandar)
 - State Agriculture Department's certified seed outlets
 - State Seed Corporation offices
 - National Seeds Corporation (NSC) distribution centers
 
Farmers in Unnao district, Uttar Pradesh, can specifically contact the Krishi Vigyan Kendra at Mianganj block or visit the Block-level Government Seed Godown to inquire about seed availability, book orders for the upcoming Kharif season, and receive guidance on cultivation practices specific to their region.
 
For further guidance or clarification, farmers are advised to contact the nearest Krishi Vigyan Kendra (KVK) or local agricultural extension officer."
https://workdrive.zoho.in/file/j15l4f5786dd19ee244678e1d1c86d4136626,695cb4d8b4938aec8001b65a,695cadfeb4938aec8001b5fe,Is spraying gibberellic acid beneficial for growth of paddy seedlings in the nursery?,"Spraying Gibberellic Acid (GA₃) in the paddy nursery is not recommended for growth promotion. Approved recommendations clearly indicate that GA₃ should be used only after transplanting in the main field, not in the nursery stage. Application of GA₃ in nursery beds can cause excessive elongation of seedlings, making them weak and prone to lodging after transplanting. Therefore, for healthy and sturdy seedlings, GA₃ should be avoided in nurseries.
Gibberellic Acid is recommended in transplanted paddy crops to improve plant growth, yield, and grain quality when applied at the correct crop stage. The timing of application depends on the crop duration. In short-duration varieties, GA₃ should be applied at 20–25 days after transplanting (DAT). In medium-duration varieties, application is recommended at 30–35 DAT, while in long-duration varieties, it should be applied at 40–45 DAT. Application at these stages helps in better vegetative growth, panicle development, and yield improvement.
For foliar application, Gibberellic Acid 0.001% L (liquid formulation) is approved for paddy. The recommended dose is about 73 ml per acre, dissolved in approximately 180–200 litres of water per acre. This spray is meant to improve yield and quality of the crop produce and should be applied strictly at the recommended days after transplanting as per crop duration.
Another approved option is Gibberellic Acid 40% WSG (water-soluble granules). The recommended dose for paddy is about 8–10 grams per acre, mixed in around 200 litres of water per acre. This formulation is applied at 20–25 days after transplanting, and it is also approved for use at the panicle emergence stage to support better crop performance.
For soil application, Gibberellic Acid 0.1% GR (granular formulation) is approved for rice. It should be broadcast uniformly in the field at 15–20 days after transplanting. The recommended quantity is about 5–6 kg per acre. During application, farmers should use gloves or a mechanical dispenser. The pre-harvest interval (PHI) is 76 days, which must be followed to ensure crop safety.
While using GA₃, farmers should strictly follow the recommended dose and timing. Over-application or use at the wrong stage can harm the crop rather than benefit it. Spraying should be avoided during strong winds or before rainfall, and GA₃ should not be mixed with other chemicals unless specifically advised. Proper handling and safe storage of the product are essential.
GA₃ is beneficial for paddy growth only after transplanting, when applied at the approved stage and dose. It should not be used in the nursery, as it does not support healthy seedling development. Farmers are advised to follow these recommendations carefully for safe and effective results."
https://workdrive.zoho.in/file/sxt59b936e60b8f93420c85cc230caee4432b,695f6932324d4e642adc965e,695f569c324d4e642adc95fb,The paddy nursery plants have withered after applying herbicide. What should I do?,"Understanding Herbicide Damage in Paddy Nursery
 
Herbicide phytotoxicity in paddy nurseries is a serious concern that can significantly damage young seedlings. This occurs when herbicides are applied incorrectly, at the wrong doses, or when non-selective herbicides are used. The withering of nursery plants indicates severe stress or toxicity from the chemical application.
 
Symptoms of Herbicide Damage:
Affected paddy seedlings typically show yellowing or browning of leaves, wilting despite adequate moisture, stunted growth, leaf burn at tips and margins, twisted or malformed leaves, and, in severe cases, complete drying and death of plants. The symptoms usually appear within 2-7 days after herbicide application.
 
Severity Assessment:
If only tips are affected and plants show partial damage, recovery is possible with proper management. However, if entire plants have withered and turned brown, the damage may be irreversible, and re-sowing might be necessary.The severity depends on the herbicide type, dosage applied, and seedling age at the time of application.
 
Immediate Remedial Measures:
In case of suspected herbicide injury or chemical stress in the nursery, immediate corrective action is essential. Proper irrigation management should be followed by flooding the nursery bed with fresh water and draining it after 2–3 hours. This process should be repeated 2–3 times over the next two days to help leach out herbicide residues from the soil and reduce their absorption by the seedlings. Along with this, farmers are strongly advised to immediately consult the nearest Krishi Vigyan Kendra (KVK) for location-specific and crop-stage–appropriate remedial measures.

As a preventive practice, farmers are generally advised to adopt hand weeding in paddy nurseries as far as possible. The use of chemical herbicides at the young seedling stage is risky, as nursery seedlings are highly sensitive. Even pre-emergence herbicides, if misapplied or used under unfavorable conditions, can cause phytotoxic effects such as yellowing, stunted growth, or seedling mortality. Therefore, avoiding strong chemicals in the nursery stage and relying on manual weed control helps ensure healthy seedling establishment and reduces the risk of chemical injury.
 
Protective Measures for Recovery Treatments:
While applying recovery chemicals and fertilizers, farmers should wear chemical-resistant gloves, face masks to avoid inhalation, protective clothing with long sleeves and full pants, and ensure proper ventilation during preparation and application.

 Safety Guidelines:
 - Follow recommended doses strictly - never exceed application rates
 - Maintain proper water levels during herbicide application
 - Apply only in early morning or late evening
 - Keep herbicides away from children, animals, and food storage areas
 - Dispose of empty containers safely by puncturing and burying
 
Re-sowing Decision:
If more than 60-70% plants are severely damaged beyond recovery, it is advisable to prepare a fresh nursery bed. Use certified seeds, ensure proper bed preparation and avoid herbicide use in the new nursery or consult experts before application.
 
 If you would like more information or clarification, farmers are advised to contact the nearest Krishi Vigyan Kendra (KVK) or local agricultural extension officer."
https://workdrive.zoho.in/file/l4d772972773e5ec04238909202e96ec3c177,6960cc18720949226b85b742,69608158720949226b85b43d,How can I close or discontinue my PM-KISAN (Pradhan Mantri Kisan Samman Nidhi) benefits?,"The Pradhan Mantri Kisan Samman Nidhi (PM-KISAN) is a central government scheme that provides income support of Rs. 6,000/- per year to eligible farmer families across India. However, there may be situations where a beneficiary needs to discontinue or close their PM-KISAN benefits voluntarily or due to changed circumstances such as land transfer, employment in government service, or other reasons that make them ineligible.
 
Procedure for Closure of PM-KISAN Benefits :
 
To discontinue your PM-KISAN benefits in Uttar Pradesh, particularly in Kheri district, you need to follow a formal process. The beneficiary must visit the Office of the Deputy Director of Agriculture (Krishi Upadesak Karyalay) in their respective district with the required documentation. This is the authorized office that handles PM-KISAN related matters at the district level.
 
Required Documents :
 
 You should carry the following documents when visiting the agricultural office:
 1. Aadhaar Card (original and photocopy)
 2. Land ownership documents or Khasra/Khatauni
 3. Bank account details linked to PM-KISAN
 4. PM-KISAN registration number or acknowledgment receipt
 5. A written application stating reasons for closure
 6. Any other relevant documents proving change in eligibility status
 
Reasons for Voluntary Closure :
 
Farmers may need to close their PM-KISAN benefits if they:
 - Have sold or transferred their agricultural land
 - Have become government employees or pensioners
 - Are now paying income tax
 - Hold constitutional posts
 - Belong to any other ineligible category as per scheme guidelines
 
 Important Considerations :
 
It is crucial to complete this closure process formally to avoid any future complications or recovery notices. If you continue receiving benefits after becoming ineligible, the government has the right to recover the amount with interest. The Deputy Director of Agriculture office will verify your documents, process your request, and update the PM-KISAN portal accordingly. You should obtain an acknowledgment receipt of your closure application for your records.
 
 Alternative Contact Points :
 
 In addition to the district agricultural office, you can also :
 - Contact your local Common Service Centre (CSC) or Gram Panchayat office for initial guidance
 - Visit the PM-KISAN portal (pmkisan.gov.in) for online information
 - Call the PM-KISAN helpline at 155261 or 011-24300606 for assistance
 - Reach out to your Block Agricultural Officer for preliminary support
 - Apply through Voluntary Surrender of PM-KISAN benefits
 
REFERRAL :
 
For further guidance or clarification regarding PM-KISAN benefit closure or any other agricultural scheme matters, farmers are advised to contact the nearest Krishi Vigyan Kendra (KVK) in Kheri district or the local agricultural extension officer at the block level in Isanagar. They can provide detailed assistance and ensure your application is processed correctly through proper channels."
https://workdrive.zoho.in/file/s926266079c34a0c04821bc7708af780fbd8f,69621102720949226b85bc7a,6961f64f720949226b85bb93,What is the sowing time and maturity period of Pusa Basmati 1718 rice variety?,"Pusa Basmati 1718 is a premium aromatic rice variety developed by the Indian Agricultural Research Institute (IARI), New Delhi, specifically suited for the Indo-Gangetic Plains including Uttar Pradesh.
 
Sowing Time : The optimal sowing window for Pusa Basmati 1718 is from early June to early July. For transplanting, nursery sowing should be done 25-30 days before the intended transplanting date. Transplanting is ideally done between late June and mid-July when monsoon rains have established. Early sowing helps the crop utilize monsoon rains effectively and complete its growth cycle before winter sets in.
  
Maturity Duration : This variety has a crop duration of approximately 140-145 days after sowing. Harvesting typically occurs in late September to early October, depending on the exact transplanting date.

Expected Yield: Under good management practices, Pusa Basmati 1718 produces an average yield of 16-18 quintals per acre, with proper care, including timely irrigation, balanced fertilization and pest management.
 
Disease and Pest Resistance: This variety shows moderate resistance to bacterial leaf blight and better tolerance to neck blast compared to traditional basmati varieties. However, regular monitoring for stem borers, leaf folders and brown plant hoppers is essential.
 
Seed Source: Certified seeds of Pusa Basmati 1718 can be obtained from IARI Regional Stations, State Agriculture Departments, National Seeds Corporation (NSC), State Seeds Corporations, and authorized private seed companies. Always purchase certified seeds with proper tagging to ensure genetic purity and good germination.
 
For further guidance or clarification, farmers are advised to contact the nearest Krishi Vigyan Kendra (KVK) or local agricultural extension officer."
https://workdrive.zoho.in/file/mwsxe0f68497812ba4b7aadb74f9257d63e38,69623bd2720949226b85be85,6961d984720949226b85ba0b,When is the appropriate time to sow the nursery for Sampurna paddy variety?," For medium-duration varieties like Sampurna (which matures in approximately 130–140 days), the ideal nursery sowing window is between May 15 and May 30.
 If you would like more information or clarification, farmers are advised to contact the nearest Krishi Vigyan Kendra (KVK) or local agricultural extension officer."
https://workdrive.zoho.in/file/dj9iac83e6d054d7943b783013a9807a4dcb9,6966128e774b35f1baeefd78,6965e8fd774b35f1baeefbdb,Is rice mixed with Aluminium phosphide safe for consumption?,"Aluminium phosphide is a highly toxic fumigant pesticide commonly used for stored grain protection against pests like weevils, beetles and rodents in warehouses and storage facilities. However, it is extremely dangerous and NOT SAFE for human or animal consumption under any circumstances. Commercially, it is available as dark grey tablets of 3.0 g each, consisting of AlP (56%) and carbamate (44%), in the names of Celphos, Alphos, Quickphos, Phosfume, Phostoxin, Talunex, Degesch, Synfume, Chemfume, Phostek or Delicia.
 
Toxicity and Health Risks :
Aluminium phosphide releases phosphine gas when exposed to moisture, which is a highly toxic substance. Even minimal exposure can cause severe poisoning, leading to symptoms such as nausea, vomiting, abdominal pain, respiratory distress, cardiac arrest and potentially death. There is no safe level of consumption for grains contaminated with aluminium phosphide residues.
 
What to Do with Contaminated Rice: 
If rice has been accidentally mixed with aluminium phosphide tablets or exposed to the fumigant, it must NEVER be consumed by humans or fed to animals. The contaminated grain should be handled with extreme caution and disposed of safely. The recommended method is to bury the contaminated rice deep in the ground (at least 3-4 feet deep) in a location away from water sources, residential areas, and places accessible to humans and animals. Mark the burial site clearly to prevent accidental digging.
 
Proper Storage Pest Management :
For safe grain storage and pest control, farmers should follow these recommended practices:
 
 1. Preventive Measures : Clean storage structures thoroughly before storing new grain. Dry paddy to 12-14% moisture content before storage. Use proper storage containers or bins that prevent pest entry.
 
 2. Safe Alternatives : Use food-grade diatomaceous earth, neem leaf powder, or dried neem leaves mixed with stored grains as safer alternatives for pest control.
 
 3. Professional Application : If fumigation with aluminium phosphide is necessary, it should only be conducted by trained, licensed professionals who follow strict safety protocols and observe the mandatory waiting period before the grain can be used.
 
PROTECTIVE GEAR (For Professional Fumigation Only) :
Only trained professionals should handle aluminium phosphide, wearing:
 - Chemical-resistant gloves
 - Full-face respirator with appropriate cartridges
 - Protective clothing (full body coverage)
 - Eye protection (goggles or face shield)
 - Safe handling procedures with proper sealing and aeration
 
SAFETY DISCLAIMER :
Aluminium phosphide is classified as a restricted-use pesticide and should only be applied by certified applicators. Never attempt to use this chemical without proper training and authorization. The Pre-Harvest Interval (PHI) and aeration period must be strictly observed (typically 5-7 days of aeration after fumigation). Always follow label instructions, maintain emergency contact numbers, and ensure proper disposal of containers and contaminated materials.
 
Emergency Response :
If accidental exposure or consumption occurs, seek immediate medical attention. Contact the nearest poison control center or emergency services without delay.
 
For further guidance or clarification, farmers are advised to contact the nearest Krishi Vigyan Kendra (KVK) or local agricultural extension officer."
https://workdrive.zoho.in/file/6ldvibf9dcd34cc36489b96af3fd447ef1655,6969d658774b35f1baef0778,6969c4fa774b35f1baef068b,How can I reclaim lime soil for paddy cultivation?,"Lime soil, often referring to sodic or alkaline soils high in sodium carbonates, requires reclamation to make it suitable for paddy cultivation by replacing excess sodium with calcium and improving soil structure. First, conduct a soil test to determine the gypsum requirement (GR) based on the exchangeable sodium percentage (ESP).  Plough the soil at optimum moisture, apply gypsum at 50% of GR uniformly, then impound water for leaching soluble salts and provide drainage channels. For paddy, apply green manure or FYM at 2 tons/acre 10-15 days before transplanting to aid reclamation and nutrient supply. Doses per acre: Gypsum at 50% GR @ 2.5 t/acre, FYM 2 tons/acre, green manure 2 t/acre. 
 
Protective Gear and Safety Guidelines: When handling chemical fertilizers and amendments like gypsum, wear chemical-resistant gloves, protective clothing with long sleeves and full pants, and a face mask to avoid dust inhalation. Store all fertilizers in a cool, dry place away from children, animals, and food items. Follow recommended doses strictly and avoid over-application, which can lead to nutrient imbalances and environmental contamination. Wash your hands thoroughly after handling fertilizers, and do not eat, drink, or smoke during application. Ensure proper ventilation when storing large quantities of fertilizers.
 
Additional Recommendations: Maintain standing water of 5-7 cm depth in paddy fields, as continuous submergence helps in reducing soil pH and improving nutrient availability. Practice crop rotation with legumes or vegetables in the following season to further improve soil health.
 
For further guidance or clarification, farmers are advised to contact the nearest Krishi Vigyan Kendra (KVK) or local agricultural extension officer."
https://workdrive.zoho.in/file/x3dyz1348e607ab89416bb7552818ef3a81f0,696f0e6781d6147851ccd870,696db41d774b35f1baef1718,Can Spectra be mixed with fertilizers for paddy cultivation?,"As per the TNAU POP, there is no recommendation or direction to mix Spectra and fertilizers.

To know is it compatible or not conduct a small jar test before large-scale spraying to check for any physical incompatibility, as formulation and water quality can influence mixing behavior. 

Compatibility and Mixing:
To do this, take a clean, transparent jar and fill it halfway with the water that will be used for spraying. Add the Chemicals and fertilizers one by one in the same order and proportion intended for tank mixing, close the jar, and shake it well. Keep the jar undisturbed for 15–30 minutes. If there is no separation, precipitation, curdling, heat, or gas formation, the mixture is safe to use; if any of these reactions occur, the chemicals should not be mixed. If these two products are compatible, they can be safely tank-mixed and applied together. This combination helps farmers to improve crop yield, support in biotic and abiotic stress in a single application, thereby saving time, labor, and water.

As per (samrth agro products) Spectra is a Broad-Spectrum Nutrition which Delivers a wide range of essential micro and bio-nutrients.
Stimulates Root & Shoot Growth – Promotes faster and stronger plant development.
Enhances Chlorophyll & Photosynthesis – Encourages greener, healthier leaves and better energy use.
Improves Flowering & Fruiting – Reduces flower and fruit drop, boosts quality and uniformity.
Builds Resistance Against Stress – Helps plants fight drought, salinity, heat, and pest-related stress.

Spectra works by:
Activating metabolic and enzymatic processes
Enhancing nutrient absorption and mobility.
Regulating hormonal balance in plants.
Supporting faster recovery after biotic and abiotic stress.

Application & Dosage:
Foliar Spray: 2–2.5 ml per liter of water
Drip Irrigation: 500–1000 ml per acre
Usage Timing: At vegetative growth, pre-flowering, flowering, and fruit development stages"
https://workdrive.zoho.in/file/nz3wh7acc895bd1474a69b558dda4116ff86f,69368a7636c38b7c36d5f0d3,6936586d36c38b7c36d5f038,What is the contact number of Krishi Vigyan Kendra in Raisen?,"The official contact information for Krishi Vigyan Kendra (KVK) Raisen, Madhya Pradesh is Village: Naktara. Post: Baramad Banakhedi NH-86 Extension, Raisen–Sagar Road District: Raisen – 464551, Madhya Pradesh. Phone (Office): +91-7482-264791. E-mail (KVK): kvkraisen@gmail.com. Phone (Nodal Officer – Dr Mukul Kumar): +91-98261 69890 / +91-79067 06919. E-mail (ACABC at KVK Raisen): kvkraisenacabc@gmail.com. "
https://workdrive.zoho.in/file/nz3wh135b0e0eb38b4e768716af28af5578a5,69368a7636c38b7c36d5f0d3,6936586d36c38b7c36d5f038,What is the contact number of Krishi Vigyan Kendra in Raisen?,"The official contact information for Krishi Vigyan Kendra (KVK) Raisen, Madhya Pradesh is Village: Naktara. Post: Baramad Banakhedi NH-86 Extension, Raisen–Sagar Road District: Raisen – 464551, Madhya Pradesh. Phone (Office): +91-7482-264791. E-mail (KVK): kvkraisen@gmail.com. Phone (Nodal Officer – Dr Mukul Kumar): +91-98261 69890 / +91-79067 06919. E-mail (ACABC at KVK Raisen): kvkraisenacabc@gmail.com. "
https://workdrive.zoho.in/file/mjszocd62090b5fb24480b0f29e789a6f509f,6937c8535dcbf874d2f16d8d,6932597511d833f176e323d6,Farmer wants to know about the shortage of gunny bags in the cooperative society,"In Madhya Pradesh, farmers have recently faced problems due to a shortage of gunny bags (bardana) in many cooperative societies and procurement centres. Investigations and news reports have shown that in several societies, gunny bags meant for farmers were either mismanaged or illegally sold, leading to reduced availability during procurement. Because of this, some procurement centres could not supply enough bags on time, creating delays for farmers in selling their produce. The state government has acknowledged that procurement operations were affected due to an inadequate supply of bags, although it claims steps are being taken to ensure availability. Farmers are advised to check bag availability at their cooperative society before bringing produce and to immediately report shortages to local officials so the supply can be arranged."
https://workdrive.zoho.in/file/mjszo91ae31a1b27846e7b926119e4e90ac71,6937df525dcbf874d2f16dc9,69314d423fc0a75a60d7941b,The farmer wants to know whether there could be any reduction in the yield due lodging of wheat crop?,"Lodging in wheat definitely reduces yield, and the loss can be serious depending on the stage and severity. When the crop bends or falls due to wind, rain, weak stems, excess nitrogen, or tall varieties, the plants receive less sunlight, photosynthesis drops, grains do not fill properly, and harvesting becomes difficult. Studies show that in India, lodging can reduce wheat yield by 12–66%, and in severe cases—when the crop falls flat during flowering or early grain filling—the loss can reach up to 80%. Lodging also increases disease risk and reduces grain quality. Therefore, yes, lodging leads to a clear reduction in wheat yield, especially when it occurs early in the grain-filling stage."
https://workdrive.zoho.in/file/mjszo0e2b0101a0a94a15b030e2fb218d6ea4,6937e6705dcbf874d2f16ddf,6936bd6a36c38b7c36d5f21e,Information regarding Wheat nutrient management,"Manures and fertilizers are both very important for good wheat production. Application of 4–6 tonnes of FYM or compost per acre improves soil structure, water-holding capacity, and nutrient availability. FYM should be applied 4–6 weeks before sowing and mixed well into the soil. A wheat crop giving about 50 quintals per hectare (around 20 q/acre) takes a large amount of nutrients from the soil, so applying fertilizers in a balanced way based on soil test results is very important for maintaining soil fertility and good yield. For irrigated, timely sown wheat, the recommended dose is 60:24:16 kg NPK per acre. At sowing, apply 20 kg nitrogen (1/3 N) per acre (44 kg urea) along with 24 kg phosphorus (150 kg SSP) and 16 kg potash (27 kg MOP) per acre. The remaining 40 kg of nitrogen (87 kg urea) should be applied in two equal splits at the first and second irrigation. For irrigated, late-sown wheat, the recommended dose is 48:24:16 kg NPK per acre. At sowing, apply 16 kg nitrogen/acre (1/3 N) (35 kg urea) along with 24 kg phosphorus/acre (150 kg SSP) and 16 kg potash/acre (27 kg MOP). Apply the remaining 32 kg nitrogen/acre (70 kg urea) in two equal splits at the first and second irrigation. For rainfed wheat, the recommended dose is 24:12:8 kg NPK per acre. Apply the full dose at sowing: 24 kg nitrogen/acre (52 kg urea), 12 kg phosphorus/acre (75 kg SSP), and 8 kg potash/acre (13 kg MOP). In light soils, especially under the rice–wheat system, deficiencies of zinc, manganese, and sulphur are common. For zinc deficiency, apply zinc sulphate @ 25 kg/ha (about 10 kg/acre) once at sowing in a year. In severe deficiency, spray 0.5% zinc sulphate solution (5 g per litre water) 1 kg zinc sulphate+0.5 g unsalked lime mixed with 200 litres of water and apply 2–3 times at 15-day intervals. For manganese deficiency, spray 0.5% manganese sulphate solution (5 g per litre water) 2–3 times at weekly intervals, starting 2–4 days before first irrigation. For sulphur deficiency, apply gypsum @ 250 kg/ha (about 100 kg/acre) during land preparation. Follow soil test–based nutrient management, use the right fertilizer dose at the right time, and apply nitrogen in splits to improve yield, reduce losses, and maintain long-term soil fertility."
https://workdrive.zoho.in/file/mjszofb3e85baf49a4e0db6c3a94f7154065c,6937e6705dcbf874d2f16ddf,6936bd6a36c38b7c36d5f21e,Information regarding Wheat nutrient management,"Manures and fertilizers are both very important for good wheat production. Application of 4–6 tonnes of FYM or compost per acre improves soil structure, water-holding capacity, and nutrient availability. FYM should be applied 4–6 weeks before sowing and mixed well into the soil. A wheat crop giving about 50 quintals per hectare (around 20 q/acre) takes a large amount of nutrients from the soil, so applying fertilizers in a balanced way based on soil test results is very important for maintaining soil fertility and good yield. For irrigated, timely sown wheat, the recommended dose is 60:24:16 kg NPK per acre. At sowing, apply 20 kg nitrogen (1/3 N) per acre (44 kg urea) along with 24 kg phosphorus (150 kg SSP) and 16 kg potash (27 kg MOP) per acre. The remaining 40 kg of nitrogen (87 kg urea) should be applied in two equal splits at the first and second irrigation. For irrigated, late-sown wheat, the recommended dose is 48:24:16 kg NPK per acre. At sowing, apply 16 kg nitrogen/acre (1/3 N) (35 kg urea) along with 24 kg phosphorus/acre (150 kg SSP) and 16 kg potash/acre (27 kg MOP). Apply the remaining 32 kg nitrogen/acre (70 kg urea) in two equal splits at the first and second irrigation. For rainfed wheat, the recommended dose is 24:12:8 kg NPK per acre. Apply the full dose at sowing: 24 kg nitrogen/acre (52 kg urea), 12 kg phosphorus/acre (75 kg SSP), and 8 kg potash/acre (13 kg MOP). In light soils, especially under the rice–wheat system, deficiencies of zinc, manganese, and sulphur are common. For zinc deficiency, apply zinc sulphate @ 25 kg/ha (about 10 kg/acre) once at sowing in a year. In severe deficiency, spray 0.5% zinc sulphate solution (5 g per litre water) 1 kg zinc sulphate+0.5 g unsalked lime mixed with 200 litres of water and apply 2–3 times at 15-day intervals. For manganese deficiency, spray 0.5% manganese sulphate solution (5 g per litre water) 2–3 times at weekly intervals, starting 2–4 days before first irrigation. For sulphur deficiency, apply gypsum @ 250 kg/ha (about 100 kg/acre) during land preparation. Follow soil test–based nutrient management, use the right fertilizer dose at the right time, and apply nitrogen in splits to improve yield, reduce losses, and maintain long-term soil fertility."
https://workdrive.zoho.in/file/nz3wh7af5574693744d25af4192c0959939cb,693943975dcbf874d2f16fe6,6933d88446647cf1ec9997f9,Farmer needs information regarding Micro-Nutrient management (Chelate Zinc EDTA 12%) in wheat crop,"Chelated Zinc EDTA 12% is a highly water-soluble powder fertilizer that dissolves quickly and completely in water and is easily absorbed by wheat plants through foliage. It is used to prevent and correct zinc deficiency, which is a common micronutrient problem in wheat-growing areas. Due to its chelated form, zinc remains available to the plant and is not lost through unwanted chemical reactions. Zinc plays a very important role in wheat growth and development. It is essential for the formation of plant proteins and auxins (growth hormones). Zinc also helps in chlorophyll and carbohydrate formation, which keeps leaves green and improves photosynthesis. Adequate zinc supply improves seed germination, plant vigour, and overall crop health, leading to better growth and yield quality. Being in chelated form, zinc remains readily available to plants, moves easily within the plant system, works quickly even in high-pH soils, and is not easily fixed in the soil like zinc sulfate. It can be applied by soil application by mixing 500 g of product with 10 kg of soil and spreading uniformly per acre, by foliar spray by dissolving 100 g in 150–200 liters of water per acre (or 0.5–1.0 g per liter of water) and spraying in early morning or evening for better absorption, or through fertigation at 500 g per acre, which can be mixed with water-soluble fertilizer. Regular and correct use of Zinc EDTA 12% ensures quick correction of zinc deficiency and healthy crop growth."
https://workdrive.zoho.in/file/9hgrqc6902edc1e464e8b86e2837f7aef8e34,693a84af89fe351d52c5f389,693a535a89fe351d52c5f31e,Information regarding growth regulators used in Mustard crop at the time of flowering stage,"As per PAU recommendations, no commercial growth regulator spray is advised in mustard at the flowering stage to increase yield. Farmers should not use tonics or boosters for this purpose. Although research trials have tested regulators such as GA₃ or Ethephon, these are not recommended for general cultivation. Proper sowing time, balanced fertilization, and timely irrigation remain the best practices for obtaining good yield in mustard."
https://workdrive.zoho.in/file/9hgrq91eed3c8b4514435ac4a9e9bc572916f,693a84af89fe351d52c5f389,693a535a89fe351d52c5f31e,Information regarding growth regulators used in Mustard crop at the time of flowering stage,"As per PAU recommendations, no commercial growth regulator spray is advised in mustard at the flowering stage to increase yield. Farmers should not use tonics or boosters for this purpose. Although research trials have tested regulators such as GA₃ or Ethephon, these are not recommended for general cultivation. Proper sowing time, balanced fertilization, and timely irrigation remain the best practices for obtaining good yield in mustard."
https://workdrive.zoho.in/file/9hgrqe7e8a308c6df4feb92d3dde88d3f22c6,693a950089fe351d52c5f3e2,693a535a89fe351d52c5f327,information regarding yellowing of mustard in heavy soils after irrigation,"In heavy clay soils, mustard plants often turn yellow after irrigation because these soils hold water for a long time and drain very slowly. When excess water collects around the roots, the soil pores fill with water instead of air, and the roots do not get enough oxygen. This condition is called temporary waterlogging, and it creates an anaerobic (airless) root zone. Under this stress, the roots cannot breathe properly, their normal respiration stops, and they shift to a weak anaerobic process that produces harmful toxins. This weakens the root system and reduces new root hair formation. As a result of this oxygen shortage, the roots cannot absorb nutrients and water even though the soil may contain them. Important nutrients like nitrogen, sulphur, iron, and manganese become unavailable, causing nutrient lockup. This leads to chlorosis, where leaves lose their green colour and start yellowing—first in the lower leaves and then spreading across the plant. The crop may appear stunted, pale, and weak within 3–7 days after irrigation. This yellowing is mainly due to physiological stress, not a disease or pest issue. The problem is common in mustard grown on clay soils in Punjab, especially after the first irrigation at 20–40 days. Slow drainage, poor field levelling, and over-irrigation worsen the stress. You should avoid giving heavy irrigation to mustard on clay soils and instead provide light, controlled watering. Proper field levelling, small surface drains, and removal of excess water help roots recover quickly. Once the soil begins to dry, the crop responds well to a light top-dressing of urea to supply nitrogen and gypsum to improve sulphur availability in the root zone. These steps help restore root activity and bring back greenness in the plants."
https://workdrive.zoho.in/file/9hgrq5d1c90e447c041e29076f371e4347035,693a950089fe351d52c5f3e2,693a535a89fe351d52c5f327,information regarding yellowing of mustard in heavy soils after irrigation,"In heavy clay soils, mustard plants often turn yellow after irrigation because these soils hold water for a long time and drain very slowly. When excess water collects around the roots, the soil pores fill with water instead of air, and the roots do not get enough oxygen. This condition is called temporary waterlogging, and it creates an anaerobic (airless) root zone. Under this stress, the roots cannot breathe properly, their normal respiration stops, and they shift to a weak anaerobic process that produces harmful toxins. This weakens the root system and reduces new root hair formation. As a result of this oxygen shortage, the roots cannot absorb nutrients and water even though the soil may contain them. Important nutrients like nitrogen, sulphur, iron, and manganese become unavailable, causing nutrient lockup. This leads to chlorosis, where leaves lose their green colour and start yellowing—first in the lower leaves and then spreading across the plant. The crop may appear stunted, pale, and weak within 3–7 days after irrigation. This yellowing is mainly due to physiological stress, not a disease or pest issue. The problem is common in mustard grown on clay soils in Punjab, especially after the first irrigation at 20–40 days. Slow drainage, poor field levelling, and over-irrigation worsen the stress. You should avoid giving heavy irrigation to mustard on clay soils and instead provide light, controlled watering. Proper field levelling, small surface drains, and removal of excess water help roots recover quickly. Once the soil begins to dry, the crop responds well to a light top-dressing of urea to supply nitrogen and gypsum to improve sulphur availability in the root zone. These steps help restore root activity and bring back greenness in the plants."
https://workdrive.zoho.in/file/9hgrq3cd91fe443f94d8e87560c59eefe7169,693a950089fe351d52c5f3e2,693a535a89fe351d52c5f327,information regarding yellowing of mustard in heavy soils after irrigation,"In heavy clay soils, mustard plants often turn yellow after irrigation because these soils hold water for a long time and drain very slowly. When excess water collects around the roots, the soil pores fill with water instead of air, and the roots do not get enough oxygen. This condition is called temporary waterlogging, and it creates an anaerobic (airless) root zone. Under this stress, the roots cannot breathe properly, their normal respiration stops, and they shift to a weak anaerobic process that produces harmful toxins. This weakens the root system and reduces new root hair formation. As a result of this oxygen shortage, the roots cannot absorb nutrients and water even though the soil may contain them. Important nutrients like nitrogen, sulphur, iron, and manganese become unavailable, causing nutrient lockup. This leads to chlorosis, where leaves lose their green colour and start yellowing—first in the lower leaves and then spreading across the plant. The crop may appear stunted, pale, and weak within 3–7 days after irrigation. This yellowing is mainly due to physiological stress, not a disease or pest issue. The problem is common in mustard grown on clay soils in Punjab, especially after the first irrigation at 20–40 days. Slow drainage, poor field levelling, and over-irrigation worsen the stress. You should avoid giving heavy irrigation to mustard on clay soils and instead provide light, controlled watering. Proper field levelling, small surface drains, and removal of excess water help roots recover quickly. Once the soil begins to dry, the crop responds well to a light top-dressing of urea to supply nitrogen and gypsum to improve sulphur availability in the root zone. These steps help restore root activity and bring back greenness in the plants."
https://workdrive.zoho.in/file/nz3wh6d4855e4a275444295549dae1e784ec2,693ab4f389fe351d52c5f51e,693aadb989fe351d52c5f4b7,Farmer wants to know information about Soil testing laboratory,"Soil testing labs measure important factors such as soil pH, electrical conductivity, organic carbon levels, and the availability of major nutrients like nitrogen, phosphorus, and potassium, along with micronutrients such as zinc, iron, and boron. Soil testing plays a vital role in guiding farmers to use fertilizers wisely, cut unnecessary input costs, boost crop yields, and detect problems like soil acidity, salinity, or nutrient imbalance before planting. To get your soil tested, you should collect about 500 grams of soil from different spots in your field, mix it well, and pack it in a clean packet. Along with the sample, write your name, village, mobile number, crop name, Aadhaar number, and field acreage on plain paper and attach it. You can submit this sample yourself or through your Rural Agricultural Extension Officer. Under the government’s Soil Health Card scheme, soil testing is free, and you usually receive your Soil Health Card within 10–15 days. This card explains the soil test results clearly and gives crop-wise fertilizer recommendations, which help you apply the right nutrients at the right time. In Madhya Pradesh, individuals can easily get their soil tested through Government Soil Testing Laboratories, District Agriculture Offices, and Krishi Vigyan Kendras (KVKs). Every district agriculture office collects soil samples and sends them to the nearest government lab. The Agriculture Department also operates Soil Testing Laboratories in major districts like Bhopal, where farmers can submit samples directly or through their block agriculture office. KVKs across MP also accept soil samples and help farmers understand their Soil Health Cards. For more details or assistance, farmers can visit the official MP Agriculture Department website: https://mpkrishi.mp.gov.in/hindisite_New/mitti_prikshan.aspx. "
https://workdrive.zoho.in/file/jzztxce48fffe363d42f4baafc787da4c2bdc,693bf1741f1d4023652f6d3c,693a940e89fe351d52c5f3e0,Information regarding growth regulator used to improving pod filling in gram and seed quality in mustard,"According to a study conducted at Junagadh Agriculture State University, certain plant growth regulators can significantly improve pod filling in gram (chickpea). Foliar sprays of Gibberellic Acid (GA₃) at low concentrations (10–50 ppm) during the flowering stage enhance nutrient movement to developing pods, which increases pod filling and seed weight. Similarly, NAA (Naphthalene Acetic Acid) at 20–40 ppm reduces flower and pod drop, helping in better pod set. Research also shows that salicylic acid (50–100 ppm) and low doses of cytokinins improve photosynthesis, stress tolerance, and seed development during reproductive stages. Together, these growth regulators promote better pod retention, stronger reproductive growth, and improved grain size in chickpea under various field conditions."
https://workdrive.zoho.in/file/hv58s3a79b7c62332447d9b7bad83d9ec1e42,693fb3e71f1d4023652f7549,693faae91f1d4023652f74f1,Information about Sempara herbicide,"SEMPRA is a selective post-emergence herbicide marketed in India by Dhanuka Agritech Ltd. It contains Halosulfuron methyl 75% WG. It belongs to the sulfonylurea group, which inhibits the acetolactate synthase (ALS) enzyme in susceptible weeds, causing death by blocking amino acid synthesis.  It is designed as a systemic, selective herbicide that moves through the weed’s xylem and phloem after spray uptake. SEMPRA is registered for sugarcane and maize weed control in India and is commonly used there. No official Indian government pesticide registration or POP document lists SEMPRA as a potato-approved herbicide. This indicates it has not been approved officially for the potato crop (in India/West Bengal POP) and thus should not be used for potatoes unless a product’s label explicitly lists potatoes. "
https://workdrive.zoho.in/file/5ez6i2de32ab3c22449d996fec40583a5db6a,693fec9a1f1d4023652f7697,692d1006b202540091528ca2,How to control Calotropis gigantea (Aak)?,"In agriculture, Calotropis gigantea (Aak/Madar) is used mainly in non-conventional and supportive roles rather than as a cultivated crop. Traditionally and in research studies, its leaf and latex extracts have been explored for botanical pest management, as they contain bioactive compounds with insecticidal, repellent, and antifeedant properties against pests such as aphids, caterpillars, termites, and storage insects; however, these uses are mostly experimental and should be adopted only where scientifically validated. The plant is also studied for its allelopathic effects, where leaf extracts have shown the ability to suppress weed germination and growth when used as part of integrated weed management systems, especially in crops like cotton. After removal from fields, Calotropis biomass can be utilized for biochar production, composting (with proper management), or as raw material for bioenergy, helping convert a problematic weed into a useful agricultural input. In addition, the plant contributes indirectly to agriculture by serving as a host plant for certain beneficial insects and pollinators, though it can also harbour pests if left unmanaged. Despite these potential uses, Calotropis is generally considered a noxious weed in farmland, and its agricultural use should be carefully managed due to its toxicity and invasive nature. Calotropis gigantea (Aak/Madar) can be effectively removed by following an integrated approach. For small infestations, manual removal is best and should be done when the soil is moist after rainfall or irrigation, ensuring the entire root system is dug out, as cutting alone leads to regrowth; uprooted plants should be dried and destroyed away from the field, and gloves must be worn because the milky latex is toxic. In cases of larger infestations, mechanical control through repeated deep ploughing in fallow land helps expose and weaken the roots, followed by removal of new shoots after 20–30 days and regular cleaning of field bunds and boundaries. Chemical control is effective for mature plants when applied as spot or directed sprays. "
https://workdrive.zoho.in/file/m4578ce9d9e94c0b341c5a3d1c8d23ed3f9f7,6940e57f4148bd0954eec6a7,693a940e89fe351d52c5f3e0,Information regarding growth regulator used to improving pod filling in gram and seed quality in mustard,"Spraying plant growth regulators at the flowering stage is very effective for improving pod filling in gram. The study found that Gibberellic Acid (GA₃) and Kinetin help the plant send more food from leaves to pods, due to which pods fill properly and seeds become bold and heavy, When GA₃ @ 50–100 ppm was sprayed at flowering, the crop produced more pods per plant, better seed filling, and higher grain yield. GA₃ increases photosynthesis and strengthens developing pods, so grains get enough nutrition during the pod filling stage. Similarly, Kinetin @ 10 ppm at flowering stage was found to be very effective in reducing flower drop and increasing pod retention. This resulted in well-filled pods, improved seed size, and higher profit to farmers. The study reported the highest benefit–cost ratio with Kinetin 10 ppm spray at flowering.
Good quality seed is the foundation of a successful mustard crop. certified mustard seed should be clean and pure (minimum 97% pure seed), have good germination (at least 85%), low inert matter (not more than 3%) and safe moisture content (maximum 8%). Since mustard is partly cross-pollinated, maintaining seed purity is essential; therefore, an isolation distance of 100 m for foundation seed and 50 m for certified seed is recommended, along with regular removal of off-type and diseased plants. it also recommends seed inoculation with Pseudomonas putida biofertilizer @ 250 g per acre to improve seed vigour, oil content and yield. Proper drying, careful harvesting and safe storage of seed help maintain quality and ensure better crop establishment in the next season."
https://workdrive.zoho.in/file/fdy6b40ba819d8817462d90e4bf402cb0efe5,69413467c64ccd7e023f968e,6940db404148bd0954eec64c,What are the uses of Humic acid in Potato cultivation? ,"Humic acid is used in potato cultivation mainly to improve nutrient availability, enhance fertilizer use efficiency, and increase growth and yield. A research study reported that the application of humic acid (2%) along with biofertilizers and 75% of the recommended NPK significantly improved plant growth parameters and tuber yield compared to sole chemical fertilization. Humic acid helped in reducing nitrogen and potassium leaching losses, increased phosphorus availability in the soil, and improved nutrient uptake by potato plants. Its combined use with biofertilizers resulted in better root development, higher tuber number and weight, and improved economic returns, indicating that humic acid plays an important role as a soil conditioner and growth promoter in integrated nutrient management for potatoes. To know the exact humic acid dose, consult with the local KVK or agriculture officer. 

"
https://workdrive.zoho.in/file/ue0u0a3085e1cddc64d4c8dd73c757ce58735,694254ebc64ccd7e023f999b,694245d9c64ccd7e023f98f3,What is the recommended dose of NPK 10-26-26 fertilizer in Potato crop?,"Potato is a heavy nutrient-exhaustive crop, and for the Indo-Gangetic plains, including West Bengal, the recommended fertilizer requirement is 180–240 kg nitrogen, 60–90 kg phosphorus (P₂O₅), and 85–130 kg potassium (K₂O) per hectare, depending on soil fertility and yield target. This works out to approximately 73–97 kg N, 24–36 kg P₂O₅, and 34–53 kg K₂O per acre.
If NPK 10-26-26 fertilizer is used, application of about 90–95 kg per acre supplies nearly 24 kg P₂O₅ along with 9–10 kg nitrogen and potassium. To meet the remaining nutrient requirement, additional nitrogen and potassium must be supplied through urea and MOP (muriate of potash). The exact quantity should be adjusted based on soil test values, but potassium supplementation is essential as NPK 10-26-26 alone cannot meet the full K₂O requirement of potato.
As a general practice, two-thirds of the total nitrogen, along with the full dose of phosphorus and potassium, should be applied as basal at planting, and the remaining one-third nitrogen should be applied at the time of first earthing-up. Fertilizers should be placed in bands near the seed tubers for better nutrient use efficiency. Farmers are advised to conduct soil testing at the nearest KVK to fine-tune fertilizer doses and avoid under- or over-application for better yield and tuber quality."
https://workdrive.zoho.in/file/jw0g33afc4a533c174f08a289c340c882b323,6944dacfba7dbbec181cdfe8,6944cc66ba7dbbec181cdf29,Asking about dose of Shaktiman Oorja in mustard crop,"For mustard cultivation, Shaktiman Oorja is used as an organic soil rejuvenator to improve soil health and enhance nutrient-use efficiency. The recommended dose for mustard and other field crops is 20 kg per acre. The product is commonly available in 1 kg, 5 kg, and 10 kg packs. For best results, it should be applied as a basal dose at the time of land preparation or sowing to support early root development. Shaktiman Oorja can be broadcast directly into the soil or mixed with fertilizers such as urea or SSP to improve their efficiency. Its benefits in mustard include increasing organic carbon (around 14%), improving soil water-holding capacity, enhancing uptake efficiency of nutrients such as nitrogen, phosphorus, and sulfur, and promoting stronger root development, which leads to healthier plants and better yield potential. Since it is a private product, consult the local KVK or agriculture officer before using it."
https://workdrive.zoho.in/file/ea2zn4aa6903603d7497ab339c12e86303818,694544cfba7dbbec181ce367,6944cc66ba7dbbec181cdf34,Should I use dry seeds or wet seeds for the sowing of Mustard?,"Mustard seeds should be sown dry only.
If seed priming is done, soak seeds in water for 3–4 hours, shade-dry completely, then apply recommended seed treatments and sow immediately. Never sow wet or soaked seeds directly in the field."
https://workdrive.zoho.in/file/ojjbqed4ebe2d571e437f89a7a5e70a4eca09,6948c6a0d683a39e878082ca,6940fb43c64ccd7e023f952d,Asking about can farmer use biotech company's seed 2nd time cultivation,"Commercial seeds cannot be reused and must be bought every season, while traditional seeds can be saved and shared. Modern commercial seeds, especially hybrid and genetically modified (GMO) varieties, are often patented, meaning companies own the genetic makeup of the seeds. Farmers who purchase them usually sign contracts agreeing not to save or reuse seeds, and breaking these agreements can lead to lawsuits, sometimes costing millions in damages. Even without legal restrictions, the second generation  hybrid seeds often produce weaker, lower-yield plants, which further discourages replanting. 
So, in short- No, farmers can not legally replant biotech companies seeds because patents, contracts, and seed technology do not allow them to reuse them. "
https://workdrive.zoho.in/file/dsn77c9dc516965034e4f83aa7302c482f8eb,6948fe56d683a39e8780849d,6944cc66ba7dbbec181cdf35,When does flower initiation and pod setting happens in Mustard plants?,"Flower initiation and fruit (pod) setting are the most critical stages in mustard (Brassica juncea) because they directly determine final seed yield and are highly sensitive to temperature, moisture, nutrients, and pollinator activity. Flower initiation usually begins 35–50 days after sowing (DAS), when the plant shifts from vegetative growth to reproductive growth through rapid stem elongation (bolting) and formation of the inflorescence. This phase is influenced by photoperiod (mustard is a facultative long-day plant), optimal temperatures of 15–20°C, and adequate availability of phosphorus and boron for proper bud development. Flowering (anthesis) occurs mainly in the morning hours, with each flower remaining active for 3–5 days. Although mustard is largely self-pollinated, insect pollination, especially by honeybees, can increase seed set by 20–30%. After fertilization, flowers develop into siliquae (pods), with pod initiation occurring around 55–70 DAS; the first 15–20 days after flowering are especially critical, as moisture stress or high temperatures can cause pod abortion. Final yield depends mainly on the number of siliquae per plant and seeds per siliqua, with a healthy plant bearing 200–400 pods. Successful flowering and pod setting require timely irrigation at pre-flowering and pod-filling stages, adequate boron nutrition, protection from heat stress through timely sowing (mid-October), and effective control of aphids using bee-safe practices."
https://workdrive.zoho.in/file/g3f7tb489bf47aa584af4b9a126711578f469,694a1f96b8b4b1ceb661670f,693aadb989fe351d52c5f4c8,Farmer wants to know whether two types of micronutrients can be mixed and sprayed together or not?,"You can generally mix and spray different micronutrients together, and in many cases, it is actually more efficient to do so. In fact, many commercial ""multi-micronutrient"" fertilizers come pre-mixed with zinc, iron, manganese, copper, boron, and molybdenum. However, the micronutrient grade should be based on the requirements of that particular soil and crop requirements.  General or blanket fertilizer recommendations are not based on soil fertility and may lead either to under- or over-usage of fertilizers. It is necessary to assess the capacity of a soil to supply nutrients in order to supply the remaining amounts of needed plant nutrients. Therefore, first get your soil assessed at the nearest KVK, or soil testing lab, or nearest SAU, and contact the nearest KVK or farmers' service to get a more localized recommendation for it. Soil- and water-test-based advisories are necessary to improve crop productivity and to increase nutrient use efficiency."
https://workdrive.zoho.in/file/zu51z3fd79a8ad1824aeb9a91b1af7a6c80a6,694b66ea0d03bcc0ede26d7a,694aef5a0d03bcc0ede26cd7,What is the recommended gap between herbicide spray and urea application in paddy cultivation?,"In paddy cultivation, proper timing between herbicide application and urea fertilizer is crucial for effective weed management and optimal crop nutrition. The recommended practice is to wait until the weeds start turning yellow after herbicide spray before applying urea fertilizer.

When you spray herbicides in your paddy field, the chemical needs time to be absorbed by the weeds and show its effect. Typically, this visual symptom of weeds turning yellow appears within 3-7 days after herbicide application, depending on the type of herbicide used, weather conditions and weed species present. This yellowing indicates that the herbicide is working effectively and the weeds are dying.

Applying urea too soon after herbicide spray can interfere with the herbicide's effectiveness in several ways. First, the nitrogen from urea can stimulate weed growth, potentially helping them recover from herbicide stress. Second, if you irrigate the field to incorporate urea before the herbicide has been properly absorbed, you may wash away or dilute the herbicide and reducing its efficiency. Third, vigorous weed growth stimulated by early nitrogen application can compete with your paddy crop for nutrients, water and sunlight.

For paddy farmers in Punjab, particularly during the Kharif season (June-July planting), it's essential to follow this sequence : Apply your post-emergence herbicide when weeds are at the 2-4 leaf stage, monitor the field regularly for the next few days and once you observe clear yellowing and wilting of weeds, proceed with your scheduled urea application. This is typically part of the first top-dressing of nitrogen, usually applied 3-4 weeks after transplanting.

This practice ensures that your herbicide investment gives maximum returns by eliminating weeds effectively, while your urea fertilizer benefits only the paddy crop rather than feeding the weed competition. Always ensure adequate moisture in the field when applying both herbicides and fertilizers for best results and follow the recommended doses specified for your particular paddy variety and soil type."
https://workdrive.zoho.in/file/cg2nn0222b2f6903b4c5cad94b556eea65cc2,694b68140d03bcc0ede26d86,694aef5a0d03bcc0ede26c92,What are the detailed characteristics and cultivation information about the 7301 variety of rice for paddy cultivation in Punjab?,"Sava 7301, a hybrid paddy variety from Savannah Seeds, is a high-yielding hybrid rice variety well suited to Punjab conditions. It has a crop duration of 115–120 days and high yield potential under good management. The grain type is long and slender, with high milling recovery, which helps farmers get better market prices. This variety has lodging tolerance, compact panicles with heavier grains, non-chaffy panicles, and better water and nitrogen use efficiency, making it suitable for three-crop rotation systems. For best performance, you should do timely transplanting during June–July, maintain proper water levels, follow balanced fertilization as per soil test, and use certified hybrid seed.  
While official yield of this variety is not available on the company website, you can contact the company officials on telephone +91 124 4859 200 or by email savannah@savannahseeds.com, to get more accurate information."
https://workdrive.zoho.in/file/pabgga825469944174e76a08dfe913d74b7e7,694b68140d03bcc0ede26d86,694aef5a0d03bcc0ede26c92,What are the detailed characteristics and cultivation information about the 7301 variety of rice for paddy cultivation in Punjab?,"Sava 7301, a hybrid paddy variety from Savannah Seeds, is a high-yielding hybrid rice variety well suited to Punjab conditions. It has a crop duration of 115–120 days and high yield potential under good management. The grain type is long and slender, with high milling recovery, which helps farmers get better market prices. This variety has lodging tolerance, compact panicles with heavier grains, non-chaffy panicles, and better water and nitrogen use efficiency, making it suitable for three-crop rotation systems. For best performance, you should do timely transplanting during June–July, maintain proper water levels, follow balanced fertilization as per soil test, and use certified hybrid seed.  
While official yield of this variety is not available on the company website, you can contact the company officials on telephone +91 124 4859 200 or by email savannah@savannahseeds.com, to get more accurate information."
https://workdrive.zoho.in/file/cg2nnc860a04f1d4a48faa8f7863c39d8caa7,694b6e270d03bcc0ede26dcc,694aef5a0d03bcc0ede26d4a,What are the best practices to increase soil fertility for paddy cultivation in Punjab?,"Soil fertility in paddy cultivation in Punjab can be improved effectively by adopting integrated nutrient management practices that combine organic manures, green manuring, crop residue management, and balanced fertiliser use. Before preparatory tillage for transplanting, farmers can apply 6 tonnes per acre of farmyard manure or press mud, or 2.5 tonnes poultry manure, or 2.4 tonnes dried biogas slurry, or 2.0 tonnes prali char and incorporate it well into the soil to improve organic carbon, soil structure, and nutrient availability. Where organic manures are not available in sufficient quantity, green manuring with dhaincha, cowpea, or sunnhemp is a very effective option; after wheat harvest, a pre-sowing irrigation should be given and dhaincha @ 20 kg/acre (seed soaked for 8 hours), cowpea @ 12 kg/acre (20 kg if bold seed), or sunnhemp @ 20 kg/acre should be sown up to the first week of May, and in phosphorus-deficient soils, 75 kg SSP per acre should be applied to the green manure crop while omitting phosphorus in the succeeding rice crop. The green manure crop should be incorporated into the soil at 6–8 weeks of age, one day before transplanting of paddy; dhaincha is especially suitable for kallar and recently reclaimed soils, saves about 25 kg nitrogen per acre (equivalent to 55 kg urea), and also helps correct iron deficiency in rice. If a moong crop is incorporated after pod picking before transplanting, the nitrogen dose to rice should be reduced by one-third. Continuous incorporation or retention of rice straw further improves soil health and rice yield, and once soil organic carbon reaches a high level as per soil test (or after about eight years of regular straw incorporation), the urea dose in rice can be reduced by 20 kg per acre. For best and economical results, all these practices should be combined with fertiliser application based on soil test recommendations."
https://workdrive.zoho.in/file/cg2nn14056cd7465d4ce691a9e2c55321e57c,694b6e270d03bcc0ede26dcc,694aef5a0d03bcc0ede26d4a,What are the best practices to increase soil fertility for paddy cultivation in Punjab?,"Soil fertility in paddy cultivation in Punjab can be improved effectively by adopting integrated nutrient management practices that combine organic manures, green manuring, crop residue management, and balanced fertiliser use. Before preparatory tillage for transplanting, farmers can apply 6 tonnes per acre of farmyard manure or press mud, or 2.5 tonnes poultry manure, or 2.4 tonnes dried biogas slurry, or 2.0 tonnes prali char and incorporate it well into the soil to improve organic carbon, soil structure, and nutrient availability. Where organic manures are not available in sufficient quantity, green manuring with dhaincha, cowpea, or sunnhemp is a very effective option; after wheat harvest, a pre-sowing irrigation should be given and dhaincha @ 20 kg/acre (seed soaked for 8 hours), cowpea @ 12 kg/acre (20 kg if bold seed), or sunnhemp @ 20 kg/acre should be sown up to the first week of May, and in phosphorus-deficient soils, 75 kg SSP per acre should be applied to the green manure crop while omitting phosphorus in the succeeding rice crop. The green manure crop should be incorporated into the soil at 6–8 weeks of age, one day before transplanting of paddy; dhaincha is especially suitable for kallar and recently reclaimed soils, saves about 25 kg nitrogen per acre (equivalent to 55 kg urea), and also helps correct iron deficiency in rice. If a moong crop is incorporated after pod picking before transplanting, the nitrogen dose to rice should be reduced by one-third. Continuous incorporation or retention of rice straw further improves soil health and rice yield, and once soil organic carbon reaches a high level as per soil test (or after about eight years of regular straw incorporation), the urea dose in rice can be reduced by 20 kg per acre. For best and economical results, all these practices should be combined with fertiliser application based on soil test recommendations."
https://workdrive.zoho.in/file/4xdjh5c1575b0b7d7445b98b25d14096b1471,694b752f0d03bcc0ede26e0b,694aef5a0d03bcc0ede26cd8,What should I know about potential damage from Roundup (glyphosate) herbicide in my paddy field?,"Roundup herbicide, containing glyphosate 41% SL, is restricted for use in India since October 2022 under the Restriction on use of Glyphosate Order, allowing application only by licensed pest control operators and prohibiting general farmer use due to health risks to humans and animals,  but enforcement applies nationwide including Punajb. It is not recommended for direct application in standing Paddy crops as glyphosate is non-selective and causes severe phytotoxicity to cereals like Paddy, leading to crop injury or if sprayed during active growth stages. In wheat cultivation, Roundup is permitted only for pre-planting or post-harvest weed control on Tea crop or non-crop areas such as field bunds, borders, or fallow land at least 7-14 days before sowing or after harvest to avoid residue risks, typically at doses of 800-1200 ml per acre in 200 litres water targeting annual and perennial grasses or broadleaf weeds. In a highly diluted form, the amount of active ingredient that can be absorbed by your paddy plants is minimal, which means the crop can usually tolerate such exposure without major setbacks.
For paddy crop, you can use alternative Herbicides like Butachlor, Pretilachlor or Bispyribac sodium, which are safe for rice.
If you notice any damage symptoms, such as yellowing or stunted growth after accidental exposure, apply nitrogen fertilizer and maintain good irrigation to help the crop recover. Most paddy plants show good resilience when the exposure is minimal and diluted."
https://workdrive.zoho.in/file/shhin8d7056c3db7d4101a6e25f2052b5d628,694b83dc0d03bcc0ede26e6b,694aef5a0d03bcc0ede26ce9,Can I mix Single Super Phosphate (SSP) and Zinc fertilizers together for application in paddy cultivation?,"It is not recommended to mix Single Super Phosphate (SSP) and zinc fertilizers together for application in paddy crops. This is an important guideline that farmers in Punjab should follow for effective nutrient management.

The primary reason for avoiding this mixture is the chemical interaction between these two fertilizers. When SSP and zinc fertilizers are mixed, they can react with each other, leading to the formation of insoluble compounds. Single superphosphate contains phosphorus in the form of calcium phosphate, and when it comes in contact with zinc sulfate (the common form of zinc fertilizer), chemical reactions occur that reduce the availability of both nutrients to the plants. This interaction essentially locks up the nutrients, making them unavailable for plant uptake, which defeats the purpose of fertilizer application.

For paddy cultivation in Punjab, especially during the Kharif season, proper nutrient management is crucial for achieving optimal yields. Instead of mixing these fertilizers, you should apply them separately. Here are the recommended practices:

For Single Super Phosphate: Apply SSP at the time of final land preparation or at the time of transplanting paddy. The recommended dose is typically 75 kg per acre, which provides about 12 kg of phosphorus. Broadcast it uniformly in the field and incorporate it into the soil.

For zinc application: In Punjab's paddy fields, zinc deficiency is common, particularly in alkaline and calcareous soils. Apply 25 kg of zinc sulphate heptahydrate (21%) or 16 kg of zinc sulphate monohydrate (33%) per acre at puddling in case the previous crop in this field had shown the symptoms of zinc deficiency, or as a foliar spray (0.5% solution) if deficiency symptoms appear during the growing season.

By applying these fertilizers separately at appropriate times, you ensure maximum nutrient availability to your paddy crop. This practice will help you achieve better plant growth, improved tillering, and ultimately higher grain yields. Always follow the soil test recommendations specific to your field for best results and consult your local agricultural extension officer for personalized guidance based on your soil conditions."
https://workdrive.zoho.in/file/shhin39919b29b96343dfaa1281ba65d993df,694b83dc0d03bcc0ede26e6b,694aef5a0d03bcc0ede26ce9,Can I mix Single Super Phosphate (SSP) and Zinc fertilizers together for application in paddy cultivation?,"It is not recommended to mix Single Super Phosphate (SSP) and zinc fertilizers together for application in paddy crops. This is an important guideline that farmers in Punjab should follow for effective nutrient management.

The primary reason for avoiding this mixture is the chemical interaction between these two fertilizers. When SSP and zinc fertilizers are mixed, they can react with each other, leading to the formation of insoluble compounds. Single superphosphate contains phosphorus in the form of calcium phosphate, and when it comes in contact with zinc sulfate (the common form of zinc fertilizer), chemical reactions occur that reduce the availability of both nutrients to the plants. This interaction essentially locks up the nutrients, making them unavailable for plant uptake, which defeats the purpose of fertilizer application.

For paddy cultivation in Punjab, especially during the Kharif season, proper nutrient management is crucial for achieving optimal yields. Instead of mixing these fertilizers, you should apply them separately. Here are the recommended practices:

For Single Super Phosphate: Apply SSP at the time of final land preparation or at the time of transplanting paddy. The recommended dose is typically 75 kg per acre, which provides about 12 kg of phosphorus. Broadcast it uniformly in the field and incorporate it into the soil.

For zinc application: In Punjab's paddy fields, zinc deficiency is common, particularly in alkaline and calcareous soils. Apply 25 kg of zinc sulphate heptahydrate (21%) or 16 kg of zinc sulphate monohydrate (33%) per acre at puddling in case the previous crop in this field had shown the symptoms of zinc deficiency, or as a foliar spray (0.5% solution) if deficiency symptoms appear during the growing season.

By applying these fertilizers separately at appropriate times, you ensure maximum nutrient availability to your paddy crop. This practice will help you achieve better plant growth, improved tillering, and ultimately higher grain yields. Always follow the soil test recommendations specific to your field for best results and consult your local agricultural extension officer for personalized guidance based on your soil conditions."
https://workdrive.zoho.in/file/2ojp3d81ef5e440ca44a4ba2fe071a76365b8,694b93ae0d03bcc0ede26eee,694aef5a0d03bcc0ede26d20,What are the recommended practices for breaking hard pan in soil and preparing fields for paddy cultivation?,"Breaking the hardpan layer in soil is crucial for successful paddy cultivation, especially in Punjab, where continuous rice-wheat cultivation has led to soil compaction. Here's a comprehensive approach to field preparation:

Hardpan in soil develops mainly due to continuous use of heavy farm machinery, vehicular traffic, mechanization, and repeated puddling, which compress soil particles and form a compacted subsurface layer generally at 10 to 40 cm depth. This compacted layer is characterized by high bulk density and penetration resistance along with reduced porosity, infiltration rate, and hydraulic conductivity, which restrict root growth, root distribution, and nutrient uptake. Breaking this hardpan requires subsoiling or chiseling below the compacted layer so that the dense soil is loosened and favorable soil physical conditions are restored. The management of soil compaction also involves varying the depth of tillage and minimizing soil traffic, which together help in improving soil structure and supporting better crop establishment and growth in rice-based cropping systems.
"
https://workdrive.zoho.in/file/4xdjh7018a0ab33ee40a4bf48d2eb443dfaf7,694ba9c30d03bcc0ede26f69,694aef5a0d03bcc0ede26cba,What is the recommendation regarding the use of humic acid on paddy (rice) crop in Punjab?,"Punjab Agricultural University (PAU), Ludhiana, which is the primary agricultural research and extension institution for Punjab state, has not issued any official recommendation for the application of humic acid on paddy (rice) crops. This is an important clarification for farmers in Punjab, particularly in districts like Gurdaspur and other rice-growing regions.
While humic acid is marketed as a soil conditioner and organic supplement that can potentially improve soil structure, enhance nutrient uptake and stimulate plant growth, PAU's research-based recommendations for paddy cultivation do not include this product. This absence of recommendation suggests that either sufficient research has not been conducted on humic acid's efficacy under Punjab's specific soil and climatic conditions or the research has not shown significant benefits that would justify its inclusion in the standard package of practices.
For paddy cultivation in Punjab, PAU recommends a well-established nutrient management protocol that includes:
1. Nitrogen Management: Application of 100-105 kg N per hectare, (40–42 kg N per acre) applied in split into multiple doses - at transplanting, active tillering, and panicle initiation stages.
2. Phosphorus and Potassium: Application of 30 kg P₂O₅ (12 kg P₂O₅ per acre) and 30 kg K₂O per hectare (12 kg K₂O per acre) at the time of transplanting.
It means application of 90kg urea 27kg DAP or 75kg SSP and 20kg MOP can meet the NPK requirement of paddy.
3. Zinc Application: Application of 25 kg zinc sulphate heptahydrate (21%) per acre once every three years, particularly in zinc-deficient soils.
4. Organic Matter: Incorporation of crop residues, green manuring with Sesbania (dhaincha), or application of farmyard manure to improve soil health.
Farmers are advised to follow these scientifically validated recommendations rather than investing in products without official endorsement. If considering any new product like humic acid, it's best to consult with local agriculture department officials or PAU experts. The university's Package of Practices for Kharif crops provides comprehensive, research-backed guidelines that are specifically tailored for Punjab's agro-climatic conditions and have proven effectiveness in maximizing paddy yields while maintaining soil health."
https://workdrive.zoho.in/file/qpkuu668a3e86544e421f9337aa706204928c,694bc06b0d03bcc0ede2701d,694aef5a0d03bcc0ede26ce0,What is the market price of Rice (Paddy) for the 2025-26 season?,"For the Kharif marketing season of 2025-26, the Government of India has announced the Minimum Support Price (MSP) for paddy (rice) to ensure fair returns to farmers and promote agricultural sustainability. The MSP for common variety paddy (Jhona/Dhan - Common Grade) has been fixed at 2,369 Rs. per quintal, while the premium Grade-A variety paddy commands an MSP of 2,389 Rs. per quintal. This represents a reasonable increase from the previous year, reflecting the government's commitment to supporting farmer incomes.

The MSP is a crucial price floor mechanism that guarantees farmers a minimum price for their produce, protecting them from market volatility and exploitation by middlemen. This pricing structure applies throughout Punjab, including districts like Rupnagar, and is particularly important during the Kharif season when paddy is the dominant crop.

For farmers in Punjab, understanding these MSP rates is essential for making informed decisions about crop planning and marketing strategies. The 20 Rs. per quintal difference between common and Grade-A varieties incentivizes farmers to focus on quality production. To qualify for Grade-A classification, paddy must meet specific quality parameters including moisture content, grain uniformity, and minimal impurities.

Farmers should ensure proper harvesting, threshing, and storage practices to maintain grain quality and fetch the better price. The procurement at MSP is typically conducted through government agencies like the Food Corporation of India (FCI) and Punjab State agencies at designated mandis (agricultural markets).

To benefit from these MSP rates, farmers should:
1. Register at their nearest procurement center
2. Ensure paddy meets quality standards
3. Maintain proper moisture levels (not exceeding 17%)
4. Keep necessary documents like land records and Aadhaar card ready
5. Stay informed about procurement schedules announced by local authorities
This MSP structure provides financial security and encourages sustainable paddy cultivation across Punjab's agricultural landscape, supporting the livelihoods of thousands of farming families in the region."
https://workdrive.zoho.in/file/2ojp36050c1f920364c768fdf4a48e1b953ba,694e15a68aab50c8d431b1c0,694e089c8aab50c8d431b0dc,How can I reduce sterility in Paddy grains in Punjab?,"To reduce sterility in paddy grains in Punjab, farmers should adopt proper water, nutrient, and crop management practices, especially during the reproductive stage. Adequate water management is crucial, and about 2–3 inches of standing water should be maintained during the flowering stage while avoiding any water stress during critical flowering and grain-filling periods. Recommended doses of fertilizers should be applied, with special attention to adequate potassium and zinc nutrition, and excessive nitrogen application during the reproductive stage should be avoided. Maintaining sufficient water levels also helps protect the crop from extreme temperature stress during flowering. Effective control of pests such as rice bugs and stem borers is important, as these pests can directly contribute to grain sterility. Farmers should grow disease-resistant varieties recommended for Punjab and ensure timely transplanting, avoiding late sowing. A foliar spray of 1.5 percent potassium nitrate, prepared by dissolving 3 kg of potassium nitrate in 200 litres of water per acre, can be applied at the boot stage to improve grain setting. Proper nutrient management and water availability during the reproductive phase play a key role in minimizing grain sterility. In addition, adopting direct-seeded rice (DSR) can help reduce water use while maintaining crop performance."
https://workdrive.zoho.in/file/435hh88169bbf4e524cc9b4e7fe7d0b9f7af5,694e295daca96f5efbe2fd64,694e089c8aab50c8d431b0f5,What are the transplanting guidelines for PR 126 paddy variety in Punjab?,"PR 126 is an early-maturing rice variety popular in Punjab, with an average plant height of about 102 cm and a maturity period of approximately 93 days after transplanting. It produces long, slender, translucent grains and is resistant to seven of the ten prevalent bacterial blight pathotypes in the state. The variety has an average yield potential of around 30 quintals per acre. For best results, a nursery of 25-30 days old seedlings should be transplanted between mid-June and the first week of July. The main field should be well-puddled, and seedlings planted at a spacing of 20 cm × 15 cm with 2–3 seedlings per hill, maintaining 2–3 cm of standing water at the time of transplanting. Timely transplanting and proper water management are crucial to achieving optimum yield. For uniform ripening, permissible moisture content in grains, higher yield and quality, the transplanting of PR 126 should not be done beyond 15th July."
https://workdrive.zoho.in/file/pabgg2f77a89be99a4f0192c880ba12cb7bf2,694e5c5c38eee18abb6bbd6c,694e2b44aca96f5efbe2fdab,What minerals are present in canal water used for paddy cultivation in Punjab?,"Canal water in Punjab is generally considered high-quality compared to groundwater, as it originates from the melting snow of the Himalayas and the Sutlej, Beas, and Ravi rivers. This water carries a rich load of dissolved minerals and silt that acts as a natural fertilizer for paddy fields. Canal water used for paddy cultivation in Punjab typically contains essential minerals like calcium, magnesium, sodium, potassium, bicarbonates, chlorides, and sulfates. It may also contain trace amounts of iron, manganese, zinc, and boron. The mineral composition varies by region and source. Canal water generally has lower salt content compared to groundwater, making it suitable for paddy cultivation. However, farmers should monitor the water quality regularly, as excessive salts or harmful minerals can affect soil health and crop productivity. Regular soil and water testing helps in proper nutrient management for optimal paddy yield. Fertilizer applications, and nutrient sprays based on soil tests indicating that irrigation water alone does not provide sufficient plant nutrients."
https://workdrive.zoho.in/file/fh79ne381ade3ed8946a5a91900d759009377,694e6ad138eee18abb6bbe24,694aef5a0d03bcc0ede26ca4,What is the contact number of the Chief Agricultural Officer of Tarn Taran district regarding the Supreme 110 paddy variety?,"For information regarding the Supreme 110 paddy variety in Tarn Taran district, Punjab, you can contact the Chief Agricultural Officer at the following numbers: 01852-222458 (landline) or email at caotarntaran@yahoo.in.

The Supreme 110 is a popular medium-duration paddy variety that has gained attention among Punjab farmers, particularly in districts like Tarn Taran. This variety has medium maturity duration, typically reaching harvest in approximately 135-140 days, which helps farmers save water and reduce cultivation costs with 33 to 38 quintals/acre yield. When considering this variety for your fields, it's important to consult with the Chief Agricultural Officer to obtain accurate information about seed availability, recommended planting dates, and region-specific cultivation practices.

The Chief Agricultural Officer's office can provide you with essential guidance on several important aspects: proper seed selection and procurement from authorized dealers, appropriate sowing time for your specific block within Tarn Taran district, recommended fertilizer application schedules, water management practices suitable for this variety, and pest and disease management strategies specific to Supreme 110.

Before making a final decision about cultivating Supreme 110 or any paddy variety, farmers should verify whether this variety is officially recommended by the Punjab Agricultural University (PAU) for their area. The agricultural officer can also inform you about government schemes, subsidies on seeds and fertilizers, and any recent advisories issued by the Department of Agriculture regarding paddy cultivation.

It's advisable to contact the office during working hours (typically 9:00 AM to 5:00 PM on weekdays) for detailed consultation. You may also visit the office in person at the District Agriculture Office in Tarn Taran to discuss your specific field conditions, soil type, and water availability to determine if Supreme 110 is the most suitable variety for your farming situation. The agricultural officers are trained to provide location-specific recommendations that can help maximize your yield and profitability while ensuring sustainable farming practices."
https://workdrive.zoho.in/file/fh79n2fee30659816424a80c7fa5d9ee10fe6,694e6ad138eee18abb6bbe24,694aef5a0d03bcc0ede26ca4,What is the contact number of the Chief Agricultural Officer of Tarn Taran district regarding the Supreme 110 paddy variety?,"For information regarding the Supreme 110 paddy variety in Tarn Taran district, Punjab, you can contact the Chief Agricultural Officer at the following numbers: 01852-222458 (landline) or email at caotarntaran@yahoo.in.

The Supreme 110 is a popular medium-duration paddy variety that has gained attention among Punjab farmers, particularly in districts like Tarn Taran. This variety has medium maturity duration, typically reaching harvest in approximately 135-140 days, which helps farmers save water and reduce cultivation costs with 33 to 38 quintals/acre yield. When considering this variety for your fields, it's important to consult with the Chief Agricultural Officer to obtain accurate information about seed availability, recommended planting dates, and region-specific cultivation practices.

The Chief Agricultural Officer's office can provide you with essential guidance on several important aspects: proper seed selection and procurement from authorized dealers, appropriate sowing time for your specific block within Tarn Taran district, recommended fertilizer application schedules, water management practices suitable for this variety, and pest and disease management strategies specific to Supreme 110.

Before making a final decision about cultivating Supreme 110 or any paddy variety, farmers should verify whether this variety is officially recommended by the Punjab Agricultural University (PAU) for their area. The agricultural officer can also inform you about government schemes, subsidies on seeds and fertilizers, and any recent advisories issued by the Department of Agriculture regarding paddy cultivation.

It's advisable to contact the office during working hours (typically 9:00 AM to 5:00 PM on weekdays) for detailed consultation. You may also visit the office in person at the District Agriculture Office in Tarn Taran to discuss your specific field conditions, soil type, and water availability to determine if Supreme 110 is the most suitable variety for your farming situation. The agricultural officers are trained to provide location-specific recommendations that can help maximize your yield and profitability while ensuring sustainable farming practices."
https://workdrive.zoho.in/file/ottdwaf92246f7b0f4fc1940a70fbb624805d,694e70ad38eee18abb6bbe74,694e2b44aca96f5efbe2fdd4,What is the use of Alum in paddy field cultivation?,"Alum (aluminium sulphate) is not a recommended input for paddy field cultivation in Punjab. While alum is commonly used for water clarification in drinking water or fish ponds, its use in agricultural fields is not advised by Punjab Agricultural University (PAU). Alum is not recommended for iron toxicity management, nutrient supply, or algae control in paddy, as excessive aluminium can damage rice roots, disturb soil pH, and reduce microbial activity. For problems like iron toxicity or poor water quality in paddy fields, PAU recommends proper drainage, organic matter application, balanced fertilization, and suitable soil management practices. Farmers should avoid using alum in paddy fields unless specifically advised by agricultural experts after soil and water testing."
https://workdrive.zoho.in/file/fh79n3930afcf7bdf46ffad505d8fd90bddaf,694e7e7b14a8273593a94f81,694e089c8aab50c8d431b0d7,What is the recommended dose of reagent for paddy cultivation in Punjab?,"Regent Ultra is a powerful insecticide containing Fipronil 0.6% GR as its active chemical component. It is available in Granule Form (GR), providing effective distribution of the product evenly across the crops. Fipronil helps reduce severe pest infestations that can lead to crop loss. With the help of this insecticide, crop damage is reduced, and healthy growth increases. 
Regent Ultra Dose and Method of Application: 
For Soil Broadcasting: Use 10 to 12.5 Kg per acre.  
Foliar Application: Use 10 to 12.5 Kg per acre.
Mode of Application: Preventive remedy with curative effects.
Mode of Action: Contact and ingestion.  
it use to control termites in paddy crop.
"
https://workdrive.zoho.in/file/2ojp3ed16bd4d70c04853a6b4e928143f4adb,694f5f3614a8273593a950d0,694f5af414a8273593a95050,How can I contact Yara fertilizer company for purchasing products for my paddy crop in Punjab?,"To contact the Yara fertilizer company in India, you can reach them at their customer care number: 18001219272 (toll-free). You can also visit their official website www.yara.in for regional office contacts and authorized dealers in Punjab. For paddy cultivation, Yara offers specialized fertilizers like NPK complexes and micronutrients. It's recommended to consult with their agronomists or local dealers for crop-specific fertilizer recommendations for paddy in Punjab."
https://workdrive.zoho.in/file/2ra2h36214be2b8ae4385917e23cb02abfb88,694fccd014a8273593a95593,694f5af414a8273593a95067,How can I control rice ear cutting caterpillar in Paddy crop in Punjab?,"Army worm (rice ear-cutting caterpillar) is one of the major pests of regional importance in Punjab paddy. The larvae are gregarious in nature and hence are commonly called armyworms. The young larvae feed on paddy leaves, leaving only the midribs and stems, while the older larvae cut the panicles mostly at the base, due to which they are also known as rice ear-cutting caterpillars. This stage causes severe yield loss. The larvae avoid sunlight and feed mainly at night. Damage to the paddy crop is most severe during September to November, particularly at the reproductive stage.

For effective management, the crop should be regularly monitored during the reproductive stage. Grassy weeds in and around the fields serve as breeding sites, so weed control is essential. Excessive use of nitrogen fertilizer should be avoided, as higher nitrogen doses increase fecundity, larval survival, feeding activity, and crop damage. Raising the water level during the pupal stage helps drown pupae present in soil cracks and at the base of rice hills. Installation of pheromone traps @ 8–10 traps per acre is recommended to monitor adult moth activity.

Mechanical control can be practiced by using coir rope in the rice field to dislodge larvae of armyworm, cutworm, caseworm, swarming caterpillar, and leaf folder into kerosinized water prepared by mixing 1 litre kerosene with 10 kg soil and broadcasting it over 1 acre.

For chemical control, spray Chlorpyriphos 20% EC @ 1 litre per acre or Quinalphos 25% EC @ 0.8 litre per acre as a foliar spray against lepidopteran pests of rice. Whole-plant spraying is effective during the vegetative stage. However, for ear-cutting caterpillars, spraying should be done in the morning on the basal portion of the plant, as the larvae remain at the base during daytime. To avoid pesticide residue in grain, spraying on the upper panicle portion should be avoided.

Additionally, application of Chlorpyriphos 1.5% dust @ 10 kg per acre along field bunds helps kill the caterpillars and prevents their migration. Dust application should be done during evening hours, when caterpillars are active. For better control, maintain proper water management, ensure field sanitation by removing damaged earheads, avoid overlapping insecticide applications, and strictly follow recommended doses to prevent resistance development."
https://workdrive.zoho.in/file/kkc9efa92ddabde2c4e3d94765ce94e66fd68,69520bd214a8273593a956e0,694f5af414a8273593a95069,What is the purpose of using a sticker in paddy cultivation?,"Stickers are adjuvants used in paddy cultivation to improve the effectiveness of pesticides and herbicides. They help the spray solution adhere better to the leaf surface, especially on waxy paddy leaves, reducing runoff and wash-off due to rain or dew. This ensures better absorption of the chemicals, improves efficacy of pest and disease control, and reduces the frequency of application. Common stickers include organic compounds like vegetable oils or synthetic surfactants. The recommended dose is usually 0.1-0.2% (1-2 ml per liter of water) mixed with the spray solution. Using stickers is particularly beneficial in Punjab's paddy fields during monsoon season when rainfall can wash away foliar sprays."
https://workdrive.zoho.in/file/ottdw319e65917a644e92bdb298feddde2ad0,69525b6314a8273593a95a39,694e2b44aca96f5efbe2fd87,How should Lihocin growth regulator be sprayed on paddy crop in Punjab?,"Lihocin is a plant growth regulator (PGR) whose active ingredient is Chlormequat Chloride 50% SL (soluble liquid). It works by inhibiting gibberellin (a plant hormone that promotes excessive stem/vegetative growth), helping the plant to focus more on reproductive growth (flowering and grain formation) and reducing lodging (plants falling over). The Punjab Agricultural University (PAU) and Directorate of Plant Protection, Quarantine & Storage (DPPQ&S) does not list Lihocin as an officially recommended input for paddy. And as per the product label lihocin is not recommended for paddy; it is only recommended for use in crops Cotton, Potato, Brinjal & Grapes. Always contact your nearest KVK, or farmers' advisory for more information on this."
https://workdrive.zoho.in/file/pabggfbd8f20e725a4824a3647fcf0c4befb6,6952a48714a8273593a95bc3,6940fb43c64ccd7e023f9558,Asking about dose Metribuzin 42 Clodinafop propargyl 12 WG,"Metribuzin 42% + Clodinafop-propargyl 12% WG does not have any recommended dose for potato or other vegetable crops; therefore, it should not be sprayed in potato fields. For potato, no safe dose, correct spray time, or application method has been defined for this herbicide combination, and its use may cause crop damage. Although it is effective in controlling grassy weeds such as Phalaris minor and some broad-leaf weeds, its application in potato can lead to leaf burning, stunted plant growth, damage to tubers, and may also leave chemical residues in potatoes, thereby reducing both quality and yield.
PPQS recommended dosage-
1. Ethalfluralin 36.65% w/w EC(36%)- 800 grams mixed with 200 litres of water per acre. PHI-92 or; 
2. Paraquat-dichloride 24% SL 800 mL mixed with 200 litres of water per acre. PHI-100 or;
3. Metribuzin 70% WP- 3 to 4 DAP or post emergence at 300 grams mixed with 300 litres of water per Acre. PHI-30.
Always use herbicides that are specifically recommended for potato, and apply them at the correct dose and crop stage after taking advice from agriculture experts, KVK, or the agriculture department. This helps protect the crop and ensure better yield."
https://workdrive.zoho.in/file/yjcwi1e6a5b3548b8429fbc5441980d446165,6954a7230a5e7b035c0593e0,694f5af414a8273593a9503a,What is the dosage of Ampligo insecticide by Syngenta for paddy cultivation?,"Ampligo insecticide (Syngenta) contains Chlorantraniliprole 9.26% + Lambda-cyhalothrin 4.63% ZC as its active ingredients. It is recommended for use in paddy at a dose of 80–100 ml per acre. Mix the insecticide in 200 litres of water per acre and spray uniformly for effective control of stem borers, leaf folders, and other lepidopteran pests. For best results, apply at the early stage of pest infestation, generally 35–40 days after transplanting or sowing, ensuring thorough coverage of the plant base and foliage. Always follow the label claim and maintain a pre-harvest interval (PHI) of 53 days."
https://workdrive.zoho.in/file/hwc4706df4e73c23646cfa22c3ddb726acf33,6955faa87c5a4fea850269f8,6944cc66ba7dbbec181cdf49,How to cultivate Mustard and Black gram before the harvesting of Paddy?,"In West Bengal, growing mustard and black gram before harvesting paddy is called Relay cropping / Paira / Utera cropping. This is a traditional and very useful method in which the next crop like lentil, gram, pea, lathyrus, mustard, or pulses (gram, black gram, moong) is broadcast in the standing rice crop about 15 days before paddy harvest. Seeds are spread in the moist field when the rice crop is maturing. After paddy harvesting, these seeds germinate using the remaining soil moisture, so no extra irrigation is needed, and land use efficiency increases. This method works well only when there is no standing water in the field, though the soil remains muddy. Because no ploughing or tillage is done, applying fertilizers through soil is difficult, and therefore farmers usually do not apply any basal or top-dressed fertilizers to the relay pulse crop. However, using sprouted seeds gives better germination and higher yield. For nutrient support, spraying 2% urea solution (20 g urea per litre of water, about 4 kg urea per acre) at 10 days after rice harvest gives very good results, followed by a 2% DAP spray (about 3 kg DAP per acre). Seeds should always be treated with recommended fungicides and bio-fertilizers before sowing to improve germination and disease resistance. For mustard, varieties like B-9, Kesari Gold, and JD-6 are suitable for this system, while for black gram, short-duration varieties should be chosen so that the crop fits well into the rice-based cropping system."
https://workdrive.zoho.in/file/zhubf5957872a8326497d8b4c06fbe819e2ef,69589ce728ae67127339d4c6,6958962185e5253473bfb359,How to control Bakane disease?,"Bakanae disease, also known as 'foolish seedling disease,' is a serious fungal disease of paddy (rice) caused by Fusarium fujikuroi (Gibberella fujikuroi). This disease is particularly prevalent in rice-growing regions of Uttar Pradesh and other parts of India, affecting both nursery and main field crops.

 

 Description and Symptoms:

 Bakanae disease primarily affects seedlings and young plants. Infected plants show abnormal elongation (etiolation), appearing taller and thinner than healthy plants with pale green to yellowish leaves. The stems become weak and spindly, often producing adventitious roots at nodes. Affected plants may die prematurely or produce sterile or partially filled grains. Secondary roots may rot, and white to pinkish fungal growth can be observed on infected tissues under humid conditions. The disease spreads through infected seeds and contaminated soil.

 

 Severity Assessment:

 In severe infections where symptoms are widespread in the nursery or main field, immediate intervention with chemical fungicides is necessary to prevent significant yield losses. Initial or localized infections can be managed through cultural practices and seed treatment.

 

 Control Measures:

 For Severe Infections:

 Bakanae (foolish seedling) disease of rice is a seed-borne disease; therefore, its control mainly depends on seed and seedling treatment. For effective management, do the seed treatment with Cyclobutrifluram 41.6% w/w FS at 0.4 mL/kg of seed by making a slurry of 5-7 mL with water. Carbendazim (50% WP) was found to be the most effective fungicide for both seed treatment and seedling root-dip treatment. Soil drenching with 0.25% carbendazim (50% WP), applied five days before transplanting, proved effective for large-scale seedling treatment. In addition, a foliar spray of 0.1% tebuconazole 50% + trifloxystrobin 25% WG significantly reduced the percentage of infected seeds.

 Protective Gear Requirements (When Using Chemical Fungicides):

 - Wear chemical-resistant gloves during mixing and spraying.

 - Use a face mask or respirator to avoid inhalation of spray mist.

 - Wear protective clothing, including a long-sleeved shirt and full pants.

 - Use eye protection such as goggles or a face shield.

 - Wash hands and exposed skin thoroughly with soap after application.

 - Store chemicals in a secure location away from children, animals, and food items.

 

 Safety Disclaimer:

 - Follow recommended doses strictly—do not exceed prescribed quantities.

 - Avoid spraying during windy conditions or when rain is expected within 6 hours.

 - Do not mix different chemicals unless specifically recommended.

 - Dispose of empty chemical containers safely by burial or as per local regulations.

 - Keep emergency contact numbers of local health centers readily available

 

 For Initial Infections and Prevention:

 - Treat seeds with Carbendazim 50% WP at 2 grams per kilogram of seeds or Thiram 75% WS at 3 grams per kilogram before sowing.

 - Use disease-free certified seeds from reliable sources.

 - Maintain proper water management—avoid continuous flooding in nursery beds.

 - Remove and destroy infected plants immediately to prevent spread

 - Practice crop rotation with non-host crops like legumes

 - Maintain optimum plant spacing to ensure good air circulation

 - Use resistant varieties when available for your region.

 

 For further guidance or clarification, farmers are advised to contact the nearest Krishi Vigyan Kendra (KVK) or local agricultural extension officer.	 	 	 	 	 	 	 	 	 	 	 	 	 	 
"
https://workdrive.zoho.in/file/dj9iad3ade8503ffd4b6084ccc9f017842f5c,69589f7728ae67127339d4f2,6958962185e5253473bfb346,Using excessive amount of pesticides in rice crop is harmful for the safety of the crop,"Excessive use of pesticides in rice (paddy) crops poses significant risks to crop health, soil ecology, beneficial insects, and ultimately human health. Understanding these risks and adopting remedial measures is crucial for sustainable rice cultivation.


 Harmful Effects of Excessive Pesticide Use:


Overuse of chemical pesticides in rice crops leads to multiple problems: (1) Development of pest resistance, making future control difficult; (2) Destruction of beneficial insects like pollinators, predators, and parasitoids that naturally control pests; (3) Soil microorganism damage, affecting soil fertility and nutrient cycling; (4) Pesticide residues in grains that pose health risks to consumers; (5) Environmental pollution through water contamination and air quality deterioration; (6) Phytotoxicity symptoms in plants, including leaf burn, stunted growth, and reduced yield; and (7) Increased production costs with diminishing returns.



Severity Assessment:

If pesticide toxicity symptoms appear, such as leaf discoloration, wilting, or stunted growth, immediate remedial action is required. Symptoms may include yellowing of leaves, browning of leaf tips, reduced tillering, and overall plant stress.


Remedial and Detoxification Measures:

There are no specific remedial measures available for pesticide injury in crops. In such situations, farmers can only wait for a few days and closely observe the crop to assess whether any damaging symptoms appear or whether the crop recovers naturally. The primary safety measure is to protect the crop from additional stresses that may occur later. This includes timely and balanced fertilizer application strictly as per recommended doses, effective weed management, and proper water management to support crop recovery and minimize further yield loss.

 Safety Guidelines:

 - Follow recommended doses strictly and never exceed manufacturer's instructions

 - Observe Pre-Harvest Interval (PHI) before harvest for most rice pesticides

 - Avoid spraying during windy conditions, rain, or extreme heat.

 - Do not mix different pesticides unless specifically recommended.

 - Properly dispose of empty pesticide containers—never reuse them.

 - Keep emergency contact numbers of poison control centers handy.

 - Maintain a spray record noting date, chemical used, and dosage

Long-term Sustainable Approach:

Adopt System of Rice Intensification (SRI) methods, use bio-pesticides like neem oil, Beauveria bassiana, and Bacillus thuringiensis, maintain field sanitation, and encourage natural enemy populations. Build soil health through organic matter addition, which helps plants develop natural pest resistance.

If you would like more information or clarification, farmers are advised to contact the nearest Krishi Vigyan Kendra (KVK) or local agricultural extension officer."
https://workdrive.zoho.in/file/p7iy549fdd6d293694ad19a3cfc28ec7ee1b8,6958a1ff28ae67127339d532,6958962185e5253473bfb33f,Provide information regarding the paddy transplanting machine,"A paddy transplanting machine is a specialized agricultural equipment designed to automate the process of planting rice seedlings in flooded paddy fields, replacing the traditional labor-intensive manual transplanting method. This mechanization significantly improves efficiency and reduces the time and effort required for transplanting operations.
 
Types of Paddy Transplanters-
There are primarily two types available in India: (1) Riding type transplanters - operated by sitting on the machine, suitable for larger fields (above 2 acres), and (2) Walking type transplanters - operator walks behind the machine, ideal for smaller fields (0.5 to 2 acres). Self-propelled models with 4-8 rows capacity are most common in regions like Uttar Pradesh.
Six line paddy transplanter is hand driven and eight lines transplanter is power driven machine. 

Use of Paddy Transplanter in planting of paddy-
Planting by this machine requires mat type nursery. Germinated seed of paddy is used in the nursery. Distance between 2 rows is fixed at 20 cm by this machine. 50 kg per hectare seed or 20 kg per acre seed is required for planting at a distance of 20-10 cm. Best germination is obtained at 30 degree Celsius. Soak the seed of paddy in water for 24 hours and keep it covered in the shade or keep it for 2-3 days in a bag or up to germination. Sprinkle water on the bags till germination. When the seed is germinated, it is ready for sowing in nursery.

Growing Mat Type Nursery-
For growing mat type nursery, collect up to 5-6 cm deep soil of upper surface. Convert it in to fine tilth and filter by a sieve. In the area where nursery is to be prepared, apply puddler followed by leveling and drain the water from the field and leave in at such for a day or two so that a thin layer is formed at the surface. Now, prepare 2-3 cm high bund using wooden pieces of required length in 1 meter width in this area and spread 1 cm high sieved soil to make flat bed in the area and broadcast 800-1000 gm germinated seed per square meter. Now, spread some sieved soil on the seed in such a way that the seed is covered. Then cover the nursery with straw. Sprinkle water up to 4-5 days and do not use fertilizer in the nursery.
 
Planting-
15 days old nursery is uprooted with the help of scrapper (pieces of 20-50 cm) in such a way that a thick layer of sieved soil also comes out with the plant. Keep these pieces in the tray of paddy transplanter. Push the handle of the machine towards the earth gently. By doing so, 6 picker will cut the pieces in to slices and plant at 6 places in the field. Then, pull the handle towards yourself and move backward to such distance as you want to keep distance between the plants (normally 10 cm). Again gently push the handle of the machine downward. Repeat this process again. This will complete the planting.

Machine Operation-
The transplanter picks seedlings from the mat and plants them at predetermined spacing. Most machines offer adjustable spacing options: 20-25 cm between rows and 12-18 cm between plants within rows. Operating speed is typically 0.2-0.5 acres per hour depending on field conditions and machine type. Planting depth is usually maintained at 2-3 cm.
 
 Advantages-
 1. Reduces labor requirement by 90-95% compared to manual transplanting
 2. Ensures uniform spacing and depth, leading to better crop establishment
 3. Reduces transplanting time from 200-250 man-hours per acre to 8-10 hours
 4. Maintains optimal plant population (30-35 hills per square meter)
 5. Enables timely transplanting, crucial for maximizing yield
 6. Reduces physical drudgery, especially for women laborers
 7. Cost-effective in the long run with savings in labor costs
 
Cost and Availability- 
Manual Transplanter cost approximately ₹15000 to 50000+, Walk-Behind (4–6 row) ₹3–3.5 lakh, Riding-Type (6–8 row) ₹10–15 lakh and Premium Riding-Type Up to ₹19.84 lakh Government subsidies of 40-50% are available under various schemes like Sub-Mission on Agricultural Mechanization (SMAM). Custom Hiring Centers (CHCs) also provide these machines on rental basis at 800-1,200 Rs. per acre.
 
Maintenance-
Regular cleaning after each use, proper lubrication of moving parts, and timely replacement of wear-and-tear components ensure longevity. Store the machine in a dry, covered place during off-season.
 
Yield Impact-
Proper machine transplanting with uniform spacing and depth can increase paddy yields by 10-15% compared to random manual transplanting, while also improving grain quality and reducing lodging problems.
 
 For further guidance or clarification, farmers are advised to contact the nearest Krishi Vigyan Kendra (KVK) or local agricultural extension officer."
https://workdrive.zoho.in/file/p7iy5ba8ae051ac244a598117347aa7677003,6958a1ff28ae67127339d532,6958962185e5253473bfb33f,Provide information regarding the paddy transplanting machine,"A paddy transplanting machine is a specialized agricultural equipment designed to automate the process of planting rice seedlings in flooded paddy fields, replacing the traditional labor-intensive manual transplanting method. This mechanization significantly improves efficiency and reduces the time and effort required for transplanting operations.
 
Types of Paddy Transplanters-
There are primarily two types available in India: (1) Riding type transplanters - operated by sitting on the machine, suitable for larger fields (above 2 acres), and (2) Walking type transplanters - operator walks behind the machine, ideal for smaller fields (0.5 to 2 acres). Self-propelled models with 4-8 rows capacity are most common in regions like Uttar Pradesh.
Six line paddy transplanter is hand driven and eight lines transplanter is power driven machine. 

Use of Paddy Transplanter in planting of paddy-
Planting by this machine requires mat type nursery. Germinated seed of paddy is used in the nursery. Distance between 2 rows is fixed at 20 cm by this machine. 50 kg per hectare seed or 20 kg per acre seed is required for planting at a distance of 20-10 cm. Best germination is obtained at 30 degree Celsius. Soak the seed of paddy in water for 24 hours and keep it covered in the shade or keep it for 2-3 days in a bag or up to germination. Sprinkle water on the bags till germination. When the seed is germinated, it is ready for sowing in nursery.

Growing Mat Type Nursery-
For growing mat type nursery, collect up to 5-6 cm deep soil of upper surface. Convert it in to fine tilth and filter by a sieve. In the area where nursery is to be prepared, apply puddler followed by leveling and drain the water from the field and leave in at such for a day or two so that a thin layer is formed at the surface. Now, prepare 2-3 cm high bund using wooden pieces of required length in 1 meter width in this area and spread 1 cm high sieved soil to make flat bed in the area and broadcast 800-1000 gm germinated seed per square meter. Now, spread some sieved soil on the seed in such a way that the seed is covered. Then cover the nursery with straw. Sprinkle water up to 4-5 days and do not use fertilizer in the nursery.
 
Planting-
15 days old nursery is uprooted with the help of scrapper (pieces of 20-50 cm) in such a way that a thick layer of sieved soil also comes out with the plant. Keep these pieces in the tray of paddy transplanter. Push the handle of the machine towards the earth gently. By doing so, 6 picker will cut the pieces in to slices and plant at 6 places in the field. Then, pull the handle towards yourself and move backward to such distance as you want to keep distance between the plants (normally 10 cm). Again gently push the handle of the machine downward. Repeat this process again. This will complete the planting.

Machine Operation-
The transplanter picks seedlings from the mat and plants them at predetermined spacing. Most machines offer adjustable spacing options: 20-25 cm between rows and 12-18 cm between plants within rows. Operating speed is typically 0.2-0.5 acres per hour depending on field conditions and machine type. Planting depth is usually maintained at 2-3 cm.
 
 Advantages-
 1. Reduces labor requirement by 90-95% compared to manual transplanting
 2. Ensures uniform spacing and depth, leading to better crop establishment
 3. Reduces transplanting time from 200-250 man-hours per acre to 8-10 hours
 4. Maintains optimal plant population (30-35 hills per square meter)
 5. Enables timely transplanting, crucial for maximizing yield
 6. Reduces physical drudgery, especially for women laborers
 7. Cost-effective in the long run with savings in labor costs
 
Cost and Availability- 
Manual Transplanter cost approximately ₹15000 to 50000+, Walk-Behind (4–6 row) ₹3–3.5 lakh, Riding-Type (6–8 row) ₹10–15 lakh and Premium Riding-Type Up to ₹19.84 lakh Government subsidies of 40-50% are available under various schemes like Sub-Mission on Agricultural Mechanization (SMAM). Custom Hiring Centers (CHCs) also provide these machines on rental basis at 800-1,200 Rs. per acre.
 
Maintenance-
Regular cleaning after each use, proper lubrication of moving parts, and timely replacement of wear-and-tear components ensure longevity. Store the machine in a dry, covered place during off-season.
 
Yield Impact-
Proper machine transplanting with uniform spacing and depth can increase paddy yields by 10-15% compared to random manual transplanting, while also improving grain quality and reducing lodging problems.
 
 For further guidance or clarification, farmers are advised to contact the nearest Krishi Vigyan Kendra (KVK) or local agricultural extension officer."
https://workdrive.zoho.in/file/p7iy5058a963d66e14be796415934e7851bea,6958b1e328ae67127339d5b3,6958962185e5253473bfb34b,Information regarding the application of Blue-Green Algae in Paddy crop,"Blue-Green Algae (BGA), also known as cyanobacteria, is an excellent biological nitrogen-fixing agent that plays a crucial role in improving soil fertility and reducing chemical nitrogen fertilizer requirements in paddy cultivation. This eco-friendly bio-fertilizer has been proven highly effective in rice-growing regions across India, including Uttar Pradesh.
Blue-green algae (BGA) have been found to be an easily available and economically cheap resource material for production and use as biofertilizers. These are free-living, photoautotrophic micro-organisms, many of which also ﬁx atmospheric nitrogen and are found in abundance in rice ﬁelds. Since water is a necessity for these organisms to grow and metabolise and ﬁx nitrogen, the BGA technology works very eﬀectively in paddy ﬁelds.
 
Blue-Green Algae are photosynthetic microorganisms that can fix atmospheric nitrogen directly from the air and convert it into plant-available forms. When applied to flooded rice fields, these algae colonize the water surface and soil, continuously fixing nitrogen throughout the growing season. They can fix approximately 20-30 kg nitrogen per hectare (8 to 10 kg per acre) during the crop season, which significantly reduces the need for chemical nitrogen fertilizers.
BGA ﬁx atmospheric nitrogen and supply it to plants thereby having the capacity to reduce the consumption of urea. Thus, the adoption pattern of BGA technology was examined along with the human behavior through socio-economic indica-tors which motivate farmers to adopt the new technologies. The information on education status, family structure of the sampled households, source of information, awareness, size to these categories were applying the BGA. This category was risk-taking and aggressive to adopt the new technologies owing to tenacious involvement in agriculture activities to sustain their livelihood. 

Soil Testing and Preparation: Before applying BGA, ensure your soil pH is between 6.0-7.5, as this range is optimal for algal growth. The field should be properly leveled to maintain uniform water depth. A soil test will help determine the baseline nitrogen levels and guide overall fertilizer management.
 
Organic Matter Integration: Incorporating well-decomposed Farmyard Manure (FYM) at 4-6 tonnes per acre or vermicompost at 0.8-1.0 tonnes per acre before transplanting provides an excellent organic base that complements BGA application. This organic matter improves soil structure and provides additional nutrients for crop growth.
 
Application Method and Timing: Blue-Green Algae should be applied 7-10 days after transplanting paddy seedlings. The recommended dose is 4-5 kg per acre (10-12 kg per hectare). At the time of application, maintain standing water of 4-5 cm depth in the field. The algae can be applied by broadcasting them uniformly over the water surface, either in dried flake form or as a slurry mixed with soil. For better results, divide the BGA into small packets wrapped in paper and distribute them across the field. The packets dissolve in water, releasing the algae evenly.
 
NPK Fertilizer Management: When using BGA, you can reduce nitrogen application by 20-25%. For a typical paddy crop, apply 45-50 kg Nitrogen, 24 kg Phosphorus (P₂O₅), and 24 kg Potassium (K₂O) per acre. Apply full Phosphorus and Potassium as basal dose at the time of transplanting using Single Super Phosphate and Muriate of Potash. Split nitrogen application into 2-3 doses: 50% at basal, 25% at tillering stage, and 25% at panicle initiation stage.
 
Micronutrients: In case of Zinc deficiency (indicated by brown spots on leaves), apply Zinc Sulphate at 10 kg per acre either as soil application or foliar spray at 0.5% concentration. Iron deficiency can be corrected with Ferrous Sulphate foliar spray at 0.5% concentration.
 
Protective Gear for Chemical Fertilizer Application: When handling and applying chemical fertilizers, farmers should wear chemical-resistant gloves to prevent skin contact, a face mask to avoid inhaling dust particles, long-sleeved shirts and full pants as protective clothing, and ensure safe handling by washing hands thoroughly after application. Store fertilizers in a cool, dry place away from children, animals, and food items.
 
Safety Guidelines: Follow recommended fertilizer doses strictly to prevent environmental contamination and crop damage. Apply fertilizers during calm weather to ensure proper distribution. Avoid over-application of nitrogen which can cause lodging and pest problems. Maintain proper water management as BGA requires standing water for optimal growth and nitrogen fixation.
 
Important Precautions: Do not drain water from the field for at least 7-10 days after BGA application to allow proper algal establishment. Avoid applying pesticides immediately after BGA application as they may kill the beneficial algae. Maintain water depth at 5-8 cm for the first 2-3 weeks after application.
 
For further guidance or clarification, farmers are advised to contact the nearest Krishi Vigyan Kendra (KVK) or local agricultural extension officer."
https://workdrive.zoho.in/file/p7iy5b698db187fb9416791821368a09922cc,6958b1e328ae67127339d5b3,6958962185e5253473bfb34b,Information regarding the application of Blue-Green Algae in Paddy crop,"Blue-Green Algae (BGA), also known as cyanobacteria, is an excellent biological nitrogen-fixing agent that plays a crucial role in improving soil fertility and reducing chemical nitrogen fertilizer requirements in paddy cultivation. This eco-friendly bio-fertilizer has been proven highly effective in rice-growing regions across India, including Uttar Pradesh.
Blue-green algae (BGA) have been found to be an easily available and economically cheap resource material for production and use as biofertilizers. These are free-living, photoautotrophic micro-organisms, many of which also ﬁx atmospheric nitrogen and are found in abundance in rice ﬁelds. Since water is a necessity for these organisms to grow and metabolise and ﬁx nitrogen, the BGA technology works very eﬀectively in paddy ﬁelds.
 
Blue-Green Algae are photosynthetic microorganisms that can fix atmospheric nitrogen directly from the air and convert it into plant-available forms. When applied to flooded rice fields, these algae colonize the water surface and soil, continuously fixing nitrogen throughout the growing season. They can fix approximately 20-30 kg nitrogen per hectare (8 to 10 kg per acre) during the crop season, which significantly reduces the need for chemical nitrogen fertilizers.
BGA ﬁx atmospheric nitrogen and supply it to plants thereby having the capacity to reduce the consumption of urea. Thus, the adoption pattern of BGA technology was examined along with the human behavior through socio-economic indica-tors which motivate farmers to adopt the new technologies. The information on education status, family structure of the sampled households, source of information, awareness, size to these categories were applying the BGA. This category was risk-taking and aggressive to adopt the new technologies owing to tenacious involvement in agriculture activities to sustain their livelihood. 

Soil Testing and Preparation: Before applying BGA, ensure your soil pH is between 6.0-7.5, as this range is optimal for algal growth. The field should be properly leveled to maintain uniform water depth. A soil test will help determine the baseline nitrogen levels and guide overall fertilizer management.
 
Organic Matter Integration: Incorporating well-decomposed Farmyard Manure (FYM) at 4-6 tonnes per acre or vermicompost at 0.8-1.0 tonnes per acre before transplanting provides an excellent organic base that complements BGA application. This organic matter improves soil structure and provides additional nutrients for crop growth.
 
Application Method and Timing: Blue-Green Algae should be applied 7-10 days after transplanting paddy seedlings. The recommended dose is 4-5 kg per acre (10-12 kg per hectare). At the time of application, maintain standing water of 4-5 cm depth in the field. The algae can be applied by broadcasting them uniformly over the water surface, either in dried flake form or as a slurry mixed with soil. For better results, divide the BGA into small packets wrapped in paper and distribute them across the field. The packets dissolve in water, releasing the algae evenly.
 
NPK Fertilizer Management: When using BGA, you can reduce nitrogen application by 20-25%. For a typical paddy crop, apply 45-50 kg Nitrogen, 24 kg Phosphorus (P₂O₅), and 24 kg Potassium (K₂O) per acre. Apply full Phosphorus and Potassium as basal dose at the time of transplanting using Single Super Phosphate and Muriate of Potash. Split nitrogen application into 2-3 doses: 50% at basal, 25% at tillering stage, and 25% at panicle initiation stage.
 
Micronutrients: In case of Zinc deficiency (indicated by brown spots on leaves), apply Zinc Sulphate at 10 kg per acre either as soil application or foliar spray at 0.5% concentration. Iron deficiency can be corrected with Ferrous Sulphate foliar spray at 0.5% concentration.
 
Protective Gear for Chemical Fertilizer Application: When handling and applying chemical fertilizers, farmers should wear chemical-resistant gloves to prevent skin contact, a face mask to avoid inhaling dust particles, long-sleeved shirts and full pants as protective clothing, and ensure safe handling by washing hands thoroughly after application. Store fertilizers in a cool, dry place away from children, animals, and food items.
 
Safety Guidelines: Follow recommended fertilizer doses strictly to prevent environmental contamination and crop damage. Apply fertilizers during calm weather to ensure proper distribution. Avoid over-application of nitrogen which can cause lodging and pest problems. Maintain proper water management as BGA requires standing water for optimal growth and nitrogen fixation.
 
Important Precautions: Do not drain water from the field for at least 7-10 days after BGA application to allow proper algal establishment. Avoid applying pesticides immediately after BGA application as they may kill the beneficial algae. Maintain water depth at 5-8 cm for the first 2-3 weeks after application.
 
For further guidance or clarification, farmers are advised to contact the nearest Krishi Vigyan Kendra (KVK) or local agricultural extension officer."
https://workdrive.zoho.in/file/j15l48fcab2d70f314ceba62c8e67b28a0312,695b4eaf28ae67127339db5b,695b38a328ae67127339d9c1,What is the dose of Furadan insecticide in Paddy crop?,"For paddy crop, Furadan (Carbofuran 3% CG) from Crystal Crop Protection is recommended to control pests like Brown Plant Hopper (BPH), Gall midge, Green leaf hopper and Hispa. The recommended dose of Furadan in paddy is 10 kg per acre applied as a soil application or broadcasting before or at the time of pest attack, following label instructions carefully. This insecticide provides broad-spectrum, systemic action against both soil and foliage pests, helping protect the crop effectively when used as per guidelines. Always read the product label and leaflet for exact instructions and safety precautions before use.
 
 For further guidance or clarification, farmers are advised to contact the nearest Krishi Vigyan Kendra (KVK) or local agricultural extension officer."
https://workdrive.zoho.in/file/wqwyd02dc168916fc43b0a6e63233bfc1ecb2,695b913228ae67127339de48,695b38a328ae67127339d9ae,Information about the use of dharti gold fertilizer in Paddy crop ,"Dharti Gold is a bio-fertilizer used in paddy to improve soil fertility, nutrient availability, and crop growth. It contains plant growth promoters, VAM, humic acid, potassium humate, enzymes, seaweed extracts, micronutrients, and organic proteins, which support healthy soil and plants.

It improves soil organic matter, microbial activity, and water retention, promotes better root growth and yield, enhances stress tolerance, and is eco-friendly and biodegradable, making it suitable for sustainable rice cultivation.

Application Rate and Method :
For paddy crops, Field Application: 4–8 kg per acre, depending on soil condition and crop type. This bio-fertilizer should be applied at the time of final land preparation or mixed with farmyard manure before broadcasting in the field. The product can also be applied during transplanting by mixing it with the soil near the root zone of seedlings. Bio-fertilizers work best when applied in moist soil conditions, which are naturally present in paddy fields.
 
Complementary Organic Inputs :
To maximize the benefits of bio-fertilizers, incorporate well-decomposed farmyard manure (FYM) at 40-50 quintal per acre or vermicompost at 20-30 quintal per acre before transplanting. Green manuring with dhaincha or sesbania (grown for 40-45 days and then incorporated into soil) is an excellent practice that enriches soil with organic matter and nitrogen. These organic inputs work synergistically with bio-fertilizers to improve soil structure and microbial activity.
 
Best Practices :
Maintain a water depth of 5-7 cm in the paddy field during the active growth period. Ensure proper weed management through manual weeding or herbicide application at appropriate stages. Monitor the crop regularly for any nutrient deficiency symptoms and take corrective measures promptly.
 
Farmers are advised to get soil test done before applying any fertilizers. For further guidance or clarification, farmers are advised to contact the nearest Krishi Vigyan Kendra (KVK) or local agricultural extension officer."
https://workdrive.zoho.in/file/j15l4b0db532c73fd4af3970749afd14566c0,695ca32ab4938aec8001b530,695c8f01b4938aec8001b3e6,"How can farmers sell their rice (paddy) crop?
","The Government of India, through the Food Corporation of India (FCI) and state food and civil supplies departments, operates a Minimum Support Price (MSP) procurement system for paddy. This scheme ensures farmers receive fair prices for their produce and provides food security to the nation. Understanding the selling process, documentation, and contact points is crucial for maximizing returns from your paddy harvest.
 
Minimum Support Price (MSP):
The Central Government announces MSP for paddy before each sowing season. For the 2024-25 marketing season, the MSP for common paddy is ‚Rs.2,300 per quintal and for Grade A variety is ‚Rs.2,320 per quintal. MSP serves as a floor price below which market prices should not fall, protecting farmers from distress sales.
 
Procurement Process:
Farmers can sell their paddy at designated procurement centers (mandis) established by the state government. The paddy must meet quality specifications including moisture content (not exceeding 17%), minimum 80% milling outturn, and be free from admixture and damaged grains. Farmers should ensure proper cleaning and drying of paddy before selling to procurement centers.
 
 Required Documentation:
 To sell paddy under government procurement, farmers need:
 - Land ownership documents (Khatauni/Khasra)
 - Aadhaar card
 - Bank account details linked to Aadhaar
 - Token from the procurement center
 - Farmer registration number
 
 Registration and Token System:
 Most states have implemented online registration systems. Farmers must register themselves on the state procurement portal, providing crop details, expected yield, and harvesting schedule. After registration, farmers receive tokens specifying the date and procurement center where they can bring their produce.
 
 Payment Mechanism:
 Payment is directly transferred to the farmer's bank account within 48-72 hours of procurement. This Direct Benefit Transfer (DBT) system ensures transparency and eliminates middlemen. Farmers should verify their bank account details during registration to avoid payment delays.
 
 Contact Information for Uttar Pradesh:
 For specific information about paddy procurement in Uttar Pradesh, particularly in Fatehpur district:
 - Food and Civil Supplies Department Toll-Free Number: 1800-1800-150
 - District Agriculture Officer, Fatehpur: Contact for registration and grievance redressal
 - State Procurement Portal: Check the Uttar Pradesh Food and Civil Supplies Department website for online registration
 
 Alternative Marketing Channels:
 Besides government procurement, farmers can explore:
 - Selling to private rice millers
 - E-NAM (National Agriculture Market) platform for better price discovery
 - Farmer Producer Organizations (FPOs) for collective bargaining
 - Direct marketing to bulk buyers
 
 Grievance Redressal:
 If you face any issues regarding procurement, token allocation, quality disputes, or payment delays, immediately contact:
 - District Agriculture Officer of your district
 - Food and Civil Supplies Department helpline: 1800-1800-150
 - State agriculture department portal for online complaints
 
 Best Practices:
 - Plan harvesting according to token dates
 - Ensure proper moisture content (below 17%)
 - Clean the paddy thoroughly before taking to procurement centers
 - Keep all documents ready
 - Verify bank account linking before procurement season
 - Stay updated about MSP announcements and policy changes
 
 For further guidance or clarification, farmers are advised to contact the nearest Krishi Vigyan Kendra (KVK) or local agricultural extension officer."
https://workdrive.zoho.in/file/f9h0v40d2644ce46a4403a47a39cb290a0052,695ca556b4938aec8001b576,695c9873b4938aec8001b4a2,Information About use of weedicide with Born ?,"The practice of mixing weedicides (herbicides) with boron micronutrients for simultaneous application in paddy cultivation is NOT RECOMMENDED and should be avoided. This is an important consideration for farmers seeking to optimize their crop management practices while ensuring safety and efficacy.
Always perform a jar test to check the compatibility.
Mix small quantities of the herbicide + boron + 500 ml water in a jar.
Look for precipitation, clumping, or separation over 15–30 minutes. If any occurs, do not mix in the field.
Paddy cultivation does not have any recommendations for mixing herbicides with Boron as per the Uttar Pradesh Package of Practices. Therefore, it is recommended to apply herbicides as per the label and as per the instructions set forth by the Government of Uttar Pradesh. In the event of a micronutrient deficiency, an application of micronutrients should be made if there is symptomology present and if so advised by the Agriculture Department or KVK. Mixing herbicides and micronutrients should be avoided unless specified by the manufacturer or recommended by specialists.
"
https://workdrive.zoho.in/file/f9h0v0a252c817ee246dcb0b4e5a9758cf6fb,695ca887b4938aec8001b5ad,695c99cdb4938aec8001b4bd,Information about 54 77 varieties of rice..?,"The 5477 variety of rice (paddy) is a medium-duration variety well-suited for cultivation in Uttar Pradesh and similar agro-climatic zones of Northern India. This variety has gained popularity among farmers due to its excellent grain quality, disease resistance, and good market value.
 
Regional Suitability: The 5477 rice variety is particularly suitable for the Eastern Uttar Pradesh region, including Faizabad district and surrounding areas. It performs well in the Indo-Gangetic plains where adequate water availability and proper soil conditions exist.
 
Season and Duration: This is a Kharif season variety that requires 135 days from transplanting to maturity. Duration of the variety may vary by 7-10 days depending on soil type, climatic conditions, agronomic practices and season. The medium duration makes it suitable for timely sowing and harvesting, allowing farmers to plan subsequent crops effectively. Transplanting should ideally be done in late June to early July after the onset of the monsoon.
 
Water Requirements: Being a paddy variety, 5477 requires consistent water availability throughout its growth period. The field should be maintained with 5-7 cm of standing water during the vegetative and reproductive stages. Water can be drained 10-15 days before harvesting to facilitate easy harvesting operations.
 
Recommended Varieties: For the Faizabad region, apart from 5477, farmers can also consider varieties like Pusa Basmati 1509 (120-125 days), Pusa 44 (145-150 days), and Sarjoo 52 (145-150 days) based on their specific requirements and water availability.
 
Key Traits: The 5477 variety is known for its superior grain quality with medium-slender grains that have good cooking characteristics. The grains are non-sticky when cooked, and the variety commands a premium price in the market due to its quality. The plant height is medium (90-100 cm), which reduces lodging risk.
 
Disease and Pest Resistance: One of the significant advantages of the 5477 variety is its resistance to major rice diseases, including False Smut (caused by Ustilaginoidea virens) and Sheath Rot (caused by Sarocladium oryzae). However, regular monitoring for Bacterial Leaf Blight and stem borers is recommended. Tolerant to Blast, BLB & BPH, tolerant to lodging.
 
Seed Source: Farmers should procure certified seeds from authorized sources such as State Seed Corporation outlets, National Seeds Corporation, or certified private seed companies. Seeds from the State Department of Agriculture seed stores or Krishi Vigyan Kendras ensure genetic purity and good germination rates.
 
For further guidance or clarification, farmers are advised to contact the nearest Krishi Vigyan Kendra (KVK) or local agricultural extension officer."
https://workdrive.zoho.in/file/095h55db3fbe14f834675afa9459eaa51f31f,695e4c9d770b5fe9194c77e4,695e48f6770b5fe9194c7739,Give information about hybrid paddy seed rate direct method ?,"Direct seeding of hybrid paddy is an alternative cultivation method where seeds are sown directly in the field without nursery transplantation. This method is gaining attention due to labour shortages and the need for resource conservation, though it requires careful management for successful establishment.
 
Hybrid paddy under the direct seeding of rice (DSR) method requires a lower seed rate compared to inbred varieties because hybrids have higher seedling vigour and tillering ability. For direct-seeded rice (DSR), the recommended seed rate of hybrid varieties typically ranges from 8-10 kg per hectare (3-4 kg/acre) when using drum seeders or precise metering equipment to ensure optimal plant density and reduce costs. Maintaining this optimum seed rate helps avoid overcrowding, ensures proper aeration and nutrient availability, and ultimately improves the yield performance of hybrid rice. These recommendations are based on agronomic research and extension guidelines issued by ICAR and State Agricultural Universities, which consistently report that excessive seed rates in hybrid rice reduce tillering and yield efficiency. For the transplanting method, 6–8 kg of hybrid seed is sufficient per acre.
 
 If you would like more information or clarification, farmers are advised to contact the nearest Krishi Vigyan Kendra (KVK) or local agricultural extension officer.
"
https://workdrive.zoho.in/file/a7d218d05ca2b0d7d4e94979b29b7d19c43d8,695f9eab324d4e642adc96d1,6958962185e5253473bfb34d,How to control Red Earthworm in Paddy crop?,"Red earthworms (often Eisenia fetida) and similar species provide significant benefits to paddy (rice) crops by enhancing soil fertility, improving soil physical structure, and increasing nutrient availability. Their activities can lead to higher rice yields (reported up to 15%–45% increases in specific studies). 
Key benefits of red earthworms for paddy crops include:

Increased Nutrient Availability: Earthworms break down organic matter (dead roots, leaves, manure) and convert it into nutrient-rich castings (vermicompost). These castings are rich in humic acids, nitrogen, phosphorus, and potassium, which are easily absorbed by rice roots.
Improved Soil Structure and Aeration: Through their burrowing activity, earthworms increase soil porosity (from 8% to 30%) and aggregate stability, ensuring better aeration and reducing the formation of anaerobic layers in paddy fields.
Enhanced Water Management: Their tunnels improve water infiltration and drainage, with research indicating water can penetrate 2 to 10 times faster in soils with earthworm activity.
Boosted Growth and Yield: Studies show that earthworm inoculation can significantly increase rice yield (by over 40% in some cases). They promote better root development and increase the number of tillers.
Increased Silicon Availability: Earthworm activity, particularly in paddy fields, increases the concentration of plant-available silicon (Si) in the soil, which helps rice grow stronger and resist environmental stress.
Disease and Pest Suppression: The increased microbial activity in worm castings (10-20 times higher than surrounding soil) and the production of specific enzymes (chitinase) help suppress soil-borne pathogens and pests.
Soil Amendment: Vermicompost produced by these worms acts as a sustainable, natural fertilizer, reducing reliance on expensive chemical inputs. 
Notes on Implementation:
Species Matters: While red wigglers (Eisenia fetida) are excellent for composting, in flooded (lowland) paddy fields, semi-aquatic species like Glyphidrilus sp. are often more effective as they are adapted to submerged environments.
Optimal Conditions: Earthworms require moist soil to thrive and prefer high organic matter content. They are generally not active when the soil is too dry or extremely cold. 

Bloodworms, the larval stage of chironomid midges, are emerging pests in paddy fields, particularly in the northern Indian states including Uttar Pradesh. These reddish-colored larvae inhabit waterlogged paddy fields and can cause significant damage to young rice plants. Description and Damage Symptoms: Bloodworms are small, slender, red-colored larvae (5-10 mm long) that live in muddy water and feed on the roots and lower portions of rice seedlings. They are most active during the early vegetative stage of paddy. The damage symptoms include yellowing and wilting of young plants, stunted growth, reduced tillering, and in severe cases, complete death of seedlings. The affected plants can be easily pulled out from the soil as their root systems become damaged. Infestations are more severe in fields with excessive standing water and high organic matter content. Severity Assessment: The severity of bloodworm infestation depends on the population density and crop growth stage. Early-stage infestations (up to 15-20 days after transplanting) are most damaging. Moderate to severe infestations can reduce plant stand by 20-30%, directly impacting final yield. Fields with continuous waterlogging and poor drainage are at higher risk. Integrated Pest Management: For Severe Infestations: When bloodworm populations exceed economic threshold levels, apply Carbofuran 3% Granules (CG) at 8-10 kg per acre by broadcasting uniformly in standing water. Alternatively, use Cartap Hydrochloride 4% Granules at 10 kg per acre. Apply these granular insecticides 15-20 days after transplanting when standing water (5-7 cm depth) is present in the field. Maintain water level for 3-4 days after application for effective control. The Pre-Harvest Interval (PHI) for Carbofuran is 21 days, meaning no harvesting should occur within 21 days of application. For Initial/Preventive Management: - Proper field preparation: Avoid excessive standing water; maintain 2-3 cm water depth initially - Good drainage management to prevent waterlogging - Use of well-decomposed farmyard manure instead of fresh organic matter - Timely transplanting of healthy, vigorous seedlings - Encourage natural predators like aquatic beetles and dragonfly nymphs - Apply neem cake at 100 kg per acre during final land preparation Protective Gear (Mandatory for Chemical Application): When handling and applying granular insecticides, farmers must wear: - Chemical-resistant gloves to protect hands - Face mask or respirator to avoid inhalation - Protective clothing including long-sleeved shirts and full pants - Boots for walking in standing water - Wash hands and exposed skin thoroughly with soap after application - Store chemicals in locked areas away from children, animals, and food items Safety Disclaimer: Strictly follow the recommended doses of 8-10 kg per acre; do not exceed this quantity. Observe the Pre-Harvest Interval of 21 days before harvesting. Avoid application during heavy rainfall or when strong winds are expected. Do not mix different insecticides unless specifically recommended. Dispose of empty containers safely by burying or returning to collection centers. Keep emergency contact numbers of local health centers readily available. Never eat, drink, or smoke during chemical handling and application. Cultural Practices: Monitor fields regularly during early crop stages. Drain excess water temporarily if severe infestation is observed. Maintain optimum water levels (5-7 cm) after establishment. Practice crop rotation with non-paddy crops to break pest cycles. For further guidance or clarification, farmers are advised to contact the nearest Krishi Vigyan Kendra (KVK) or local agricultural extension officer."
https://workdrive.zoho.in/file/a7d21123b1292d9ef4b0bbb565560d62b6896,695f9eab324d4e642adc96d1,6958962185e5253473bfb34d,How to control Red Earthworm in Paddy crop?,"Red earthworms (often Eisenia fetida) and similar species provide significant benefits to paddy (rice) crops by enhancing soil fertility, improving soil physical structure, and increasing nutrient availability. Their activities can lead to higher rice yields (reported up to 15%–45% increases in specific studies). 
Key benefits of red earthworms for paddy crops include:

Increased Nutrient Availability: Earthworms break down organic matter (dead roots, leaves, manure) and convert it into nutrient-rich castings (vermicompost). These castings are rich in humic acids, nitrogen, phosphorus, and potassium, which are easily absorbed by rice roots.
Improved Soil Structure and Aeration: Through their burrowing activity, earthworms increase soil porosity (from 8% to 30%) and aggregate stability, ensuring better aeration and reducing the formation of anaerobic layers in paddy fields.
Enhanced Water Management: Their tunnels improve water infiltration and drainage, with research indicating water can penetrate 2 to 10 times faster in soils with earthworm activity.
Boosted Growth and Yield: Studies show that earthworm inoculation can significantly increase rice yield (by over 40% in some cases). They promote better root development and increase the number of tillers.
Increased Silicon Availability: Earthworm activity, particularly in paddy fields, increases the concentration of plant-available silicon (Si) in the soil, which helps rice grow stronger and resist environmental stress.
Disease and Pest Suppression: The increased microbial activity in worm castings (10-20 times higher than surrounding soil) and the production of specific enzymes (chitinase) help suppress soil-borne pathogens and pests.
Soil Amendment: Vermicompost produced by these worms acts as a sustainable, natural fertilizer, reducing reliance on expensive chemical inputs. 
Notes on Implementation:
Species Matters: While red wigglers (Eisenia fetida) are excellent for composting, in flooded (lowland) paddy fields, semi-aquatic species like Glyphidrilus sp. are often more effective as they are adapted to submerged environments.
Optimal Conditions: Earthworms require moist soil to thrive and prefer high organic matter content. They are generally not active when the soil is too dry or extremely cold. 

Bloodworms, the larval stage of chironomid midges, are emerging pests in paddy fields, particularly in the northern Indian states including Uttar Pradesh. These reddish-colored larvae inhabit waterlogged paddy fields and can cause significant damage to young rice plants. Description and Damage Symptoms: Bloodworms are small, slender, red-colored larvae (5-10 mm long) that live in muddy water and feed on the roots and lower portions of rice seedlings. They are most active during the early vegetative stage of paddy. The damage symptoms include yellowing and wilting of young plants, stunted growth, reduced tillering, and in severe cases, complete death of seedlings. The affected plants can be easily pulled out from the soil as their root systems become damaged. Infestations are more severe in fields with excessive standing water and high organic matter content. Severity Assessment: The severity of bloodworm infestation depends on the population density and crop growth stage. Early-stage infestations (up to 15-20 days after transplanting) are most damaging. Moderate to severe infestations can reduce plant stand by 20-30%, directly impacting final yield. Fields with continuous waterlogging and poor drainage are at higher risk. Integrated Pest Management: For Severe Infestations: When bloodworm populations exceed economic threshold levels, apply Carbofuran 3% Granules (CG) at 8-10 kg per acre by broadcasting uniformly in standing water. Alternatively, use Cartap Hydrochloride 4% Granules at 10 kg per acre. Apply these granular insecticides 15-20 days after transplanting when standing water (5-7 cm depth) is present in the field. Maintain water level for 3-4 days after application for effective control. The Pre-Harvest Interval (PHI) for Carbofuran is 21 days, meaning no harvesting should occur within 21 days of application. For Initial/Preventive Management: - Proper field preparation: Avoid excessive standing water; maintain 2-3 cm water depth initially - Good drainage management to prevent waterlogging - Use of well-decomposed farmyard manure instead of fresh organic matter - Timely transplanting of healthy, vigorous seedlings - Encourage natural predators like aquatic beetles and dragonfly nymphs - Apply neem cake at 100 kg per acre during final land preparation Protective Gear (Mandatory for Chemical Application): When handling and applying granular insecticides, farmers must wear: - Chemical-resistant gloves to protect hands - Face mask or respirator to avoid inhalation - Protective clothing including long-sleeved shirts and full pants - Boots for walking in standing water - Wash hands and exposed skin thoroughly with soap after application - Store chemicals in locked areas away from children, animals, and food items Safety Disclaimer: Strictly follow the recommended doses of 8-10 kg per acre; do not exceed this quantity. Observe the Pre-Harvest Interval of 21 days before harvesting. Avoid application during heavy rainfall or when strong winds are expected. Do not mix different insecticides unless specifically recommended. Dispose of empty containers safely by burying or returning to collection centers. Keep emergency contact numbers of local health centers readily available. Never eat, drink, or smoke during chemical handling and application. Cultural Practices: Monitor fields regularly during early crop stages. Drain excess water temporarily if severe infestation is observed. Maintain optimum water levels (5-7 cm) after establishment. Practice crop rotation with non-paddy crops to break pest cycles. For further guidance or clarification, farmers are advised to contact the nearest Krishi Vigyan Kendra (KVK) or local agricultural extension officer."
https://workdrive.zoho.in/file/a7d21585217ea379c4ee6b70965c49d9915d5,695f9eab324d4e642adc96d1,6958962185e5253473bfb34d,How to control Red Earthworm in Paddy crop?,"Red earthworms (often Eisenia fetida) and similar species provide significant benefits to paddy (rice) crops by enhancing soil fertility, improving soil physical structure, and increasing nutrient availability. Their activities can lead to higher rice yields (reported up to 15%–45% increases in specific studies). 
Key benefits of red earthworms for paddy crops include:

Increased Nutrient Availability: Earthworms break down organic matter (dead roots, leaves, manure) and convert it into nutrient-rich castings (vermicompost). These castings are rich in humic acids, nitrogen, phosphorus, and potassium, which are easily absorbed by rice roots.
Improved Soil Structure and Aeration: Through their burrowing activity, earthworms increase soil porosity (from 8% to 30%) and aggregate stability, ensuring better aeration and reducing the formation of anaerobic layers in paddy fields.
Enhanced Water Management: Their tunnels improve water infiltration and drainage, with research indicating water can penetrate 2 to 10 times faster in soils with earthworm activity.
Boosted Growth and Yield: Studies show that earthworm inoculation can significantly increase rice yield (by over 40% in some cases). They promote better root development and increase the number of tillers.
Increased Silicon Availability: Earthworm activity, particularly in paddy fields, increases the concentration of plant-available silicon (Si) in the soil, which helps rice grow stronger and resist environmental stress.
Disease and Pest Suppression: The increased microbial activity in worm castings (10-20 times higher than surrounding soil) and the production of specific enzymes (chitinase) help suppress soil-borne pathogens and pests.
Soil Amendment: Vermicompost produced by these worms acts as a sustainable, natural fertilizer, reducing reliance on expensive chemical inputs. 
Notes on Implementation:
Species Matters: While red wigglers (Eisenia fetida) are excellent for composting, in flooded (lowland) paddy fields, semi-aquatic species like Glyphidrilus sp. are often more effective as they are adapted to submerged environments.
Optimal Conditions: Earthworms require moist soil to thrive and prefer high organic matter content. They are generally not active when the soil is too dry or extremely cold. 

Bloodworms, the larval stage of chironomid midges, are emerging pests in paddy fields, particularly in the northern Indian states including Uttar Pradesh. These reddish-colored larvae inhabit waterlogged paddy fields and can cause significant damage to young rice plants. Description and Damage Symptoms: Bloodworms are small, slender, red-colored larvae (5-10 mm long) that live in muddy water and feed on the roots and lower portions of rice seedlings. They are most active during the early vegetative stage of paddy. The damage symptoms include yellowing and wilting of young plants, stunted growth, reduced tillering, and in severe cases, complete death of seedlings. The affected plants can be easily pulled out from the soil as their root systems become damaged. Infestations are more severe in fields with excessive standing water and high organic matter content. Severity Assessment: The severity of bloodworm infestation depends on the population density and crop growth stage. Early-stage infestations (up to 15-20 days after transplanting) are most damaging. Moderate to severe infestations can reduce plant stand by 20-30%, directly impacting final yield. Fields with continuous waterlogging and poor drainage are at higher risk. Integrated Pest Management: For Severe Infestations: When bloodworm populations exceed economic threshold levels, apply Carbofuran 3% Granules (CG) at 8-10 kg per acre by broadcasting uniformly in standing water. Alternatively, use Cartap Hydrochloride 4% Granules at 10 kg per acre. Apply these granular insecticides 15-20 days after transplanting when standing water (5-7 cm depth) is present in the field. Maintain water level for 3-4 days after application for effective control. The Pre-Harvest Interval (PHI) for Carbofuran is 21 days, meaning no harvesting should occur within 21 days of application. For Initial/Preventive Management: - Proper field preparation: Avoid excessive standing water; maintain 2-3 cm water depth initially - Good drainage management to prevent waterlogging - Use of well-decomposed farmyard manure instead of fresh organic matter - Timely transplanting of healthy, vigorous seedlings - Encourage natural predators like aquatic beetles and dragonfly nymphs - Apply neem cake at 100 kg per acre during final land preparation Protective Gear (Mandatory for Chemical Application): When handling and applying granular insecticides, farmers must wear: - Chemical-resistant gloves to protect hands - Face mask or respirator to avoid inhalation - Protective clothing including long-sleeved shirts and full pants - Boots for walking in standing water - Wash hands and exposed skin thoroughly with soap after application - Store chemicals in locked areas away from children, animals, and food items Safety Disclaimer: Strictly follow the recommended doses of 8-10 kg per acre; do not exceed this quantity. Observe the Pre-Harvest Interval of 21 days before harvesting. Avoid application during heavy rainfall or when strong winds are expected. Do not mix different insecticides unless specifically recommended. Dispose of empty containers safely by burying or returning to collection centers. Keep emergency contact numbers of local health centers readily available. Never eat, drink, or smoke during chemical handling and application. Cultural Practices: Monitor fields regularly during early crop stages. Drain excess water temporarily if severe infestation is observed. Maintain optimum water levels (5-7 cm) after establishment. Practice crop rotation with non-paddy crops to break pest cycles. For further guidance or clarification, farmers are advised to contact the nearest Krishi Vigyan Kendra (KVK) or local agricultural extension officer."
https://workdrive.zoho.in/file/f48vv502d09cc08254230a129d3bd0def1e04,695f9eab324d4e642adc96d1,6958962185e5253473bfb34d,How to control Red Earthworm in Paddy crop?,"Red earthworms (often Eisenia fetida) and similar species provide significant benefits to paddy (rice) crops by enhancing soil fertility, improving soil physical structure, and increasing nutrient availability. Their activities can lead to higher rice yields (reported up to 15%–45% increases in specific studies). 
Key benefits of red earthworms for paddy crops include:

Increased Nutrient Availability: Earthworms break down organic matter (dead roots, leaves, manure) and convert it into nutrient-rich castings (vermicompost). These castings are rich in humic acids, nitrogen, phosphorus, and potassium, which are easily absorbed by rice roots.
Improved Soil Structure and Aeration: Through their burrowing activity, earthworms increase soil porosity (from 8% to 30%) and aggregate stability, ensuring better aeration and reducing the formation of anaerobic layers in paddy fields.
Enhanced Water Management: Their tunnels improve water infiltration and drainage, with research indicating water can penetrate 2 to 10 times faster in soils with earthworm activity.
Boosted Growth and Yield: Studies show that earthworm inoculation can significantly increase rice yield (by over 40% in some cases). They promote better root development and increase the number of tillers.
Increased Silicon Availability: Earthworm activity, particularly in paddy fields, increases the concentration of plant-available silicon (Si) in the soil, which helps rice grow stronger and resist environmental stress.
Disease and Pest Suppression: The increased microbial activity in worm castings (10-20 times higher than surrounding soil) and the production of specific enzymes (chitinase) help suppress soil-borne pathogens and pests.
Soil Amendment: Vermicompost produced by these worms acts as a sustainable, natural fertilizer, reducing reliance on expensive chemical inputs. 
Notes on Implementation:
Species Matters: While red wigglers (Eisenia fetida) are excellent for composting, in flooded (lowland) paddy fields, semi-aquatic species like Glyphidrilus sp. are often more effective as they are adapted to submerged environments.
Optimal Conditions: Earthworms require moist soil to thrive and prefer high organic matter content. They are generally not active when the soil is too dry or extremely cold. 

Bloodworms, the larval stage of chironomid midges, are emerging pests in paddy fields, particularly in the northern Indian states including Uttar Pradesh. These reddish-colored larvae inhabit waterlogged paddy fields and can cause significant damage to young rice plants. Description and Damage Symptoms: Bloodworms are small, slender, red-colored larvae (5-10 mm long) that live in muddy water and feed on the roots and lower portions of rice seedlings. They are most active during the early vegetative stage of paddy. The damage symptoms include yellowing and wilting of young plants, stunted growth, reduced tillering, and in severe cases, complete death of seedlings. The affected plants can be easily pulled out from the soil as their root systems become damaged. Infestations are more severe in fields with excessive standing water and high organic matter content. Severity Assessment: The severity of bloodworm infestation depends on the population density and crop growth stage. Early-stage infestations (up to 15-20 days after transplanting) are most damaging. Moderate to severe infestations can reduce plant stand by 20-30%, directly impacting final yield. Fields with continuous waterlogging and poor drainage are at higher risk. Integrated Pest Management: For Severe Infestations: When bloodworm populations exceed economic threshold levels, apply Carbofuran 3% Granules (CG) at 8-10 kg per acre by broadcasting uniformly in standing water. Alternatively, use Cartap Hydrochloride 4% Granules at 10 kg per acre. Apply these granular insecticides 15-20 days after transplanting when standing water (5-7 cm depth) is present in the field. Maintain water level for 3-4 days after application for effective control. The Pre-Harvest Interval (PHI) for Carbofuran is 21 days, meaning no harvesting should occur within 21 days of application. For Initial/Preventive Management: - Proper field preparation: Avoid excessive standing water; maintain 2-3 cm water depth initially - Good drainage management to prevent waterlogging - Use of well-decomposed farmyard manure instead of fresh organic matter - Timely transplanting of healthy, vigorous seedlings - Encourage natural predators like aquatic beetles and dragonfly nymphs - Apply neem cake at 100 kg per acre during final land preparation Protective Gear (Mandatory for Chemical Application): When handling and applying granular insecticides, farmers must wear: - Chemical-resistant gloves to protect hands - Face mask or respirator to avoid inhalation - Protective clothing including long-sleeved shirts and full pants - Boots for walking in standing water - Wash hands and exposed skin thoroughly with soap after application - Store chemicals in locked areas away from children, animals, and food items Safety Disclaimer: Strictly follow the recommended doses of 8-10 kg per acre; do not exceed this quantity. Observe the Pre-Harvest Interval of 21 days before harvesting. Avoid application during heavy rainfall or when strong winds are expected. Do not mix different insecticides unless specifically recommended. Dispose of empty containers safely by burying or returning to collection centers. Keep emergency contact numbers of local health centers readily available. Never eat, drink, or smoke during chemical handling and application. Cultural Practices: Monitor fields regularly during early crop stages. Drain excess water temporarily if severe infestation is observed. Maintain optimum water levels (5-7 cm) after establishment. Practice crop rotation with non-paddy crops to break pest cycles. For further guidance or clarification, farmers are advised to contact the nearest Krishi Vigyan Kendra (KVK) or local agricultural extension officer."
https://workdrive.zoho.in/file/f48vv906303859d7c43c4851ad9f5782a63eb,695f9eab324d4e642adc96d1,6958962185e5253473bfb34d,How to control Red Earthworm in Paddy crop?,"Red earthworms (often Eisenia fetida) and similar species provide significant benefits to paddy (rice) crops by enhancing soil fertility, improving soil physical structure, and increasing nutrient availability. Their activities can lead to higher rice yields (reported up to 15%–45% increases in specific studies). 
Key benefits of red earthworms for paddy crops include:

Increased Nutrient Availability: Earthworms break down organic matter (dead roots, leaves, manure) and convert it into nutrient-rich castings (vermicompost). These castings are rich in humic acids, nitrogen, phosphorus, and potassium, which are easily absorbed by rice roots.
Improved Soil Structure and Aeration: Through their burrowing activity, earthworms increase soil porosity (from 8% to 30%) and aggregate stability, ensuring better aeration and reducing the formation of anaerobic layers in paddy fields.
Enhanced Water Management: Their tunnels improve water infiltration and drainage, with research indicating water can penetrate 2 to 10 times faster in soils with earthworm activity.
Boosted Growth and Yield: Studies show that earthworm inoculation can significantly increase rice yield (by over 40% in some cases). They promote better root development and increase the number of tillers.
Increased Silicon Availability: Earthworm activity, particularly in paddy fields, increases the concentration of plant-available silicon (Si) in the soil, which helps rice grow stronger and resist environmental stress.
Disease and Pest Suppression: The increased microbial activity in worm castings (10-20 times higher than surrounding soil) and the production of specific enzymes (chitinase) help suppress soil-borne pathogens and pests.
Soil Amendment: Vermicompost produced by these worms acts as a sustainable, natural fertilizer, reducing reliance on expensive chemical inputs. 
Notes on Implementation:
Species Matters: While red wigglers (Eisenia fetida) are excellent for composting, in flooded (lowland) paddy fields, semi-aquatic species like Glyphidrilus sp. are often more effective as they are adapted to submerged environments.
Optimal Conditions: Earthworms require moist soil to thrive and prefer high organic matter content. They are generally not active when the soil is too dry or extremely cold. 

Bloodworms, the larval stage of chironomid midges, are emerging pests in paddy fields, particularly in the northern Indian states including Uttar Pradesh. These reddish-colored larvae inhabit waterlogged paddy fields and can cause significant damage to young rice plants. Description and Damage Symptoms: Bloodworms are small, slender, red-colored larvae (5-10 mm long) that live in muddy water and feed on the roots and lower portions of rice seedlings. They are most active during the early vegetative stage of paddy. The damage symptoms include yellowing and wilting of young plants, stunted growth, reduced tillering, and in severe cases, complete death of seedlings. The affected plants can be easily pulled out from the soil as their root systems become damaged. Infestations are more severe in fields with excessive standing water and high organic matter content. Severity Assessment: The severity of bloodworm infestation depends on the population density and crop growth stage. Early-stage infestations (up to 15-20 days after transplanting) are most damaging. Moderate to severe infestations can reduce plant stand by 20-30%, directly impacting final yield. Fields with continuous waterlogging and poor drainage are at higher risk. Integrated Pest Management: For Severe Infestations: When bloodworm populations exceed economic threshold levels, apply Carbofuran 3% Granules (CG) at 8-10 kg per acre by broadcasting uniformly in standing water. Alternatively, use Cartap Hydrochloride 4% Granules at 10 kg per acre. Apply these granular insecticides 15-20 days after transplanting when standing water (5-7 cm depth) is present in the field. Maintain water level for 3-4 days after application for effective control. The Pre-Harvest Interval (PHI) for Carbofuran is 21 days, meaning no harvesting should occur within 21 days of application. For Initial/Preventive Management: - Proper field preparation: Avoid excessive standing water; maintain 2-3 cm water depth initially - Good drainage management to prevent waterlogging - Use of well-decomposed farmyard manure instead of fresh organic matter - Timely transplanting of healthy, vigorous seedlings - Encourage natural predators like aquatic beetles and dragonfly nymphs - Apply neem cake at 100 kg per acre during final land preparation Protective Gear (Mandatory for Chemical Application): When handling and applying granular insecticides, farmers must wear: - Chemical-resistant gloves to protect hands - Face mask or respirator to avoid inhalation - Protective clothing including long-sleeved shirts and full pants - Boots for walking in standing water - Wash hands and exposed skin thoroughly with soap after application - Store chemicals in locked areas away from children, animals, and food items Safety Disclaimer: Strictly follow the recommended doses of 8-10 kg per acre; do not exceed this quantity. Observe the Pre-Harvest Interval of 21 days before harvesting. Avoid application during heavy rainfall or when strong winds are expected. Do not mix different insecticides unless specifically recommended. Dispose of empty containers safely by burying or returning to collection centers. Keep emergency contact numbers of local health centers readily available. Never eat, drink, or smoke during chemical handling and application. Cultural Practices: Monitor fields regularly during early crop stages. Drain excess water temporarily if severe infestation is observed. Maintain optimum water levels (5-7 cm) after establishment. Practice crop rotation with non-paddy crops to break pest cycles. For further guidance or clarification, farmers are advised to contact the nearest Krishi Vigyan Kendra (KVK) or local agricultural extension officer."
https://workdrive.zoho.in/file/kdqtx4dfd470e7ea64a9fb3595fbc4ab09ab6,6961d493720949226b85b99f,6959006428ae67127339d86f,Give information about moss controls in paddy nursery ?,"Moss or algae growth in paddy nurseries is a common problem that occurs due to waterlogged conditions and creates a thick green layer on the soil surface. This problem affects seed germination, seedling emergence, and overall nursery health by blocking sunlight and oxygen from reaching the soil and young plants. Moss (algae) appears as a green slimy layer covering the nursery bed surface. It typically develops in continuously waterlogged nurseries with poor drainage and excessive water stagnation. The moss layer prevents proper aeration, reduces soil temperature, and creates unfavorable conditions for seed germination and seedling growth. Affected seedlings show stunted growth, yellowing of leaves, and poor vigor. In severe cases, seeds may fail to germinate, and emerged seedlings become weak and susceptible to diseases. If moss covers more than 30-40% of the nursery bed surface, immediate control measures are necessary. Initial stages with light moss coverage can be managed through cultural practices, while severe infestations require chemical intervention along with improved water management. If moss infestation is heavy, soil drenching with 1% Bordeaux mixture can also be used. Prepare the solution by mixing 1 kg copper sulphate + 1 kg fresh hydrated lime in 100 litres of water and apply it uniformly in the field. The application should be done during morning or evening hours when temperatures are moderate. Observe a waiting period of 7-10 days before transplanting seedlings to the main field. Improve drainage in the nursery bed to avoid water stagnation, maintain proper water level (1-2 cm) instead of continuous flooding, apply well-decomposed farmyard manure before nursery preparation, ensure adequate spacing between seed lines for better air circulation, remove moss manually by raking the surface gently in small patches, increase seed rate slightly to compensate for poor germination in affected areas, and provide intermittent drying of nursery beds when possible. When handling and applying Copper Sulfate:- Wear chemical-resistant gloves to prevent skin contac - Use face mask or respirator to avoid inhalation of spray mist - Wear protective clothing including long-sleeved shirt and full pants- Use eye protection (goggles or face shield) during mixing and application- Wash hands thoroughly with soap and water after handling- Avoid eating, drinking, or smoking during application- Store chemicals in a cool, dry place away from children, animals, and food items. Observe the recommended waiting period before transplanting. Keep emergency contact numbers readily available during application. For further guidance or clarification, farmers are advised to contact the nearest Krishi Vigyan Kendra (KVK) or local agricultural extension officer."
https://workdrive.zoho.in/file/mwsxe8f515e185d12456ea3ea90d7ac48f0b0,6961dfa9720949226b85ba95,6961d984720949226b85b9f8,What is the recommended dose and application method of poultry manure before transplanting paddy?,"Poultry manure is an excellent organic nutrient source for paddy cultivation that significantly improves soil health, enhances microbial activity and provides essential nutrients for robust crop growth. Proper application of poultry manure before transplanting paddy sets a strong foundation for achieving optimal yields.
 
SOIL TESTING AND PREPARATION :
Before applying poultry manure, conduct a soil test to assess nutrient status, pH levels, and organic carbon content. This helps determine the exact quantity of organic and inorganic fertilizers needed. Poultry manure is rich in nitrogen, phosphorus, potassium, and various micronutrients, making it a valuable amendment for paddy fields.
 
ORGANIC MANURE APPLICATION :
Apply well-decomposed poultry manure at the rate of 1 ton (1000 kg) per acre, 10-15 days before transplanting paddy. The manure should be uniformly broadcast across the field to ensure even distribution of nutrients. Fresh poultry manure should be avoided as it may contain high ammonia levels and pathogens that can harm young seedlings. Well-composted poultry manure not only supplies nutrients gradually but also improves soil structure, water retention capacity, and beneficial microbial population. If poultry manure is not available, farmers can also incorporate 4-5 tons of Farm Yard Manure (FYM) or 2-2.5 tons of vermicompost per acre for enhanced soil fertility.
 
INCORPORATION AND IRRIGATION :
After broadcasting the poultry manure, perform thorough ploughing or rotavation to incorporate the manure into the soil to a depth of 15-20 cm. This ensures proper mixing and prevents nutrient loss through volatilization. Following incorporation, flood the field with water and allow it to stand for 7-10 days. This waterlogging period helps in partial decomposition of organic matter, weed seed germination (which can then be controlled during puddling) and settling of soil particles, creating ideal conditions for transplanting.

PROTECTIVE GEAR AND SAFE HANDLING :
When handling poultry manure, wear protective gloves to avoid direct contact, as it may contain harmful bacteria or parasites. Use a dust mask to prevent inhalation of dust particles, especially when spreading dry manure. Wash hands thoroughly with soap and water after handling. Store poultry manure in covered, well-ventilated areas away from living spaces and water sources.
 
SAFETY GUIDELINES :
Use only well-decomposed poultry manure to avoid crop damage and disease transmission. Follow recommended application rates to prevent nutrient imbalance and environmental pollution. Ensure proper incorporation to minimize nitrogen loss and maximize nutrient use efficiency. Maintain proper timing of application to allow adequate decomposition before transplanting.
 
For further guidance or clarification, farmers are advised to contact the nearest Krishi Vigyan Kendra (KVK) or local agricultural extension officer."
https://workdrive.zoho.in/file/s9262636e1262da8f4bf3a77cb013d67e027b,6961e6f4720949226b85baeb,6961d984720949226b85ba33,What are the best practices for preparing and growing paddy nursery in the field after harvesting Berseem fodder crop?,"Growing paddy nursery after harvesting Berseem (Egyptian clover) is an excellent practice for utilizing vacant land efficiently before the main paddy transplanting season. This practice is particularly beneficial in Uttar Pradesh and similar regions where Berseem is grown as a winter fodder crop. Since Berseem is a legume, it fixes atmospheric nitrogen and leaves the soil rich in organic matter, which significantly boosts the health and vigor of your rice seedlings.
 
SOIL PREPARATION AND FIELD SELECTION:
After harvesting Berseem, proper field preparation is crucial for establishing a healthy paddy nursery. The field should have adequate irrigation facilities, proper drainage systems, and should be located away from shade to ensure sufficient sunlight for seedling growth. The leftover roots and stubble contain nitrogen-fixing nodules; incorporate these into the soil to act as green manure. Plough the field 2-3 times using a harrow or cultivator to achieve a fine tilth. This repeated ploughing helps in proper soil aeration, breaks down residual organic matter, and creates an ideal seedbed for nursery establishment. Perform 2–3 deep ploughing followed by planking (leveling) to create a fine tilth. If you are using the Wet Bed method, puddle the soil by tilling it with standing water to create a soft, muddy base. No extra Farmyard Manure (FYM) is usually needed if the Berseem residue was well-incorporated. The organic matter from decomposed Berseem roots already present in the soil will additionally benefit the nursery. As per UP POP, generally 800–1000-meter square nursery area is required for 1-hectare main field. For a 1-acre main field, you need a nursery area of about 320–400-meter square. 
 
NUTRIENT MANAGEMENT:
Apply fertilizer before sowing based on soil test recommendations. Because Berseem has already enriched the soil with Nitrogen, you can typically reduce the basal Nitrogen application by 15–20% compared to a nursery grown after a cereal crop like wheat. As per UP POP, for nursery sowing in normal condition generally 40 kg Nitrogen, and 20 kg phosphorus is recommended for 1 acre nursery area. To supply these nutrients, apply 44 kg DAP and 70 kg urea for one acre nursery area. Adjust the fertilizer dose based on your required nursery area.

NURSERY BED PREPARATION:
Prepare raised nursery beds of convenient size (typically 1.25 meters wide and 10-15 meters long) with proper spacing between beds for easy movement and irrigation management. Level the beds properly to ensure uniform water distribution during irrigation.
 
WATER MANAGEMENT:
Maintain adequate moisture in the nursery beds throughout the growing period. Initially, provide light irrigation immediately after sowing, and subsequently maintain 2-3 cm standing water once seedlings are established. Proper drainage arrangements prevent waterlogging, which can lead to disease development.
 
ADDITIONAL RECOMMENDATIONS:
The nursery should be ready for transplanting in 25-30 days. Monitor seedlings regularly for any pest or disease symptoms and take appropriate action if needed.
 
For further guidance or clarification, farmers are advised to contact the nearest Krishi Vigyan Kendra (KVK) or local agricultural extension officer."
https://workdrive.zoho.in/file/fukzm8f37d94aaae744baad24f758a2121bbb,6962177e720949226b85bccd,6961f64f720949226b85bba2,What is the price information for Taj paddy seed variety?,"Taj, also known as Shakti Taj, is a hybrid paddy seed variety popular among farmers in Uttar Pradesh for its high yield and disease resistance. It costs Rs. 19/kg. This variety has a crop duration of 105 to 110 days and is suitable for transplanting during the Kharif and Summer seasons, with a spacing of 20 cm x 15 cm. The recommended seed rate is 6 kg per acre, and produces long, slender grains similar to Basmati with strong stems that reduce lodging. Recommended spacing is 20 X 15 cm. 
Seed Quality Verification: When purchasing Taj paddy seeds, ensure: - Seeds are certified and carry proper tagging with batch number, germination percentage, and purity standards - Minimum germination percentage should be 80% or above - Seeds should be free from weed seeds and other crop seeds - Check for proper packaging and storage conditions - Verify the production and packing dates
For further guidance or clarification, farmers are advised to contact the nearest Krishi Vigyan Kendra (KVK) or local agricultural extension officer."
https://workdrive.zoho.in/file/fukzm3c56c23bdc6846ffa5bc22f791b16560,6962177e720949226b85bccd,6961f64f720949226b85bba2,What is the price information for Taj paddy seed variety?,"Taj, also known as Shakti Taj, is a hybrid paddy seed variety popular among farmers in Uttar Pradesh for its high yield and disease resistance. It costs Rs. 19/kg. This variety has a crop duration of 105 to 110 days and is suitable for transplanting during the Kharif and Summer seasons, with a spacing of 20 cm x 15 cm. The recommended seed rate is 6 kg per acre, and produces long, slender grains similar to Basmati with strong stems that reduce lodging. Recommended spacing is 20 X 15 cm. 
Seed Quality Verification: When purchasing Taj paddy seeds, ensure: - Seeds are certified and carry proper tagging with batch number, germination percentage, and purity standards - Minimum germination percentage should be 80% or above - Seeds should be free from weed seeds and other crop seeds - Check for proper packaging and storage conditions - Verify the production and packing dates
For further guidance or clarification, farmers are advised to contact the nearest Krishi Vigyan Kendra (KVK) or local agricultural extension officer."
https://workdrive.zoho.in/file/8o8bp77207417241d4a81bd6e5870b16ca6fe,69624189720949226b85becb,6961d984720949226b85ba14,What information is available about the PB 1847 paddy variety?,"Pusa Basmati 1847 (PB-1847) is a high-yielding, short-duration Basmati rice variety released in 2021. It was developed from Pusa Basmati 1509 using modern breeding (MAS-derived near-isogenic line) to add strong disease resistance while keeping the excellent Basmati quality. This variety is best suited for irrigated and transplanted conditions in the Basmati GI areas of Delhi, Punjab, and Western Uttar Pradesh. PB-1847 matures in about 115–120 days from seed to seed. Nursery sowing should be done from 15 to 30 June, and 21-day-old seedlings are ideal for transplanting. The crop is ready for harvest from mid-October to the end of October. Plants are semi-dwarf (about 110 cm tall), non-lodging, and non-shattering, making them easy to manage and suitable for machine harvesting.

This variety gives an average yield of 5.7 tonnes per hectare, which is about 57 quintals per hectare or around 23 quintals per acre under good management. One of its biggest advantages is its inbuilt resistance to two major rice diseases—bacterial leaf blight and blast. Because of this, you can save money on antibiotics and fungicides and still get a healthy crop. PB-1847 has extra-long, slender grains with excellent cooking elongation, strong Basmati aroma, low chalkiness, and soft, tasty cooked rice. Because of its high yield, disease resistance, and premium grain quality, it is a profitable and reliable Basmati variety for farmers in north-western irrigated areas."
https://workdrive.zoho.in/file/mwsxe87860246d728456a8ccd0b0d4482fc1c,6964b9ead5a7fe262757ac71,6961d984720949226b85ba0e,What is the difference between the SRI (System of Rice Intensification) or Sanda method of paddy transplantation and the general conventional method of transplantation?,"The Sanda method and System of Rice Intensification (SRI) both improve upon conventional paddy transplantation, but they differ in process, inputs, and suitability, especially for Uttar Pradesh farmers. The main difference between the System of Rice Intensification (SRI) and the Sanda method in the timing and number of transplanting steps. While SRI focuses on transplanting very young seedlings, the Sanda method involves double-transplanting older seedlings to make them more resilient to harsh environmental conditions.
 
System of Rice Intensification (SRI) is a resource-saving rice cultivation methodology. In SRI, very young seedlings aged 8–12 days are transplanted to ensure better root development and early establishment. Seedlings are planted at wide and square spacing, usually 25 cm × 25 cm, with only one single seedling per hill. The field is not kept continuously flooded. Instead, Alternate Wetting and Drying (AWD) irrigation is practiced maintaining the soil in a moist but well-aerated condition, which promotes healthy root growth. Since standing water is absent and weeds are not suppressed naturally, a mechanical Cono-weeder is used for weed control. This operation not only manages weeds but also incorporates them into the soil and improves soil aeration. SRI is particularly suitable for farmers who have good control over irrigation and drainage and who aim to reduce seed costs while increasing yield and resource-use efficiency.

Sanda (Double Transplanting) method is common in Eastern UP, and it is a traditional strategy, often used to deal with delayed monsoons or flood-prone areas. It involves preparing a nursery in early May, followed by a dense first transplanting into an intermediate field after 30-45 days, and then a second transplanting into the main field 21-25 days later.​ Generally transplanted in first week of July. Closer spacing is followed, typically 20 cm × 10 cm or 20 cm × 15 cm, to accommodate higher plant density. Two to three seedlings are planted together in each hill to ensure adequate crop stand. The field is generally kept under continuous flooding with a water depth of about 5–10 cm, which helps in suppressing weed growth and maintaining favorable conditions for crop establishment."
https://workdrive.zoho.in/file/2ra2hb3668816b45e4cbeb7633a5d879a1161,6964c4dcd5a7fe262757ad24,6964b943d5a7fe262757ac4a,How should calcium be applied in paddy crop?,"Calcium is an essential secondary nutrient for paddy (rice) cultivation that plays a crucial role in cell wall formation, root development and overall plant vigor. Proper calcium management improves grain quality, strengthens stems and enhances disease resistance in rice crops.
 
SOIL TESTING AND ASSESSMENT :
Before applying calcium, it is recommended to conduct a soil test to determine the existing calcium levels and pH of the soil. This helps in deciding the appropriate dose and timing of calcium application. Paddy crops grow best in slightly acidic to neutral soils (pH 5.5-7.0) and calcium availability varies with soil pH.
 
ORGANIC SOURCES OF CALCIUM:
Organic sources like well-decomposed farmyard manure (FYM), vermicompost and lime can provide calcium naturally. Incorporating 4-5 tonnes of FYM per acre before final land preparation enriches the soil with calcium and other essential nutrients. Green manuring with dhaincha or sesbania also improves calcium availability.
 
SOURCES OF CALCIUM :
Common calcium sources include Calcium Nitrate (contains 19% calcium and 15.5% nitrogen), Calcium Chloride, Calcium Sulfate (Gypsum - Use 80 kg of granular gypsum per acre) and agricultural lime. Calcium nitrate is preferred as it provides both calcium and readily available nitrogen. Other sources such as single superphosphate (13−20% Ca) or triple superphosphate (9−14% Ca) 
 
 PROTECTIVE GEAR AND SAFE HANDLING :
 When handling calcium fertilizers, farmers should wear:
 - Chemical-resistant gloves to protect hands
 - Face mask to avoid dust inhalation
 - Protective clothing with long sleeves and full pants
 - Eye protection (goggles) when preparing spray solutions
 - Wash hands thoroughly after application
 - Store calcium fertilizers in a cool, dry place away from children, animals, and food items
 
 SAFETY GUIDELINES :
 - Follow recommended doses strictly and avoid over-application
 - Do not spray during windy conditions or expected rain
 - Maintain proper spray equipment and calibrate regularly
 - Dispose of empty fertilizer bags properly
 - Avoid mixing calcium with phosphatic fertilizers as it may cause precipitation
 - Ensure proper irrigation management after soil application
 
For further guidance or clarification, farmers are advised to contact the nearest Krishi Vigyan Kendra (KVK) or local agricultural extension officer."
https://workdrive.zoho.in/file/psfdk45de8087d0ba42cc91cd5cee2a0dffb4,696771cf774b35f1baef02c7,69607cd7720949226b85b403,What are the characteristics and details of the Jira-32 paddy variety?,"Jira-32 (Jeera-32 / JR-32) is a premium aromatic paddy variety known for its strong fragrance, fine grain and excellent cooking quality. It is often called the “Queen of non-basmati rice” because of its pleasant aroma, mild taste and soft texture. This variety is mainly grown in Chandauli and Varanasi districts of Uttar Pradesh, and in some parts of southern India, such as Tamil Nadu. It is a rare and high-value rice variety that gives a better market price due to its quality. The grains of Jira-32 are small, short and white with a glossy appearance. When cooked, the rice becomes soft, fluffy and slightly sticky, with each grain remaining separate. It has a cumin-like aroma, which makes it highly preferred for biryani, pulao and special dishes. The taste is mild, smooth and delicious, which makes it popular in homes, hotels and restaurants. Jira-32 is a medium-to-long duration variety and matures in about 145–150 days. The crop grows well under normal paddy field conditions and needs proper water and nutrient management for best results. Farmers like this variety because it has good adaptability and strong consumer demand, especially in urban and premium rice markets. This rice is also good for health. It is rich in carbohydrates, proteins, vitamins and minerals, which provide energy and nutrition. Jeera-32 (also called Jeera Battis rice) is easy to digest, supports gut health, and is used in Ayurvedic diets. The rice contains antioxidants that help protect the body from oxidative stress and promote overall well-being. Rice with bran contains dietary fibre, which helps digestion and controls blood sugar and weight. Because of its aroma, softness and high cooking quality, Jira-32 is widely used for biryani, pulao and festive cooking. It absorbs spices well and gives a rich taste to food. Due to its premium quality and high market value, Jira-32 is a profitable choice for farmers who want to grow aromatic non-basmati rice for better income."
https://workdrive.zoho.in/file/6ldvi6bfe340c6c5d4a39bf19c45c6ff05ec1,696b8415774b35f1baef1682,696b7af9774b35f1baef15db,Can I use Nativo fungicide for the management of blast disease in paddy?,"Yes, Nativo fungicide, containing Tebuconazole 50% + Trifloxystrobin 25% WG, is suitable for managing blast and sheath blight disease in paddy crops.

It provides effective control against leaf blast and neck blast through its dual-action mechanism, offering both preventive and curative protection. 

The product works systemically, with Tebuconazole inhibiting fungal cell wall formation and Trifloxystrobin disrupting fungal respiration for broad-spectrum efficacy. 

The recommended application is at the early appearance of disease symptoms in paddy, using 80 grams per acre diluted in 150 to 200 liters of water. 

A pre-harvest interval of 21 days applies, ensuring safe harvest timing while improving crop quality and yield. 

 Protective Gear (Mandatory when applying chemical fungicides):

 - Wear chemical-resistant gloves to protect hands from direct contact.

 - Use a face mask or respirator to avoid inhalation of spray mist.

 - Wear full-sleeved protective clothing and long pants.

 - Use eye protection (goggles) to prevent chemical contact with eyes.

 - Wash hands and exposed skin thoroughly after application.

 Safety Disclaimer:

 Always follow the recommended doses mentioned on the product label. Observe the pre-harvest interval strictly. Store chemicals in their original containers away from food and animal feed. Dispose of empty containers safely by burying them or as per local guidelines. Never spray near water bodies.

 For further guidance or clarification, farmers are advised to contact the nearest Krishi Vigyan Kendra (KVK) or local agricultural extension officer."
https://workdrive.zoho.in/file/nkuox834c99cc05b3466b8d762bfcbb4a0b82,6970794840b8c95a0c6a909d,69705cdb40b8c95a0c6a8ee4,What are the details of the Amma Uyir Uram Thittam scheme for paddy cultivation?,"Amma Bio-Fertilizer scheme (populary referred to as Amma Uyir Uram Thittam in Tamil Nadu) is a Tamil Nadu government initiative promoting organic farming practices for sustainable paddy cultivation. This scheme was launched in April 2018 by government of Tamil Nadu .This scheme emphasizes soil health improvement and eco-friendly nutrient management to enhance soil fertility and crop productivity while reducing chemical dependency.
 
 Soil Testing and Assessment:
 Before implementing organic practices, farmers should conduct soil testing through the nearest soil testing laboratory or Krishi Vigyan Kendra (KVK). Testing helps determine existing nutrient status, pH levels, and organic carbon content, enabling customized nutrient management plans for paddy fields.
 
 Organic Nutrient Sources:
 The scheme promotes several organic inputs for paddy cultivation:
 
 1. Farmyard Manure (FYM): Apply well-decomposed FYM at 49-61 quintals per acre during final land preparation. This improves soil structure, water retention, and provides slow-release nutrients.
 
 2. Vermicompost: Apply 20-28 quintals per acre as basal dose. Vermicompost is rich in beneficial microorganisms and provides readily available nutrients for paddy plants.
 
 3. Green Manure: Incorporate green manure crops like Dhaincha (Sesbania aculeata) or Sunhemp 25-30 days before paddy transplanting. Green manuring adds nitrogen (approximately 24-32 kg/acre) and improves soil organic matter.
 
 4. Biofertilizers: Use Azospirillum and phosphorus-solubilizing bacteria (PSB) by mixing 2 packets (each 160g) per acre with FYM before transplanting. These enhance nitrogen fixation and phosphorus availability.
 
 NPK Management through Organic Sources:
 For balanced nutrition in paddy, organic sources can provide:
 - Nitrogen: Through FYM, vermicompost, green manure, and Azospirillum
 - Phosphorus: Through rock phosphate (200 kg/acre) and PSB
 - Potassium: Through wood ash (8-12 quintals/acre) or composted plant materials
 
 Micronutrient Management:
 Apply enriched organic manure with zinc (through zinc sulphate incorporation in compost) to prevent zinc deficiency, common in Tamil Nadu paddy fields. Foliar application of Panchagavya (3% solution) at tillering and flowering stages provides micronutrients and growth promoters.
 
 Application Guidelines:
 Apply organic manures 15-20 days before transplanting to allow proper decomposition. Split application of liquid organic fertilizers like Panchagavya or Jeevamrutham (prepared from cow dung, cow urine, jaggery, and pulse flour) can be done at 30, 60, and 90 days after transplanting.
 
 Safety Guidelines:
 While handling organic materials, wear gloves to prevent skin irritation. Ensure proper composting to avoid pathogen transmission. Store organic inputs in dry, shaded areas away from direct sunlight and moisture.
 
 Environmental Benefits:
 Organic farming under this scheme reduces groundwater contamination, improves soil microbial diversity, and produces chemical-residue-free rice, commanding premium market prices.
 
 For further guidance or clarification, farmers are advised to contact the nearest Krishi Vigyan Kendra (KVK) or local agricultural extension officer."
https://workdrive.zoho.in/file/3osm7366adc00ee0a48c4b83386344014653c,6971a89b170b1375aa1356d9,69412ca9c64ccd7e023f9657,Asking about total cultivation process in potato,"Potato cultivation involves a series of well-planned agronomic practices, including land preparation, selection of quality seed tubers, proper planting, nutrient management, irrigation, and pest and disease control, all of which are essential for achieving high yield and good quality produce.

Land Preparation
The land is ploughed at a depth of 24-25 cm and exposed to the sun. The soil should have a higher pore space and offer least resistance to tuber development. Well decomposed FYM (25-30 t/ha) is mixed with the soil during last ploughing.

Season of planting
Potatoes can be grown only under such conditions where the temperatures during the growing season are moderately cool. Therefore, the planting time varies from region to region. In hills of Himachal Pradesh and Uttar Pradesh, the spring crop is sown from January-February while the summer crop is sown in the month of May. In plains of Haryana, Punjab, Uttar Pradesh, Bihar and West Bengal springstcrop is sown in January while the main crop in the 1 week of October. In the states of Madhya Pradesh, Maharashtra and Karnataka the kharif crop is sown by end of June while rabi crop is sown from mid of October-November.

Method of Planting
Furrows are opened at a distance of 50-60 cm before planting. The whole or cut tubers are planted 15-20 cm apart on the centre of the ridge at a depth of 5-7 cm and covered with soil. The seed rate of potato depends upon the season of planting, duration, seed size, spacing etc. The seed rate is 1.5-1.8 t/ha for round varieties and 2.0-2.5 t/ha for oval varieties. A four-row automatic potato planter developed by CPRI performs all the operations from ridging to planting and covers an area of 4-5 hectares per day. The tuber damage is as low as 1% while it requires only 2-3 persons for the entire operation.

Selection of Seed Tuber
Potato is mostly cultivated by planting tubers. Purity of the cultivars and healthy seed tubers are the primary requirements for a successful crop. However, seed tuber is the costliest input in potato cultivation. The tuber seed should be disease free, well-sprouted and 30-40 g each in weight. It is advisable to use the entire seed tuber for planting. Hill tuber seeds are split into pieces and planted late in winter when they do not decay due to mild temperatures. The main objectives of cutting large size tubers are to reduce the cost of seed and to obtain uniform sprouting. Tubers should be cut longitudinally through the crown eye and the weight of the cut piece should be around 30-40 g. Usually the seed tubers are cut with a knife just and treated with a fungicide before planting. Before cutting the seed tuber, the knife should be disinfected with Potassium Permanganate solution. The shortage of good quality seed tubers, high seed cost, transportation of bulky potato seed, and virus infiltration in seed tubers are some of the important problems associated with use of seed tubers as planting material.

Earthing up- To keep the soil loose and destroy weeds.
- 2-3 Earthing up should be done at an interval of 15-20 days. 
1st earthing up should be done when the plant are about 15-25 cm high.
2nd earthing up- to cover up the tubers properly.

Weed control:-
-Animal drawn 3 line cultivator is used which can cover upto 2.5 acre per day for removing the weeds.
-Pre - emergence herbicides such as Fluchloralin (0.28-0.4 kg a.i/acre) or pendimethalin (0.2 kg/ acre) is recommended for annual grass weeds and broad leaf weeds

Nutrient Management
Nutrient requirement of potato crop is quit high and the application of fertilizers and organic manures is considered essential to obtain economic and high yields. In light soils and places where organic manures are not easily available, green manuring is beneficial. The optimum dose of fertilizer application varies greatly depending upon the soil type, soil fertility, climate, crop rotation, variety, length of growing season and moisture supply. A fertilizer dose of 180-240 kg N(391-522 kg of urea), 60-90 kg P(375-562 kg SSP) and 85-130 K(141-216 kg MOP) per hectare is recommended for alluvial soils of Indo Gangetic plains. In the hill zone, the2application of 100-150 kg N(217-326kg urea), 100-150 kg P(625-937 kg SSP) and 50-100 kg K(84-167 kg MOP)  per hectare is recommended. In black soils of plateau areas about 120-150 kg N (260-327 kg urea), 50 kg each of P(313 kg SSP) &50kg K (84 kg MOP) is recommended. In the acidic soils of southern plateau 120kg N(260 kg urea), 115 kg P(719 kg SSP) , and 120kgK(200kg MOP) per hectare are recommended for potato production. Two third of N and entire dose of P and K is given at the time of planting. The balance N is given at the time of earthing up operation. The fertilizers are applied by band placement 5 cm away from the tubers. Ammonium sulphate and ammonium nitrate are usually the best fertilizers for potato followed by calcium ammonium nitrate, ammonium chloride and urea.

Irrigation
Irrigation has a special significance in the potato production as the plant has shallow and sparse root system. First irrigation should be light and given 5-7 days after planting and subsequent irrigation are given at 7-15 days interval depending upon the climatic condition and soil type. The drip system of irrigation is most economical giving highest productivity and saving almost 50% water. It also enables application of fertilizers through irrigation water. The sprinkler system gives uniform distribution of water and reduces water losses by percolation and run off. Sprinkler irrigation is beneficial on frosty nights as it reduces frost damage in potatoes. It is recommended for areas with undulating topography, extremely sandy soil and scarce water supply. Under such situations, the use of sprinkler systems increases water use efficiency by 40% as compared to furrow irrigation.

Pest and Disease Management
-Use healthy seed tubers: Always plant certified, disease-free seed to prevent the introduction of pathogens.
-Crop rotation: Avoid continuous cultivation of potato; rotate with non-solanaceous crops to break pest and disease cycles.
-Field sanitation: Remove and destroy infected plants, crop residues, and volunteer plants that may harbor pests and diseases.
-Resistant varieties: Grow varieties that are resistant or tolerant to major pests and diseases.
-Timely planting: Adjust planting time to escape peak incidence of pests and diseases.
-Balanced fertilization: Apply recommended doses of nutrients; avoid excess nitrogen, which can increase susceptibility.
-Proper irrigation management: Avoid waterlogging and excessive moisture, which favor disease development.
-Regular monitoring: Inspect the crop frequently for early detection of pests and diseases.
-Integrated Pest Management (IPM): Use a combination of cultural, biological, and need-based chemical control methods.

Harvesting
-Maturity indicators: Harvest the crop when the haulms begin to yellow and the tubers have matured, typically90-120 days after planting.

Harvesting Method
-Cut the haulms and wait 10-15days before digging up the tubers. Harvest during dry weather to minimize damage to the tubers."
https://workdrive.zoho.in/file/ydgt693dd5c4079ce46f7b270ad0ca11df22c,69787acaaf17f554aa208826,69783f0daf17f554aa20856a,What is the recommended application rate and method for 12:61:00 complex fertilizer in paddy cultivation?,"The 12:0:61 complex fertilizer, also known as Potassium Nitrate (KNO3), is a water-soluble fertilizer containing 12% Nitrogen and 61% Potassium (K2O). This fertilizer is particularly beneficial for paddy cultivation during critical growth stages when potassium demand is high, such as the tillering, panicle initiation, and grain filling stages. Recommended Application Rate:** For paddy cultivation in Tamil Nadu, particularly in the Villuppuram district, the recommended application rate of 12:0:61 complex fertilizer is typically 1-2 kg per acre in 200 litres of water as a foliar spray. This rate may vary depending on soil potassium status, crop variety, and growth stage. The water-soluble nature of this fertilizer makes it ideal for foliar application and drip irrigation systems. Application Methods and Timing: Foliar Application: Dissolve 5-10 g of 12:0:61per liter of water and spray uniformly on the crop canopy. For one acre, generally 1-2 kg is required, and it should be dissolved in 200 liters of water. Apply during early morning or late evening hours to maximize absorption and minimize leaf burn. Apply it 30-40 days after sowing of the crop, and repeat it till pre-flowering stage. Spray 2-3 times with 15 days interval. For further guidance or clarification, farmers are advised to contact the nearest Krishi Vigyan Kendra (KVK) or local agricultural extension officer."
https://workdrive.zoho.in/file/61q4j7c3bf1e5a8b64a47ba7645e8c2d924ff,6926819a48ca39d6f7a9b0bf,69258f4248ca39d6f7a9b02e,Information regarding the control of weeds in wheat where other herbicide can't control the weeds,"To control multiple-resistant weed populations (specifically Phalaris minor or Gulli Danda) where standard post-emergence herbicides fail, adopt an Integrated Weed Management (IWM) strategy centered on Pre-emergence intervention and Zero Tillage. The most effective chemical solution is the application of Pyroxasulfone 85 WG @ 60 g per acre within 0–3 days of sowing in 200 litres of water, ensuring adequate soil moisture to suppress resistant biotypes before they emerge. Agronomically, utilize Happy Seeder or Smart Seeder technology, as Zero Tillage significantly lowers weed germination by leaving the soil undisturbed; for severe infestations, employ the 'Stale Seedbed' technique (pre-sowing irrigation to induce weed germination followed by destruction with Glyphosate or shallow tillage) or rotate to Berseem (Fodder) for 2–3 years to deplete the seed bank through frequent cutting. To prevent further resistance, strictly rotate herbicide Modes of Action (MOA) annually and manually remove any surviving weeds (escapes) before they set seed."
https://workdrive.zoho.in/file/n5d2h366c50570bbd4526bd21a8e84d6c802a,6927c85948ca39d6f7a9b2a5,6926cfa148ca39d6f7a9b1d8,Information about saving Wheat crop from frost,"Frost protection for wheat crops involves a combination of passive and active methods to reduce damage and ensure crop survival. Passive methods are implemented before frost nights and include choosing appropriate site selection, managing cold air drainage, avoiding late nitrogen fertilization, and maintaining soil moisture to improve heat transfer from the soil to the plants. Wetting dry soils before frost helps retain heat, which reduces frost damage. Removing cover crops and vegetation around wheat fields can also decrease frost risk because it enhances soil heat absorption and reduces bacteria that promote ice formation. Plastic covers and mulches may be used cautiously, as they can either warm the soil or inhibit heat transfer after dormancy. Active protection methods include the use of heaters, wind machines to circulate air, sprinklers for frost protection, and sometimes helicopters. Sprinklers are efficient in energy use compared to heaters, but require significant water. Heaters maintain canopy temperature above freezing during frost events, preventing the freezing of wheat heads and reducing sterility. Foliar sprays of nutrients like NPK and amino acids before and after frost can help the crop recover. Timing the protection around critical growth stages like heading and anthesis is crucial for effectiveness. Monitoring weather forecasts and temperature trends allows for the timely application of these frost protection techniques on wheat crops"
https://workdrive.zoho.in/file/n5d2h99db22c3e9ab4957bf32892c19ed945f,6927d13048ca39d6f7a9b2b9,6926cfa148ca39d6f7a9b1eb,How to save crops from Nilgai?,"Nilgai (damage) is a significant problem for farmers. As large herbivores, they can cause extensive damage to crops by foraging and trampling. Controlling them requires a multifaceted approach, and due to the animal's protected status and religious significance, direct culling is often a complex and sensitive issue. Here are the most effective ways to save your field from nilgai, combining both traditional and modern methods. Physical barriers are the most reliable long-term solution, although they can be expensive. A strong wire fence is a common deterrent. While nilgai can jump, a fence of sufficient height (at least 5-6 feet) can be effective, or planting a dense row of unpalatable or thorny plants around the field can create a natural barrier. Plants like Ipomoea carnea (besharam), Jatropha, or thorny shrubs can be effective. A solar-powered electric fence provides a safe but effective deterrent. A mild electric shock will scare the animals away without causing them serious harm (always take precautions). Sometimes the government provides subsidies for solar fencing to farmers through the State Agriculture or Horticulture Department. So you should check with your local Krishi Vigyan Kendra (KVK) or District Agriculture Office. Repellents and Scare Tactics: These methods are often used as a first line of defense, but their effectiveness can decrease over time as the animals become accustomed to them. Spreading human hair around the field can be an effective deterrent. A traditional method involves mixing the leaves of strong-smelling plants like Ipomoea carnea and neem with cow urine and spraying the mixture on the crops. Visual Deterrents: Traditional scarecrows can work for a short period. Using bright-colored strips of cloth (fladry) or flares that glitter in the night can startle the animals. Government and Community Initiatives: The Forest Department, in some cases, conducts operations to capture nilgai and relocate them to a protected sanctuary or a secluded forest area. This can be a costly and logistically challenging process. In many villages, farmers organize themselves to guard their fields in shifts, especially during the night when the animals are most active."
https://workdrive.zoho.in/file/up1lza97853c4b6264b89b45444ff91871611,6927fa1648ca39d6f7a9b352,6926cfa148ca39d6f7a9b200,"Information about due to application of weedicide in wheat crop, leaves have turned yellow","Yellowing of wheat leaves due to the application of weedicides is a symptom of herbicide injury, which results from chemical damage to the wheat plants. Such injury usually appears within 3 to 10 days after herbicide application, manifesting as pale yellow or chlorotic leaves, water-soaked lesions, leaf tip burn, and, in severe cases, stunted growth and reduced tillering. The damage commonly occurs if herbicides like MCPA, 2,4-D, or sulfonylurea-type herbicides are applied at incorrect doses or at sensitive growth stages of wheat such as the seedling stage or jointing stage. The concentration of the herbicide spray should always be carefully calibrated, Over-application or use during unfavorable weather conditions can increase the risk of injury. Recovery from herbicide-induced yellowing involves stopping any further herbicide applications and managing the crop to reduce stress. Providing adequate irrigation supports plant metabolism and helps dilute the herbicide effect. Balanced fertilization, especially nitrogen, ( use as per damage) can aid in the regrowth of healthy leaves. Crop rotation and avoiding consecutive herbicide applications of the same chemical class reduce accumulation and risk of injury. The affected leaves usually do not recover, but new growth often appears normal if the plant is not severely damaged. Monitoring the field after herbicide application can facilitate early intervention. Precautions to avoid yellowing caused by weedicides include following label instructions strictly for doses and timing, spraying during recommended weather conditions (avoiding high heat or low humidity), using properly calibrated equipment to prevent overdosing or drift, and selecting herbicides compatible with the wheat growth stage. Avoiding spraying during high wind or extreme temperatures can prevent excessive plant stress that heightens injury risk."
https://workdrive.zoho.in/file/up1lzf699c5c24969479b9527849108cffacf,6927fbe748ca39d6f7a9b354,6926f07148ca39d6f7a9b276,Information regarding the yellowing of wheat after herbicide application,"Yellowing (chlorosis) of wheat after herbicide application is a fairly common problem and is usually due to temporary crop stress, not a serious disease. This yellowing can appear a few days after spraying and may worry farmers, but in many cases, the crop recovers on its own if managed properly.

Main reasons for yellowing after herbicide spray: 
One major cause is herbicide toxicity, which happens when a herbicide is sprayed at a higher than recommended dose, sprayed unevenly, applied at the wrong crop stage, or used under unsuitable weather conditions. Some herbicides disturb normal plant processes such as photosynthesis and nutrient uptake, leading to yellowing. Nitrogen deficiency–like symptoms can also appear because certain herbicides indirectly reduce nitrogen absorption, and nitrogen is essential for green colour and plant growth. Environmental stress, such as very cold nights, heat stress, frost, drought, water stress, or cloudy weather after herbicide spraying, increases crop sensitivity and makes yellowing more visible.

How to identify herbicide-related yellowing
Herbicide injury usually causes uniform or symmetrical yellowing on similar leaves across plants. In some cases, yellowing appears along the leaf tips or blades first. Mild leaf scorching or slow growth may be seen. In severe cases, leaves may dry or show necrosis (burning). Unlike nutrient deficiency or disease, herbicide damage often appears soon after spraying and spreads evenly rather than in random patches.

Effect of different herbicide groups on wheat
Herbicides that inhibit Acetyl CoA Carboxylase (ACCase), such as clodinafop, diclofop, and fenoxaprop, can cause yellowing of leaf tips and blades soon after application, followed by stunting. Spraying these herbicides after the jointing stage or during cold and wet conditions increases the risk of injury. Herbicides like glyphosate (EPSP synthase inhibitor) can cause yellowing of the youngest leaves near the growing point, especially due to spray drift, tank contamination, or accidental post-emergence application. Glufosinate (also known as Phosphoric Acid Type Herbicides) may cause water-soaked spots, pale yellow or purple leaves within 3–5 days after exposure. Herbicides such as metsulfuron and tribenuron may cause slow-appearing yellowing and stunting after 7–10 days. If used at recommended doses, the effect is often temporary, and wheat usually recovers without yield loss, though a slight reduction in tillers may occur. Tank contamination and soil carryover (more in high-pH soils for SU (Sulfonylurea type herbicides) and low-pH soils for Imi (Imidiazalinone group of herbicides) can also cause injury.

What farmers should do when yellowing appears
To reduce yellowing of wheat after herbicide spray, farmers should always use the herbicide at the recommended dose only and avoid overdosing, as excess chemical can stress the crop. Herbicides should be sprayed at the proper growth stage of wheat to prevent injury and ensure good weed control. While mixing herbicides, farmers must check compatibility and avoid unsafe tank mixtures that may harm the crop. Spraying should be done under favourable weather conditions, avoiding extreme cold, heat, strong wind, or drought stress. At the same time, proper nutrient management, especially timely nitrogen application, should be followed so that the crop remains healthy and can easily recover from temporary herbicide stress.

 Yellowing of wheat after herbicide application is usually temporary and caused by herbicide stress combined with weather or nutrient factors. Correct application, proper timing, and good crop management help the crop recover quickly and protect yield."
https://workdrive.zoho.in/file/up1lz88529ff3c3194ef28d15d2384b8b3c96,6927fbe748ca39d6f7a9b354,6926f07148ca39d6f7a9b276,Information regarding the yellowing of wheat after herbicide application,"Yellowing (chlorosis) of wheat after herbicide application is a fairly common problem and is usually due to temporary crop stress, not a serious disease. This yellowing can appear a few days after spraying and may worry farmers, but in many cases, the crop recovers on its own if managed properly.

Main reasons for yellowing after herbicide spray: 
One major cause is herbicide toxicity, which happens when a herbicide is sprayed at a higher than recommended dose, sprayed unevenly, applied at the wrong crop stage, or used under unsuitable weather conditions. Some herbicides disturb normal plant processes such as photosynthesis and nutrient uptake, leading to yellowing. Nitrogen deficiency–like symptoms can also appear because certain herbicides indirectly reduce nitrogen absorption, and nitrogen is essential for green colour and plant growth. Environmental stress, such as very cold nights, heat stress, frost, drought, water stress, or cloudy weather after herbicide spraying, increases crop sensitivity and makes yellowing more visible.

How to identify herbicide-related yellowing
Herbicide injury usually causes uniform or symmetrical yellowing on similar leaves across plants. In some cases, yellowing appears along the leaf tips or blades first. Mild leaf scorching or slow growth may be seen. In severe cases, leaves may dry or show necrosis (burning). Unlike nutrient deficiency or disease, herbicide damage often appears soon after spraying and spreads evenly rather than in random patches.

Effect of different herbicide groups on wheat
Herbicides that inhibit Acetyl CoA Carboxylase (ACCase), such as clodinafop, diclofop, and fenoxaprop, can cause yellowing of leaf tips and blades soon after application, followed by stunting. Spraying these herbicides after the jointing stage or during cold and wet conditions increases the risk of injury. Herbicides like glyphosate (EPSP synthase inhibitor) can cause yellowing of the youngest leaves near the growing point, especially due to spray drift, tank contamination, or accidental post-emergence application. Glufosinate (also known as Phosphoric Acid Type Herbicides) may cause water-soaked spots, pale yellow or purple leaves within 3–5 days after exposure. Herbicides such as metsulfuron and tribenuron may cause slow-appearing yellowing and stunting after 7–10 days. If used at recommended doses, the effect is often temporary, and wheat usually recovers without yield loss, though a slight reduction in tillers may occur. Tank contamination and soil carryover (more in high-pH soils for SU (Sulfonylurea type herbicides) and low-pH soils for Imi (Imidiazalinone group of herbicides) can also cause injury.

What farmers should do when yellowing appears
To reduce yellowing of wheat after herbicide spray, farmers should always use the herbicide at the recommended dose only and avoid overdosing, as excess chemical can stress the crop. Herbicides should be sprayed at the proper growth stage of wheat to prevent injury and ensure good weed control. While mixing herbicides, farmers must check compatibility and avoid unsafe tank mixtures that may harm the crop. Spraying should be done under favourable weather conditions, avoiding extreme cold, heat, strong wind, or drought stress. At the same time, proper nutrient management, especially timely nitrogen application, should be followed so that the crop remains healthy and can easily recover from temporary herbicide stress.

 Yellowing of wheat after herbicide application is usually temporary and caused by herbicide stress combined with weather or nutrient factors. Correct application, proper timing, and good crop management help the crop recover quickly and protect yield."
https://workdrive.zoho.in/file/up1lz5b862b26c2fe424a998a32d793c997ea,6927fbe748ca39d6f7a9b354,6926f07148ca39d6f7a9b276,Information regarding the yellowing of wheat after herbicide application,"Yellowing (chlorosis) of wheat after herbicide application is a fairly common problem and is usually due to temporary crop stress, not a serious disease. This yellowing can appear a few days after spraying and may worry farmers, but in many cases, the crop recovers on its own if managed properly.

Main reasons for yellowing after herbicide spray: 
One major cause is herbicide toxicity, which happens when a herbicide is sprayed at a higher than recommended dose, sprayed unevenly, applied at the wrong crop stage, or used under unsuitable weather conditions. Some herbicides disturb normal plant processes such as photosynthesis and nutrient uptake, leading to yellowing. Nitrogen deficiency–like symptoms can also appear because certain herbicides indirectly reduce nitrogen absorption, and nitrogen is essential for green colour and plant growth. Environmental stress, such as very cold nights, heat stress, frost, drought, water stress, or cloudy weather after herbicide spraying, increases crop sensitivity and makes yellowing more visible.

How to identify herbicide-related yellowing
Herbicide injury usually causes uniform or symmetrical yellowing on similar leaves across plants. In some cases, yellowing appears along the leaf tips or blades first. Mild leaf scorching or slow growth may be seen. In severe cases, leaves may dry or show necrosis (burning). Unlike nutrient deficiency or disease, herbicide damage often appears soon after spraying and spreads evenly rather than in random patches.

Effect of different herbicide groups on wheat
Herbicides that inhibit Acetyl CoA Carboxylase (ACCase), such as clodinafop, diclofop, and fenoxaprop, can cause yellowing of leaf tips and blades soon after application, followed by stunting. Spraying these herbicides after the jointing stage or during cold and wet conditions increases the risk of injury. Herbicides like glyphosate (EPSP synthase inhibitor) can cause yellowing of the youngest leaves near the growing point, especially due to spray drift, tank contamination, or accidental post-emergence application. Glufosinate (also known as Phosphoric Acid Type Herbicides) may cause water-soaked spots, pale yellow or purple leaves within 3–5 days after exposure. Herbicides such as metsulfuron and tribenuron may cause slow-appearing yellowing and stunting after 7–10 days. If used at recommended doses, the effect is often temporary, and wheat usually recovers without yield loss, though a slight reduction in tillers may occur. Tank contamination and soil carryover (more in high-pH soils for SU (Sulfonylurea type herbicides) and low-pH soils for Imi (Imidiazalinone group of herbicides) can also cause injury.

What farmers should do when yellowing appears
To reduce yellowing of wheat after herbicide spray, farmers should always use the herbicide at the recommended dose only and avoid overdosing, as excess chemical can stress the crop. Herbicides should be sprayed at the proper growth stage of wheat to prevent injury and ensure good weed control. While mixing herbicides, farmers must check compatibility and avoid unsafe tank mixtures that may harm the crop. Spraying should be done under favourable weather conditions, avoiding extreme cold, heat, strong wind, or drought stress. At the same time, proper nutrient management, especially timely nitrogen application, should be followed so that the crop remains healthy and can easily recover from temporary herbicide stress.

 Yellowing of wheat after herbicide application is usually temporary and caused by herbicide stress combined with weather or nutrient factors. Correct application, proper timing, and good crop management help the crop recover quickly and protect yield."
https://workdrive.zoho.in/file/up1lzcad71eaebd64420a97f732b1682e56b8,69281837b20254009152869a,69258f4248ca39d6f7a9b014,Information regarding application of Biozyme in wheat,"Biozyme is a crop bio-stimulant made from seaweed extract, and although it is not recommended by PAU for wheat in Punjab, it can support crop growth when used in addition to normal fertilizer practices. According to a field study on wheat, applying Biozyme either as granules or as a foliar spray helped improve root growth, tillering, spike number, grain weight and overall biological yield when used together with half of the recommended NPK dose. The most effective treatment reported was Biozyme Crop+ spray at 400 ml per hectare(160ml/acre), which improved grain, straw and total biological yield compared to normal fertilizer alone.
Because Biozyme acts as a growth promoter rather than a fertilizer, it should be used only as a supplement, not as a replacement for recommended wheat nutrient schedule. Apply it as a foliar spray at manufacturer-recommended doses during early growth or tillering, but yield response may vary with soil type, wheat variety and field conditions."
https://workdrive.zoho.in/file/zotk86dc98620d15c47aa88c7f51bd58296b5,69282229b2025400915286ab,69258f4248ca39d6f7a9b044,Information regarding control of Karnal Bunt disease of wheat crop,"Karnal bunt is an important fungal disease of wheat caused by Tilletia indica/ Neovossia indica. In this disease, only a few grains in an ear are affected. The infected grains look normal from the outside, but when pressed, they burst and release black powdery spores with a strong foul or fishy smell. The disease spreads through infected seed, soil, and air, and it is more serious in seed crops and wheat meant for export. 
Cultural management:
Grow Karnal bunt-resistant or tolerant varieties recommended for your area. Important resistant varieties include WHD 943 and PDW 291. Other methods are proper land levelling and good drainage, using a lower seed rate and slightly wider row spacing, and delayed sowing helps in reducing infection. Avoid irrigation during awn emergence, heading, and flowering stages. Practice crop rotation with non-host crops and avoid continuous wheat cultivation for 3–7 years in heavily infested fields. Zero tillage also helps in reducing disease incidence. Zero tillage, removal or burning of infected stubble, and summer solarisation also help.
Chemical control: 
Treat seed at sowing time with Carbendazim @ 1.25 g per kg seed (applied only under expert guidance as it has some restrictions) along with Trichoderma harzianum @ 2 g per kg seed. Additionally, you can use Sedaxane 2.2% w/w + Fludioxonil 2.2% w/w + Thiamethoxam 22.8%w/w FS. You need to mix 1-2 ml of Sedaxane 2.2% w/w + Fludioxonil 2.2% w/w + Thiamethoxam 22.8%w/w FS with a small amount of water (10–15 ml slurry per kg of wheat seed) to make a paste (slurry). Treated seed should be dried in the shade before sowing.  If the infestation is high, use Propiconazole 25 %EC at @ 200 ml per acre (PHI is 30 days) mixed in 200 litres of water should be applied at ear emergence or 50% flowering stage and a repeat spray can be given after 15 days. Other options include Bitertanol 25 WP @ 906 g/acre in 300 litres of water. 
Biological control: 
Biocontrol agents such as Trichoderma viride, T. harzianum, T. lingnorum, and Gliocladium deliquescens help suppress the disease when used as seed treatment or soil application."
https://workdrive.zoho.in/file/p39vw80e75750735d43b0800002182ada58f5,69292accb2025400915287a6,6929042fb202540091528771,Information regarding contact number of Fazilka KVK?,"The Krishi Vigyan Kendra (KVK), Fazilka, which is administratively under ICAR-CIPHET can be contacted for agricultural advisory and training services. The official landline numbers for the KVK office in Abohar are 01634-224024 and 01634-230814. For direct inquiries, the KVK's official email address is kvk.ciphet@icar.gov.in or risciphetabohar1998@gmail.com. The centre is located at Model Town, Abohar, District Fazilka, Punjab - 152117. The official website for Krishi Vigyan Kendra, Fazilka (KVK Fazilka) is listed under the host institute ICAR‑CIPHET (Abohar) (https://icar.org.in/en/node/15016). For the latest contact info, events, and farmer advisories, check https://ciphet.res.in or search for “KVK Fazilka” on the ICAR-CIPHET Abohar site. "
https://workdrive.zoho.in/file/p39vw3bddcbb426be42e8a6ea29abfce63d0c,69292accb2025400915287a6,6929042fb202540091528771,Information regarding contact number of Fazilka KVK?,"The Krishi Vigyan Kendra (KVK), Fazilka, which is administratively under ICAR-CIPHET can be contacted for agricultural advisory and training services. The official landline numbers for the KVK office in Abohar are 01634-224024 and 01634-230814. For direct inquiries, the KVK's official email address is kvk.ciphet@icar.gov.in or risciphetabohar1998@gmail.com. The centre is located at Model Town, Abohar, District Fazilka, Punjab - 152117. The official website for Krishi Vigyan Kendra, Fazilka (KVK Fazilka) is listed under the host institute ICAR‑CIPHET (Abohar) (https://icar.org.in/en/node/15016). For the latest contact info, events, and farmer advisories, check https://ciphet.res.in or search for “KVK Fazilka” on the ICAR-CIPHET Abohar site. "
https://workdrive.zoho.in/file/p39vw6ebdc7fde616440f948bc6b9b0e7e396,69293005b2025400915287b5,69291f2bb202540091528790,Information regarding Contact no. Of Gurdaspur KVK?,"The contact number for Krishi Vigyan Kendra (KVK) Gurdaspur is 01874-220743. Krishi Vigyan Kendra (KVK) Gurdaspur is located at PAU Research Station, Civil Lines, Gurdaspur, Punjab - 143521. This site serves as the primary hub for agricultural extension activities under Punjab Agricultural University (PAU), Ludhiana. The facility supports farmer training, demonstrations, and advisory services in the district. "
https://workdrive.zoho.in/file/p39vw87e9ec6edbb147fcb60df1f56d6dc124,692931e1b2025400915287b7,6929042fb20254009152876e,Information regarding whatsapp helpline number for complaint against the dealer forcefully selling unnecessary products along with fertilizer?,"To combat the illegal practice of ""tagging""—where dealers force farmers to purchase unnecessary chemicals (Nano Urea, Zinc, Sulfur, or pesticides) as a condition for buying essential fertilizers like DAP or Urea—the Department of Agriculture and Farmers Welfare, Punjab, has launched a dedicated WhatsApp helpline number 98555-01076. Farmers facing this coercion should immediately send photographic, video, or audio proof of the incident to this number to initiate strict legal action, which includes the immediate suspension or cancellation of the dealer's license under the Fertilizer Control Order (FCO), 1985. In addition to the WhatsApp line, complaints can be lodged at the State Level Control Room (0172-2921509) or the CM Field Officer Helpline (1100), and farmers are officially advised by the agriculture minister to refuse such forced bundles and report the dealer's name and location specifically to the Chief Agriculture Officer of their district."
https://workdrive.zoho.in/file/yjr6gc8e5c6b373e5424a964d232835517bdb,6929424ab2025400915287e3,6929013db202540091528766,Information regarding Wheat weed management time,"In wheat, weed management should be timed to the crop stage and weed emergence. Integrated weed management includes sowing wheat with a happy seeder, in standing rice stubbles, significantly reducing weed pressure and soil weed seed bank, particularly of gulli danda. Integration of happy seeder with herbicides and hand pulling of escaped weed plants improves weed control and depletes the soil seed bank further. For chemical control, use a pre-emergence herbicide such as Pendimethalin 30% EC 1.3-2.02 lit/acre (based on soil type) or Pyroxasulfone 85% w/w WG 60 gm/acre(PHI:131 days) or Pendimethalin 40% + Metribuzin 8% EC 1000 ml /acre(PHI: 107 days). For a post-emergence spray of Isoproturon 50% WP 800gm/acre or Sulfosulfuron 75% WG  13.4 gm/acre before irrigation.After first irrigation, Isoproturon 75% WP 532 gm/acre (phi:60 days) or Clodinafop-propargyl 15% WP 160gm/acre (PHI:110 days) Fro broad leaf weeds. Sulfosulfuran 75%+ Metsulfuron Methyl 5%WG 16gm/acre(PHI:110 days) or  Clodinafop propargyl 9% + Metribuzin 20% WP (w/w) 240gm/acre(PHI:120 days)."
https://workdrive.zoho.in/file/p39vw9ade1d16c1de4eea8cb0c350427b4177,69295d04b20254009152880c,69290943b202540091528786,Information regarding the contact number of Chief Agricultural Officer of Faridkot,"The Chief Agriculture Officer (CAO) of Faridkot district (Punjab) can be reached by phone at 01639-250058 for farmer queries and agriculture-related services. You can also mail in their official mail address, like caofaridkot@yahoo.com, for the Faridkot district. Although you can visit their official website for updated contact details and official information at https://faridkot.nic.in/. You can use this contact to get advice on crop care, seed supply, subsidized inputs, pest/disease management, and other government agriculture schemes provided by the department."
https://workdrive.zoho.in/file/p39vw8767a82e10864da4b799982f98e6b55b,69295d9cb20254009152880e,6926cfa148ca39d6f7a9b220,Information regarding farmer registration,"Farmers in Uttar Pradesh region need to register for Pradhan Mantri Fasal Bima Yojana (PMFBY) for wheat crop to avail crop insurance coverage against losses due to natural calamities, pests, or diseases. The primary portal for farmer registration in UP is upfr.agristack.gov.in, where farmers get a unique Farmer ID linked to schemes like PMFBY, PM-KISAN, and KCC loans. To start registration, visit upfr.agristack.gov.in, click on new farmer registration, enter mobile number for OTP verification, and fill personal details like name, date of birth, address, and farming information. Required documents include Aadhaar card for identity, land records such as Khasra-Khatauni or 7/12 extract to prove land ownership or tenancy, bank passbook copy for DBT, passport-size photo, and mobile number. After filling the form, upload the documents, complete e-sign authentication using Aadhaar OTP, and submit to generate the digital Farmer ID, which typically takes 7-15 days for verification and approval.
For PMFBY specifically, loanee farmers get automatic enrollment via banks or financial institutions through NCIP portal if they have KCC loans for wheat, while non-loanee farmers must approach nearest bank branch, PACS, or CSC with proposal form, premium payment, and proof of cultivation like land records before the cut-off date notified for wheat season.
The official PMFBY portal pmfby.gov.in provides state-wise notifications, premium details, and crop lists including wheat for UP; check it for wheat-specific enrollment periods usually starting before sowing.
Registration is free online, but nominal fees may apply at CSC centers for assistance, and the process links farmers to subsidies and insurance benefits for wheat crop protection. Farmers can also register offline at Common Service Centers (CSC) by providing the same documents and getting help to complete the online form on-site."
https://workdrive.zoho.in/file/jtok7ad2e371626ea4cf0a32060fd86df2487,69299e34b2025400915289e0,6926cfa148ca39d6f7a9b1f5,Information about birds control in wheat crop,Birds cause significant damage to wheat crops especially during earhead emergence and grain filling stages by pecking grains leading to 10-30 percent yield loss in vulnerable fields near habitats. Common pests include house sparrows rose-ringed parakeets and quelea birds targeting milky dough stages with higher incidence in UP region during rabi season. Damage appears as half-eaten grains empty glumes scattered droppings and flock congregations particularly within 10-30 meters of field borders near buildings or orchards. Control relies on integrated non-chemical methods starting with timely sowing using resistant varieties and planting borders with bird-attracting crops like mustard or millets to divert flocks. Reflective materials prove highly effective with aluminum shiny stripes or colored plastic ribbons strung across fields at 2-3 meters height moving with wind to create flashes scaring birds for 70-90 percent damage reduction over untreated plots. Traditional scarecrows work initially but birds habituate quickly so rotate with gas guns propane cannons or firecrackers fired every 20-30 minutes during peak activity from panicle emergence onwards. Netting bird-proof meshes over small plots or vulnerable patches prevents entry while overhead wires or spikes on poles deter perching combining with predator decoys like eagle models or falcon silhouettes shifted daily. Audio devices broadcasting distress calls of sparrows or predator sounds via solar-powered players at 100 meters distance disrupt flocks effectively for small acreages with species-specific alarms for parakeets showing best results. Biological options include attracting owls hawks or falcons via perches avoiding pesticides that harm them while chemical repellents like anthraquinone use sparingly on seeds per regulations. Field sanitation by timely harvest residue removal and deep ploughing reduces roosting sites while community vigilance with farmer groups patrolling mornings evenings minimizes losses.
https://workdrive.zoho.in/file/https://workdrive.zoho.in/file/bwtg77b8b0ce333b2414cb8e85e9ddc8c2b88,692a75e8b202540091528a2e,6926cfa148ca39d6f7a9b1f2,Information about application of fungicide in wheat crop ?,"Wheat is susceptible to a wide range of fungal diseases for that you have to used different types of fungicides. These fungal diseases can significantly impact yield and grain quality. These diseases affect different parts of the plant and occur under various environmental conditions. The major diseases are rust, loose smut, Karnal bunt and powdery mildew etc. The most destructive one is the yellow or stripe rust. Yellow, powdery pustules appear on the leaves, often forming stripes. It develops rapidly when minimum night time temperatures are between 7-13°C, night time relative humidity is 85–100%, and maximum daytime temperatures are 15–24°C. Frequent rains and windy conditions during February–March can further increase the severity and spread of the disease. To manage this disease, you need to follow an Integrated Disease Management (IDM) approach. It is recommended not to sow the crop in the month of October. Regularly monitor the crop from the 2nd week of December onward, particularly after irrigation or rain. In the case of severe infestation, spray the crop with recommended fungicides. The recommended fungicides are Tebuconazole 25% WG at 300 g/acre (PHI 41 days), or Azoxystrobin 18.2% w/w + Cyproconazole 7.3% w/w SC at 200 ml/acre (PHI 50 days), or Tebuconazole 50% + Trifloxystrobin 25% WG at 120 g/acre (PHI 40 days), or Propiconazole 25% EC at 200 ml/acre (PHI 30 days) in 200 litres of water as soon as you noticed symptoms. Brown or leaf rust (P. triticina) is also another destructive disease in wheat. Round, orange, powdery pustules appear on the leaves, either scattered irregularly or in clusters. They are less commonly found on the leaf sheath and stalk. Spray the crop with fungicide as soon as you notice the symptoms. The recommended fungicide is Propiconazole 25% EC at 200 ml per acre in 200 liters of water (PHI 30 days), or  Karnal bunt (Neovossia indica) is another disease that affects wheat cultivation. Only a few grains in the ear become infected. When these infected grains are pressed, they release a black powder made of spores, which has a distinct and unpleasant smell. Grow resistant varieties. For wheat grown specifically for seed production, apply one spray of 200 ml Propiconazole 25% EC per acre (PHI 30 days), using 200 liters of water, at the ear emergence stage to control Karnal bunt. Loose smut (Ustilago segetum tritici) disease primarily destroys the ears completely, turning them into a black, loose, powdery mass of spores, leaving only the bare rachis behind. To prevent this disease, grow resistant varieties. Soak the wheat seed in clean water from 8 a.m. to 12 noon on any calm and sunny day during May or June. After soaking for four hours, spread the moist seed in a thin layer on a cemented floor, tarpaulin, or cloth sheet and dry it completely in the sun. Once fully dried, store the seed in a dry place until sowing. You can additionally treat the seed with fungicides such as Carboxin 75% WP at 2 to 2.5 g/kg of seed. Powdery mildew in wheat is a fungal disease caused by Blumeria graminis that appears as white, powdery fungal growth on leaves, stems, and spikes. It can reduce photosynthesis, leading to yellowing, drying, and yield loss. Effective control starts with using resistant wheat varieties if available, practicing crop rotation, and avoiding dense planting to reduce humidity around plants, which favors mildew development. For chemical control, fungicides are commonly used with recommended doses typically Triadimefon 25% WP @ 200 g in 300 l of water/acre or Tebuconazole 50% + Trifloxystrobin 25% WG @ 120 ml/acre (PHI 40 days) or Azoxystrobin 18.2% + Difenoconazole 11.4% SC @ 1 ml per lit. of water with 35 days of PHI. Applications are usually done when the disease first appears with 2 to 3 sprays needed depending on disease severity and weather conditions."
https://workdrive.zoho.in/file/kkc9e09957e00b278403ea5d0f0e0b4dfc604,692a9099b202540091528aa8,692a8cb4b202540091528a92,Information regarding the moisture level required for storage of Wheat ?,"Maintaining wheat moisture at 12% or below is essential for safe long-term storage in Punjab, and this requirement matches global standards. Because Punjab faces high temperatures and fluctuating humidity during the post-harvest period (April–May), keeping moisture at or below this level becomes even more important to prevent rapid spoilage. For long-term storage under FCI or warehousing systems, the maximum recommended moisture content is 12%, while farmers storing wheat for short durations may keep it at 13%, (upto 13.5% is allowed) provided they monitor it frequently through aeration and cleaning. Procurement agencies like FCI and Pungrain also mandate a 12% maximum moisture limit for quality acceptance. This threshold is critical because excess moisture, combined with Punjab’s hot climate, leads to self-heating, mold growth, and an increased risk of aflatoxin contamination. Moreover, storage pests such as the Khapra beetle and rice weevil multiply quickly when moisture exceeds 12.5%, causing heavy losses. Farmers should therefore dry the grain thoroughly after harvest—either by sun drying or mechanical drying—before filling storage structures, and ensure these structures are clean, well-fumigated, and protected from ground moisture and rain. Regular monitoring and aeration are necessary even at safe moisture levels to prevent moisture migration and heating, especially in the top layers where spoilage begins. Following the 12% moisture standard preserves grain quality, prevents weight loss, and ensures safe, long-term storage of wheat in Punjab."
https://workdrive.zoho.in/file/kkc9eb6073805a36c489c9073ffabe8c4af1a,692a9cadb202540091528ae3,692a6d7db202540091528a03,Information regarding spray of fungicide in wheat crop?,"The contact number for Krishi Vigyan Kendra, Gurdaspur (KVK Gurdaspur) is 01874-220743. The e-mail is kvk-gurdaspur@pau.edu and the mobile-contact listed is 94640-70131."
https://workdrive.zoho.in/file/wyumw3b1d5bfd6474448cbd9fba83ae1b92a9,692ab114b202540091528b28,6926cfa148ca39d6f7a9b209,Can Mancozeb be safely mixed with Nano Urea?,"Technically, IFFCO Nano Urea (Liquid) and Mancozeb 75 WP are physically compatible for tank mixing, provided a preliminary jar test confirms stability such as no curdling, precipitation, or heating. Mixing 500 ml of Nano Urea with Mancozeb (typically 600–800 g/acre) in 100–125 litres of water per acre is generally allowed to combine nitrogen supplementation with prophylactic disease control at the tillering stage. However, field evaluations from multiple research sources have shown that using Nano Urea as a substitute for conventional granular urea can lead to yield reduction and lower grain protein content.

Because of these limitations, farmers are advised to prioritize standard granular urea for assured nitrogen supply and apply fungicides separately—preferably systemic fungicides such as Propiconazole 25 EC or Tebuconazole 250 EC for effective disease control—rather than relying on Mancozeb–Nano Urea mixtures, which may not provide adequate nitrogen recovery or curative disease protection."
https://workdrive.zoho.in/file/v8ybodc9a984d8de8486aa5a8b3c6e4e8de4f,692ab47db202540091528b35,6926cfa148ca39d6f7a9b20c,What are the effects of fertilizer overdose and how can farmers manage or prevent this problem?,"Excess fertilizer in wheat can cause leaf scorching, yellow or brown tips, stunted growth, damaged roots, and lower yield due to salt buildup and nutrient imbalance. Leaf tips and margins turn brown, yellow, or black due to leaf scorch and tip burn as the salts concentrate and dry out the tissue. Leaves may wilt or droop, even if the soil is moist, because the roots cannot absorb water. To prevent this, always apply fertilizer based on soil test recommendations. If overdose occurs, immediately provide irrigation to leach salts and skip the further N application until the plants recover. It is also recommended to use slow-release neem-coated urea instead of conventional urea. 

The recommended NPK fertilizer dose of wheat for Azamgarh district, which is situated in the Northeastern Plain zone, is 60:24:16/acre (approximately 130 kg urea, 150 kg SSP, and 27 kg MOP) for timely sown irrigated wheat and 48:24:16/acre (approximately 104 kg urea, 150 kg SSP, and 27 kg MOP per acre) for late-sown irrigated wheat. Apply one-third nitrogen along with the full dose of phosphorus and potassium at sowing and apply the remaining two-thirds nitrogen at the first node stage (35–40 DAS)."
https://workdrive.zoho.in/file/v8ybob946d4249ebb4b04b31a2545bae3a821,692ae107b202540091528c34,692a6d7db202540091528a1a,Information regarding weight of wheat grain,"The average weight of a single wheat grain in the Punjab region typically ranges around 0.045 to 0.05 grams depending on the variety and climatic conditions. The 1000 grain weight, which is the standard measure used for assessing grain size and quality, usually falls between 45 to 50 grams in Punjab wheat varieties. This measure is an important quality parameter that reflects grain density and plumpness and is affected by factors such as moisture content, variety, and growing conditions.For example, Punjab Agricultural University released variety PBW 824, which has a high 1000 grain weight and average yields of about 23.2 quintals per acre. Other varieties like HD 3086 are also known for similar grain weight standards and performance under irrigated conditions. Moisture content notably affects grain weight; lower moisture content (around 7-8%) seen in Punjab wheat reduces grain weight compared to previously higher moisture seasons (around 13%). This is important because wheat grains absorb moisture post-harvest which can increase weight but affect storage quality.Punjab is among the top wheat-producing states in India contributing significantly to the country's overall wheat yield, and their quality standards for grain weight are strictly monitored for procurement and market purposes."
https://workdrive.zoho.in/file/f03zh56d5c8295cb944e995f30305127cd36e,692d2a51b202540091528d73,692d1006b202540091528cd0,How to contol Leaf eating caterpillar in Wheat crop?,"The primary leaf-eating caterpillar in Madhya Pradesh wheat fields is the Armyworm (Mythimna separata), which attacks the crop during the vegetative and ear-head stages, often feeding nocturnally. For effective management, farmers should first install bird perches (T-shaped wooden sticks) at 10–15 per acre to encourage predatory birds that consume the larvae. If the infestation crosses the economic threshold (2–3 larvae per square meter), the officially recommended chemical control is a foliar spray of Quinalphos 25% EC at 400 ml per acre (1000 ml/ha) or Chlorpyriphos 20% EC at 500 ml per acre, dissolved in 150–200 liters of water. Since these caterpillars hide in the soil crevices or leaf whorls during the day and come out to feed at night, the spraying must be done in the late evening hours to ensure direct contact with the pest. Farmers must observe a Pre-Harvest Interval (PHI) of at least 21 days after spraying and avoid using these chemicals if the crop is near maturity (grain hardening stage) to prevent residue issues."
https://workdrive.zoho.in/file/f03zh262e7be29d9445369c3c1b07e48abdf8,692d2d5eb202540091528d85,692d1006b202540091528cb2,Farmer need information regarding control measures of Alternaria leaf spot fungal attack in wheat crop,"Alternaria Leaf Blight (Alternaria triticina), which initially appears as small, chlorotic, oval-shaped lesions on the lower leaves that later enlarge and coalesce into irregular dark brown patches, can be effectively controlled in Madhya Pradesh through a combination of timely fungicidal sprays and cultural practices. Upon observing the first symptoms (usually in 7–8 week old plants), the most effective chemical intervention is a foliar spray of Propiconazole 25% EC at 200 ml per acre, PHI- 30 Days or Tebuconazole 38.39% EC at 200 ml per acre, PHI- 5 Days, dissolved in 150–200 liters of water. For preventive management or in cases of mixed infections, a spray of Mancozeb 75% WP at 600–800 g per acre is highly recommended; if the disease severity persists, repeat the spray after 10–15 days using a systemic fungicide. Cultural management is equally critical: farmers should always use certified seeds treated with Carboxin 37.5% + Thiram 37.5% DS (Vitavax Power) at 2.5 g/kg to reduce primary inoculum, avoid late sowing (which increases susceptibility), and ensure balanced fertilization (avoiding excess Nitrogen, which promotes vegetative softness) while maintaining adequate Potash levels to boost disease resistance."
https://workdrive.zoho.in/file/f03zhdd5dbd4c20ec480c8bf993e78112545c,692d32e7b202540091528da1,692d1006b202540091528c90,"Information regarding the contact no. of Divisional Soil Conservation Officer, Sri Muktsar Sahib","The office of the Divisional Soil Conservation Officer (DSCO), Sri Muktsar Sahib, is located at Street No. 3, Ranjit Avenue, Near Bus Stand, Abohar Road, and can be contacted via the official landline 01633-240466 or the departmental email dsco.dswc.mukatsar@punjab.gov.in. This office handles all queries regarding underground pipeline schemes, drip/sprinkler subsidies, and solar water pump installations for the district. In the event of non-response at the district level due to field duties, farmers are advised to contact the Chief Conservator of Soils, Punjab (Head Office, Chandigarh) at 0172-2704857 or 0172-2703857 for immediate grievance redressal and scheme status updates."
https://workdrive.zoho.in/file/wyumwd66547e6b8df43689588eedbb6559759,692d4164b202540091528dda,692d1006b202540091528ce6,Farmer needs information regarding reduce the toxicity of weedicide in Wheat crop,"Minimizing the toxicity, or phytotoxicity, of weedicides (herbicides) to the wheat crop is critical for maximizing yield. Herbicide injury can cause yellowing, stunting, and reduced tillering, especially under stress conditions. 

The majority of toxicity issues are caused by the improper application timing or dosage. Strictly follow the recommended label dose. Calibrate your sprayer before use to ensure the correct volume of water and chemical is applied per acre. First, you need to mix the herbicide in a small volume of water to create a uniform solution, then add this to the main tank and fill with the remaining water. This prevents clumping and uneven spraying that can lead to hot spots of high concentration. Correct timing and crop stage are also essential. Always apply pre-emergence herbicides such as pendimethalin within 2 days of sowing and post-emergence herbicides such as clodinafop at 30-35 DAS, when the weeds are at the 2-4 leaf stage. Spray when temperatures are moderate but avoid spraying in hot temperatures or foggy and cloudy weather. Do not spray when the crop is under stress from drought, waterlogging, or severe cold. Avoid spraying during high winds to prevent spray drift and use a flat fan nozzle for uniform spraying. Ensure sufficient soil moisture at the time of herbicide application. Use herbicide safeners for some combined products.  Select herbicides that explicitly mention a safener in the formulation to ensure the wheat is protected against the herbicide's active ingredient. For example, the recommended dose of mesosulfuron methyl 3% + iodosulfuron methyl sodium 0.6% WG is 160 ml/acre in 160-200 liters of water with 200 ml surfactant. If the wheat shows signs of phytotoxicity (yellowing, stunting, or tip burn), immediately provide a light irrigation. A light foliar spray of 2% urea or a balanced NPK fertilizer (like 19:19:19) can provide a quick nutritional boost to help the plant recover its green color and vigor.
"
https://workdrive.zoho.in/file/yjr6g2490fdbc41bf49278c7f9fe6941a04f9,692d7ca9b202540091528f65,692d1006b202540091528cb4,Farmer need information regarding control measures of fungal attack in Wheat crop,"Farmers can effectively manage fungal attacks in wheat by integrating clean seed practices, cultural methods, biological control, and timely fungicide use. Smut diseases are best prevented by using certified seed, removing smut balls through dry cleaning or 2% salt-water floatation, and treating seed with fungicides like Carbendazim 50 WP at 2 g/kg, Carboxin 75% WP at 2–2.5 g/kg, or Tebuconazole 2 DS at 0.2 kg/10 kg seeds, or Carboxin + Thiram at 3 g/kg. Sun-soaking (hot-water method) and removing early smutted plants also reduce the spread. Rust diseases such as yellow, brown, and black rust can be controlled by growing resistant varieties, avoiding late sowing, maintaining field hygiene, and monitoring during cool, humid periods when rust first appears. Early fungicide sprays with Propiconazole 25% EC 200 ml/acre in 200 liters of water (PHI 30 days), or Tebuconazole 25% WG at 300 g/acre in 200 liters of water (PHI 41 days), or Kresoxim-methyl 44.3% SC at 200 ml/acre in 200 liters of water (PHI 25 days), or Mancozeb 75% WP 600–800 g/acre in 300 liters of water, or Tebuconazole 38.39% SC at 242 ml/acre in 150–200 liters of water (PHI 5 days) help stop disease progression and provide protection. Overall, clean seed, preventive seed treatment, resistant varieties, good field sanitation, and timely fungicide application at first symptoms are the most reliable measures to control fungal diseases in wheat."
https://workdrive.zoho.in/file/ma9uqf73b608cba504a458f5fa2d1384ab964,692fc7c7eaef637561e78cf6,692d1006b202540091528ccd,The farmer needs information regarding the control of Bacterial Leaf Blight in Pea crop,"Bacterial leaf blight in pea starts with small water-soaked spots on leaves that quickly turn brown, forming irregular patches with yellow edges, and in severe cases, leaves dry up and fall. To manage it, farmers should avoid overhead irrigation, use clean, disease-free seeds, follow crop rotation, remove infected plants, and avoid working in the field when foliage is wet. For chemical control, seed treatment with certified bactericides like copper oxychloride helps in reducing infection, and spraying copper-based fungicides at early stages can slow disease spread, always following recommended doses and intervals for safe use."
https://workdrive.zoho.in/file/l1tkdd6c064d904e5489ea1dd3f6dd4827da4,692fcbb9eaef637561e78d05,692fbcf4eaef637561e78ca1,How to stop damage by pigs in Wheat crop?,"Pigs are a significant problem for wheat farmers. They can cause extensive damage to crops by foraging and trampling. Pig damage in wheat typically appears as uprooted plants, dug-up heads/rows, patches of torn-out roots, and overturned soil. Controlling this damage requires a multifaceted approach, and due to the animal's protected status, direct culling is often a complex and sensitive issue. Here are the most effective ways to save your field from nilgai, combining both traditional and modern methods. Physical barriers are the most reliable long-term solution, although they can be expensive. A strong wire fence is a common deterrent. While they can jump, a wall of sufficient height (at least 5-6 feet) can be effective, or planting a dense row of unpalatable or thorny plants around the field can create a natural barrier. Plants like Ipomoea carnea (besharam), Jatropha, or thorny shrubs can be effective. A solar-powered electric fence provides a safe but effective deterrent. A mild electric shock will scare the animals away without causing them serious harm (always take precautions). Sometimes the government provides subsidies for solar fencing to farmers through the State Agriculture or Horticulture Department. So you should check with your local Krishi Vigyan Kendra (KVK) or District Agriculture Office. Repellents and Scare Tactics: These methods are often used as a first line of defense, but their effectiveness can decrease over time as the animals become accustomed to them. Spreading human hair around the field can be an effective deterrent. A traditional method involves mixing the leaves of strong-smelling plants like Ipomoea carnea and neem with cow urine and spraying the mixture on the crops. Visual Deterrents: Traditional scarecrows can work for a short period. PVC Sound Gun: A low-cost device made of PVC pipes. It uses Calcium Carbide and water to create a loud explosion sound (like a gunshot) to scare away animals. Fire it at irregular intervals during the night. Using bright-colored strips of cloth (fladry) or flares that glitter in the night can startle the animals. Government and Community Initiatives: The Forest Department, in some cases, conducts operations to capture nilgai and relocate them to a protected sanctuary or a secluded forest area. This can be a costly and logistically challenging process. In many villages, farmers organise themselves to guard their fields in shifts, especially during the night when the animals are most active. "
https://workdrive.zoho.in/file/skuoedd33b8fc454d4624aa944edc941d6a22,692fe951eaef637561e78d72,692fbcf4eaef637561e78ca5,What are the adverse effects after using herbicide in Wheat crops?,"Herbicides can control weeds and boost yield if used correctly, but misuse (wrong product, dose, timing, or weather) can cause crop injury (phytotoxicity), yield loss, residues, damage to beneficials, soil and water impacts, and resistance development. 

The adverse effects of herbicides on wheat crops are Phytotoxicity / Crop injury. Some herbicides (e.g., pendimethalin at higher than recommended rates or if it contacts seed/seedlings directly) can reduce seed germination or produce stunted, yellow, or malformed seedlings. 
Field studies document pendimethalin phytotoxicity at higher concentrations. 
PE herbicides require specific soil moisture to “activate.” Applied on bone-dry soil, they may be ineffective; heavy rain right after application can either wash the chemical to crop roots (increasing crop injury) or dilute it and reduce efficacy. 
Severe phytotoxicity or misapplication can reduce tillering and grain yield, i.e., herbicide misuse can cause the same yield loss you were trying to prevent. 
Drift can damage neighboring crops (vegetables, orchards), and residues in soil/water bodies may affect aquatic life. 
Repeated, exclusive reliance on a single mode of action (for example, repeated use of ALS inhibitors) can select for resistant weed biotypes over time."
https://workdrive.zoho.in/file/skuoeb19127f4753b47f8a2c69b97cebe902a,692ffc01eaef637561e78deb,692ff190eaef637561e78d96,"Information regarding the use of Priaxor fungicide in Wheat, Gram and Lentil to control fungal infestation","Priaxor fungicide contains Fluxapyroxad + Pyraclostrobin and is a broad-spectrum fungicide developed by BASF. It controls important fungal diseases and also helps the crop stay green and healthy for a longer time due to its dual action (SDHI + Strobilurin). In wheat, Priaxor (Fluxapyroxad 167 g/l + Pyraclostrobin 333 g/l SC) is officially registered and recommended. It is mainly used to control rust disease in wheat, and the recommended dose is 120ml/acre in 200litres of water (PHI is 55 days) at the flag-leaf to booting stage, always following the label instructions. Timely spraying at the early stage of disease protects leaves, maintains greenness, improves grain filling, and finally increases yield. In gram (chickpea) and lentil, farmers sometimes consider Priaxor (Fluxapyroxad 167 g/L + Pyraclostrobin 333 g/L ) 120 ml/acre for controlling ascochyta blight, fusarium wilt, rust under cool and humid conditions. However, it is important to note that there is no clear, officially verified recommendation or registration in India for Priaxor on gram and lentil. Scientific and extension sources indicate that some key diseases of pulses (such as Ascochyta blight in chickpea) may not respond well to pyraclostrobin-based products. Therefore, use in gram or lentil should not be advised unless specifically mentioned on the product label or recommended by local agriculture officers or KVKs. Farmers prefer Priaxor (Fluxapyroxad 167 g/L + Pyraclostrobin 333 g/L ) because it provides longer disease control, works in both preventive and early curative stages, improves leaf greenness and plant vigour, and supports better yield and grain quality, especially in wheat. Always spray Priaxor ((Fluxapyroxad 167 g/L + Pyraclostrobin 333 g/L ) at the first appearance of disease, use the crop and dose clearly mentioned on the label, ensure good leaf coverage, and spray in the morning or evening. Avoid using it on unapproved crops, as off-label use may give poor results or waste money. For gram and lentil, always confirm with the latest official recommendation, KVK, or the Agriculture Department before use. This fungicide is generally recommended for commonly occurring diseases in Soybean, Groundnut and Cotton, along with wheat. "
https://workdrive.zoho.in/file/skuoe53517aecb9a64418adce217867d95712,6930035deaef637561e78e0d,692ff190eaef637561e78d9a,Farmer wants to know information regarding controlling the harmful effects of herbicide in wheat crop ?,"Harmful effects of herbicides in wheat mainly occur due to wrong herbicide selection, overdose, late application, poor spray technique, or spraying under stress conditions such as cold weather, drought, low soil moisture, or extreme temperatures. These problems may cause yellowing of leaves (chlorosis), slow growth, weak plants, or yield loss. To control and avoid such damage, farmers should always use only herbicides recommended for wheat and strictly follow the correct dose, spray time, and method given on the label. Spraying should be done at the recommended crop stage (generally 4–6 leaf stage of wheat) and early weed stage, using a properly calibrated or flat fan nozzle type sprayer with sufficient water to ensure uniform coverage. Avoid spraying during very cold, hot, windy, or rainy conditions, and ensure there is adequate soil moisture in the field at the time of spray. Herbicide mixtures with fertilizers, insecticides, or growth regulators should be avoided unless clearly recommended, as unsafe mixing increases crop stress. In light soils, sandy soils, or salt-affected fields, farmers should be extra careful and may need to use lower doses, as wheat plants there are more sensitive. If mild herbicide injury appears, further chemical stress should be avoided. Maintaining timely irrigation, balanced fertilizer application, and good field drainage helps the crop recover faster. In some cases, light foliar sprays of nutrients or plant growth–promoting substances help restore leaf greenness and crop vigour. Long-term prevention includes integrated weed management, using crop rotation, timely sowing, proper nutrition, and need-based herbicide use. By following these practices, farmers can minimize herbicide injury and ensure safe, effective, and sustainable weed control in wheat."
https://workdrive.zoho.in/file/bl5ambb4e854ec33b4a8b9d4ab30ccb54882f,693113393fc0a75a60d792f8,692ff190eaef637561e78da9,Information regarding  the neem oil,"Neem oil, derived from Azadirachta indica seeds and rich in Azadirachtin, is a useful natural biopesticide that can help wheat farmers manage pests in an eco-friendly way. It works by disrupting insect growth, stopping feeding, repelling adults, preventing egg laying, and suffocating soft-bodied pests. In wheat, neem oil is mainly effective against sucking pests like aphids, jassids, thrips, and mites—pests that commonly attack wheat during the tillering and heading stages. It can also suppress some early fungal infections such as powdery mildew on leaves. Farmers prefer neem because it is safe, biodegradable, and does not harm beneficial insects when applied in the morning or evening. It also reduces the risk of pest resistance compared to chemical sprays. Neem cake from oil extraction can be used in wheat fields as organic manure to protect roots from soil grubs and nematodes while improving soil fertility. For wheat, neem oil is usually applied as a foliar spray. Prepare it by mixing 2–5 ml neem oil per litre of water with 1–2 ml liquid soap/emulsifier, first forming a milky emulsion and then adding it to water. Spray during early morning or late evening, avoiding hot sunlight to prevent leaf burn. Ensure full coverage on both sides of leaves. Apply every 10–14 days for prevention or every 7 days during active pest attack. Always test the solution on a small patch of wheat plants before spraying the whole field. Neem oil must be used immediately after mixing, as it loses effectiveness within a day."
https://workdrive.zoho.in/file/bl5amd43397e473e147f8a1f07fa0d97b4a5f,693122893fc0a75a60d79325,693104163fc0a75a60d7929c,The farmer wants information regarding the non-availability of canal water to the fields,"Non-availability of canal water to the fields occurs due to several technical, managerial, and natural reasons. Common causes include limited water availability at the source because of drought, reduced river flow, or heavy upstream use. Unequal distribution is another major issue, where head-end farmers often draw excess water, leaving tail-end farmers without an adequate supply. Siltation, sediment buildup, and weed growth in canals reduce flow capacity, while seepage, leakage, damaged gates, and poor maintenance further increase water losses. In some areas, illegal tapping or unauthorised diversion of canal water worsens the problem. Changes in cropping patterns toward water-intensive crops and restrictive water management policies during dry periods also increase demand beyond canal capacity. Due to these factors, canal water often fails to reach fields on time, especially at the tail end, leading to crop stress, yield loss, or crop failure, and causing farmer distress. In that situation, you can contact the local canal authority / Irrigation Department (JE or SDO) to know the irrigation schedule and the reason for water disruption. Submit a written complaint to the Irrigation or Water Resources Department if the problem persists. You can submit a complaint in person or through the online grievance portal “Citizen Grievance” section on the department’s website: http://www.mpwrd.gov.in/. Include your name, contact details, field/canal location, problem description (like water shortage, siltation, or illegal tapping), and request for action. you can also approach the Water Users Association (WUA), Canal Committee, or Gram Panchayat to ensure fair water distribution and raise issues of desilting or repairs. Request the authorities to desilt canals, remove weeds, and repair infrastructure. Use alternative water sources like tube wells, bore wells, or harvested rainwater. Save water by using sprinklers or drip irrigation and keeping fields level with proper bunds. Consider growing less water-intensive crops if the canal supply is unreliable. Take advantage of government schemes for irrigation improvement and micro-irrigation."
https://workdrive.zoho.in/file/kqvfr3ecdd453a995467b9f708d21ab2761b7,69312e7a3fc0a75a60d79379,693104163fc0a75a60d7929f,Farmer wants to know information about controlling high temperature in wheat crop ,"Controlling high temperature (heat stress) in wheat crops needs multiple strategies, including early sowing, irrigation management, nutrient application, and heat-tolerant variety selection. Irrigation is especially crucial, as it can significantly reduce heat sensitivity and improve yield under high-temperature conditions. High temperatures, particularly in March and April during the grain-filling phase (Terminal Heat Stress), are one of the reasons for yield loss. Timely sowing is the most crucial step. Wheat should be sown timely (late October to mid-November) to ensure that the critical heat-sensitive stages (flowering and grain-filling) are completed before the maximum temperatures of late February and March. Using zero-tillage sowing (particularly in the rice-wheat system) can facilitate earlier sowing and reduce the risk of terminal heat damage. Apply light irrigation during the heat stress period, especially if the temperature rises sharply during the flowering and milky/grain filling stages. Setting up efficient methods like sprinkler irrigation is beneficial for controlled light irrigation to maximize the cooling effect and reduce water waste. Select heat-resistant varieties such as HI 8663, MP(JW) 1358, HI 1634 (Pusa Ahilya), HI 1665 (Sharbati), DBW 150, DBW 316, and HD 3385. For your region-specific variety, consult KVK.


Punjab POP recommends foliar spraying to reduce heat stress in wheat during the grain-filling stage. One option is spraying 2% potassium nitrate (13:0:45) by dissolving 4 kg in 200 litres of water at the boot leaf and anthesis stages. Alternatively, two sprays of salicylic acid can be used by dissolving 15 g of salicylic acid in 450 mL of ethyl alcohol and mixing it in 200 litres of water per acre, applied at the boot leaf and early milk stages. Consult your local KVK or agriculture extension officer to confirm whether these foliar sprays are suitable and effective for your region."
https://workdrive.zoho.in/file/2u2rr4f109e0cac04447985a8efb7b0944df2,69312e7a3fc0a75a60d79379,693104163fc0a75a60d7929f,Farmer wants to know information about controlling high temperature in wheat crop ,"Controlling high temperature (heat stress) in wheat crops needs multiple strategies, including early sowing, irrigation management, nutrient application, and heat-tolerant variety selection. Irrigation is especially crucial, as it can significantly reduce heat sensitivity and improve yield under high-temperature conditions. High temperatures, particularly in March and April during the grain-filling phase (Terminal Heat Stress), are one of the reasons for yield loss. Timely sowing is the most crucial step. Wheat should be sown timely (late October to mid-November) to ensure that the critical heat-sensitive stages (flowering and grain-filling) are completed before the maximum temperatures of late February and March. Using zero-tillage sowing (particularly in the rice-wheat system) can facilitate earlier sowing and reduce the risk of terminal heat damage. Apply light irrigation during the heat stress period, especially if the temperature rises sharply during the flowering and milky/grain filling stages. Setting up efficient methods like sprinkler irrigation is beneficial for controlled light irrigation to maximize the cooling effect and reduce water waste. Select heat-resistant varieties such as HI 8663, MP(JW) 1358, HI 1634 (Pusa Ahilya), HI 1665 (Sharbati), DBW 150, DBW 316, and HD 3385. For your region-specific variety, consult KVK.


Punjab POP recommends foliar spraying to reduce heat stress in wheat during the grain-filling stage. One option is spraying 2% potassium nitrate (13:0:45) by dissolving 4 kg in 200 litres of water at the boot leaf and anthesis stages. Alternatively, two sprays of salicylic acid can be used by dissolving 15 g of salicylic acid in 450 mL of ethyl alcohol and mixing it in 200 litres of water per acre, applied at the boot leaf and early milk stages. Consult your local KVK or agriculture extension officer to confirm whether these foliar sprays are suitable and effective for your region."
https://workdrive.zoho.in/file/kqvfr7801e0138bee494ebe99e52239c7efc5,693131823fc0a75a60d7938b,693104163fc0a75a60d792aa,How to control waterlogging in the field?,"Waterlogging occurs when excess water saturates the root zone, reducing oxygen supply, causing root rot, stunting, nutrient loss and yield reduction—and the only effective management is drainage and prevention of excess moisture. Farmers should begin by creating surface drainage channels or shallow field ditches before the season, especially in low-lying or heavy clay soils, so that rainwater or excess irrigation can flow out quickly rather than stagnate; even small spoon drains improve field aeration significantly. 
In fields that chronically remain wet, sub-surface drainage systems such as mole drains or tile drains that carry water away from the crop root zone—these systems are especially useful in canal-irrigated or poorly drained black soils. Using raised beds or ridge–furrow planting systems is another proven method, as it keeps the wheat root zone elevated above standing water, improving aeration and root health. 
Planting deep-rooted trees or vegetative strips along field boundaries, which lower the water table naturally over time and prevent seasonal waterlogging. Maintaining good soil structure, avoiding machinery when the soil is wet, and occasional deep ploughing to break hardpans further improves drainage. If unexpected rainfall causes sudden waterlogging, farmers should drain or remove water immediately through temporary cuts or pumping and avoid any further irrigation until the field dries."
https://workdrive.zoho.in/file/kqvfrd0cc4013c86e46eb84be2eac42959d96,6931579c3fc0a75a60d7944e,69314d423fc0a75a60d793fd,The farmer wants to know information about how to use crop residue after harvesting Wheat crop with harvester,"After harvesting wheat with a combine harvester, crop residue (mainly straw) can be managed in several sustainable ways to benefit soil health, livestock, and the environment. Burning residue is not recommended due to pollution and loss of nutrients, so alternative methods are recommended. You can use wheat straw as livestock feed. Wheat straw, locally called ‘Bhusa’ or ‘Turi,’ is commonly used as fodder in India. It is usually chopped into small pieces using a straw reaper or by a combine harvester set to produce bhusa. Wheat straw is preferred over paddy straw as animal feed. Straw can be spread as mulch in fields, which helps retain soil moisture, suppresses weeds, and gradually enriches soil organic matter. Residue can be incorporated into the soil using machinery such as rotary mulchers or zero-till seed-cum-fertilizer drills. This improves soil fertility and structure and reduces the need for external fertilizers. Use machinery like the Happy Seeder, Super Seeder, or Turbo Happy Seeder to cut, mulch, and incorporate residue while sowing the next crop. These methods save time, reduce burning, and boost yields. If residue is not needed in the field, it can be baled and transported for use in composting plants, biogas units, or as fodder elsewhere. Applying microbial consortia can speed up residue decomposition, making nutrients available faster for the next crop. "
https://workdrive.zoho.in/file/kqvfre5939b2bc787471691396dee606418d6,69315ac83fc0a75a60d79468,69314d423fc0a75a60d79409,The farmer wants to know information about making straw from Wheat crop,"To make straw from a wheat crop, farmers can either manually harvest and collect the stalks after grain removal or use modern machinery for mechanical harvesting and baling. After the grain is taken out, the remaining straw can be used as animal fodder, for making crafts and eco friendly paper products, or for bio fuel production. Manual harvesting involves cutting the stalks left after grain harvest, while combine harvesters can collect grain and straw together, and special machines help in chopping, baling, and collecting the straw. The straw can be used as low cost livestock feed when mixed with other nutrients or treated for better digestibility. It also serves as a raw material for handicrafts and paper products, creating income opportunities for rural communities. Straw can be processed to make bio fuel, turning waste into a useful resource. Instead of burning, straw can be mixed back into the soil to improve soil health and fertility, and in areas with a long growing season it can be left in the field or used to grow a cover crop."
https://workdrive.zoho.in/file/2u2rrfbcbdc917d8c4dc08ccd5ab16e396be7,69315d2f3fc0a75a60d79479,69314d423fc0a75a60d793fe,The farmer wants to know information about the problem of Shriram 111 variety of Wheat crop,"Shriram 111 wheat, known for its hard and lustrous bold grains and tolerance to brown rust, still faces a few common field problems. Farmers often report moderate susceptibility to yellow (stripe) rust, especially in cool and humid conditions. Due to its 100 cm plant height, the crop is prone to lodging when excess nitrogen or heavy irrigation is applied. It is suitable for both early and late sowing. The variety can show terminal heat stress in late Rabi, leading to shrivelled grains, and may also experience shattering if harvesting is delayed. Early-season attacks of aphids and armyworms are sometimes observed, and the crop is sensitive to zinc and sulfur deficiencies, particularly in light soils. For one acre, a 40 kg seed rate is required. "
https://workdrive.zoho.in/file/2u2rr6e5de9cee9ce487ca507e1bcb196f6da,69315d2f3fc0a75a60d79479,69314d423fc0a75a60d793fe,The farmer wants to know information about the problem of Shriram 111 variety of Wheat crop,"Shriram 111 wheat, known for its hard and lustrous bold grains and tolerance to brown rust, still faces a few common field problems. Farmers often report moderate susceptibility to yellow (stripe) rust, especially in cool and humid conditions. Due to its 100 cm plant height, the crop is prone to lodging when excess nitrogen or heavy irrigation is applied. It is suitable for both early and late sowing. The variety can show terminal heat stress in late Rabi, leading to shrivelled grains, and may also experience shattering if harvesting is delayed. Early-season attacks of aphids and armyworms are sometimes observed, and the crop is sensitive to zinc and sulfur deficiencies, particularly in light soils. For one acre, a 40 kg seed rate is required. "
https://workdrive.zoho.in/file/bl5amf2d27abb03344f8bbe193ec85e3a3fca,69315d9f3fc0a75a60d7947f,69314d423fc0a75a60d793fa,The farmer needs information regarding agriculture insurance in Madhya Pradesh,"Farmers in Madhya Pradesh can get crop insurance through the Pradhan Mantri Fasal Bima Yojana (PMFBY), which offers financial protection against losses caused by drought, floods, hailstorms, cyclones, pests, diseases, and post-harvest damage. The scheme is open to both loanee farmers (KCC holders) and non-loanee farmers. Enrollment can be done online on the PMFBY portal or offline through banks, CSC centres, or the local Agriculture Department. Key documents required include Aadhaar, bank account details, land records, and details of the crop being insured. Premium rates are fixed at 2% of the sum insured for Kharif crops, 1.5% for Rabi crops, and around 5% for commercial or horticultural crops, with the remaining premium paid by the central and state governments. If crop damage occurs, farmers must report it within 72 hours for verification, after which compensation is released. For help or updates, farmers can contact their Agriculture Department office or visit the PMFBY portal."
https://workdrive.zoho.in/file/go70v207abead7244423caa67884beb16c433,6932713c11d833f176e32414,6932597511d833f176e323e3,The farmer needs information regarding E-Uparjan of Rabi Wheat crop yield ,"Based on the administrative guidelines of the Madhya Pradesh State Civil Supplies Corporation (MPSCSC) and the Department of Food, Civil Supplies & Consumer Protection, the ""E-Uparjan"" system is the mandatory digital gateway for farmers to sell their wheat at the Minimum Support Price (MSP). For the Rabi Marketing Season (RMS) 2025-26, the process involves three critical stages: Registration, Slot Booking, and Procurement.  Step 1: Farmer Registration (Panjiyan): Registration is compulsory every year, even for old farmers. Registration typically runs from February 1st to March 1st. You can Self-Registration (Free): Using the MP Kisan App on your mobile. Gram Panchayat / Patwari / Society: Free of cost at the procurement centre. CSC / MP Online Kiosk: Charges apply (approx. ₹50). Documents Required: Samagra ID: (Member ID). The name in Samagra must match the land records. Aadhar Card: Must be linked to your mobile number for OTP. Bank Account: Must be Aadhar-Seeded (DBT Enabled/NPCI Active). The government will not ask for an account number; money goes to the Aadhar-linked bank. Khasra/Land Record: To verify the wheat area. Step 2: Slot Booking: The MP Government has stopped sending random SMS to farmers. Now, you must book your own date. Visit mpeuparjan.nic.in or use the MP Kisan App. Select your District and Tehsil. Choose a Procurement Centre (Warehousing Corp, silo, or Society). Select a Date to sell your crop. The slot is usually valid for 3 working days. You must take your trolley to the mandi on these specific days.  Step 3: Weighing & Quality: When you reach the centre, the surveyor will check the wheat quality as per Fair Average Quality (FAQ) norms set by the Govt of India. Moisture: Must be below 12%. If grains are damp, dry them before taking them. Foreign Matter: Dust/stones should be below 0.75%. Broken/Shrivelled Grains: Maximum 6% allowed. Once weighed, ensure you receive the Acceptance Note (Epco/Toul Parchi). This is your proof of sale.  Step 4: Payment: System: JIT (Just In Time) Payment System. Rate (2025-26): ₹2,425 (MSP) + State Bonus (The MP Govt often announces a bonus to reach a target price, e.g., ₹2,700). Payment is credited within 48 to 72 hours (max 7 days) directly to your Aadhar-linked bank account."
https://workdrive.zoho.in/file/go70v418e35932a2a4cb89c24bc8004177ed5,69327b5f11d833f176e32438,6932597511d833f176e323dd,The farmer needs information about OTP not received on his mobile number for slot booking of Wheat crop in Minimum Support Price scheme,"OTP delays or failures during MP e-Uparjan (MSP) wheat slot booking typically occur due to weak network coverage, an incorrect mobile number, blocked SMS permissions, or heavy traffic on the e-Uparjan portal. To resolve this, ensure that the registered mobile number is correct and that SMS services are active. Also, make sure aeroplane mode or DND isn’t turned on. Clear the cache/data of the browser or the e-Uparjan app, allow SMS permissions, and try requesting the OTP again after a few minutes. Switching to another browser, device, or network (such as switching from mobile data to Wi-Fi) can also help. Don’t forget to check the spam or junk folder for the OTP message. If none of these steps work, visit your nearest kiosk or registration center. They can verify your details, help with re-registration if required, and generate a fresh OTP. You can also raise a complaint through the official MPOnline helpdesk if the issue continues (https://helpdesk.mponline.gov.in). "
https://workdrive.zoho.in/file/serujc30f859933fd4db5a181331bae398f86,69327f8111d833f176e32442,6932597511d833f176e323e0,The farmer needs information regarding an agriculture-related complaint ,"The CM Helpline is a primary portal in MP for citizens to register grievances regarding various government services, including those related to agriculture. You can dial the toll-free number 181 or register your complaint online. Or visit the MPOnline Helpdesk at https://helpdesk.mponline.gov.in/ticket/create to report issues related to e-Uparjan, farmer portals, or online services by entering name, mobile, email, language, and problem details, with resolution typically within 15 days and escalation options if unsatisfied.  Your grievance will be assigned a unique reference number for tracking and directed to the concerned Agriculture or Farmers' Welfare Department official in MP for resolution. You can also register agriculture-related complaints through the centralized Public Grievance Portal (CPGRAMS) at https://pgportal.gov.in, selecting the Ministry of Agriculture or state agriculture department as the nodal officer for issues like subsidy delays, seed quality, or procurement disputes. The process involves visiting the site, clicking ""Lodge Public Grievance,"" filling in details such as name, mobile, Aadhaar, district, and complaint description, and uploading documents, then submitting to receive a unique registration ID for tracking status online or via SMS. For agricultural machinery-related queries, you can contact 0755-4935002 or 0755-493500. For specific schemes like Madhya Pradesh Mukhyamantri Kisan Kalyan Yojana, you can contact 0755-2708242. For general advice, information, or to report issues, the All-India Kisan Call Center is a good starting point (1800-180-1551). Track progress anytime using the registration ID on PG Portal, with feedback options post-resolution; for urgent cases, combine with the National Consumer Helpline at 1915 for agri-input disputes. Full guidelines are available at https://pgportal.gov.in and https://services.india.gov.in/service/detail/registration-on-public-grievances-portal-pg-portal."
https://workdrive.zoho.in/file/serujee52af569f3c4fa8ae6b0e38c4472c8a,69327f8111d833f176e32442,6932597511d833f176e323e0,The farmer needs information regarding an agriculture-related complaint ,"The CM Helpline is a primary portal in MP for citizens to register grievances regarding various government services, including those related to agriculture. You can dial the toll-free number 181 or register your complaint online. Or visit the MPOnline Helpdesk at https://helpdesk.mponline.gov.in/ticket/create to report issues related to e-Uparjan, farmer portals, or online services by entering name, mobile, email, language, and problem details, with resolution typically within 15 days and escalation options if unsatisfied.  Your grievance will be assigned a unique reference number for tracking and directed to the concerned Agriculture or Farmers' Welfare Department official in MP for resolution. You can also register agriculture-related complaints through the centralized Public Grievance Portal (CPGRAMS) at https://pgportal.gov.in, selecting the Ministry of Agriculture or state agriculture department as the nodal officer for issues like subsidy delays, seed quality, or procurement disputes. The process involves visiting the site, clicking ""Lodge Public Grievance,"" filling in details such as name, mobile, Aadhaar, district, and complaint description, and uploading documents, then submitting to receive a unique registration ID for tracking status online or via SMS. For agricultural machinery-related queries, you can contact 0755-4935002 or 0755-493500. For specific schemes like Madhya Pradesh Mukhyamantri Kisan Kalyan Yojana, you can contact 0755-2708242. For general advice, information, or to report issues, the All-India Kisan Call Center is a good starting point (1800-180-1551). Track progress anytime using the registration ID on PG Portal, with feedback options post-resolution; for urgent cases, combine with the National Consumer Helpline at 1915 for agri-input disputes. Full guidelines are available at https://pgportal.gov.in and https://services.india.gov.in/service/detail/registration-on-public-grievances-portal-pg-portal."
https://workdrive.zoho.in/file/go70v4614097464ef4abba6b86cb8124e8dce,6932804f11d833f176e3244b,6932597511d833f176e323d1,The farmer wants to know information about Wheat crop registration,"Farmers need to register their wheat crop to sell it to the government at the official Minimum Support Price (MSP) through procurement centres. Registration is important because it ensures that your Aadhaar, bank account, and land records (khasra) are correct, so that payments, bonuses, or any subsidies reach you without problems. Early registration also allows you to book slots online, making procurement easier and reducing the chances of delays or rejection. Farmers can register online using the MP Kisan App or by using the e‑Uparjan portal at https://mpeuparjan.nic.in. You need to log in, select “wheat procurement/registration,” and enter your details, including Aadhaar, bank account, land records, and mobile number. If your land records are already linked with Aadhaar through the land record officer or patwari, you can self-register. After registration, make sure your bank account details are verified so that payments are credited correctly. The overall process for the e‑Uparjan portal is that you first need to register at the purchase or registration centre to complete the process. After successful registration, they receive a slip containing their Kisan Code. You must log in to the portal or app and book your own slot (date & mandi) based on availability. Once you book a slot, you receive an SMS confirmation. Your slot is valid for 3 working days. If you fail to visit the mandi in those 3 days, your slot expires, and you may not get another chance easily. After the transaction is completed, you receive a receipt, and finally, the payment is directly credited to your bank account. Alternatively, you can register offline by visiting a nearby procurement centre, cooperative society, tehsil office, gram‑panchayat, or other designated registration centres. Bring your Aadhaar card, land records (khasra or jamabandi), Aadhaar-linked bank passbook, and mobile number. If your land records are not Aadhaar-linked, you must first contact the patwari or land record officer to link them before registration is accepted. Sharecroppers, tenants, forest-lease farmers, or other non-owners should register only through the cooperative society or procurement centre. For the Rabi 2025‑26 season, registration began in late January and was extended to 9 April 2025. Farmers who miss this may lose the chance to sell wheat at MSP, so timely registration is important. After registering online, slot-booking on the e‑Uparjan portal is required; without it, the procurement centre may not accept your wheat. Payment will be directly credited to your Aadhaar-linked bank account."
https://workdrive.zoho.in/file/go70v74f5dc032afb4976b96b3c45e4f681ff,6932804f11d833f176e3244b,6932597511d833f176e323d1,The farmer wants to know information about Wheat crop registration,"Farmers need to register their wheat crop to sell it to the government at the official Minimum Support Price (MSP) through procurement centres. Registration is important because it ensures that your Aadhaar, bank account, and land records (khasra) are correct, so that payments, bonuses, or any subsidies reach you without problems. Early registration also allows you to book slots online, making procurement easier and reducing the chances of delays or rejection. Farmers can register online using the MP Kisan App or by using the e‑Uparjan portal at https://mpeuparjan.nic.in. You need to log in, select “wheat procurement/registration,” and enter your details, including Aadhaar, bank account, land records, and mobile number. If your land records are already linked with Aadhaar through the land record officer or patwari, you can self-register. After registration, make sure your bank account details are verified so that payments are credited correctly. The overall process for the e‑Uparjan portal is that you first need to register at the purchase or registration centre to complete the process. After successful registration, they receive a slip containing their Kisan Code. You must log in to the portal or app and book your own slot (date & mandi) based on availability. Once you book a slot, you receive an SMS confirmation. Your slot is valid for 3 working days. If you fail to visit the mandi in those 3 days, your slot expires, and you may not get another chance easily. After the transaction is completed, you receive a receipt, and finally, the payment is directly credited to your bank account. Alternatively, you can register offline by visiting a nearby procurement centre, cooperative society, tehsil office, gram‑panchayat, or other designated registration centres. Bring your Aadhaar card, land records (khasra or jamabandi), Aadhaar-linked bank passbook, and mobile number. If your land records are not Aadhaar-linked, you must first contact the patwari or land record officer to link them before registration is accepted. Sharecroppers, tenants, forest-lease farmers, or other non-owners should register only through the cooperative society or procurement centre. For the Rabi 2025‑26 season, registration began in late January and was extended to 9 April 2025. Farmers who miss this may lose the chance to sell wheat at MSP, so timely registration is important. After registering online, slot-booking on the e‑Uparjan portal is required; without it, the procurement centre may not accept your wheat. Payment will be directly credited to your Aadhaar-linked bank account."
https://workdrive.zoho.in/file/go70ve4d2864476804a7383499d621324a22a,6932804f11d833f176e3244b,6932597511d833f176e323d1,The farmer wants to know information about Wheat crop registration,"Farmers need to register their wheat crop to sell it to the government at the official Minimum Support Price (MSP) through procurement centres. Registration is important because it ensures that your Aadhaar, bank account, and land records (khasra) are correct, so that payments, bonuses, or any subsidies reach you without problems. Early registration also allows you to book slots online, making procurement easier and reducing the chances of delays or rejection. Farmers can register online using the MP Kisan App or by using the e‑Uparjan portal at https://mpeuparjan.nic.in. You need to log in, select “wheat procurement/registration,” and enter your details, including Aadhaar, bank account, land records, and mobile number. If your land records are already linked with Aadhaar through the land record officer or patwari, you can self-register. After registration, make sure your bank account details are verified so that payments are credited correctly. The overall process for the e‑Uparjan portal is that you first need to register at the purchase or registration centre to complete the process. After successful registration, they receive a slip containing their Kisan Code. You must log in to the portal or app and book your own slot (date & mandi) based on availability. Once you book a slot, you receive an SMS confirmation. Your slot is valid for 3 working days. If you fail to visit the mandi in those 3 days, your slot expires, and you may not get another chance easily. After the transaction is completed, you receive a receipt, and finally, the payment is directly credited to your bank account. Alternatively, you can register offline by visiting a nearby procurement centre, cooperative society, tehsil office, gram‑panchayat, or other designated registration centres. Bring your Aadhaar card, land records (khasra or jamabandi), Aadhaar-linked bank passbook, and mobile number. If your land records are not Aadhaar-linked, you must first contact the patwari or land record officer to link them before registration is accepted. Sharecroppers, tenants, forest-lease farmers, or other non-owners should register only through the cooperative society or procurement centre. For the Rabi 2025‑26 season, registration began in late January and was extended to 9 April 2025. Farmers who miss this may lose the chance to sell wheat at MSP, so timely registration is important. After registering online, slot-booking on the e‑Uparjan portal is required; without it, the procurement centre may not accept your wheat. Payment will be directly credited to your Aadhaar-linked bank account."
https://workdrive.zoho.in/file/go70v29d76cf7a5ce4b56893cbd2fcbac190f,693282e411d833f176e32460,692d1006b202540091528cc1,The farmer needs information regarding the control measure of Smut disease in Wheat crop,"Smut diseases of wheat, such as loose smut and flag smut, can be recognized by typical symptoms like black powder replacing grains, black streaks on leaves, stunted plants, and foul-smelling bunt balls in the ear. To manage these diseases, start with cultural practices such as using certified disease-free seed, adopting crop rotation, timely sowing, and proper field sanitation to reduce fungal survival. Biological measures like treating the seed with Pseudomonas fluorescens can help to suppress soil-borne infection. Use Pseudomonas fluorescens 1.75% WP at 5 g/kg of seed. Mix the required quantity of seeds with the appropriate amount of Pseudomonas fluorescens 1.75% WP formulation and ensure a uniform coating. After coating, shade-dry the seeds and then sow them. Mechanical methods such as solar heat treatment, soaking seeds overnight and drying them in strong sunlight, and removing abnormal smutted plants from the field further reduce disease spread. Chemical treatment includes seed treatment with Carboxin 75% WP 2-2.5 gm/kg seed or Tebuconazole 2% DS 0.2 kg/10 kg of seed or Carboxin 37.5% + Thiram 37.5% WS 3 gm/kg of seeds. Treat the seed with Tebuconazole 2% DS at the rate of 0.2 kg per 10 kg of seed. Mix the fungicide thoroughly with about 10 liters of water per 10 kg of seed to ensure uniform coating. Shade-dry the treated seed and then sow immediately.
"
https://workdrive.zoho.in/file/go70v96f6b48bdd4b445e9fe39c3be5ac1089,693282e411d833f176e32460,692d1006b202540091528cc1,The farmer needs information regarding the control measure of Smut disease in Wheat crop,"Smut diseases of wheat, such as loose smut and flag smut, can be recognized by typical symptoms like black powder replacing grains, black streaks on leaves, stunted plants, and foul-smelling bunt balls in the ear. To manage these diseases, start with cultural practices such as using certified disease-free seed, adopting crop rotation, timely sowing, and proper field sanitation to reduce fungal survival. Biological measures like treating the seed with Pseudomonas fluorescens can help to suppress soil-borne infection. Use Pseudomonas fluorescens 1.75% WP at 5 g/kg of seed. Mix the required quantity of seeds with the appropriate amount of Pseudomonas fluorescens 1.75% WP formulation and ensure a uniform coating. After coating, shade-dry the seeds and then sow them. Mechanical methods such as solar heat treatment, soaking seeds overnight and drying them in strong sunlight, and removing abnormal smutted plants from the field further reduce disease spread. Chemical treatment includes seed treatment with Carboxin 75% WP 2-2.5 gm/kg seed or Tebuconazole 2% DS 0.2 kg/10 kg of seed or Carboxin 37.5% + Thiram 37.5% WS 3 gm/kg of seeds. Treat the seed with Tebuconazole 2% DS at the rate of 0.2 kg per 10 kg of seed. Mix the fungicide thoroughly with about 10 liters of water per 10 kg of seed to ensure uniform coating. Shade-dry the treated seed and then sow immediately.
"
https://workdrive.zoho.in/file/go70v8fd6bb2dfa724fc18ead594f0e3771b1,6932892111d833f176e3246a,693281aa11d833f176e32456,Information regarding the Chief Minister Farmer Relief Fund of the Madhya Pradesh Government,"“Chief Minister farmer relief fund” in Madhya Pradesh mainly means the scheme called (Chief Minister Farmer Life Welfare Scheme). The scheme was started by the Government of Madhya Pradesh in 2008 to give social security and relief to farmers and people engaged in agriculture-based work. It is implemented through the Madhya Pradesh State Agricultural Marketing Board (MP Mandi Board) and the district administration. Official Hindi name: “मुख्यमंत्री कृषक जीवन कल्याण योजना”; in English: Chief Minister Farmer Life Welfare Scheme. If a farmer (or farm worker) dies or becomes disabled due to an accident during agricultural activities, the family receives relief money from the government. Any farmer of Madhya Pradesh is eligible for this scheme. Also, people who earn their livelihood from agriculture or agriculture-based work (e.g. farm labourers, workers involved in agri operations). The accident must be linked to agriculture, for example: Working in the field (sowing, spraying, harvesting, irrigating, machine operation). Handling agricultural produce, using pumps, tractors, threshers, etc. In some cases, accidents on the way to or from the field or mandi can also be considered, if mentioned in the inquiry/report (as seen in sanctioned cases). In some cases, accidents on the way to or from the field or mandi can also be considered, if mentioned in the inquiry/report (as seen in sanctioned cases). The final decision is taken by the district authorities (Tehsildar/SDM/Collector) based on the rules and enquiry. Financial help (relief) is given as follows: Death of farmer - ₹4,00,000, Permanent disability - ₹1,00,000, Temporary/partial disability - ₹25,000 – ₹50,000 (updated MPINFO note mentions ₹50,000 for partial disability in some circulars), Funeral assistance - ₹10,000. The exact amount can vary slightly if revised by new government orders; districts follow the latest circular. District administrations have sanctioned ₹4 lakh to families of farmers who died in agricultural accidents (e.g. drowning in a well while doing farm work) under this scheme. The process, as described in the Mandi Board circular and field cases, informs local revenue officials after an accident or death: Family or villagers inform the Patwari/village secretary and police (if required). Patwari prepares a पंचनामा (site report) describing: Who is the farmer, where and how the accident happened, and whether it is connected with agricultural work. Prepare an application under the scheme: Based on the panchnama and documents, a case is prepared under this scheme. An application usually includes: Farmer’s name, address, Khasra/B-1 or proof that the person is a farmer / agri worker, Accident details (date, place, nature of work), Post-mortem / medical reports in case of death/injury, Aadhaar, bank account of beneficiary (legal heir). The Tehsildar / SDM checks the documents and forwards the proposal to the Collector and the concerned Mandi Board office. Sanction and payment: District-level officers examine the case as per the rules and forward it to the MP State Agricultural Marketing Board. After approval, the sanctioned amount (₹4 lakh, ₹1 lakh, etc.) is transferred to the beneficiary’s bank account. Local press notes often mention such approvals as “मुख्यमंत्री कृषक जीवन कल्याण योजना अंतर्गत सहायता स्वीकृत”. "
https://workdrive.zoho.in/file/anv1v6c8903755d2e42638eaa3e1128ec1068,693293a811d833f176e32483,6932597511d833f176e323ce,The farmer needs information about the complaint that payment does not transfer the Minimum Support Price under the E-Uparjan scheme,"If a farmer’s payment under MP e-Uparjan has not been credited to their bank account, they should first check the portal for “Payment Status” or “FTO Tracking” and ensure that the bank account linked with their Aadhaar is correct. They should also confirm that the procurement centre issued a proper sale receipt and that the sale is recorded in the system. If the payment does not arrive even after 7–15 working days, the farmer can call the e-Uparjan helpline at 1800-103-6006, email support-euparjan@mp.gov.in or euparjanmp@gmail.com, or register a complaint through the MP Chief Minister’s Helpline at 181. The complaint should include the registration number, Aadhaar number, bank account details, sale receipt number, procurement centre name, and date of sale."
https://workdrive.zoho.in/file/anv1vbe666ddd8ae94b2cacd0951aa70e7f00,693299b211d833f176e3249d,6932597511d833f176e323e6,Farmer needs information regarding next credit date of PM Kisan installment,"For farmers in Madhya Pradesh, the latest PM-KISAN instalment (21st instalment) of ₹2,000 was credited on 19 November 2025 under the Pradhan Mantri Kisan Samman Nidhi Yojana. The amount is transferred directly to the Aadhaar-linked bank account of eligible farmers through DBT (Direct Benefit Transfer). At present, no official date has been announced for the 22nd instalment, but as per the regular 4-month cycle, it is expected around February–March 2026. Farmers should ensure that e-KYC is completed, Aadhaar is linked with the bank account, and land records are verified to avoid payment delays. Beneficiaries can check payment status on the official PM-Kisan portal (pmkisan.gov.in) or by contacting the helpline 155261 / 011-23381092. "
https://workdrive.zoho.in/file/anv1v37b9b9573f5f4543a0ff39e4f2f8f1cb,693299f511d833f176e324a1,6932597511d833f176e323cc,The farmer wants to know whether Nano DAP and Nano Urea can be mixed and used together in wheat crop,"Farmers can safely mix and apply Nano DAP and Nano Urea together for wheat crops through foliar spray, as both IFFCO products are compatible water-soluble liquids designed for tank mixing without precipitation or antagonism, enhancing nutrient delivery for better growth and yield. For wheat in Madhya Pradesh, apply the mixture at tillering (20-25 DAS), flag leaf, and early grain filling stages, using 500 ml Nano Urea (2 to 4 ml per liter water) plus 500 ml Nano DAP (2 to 4 ml per liter water) per acre per spray, totaling 200 to 300 liters water volume for uniform coverage. This combination provides nitrogen from Nano Urea for vegetative growth and phosphorus-potassium from Nano DAP for root development and stress tolerance, reducing conventional fertilizer needs by 50% while improving uptake efficiency and minimizing soil fixation issues in MP black soils. Mix by first diluting each in half the water volume separately, then combining in the spray tank with agitation, applying early morning or evening to avoid leaf burn; do not exceed 4 applications per season. You can do a jar test before applying any chemicals."
https://workdrive.zoho.in/file/anv1v6a9ccfebc9a84182aa1ea1b1e3be8327,69329b1011d833f176e324a9,6932913511d833f176e32475,The farmer wants to know about theft of his Wheat crop ,"Suppose a farmer in Madhya Pradesh faces the theft of their standing or harvested wheat crop. In that case, they must immediately file a First Information Report (FIR) at the nearest police station or dial 100/112, as crop theft is a criminal offence under the Indian Penal Code (IPC) and is not considered a natural calamity. It is critical to note that the Pradhan Mantri Fasal Bima Yojana (PMFBY) explicitly excludes ""theft, malicious damage, and clandestine sale"" from insurance coverage; therefore, no claim can be filed under crop insurance for theft. After filing the FIR, the farmer should inform the local Patwari or Tehsildar to document the loss in revenue records, which may be useful if the stolen produce is later recovered or for specific state-level discretionary relief. If the local police delay action, the farmer can lodge a grievance via the CM Helpline (181) or the CM Helpline Portal to escalate the matter to district authorities."
https://workdrive.zoho.in/file/anv1v912860c47fe146e4b0d8462ee437eba0,6932a1f211d833f176e32522,69329b1911d833f176e324d8,The farmer wants information about the solution to problem of slot booking at the procurement center,"If a farmer in Ujjain district is facing issues with ""slot booking"" (selecting a date and center) on the MP e-Uparjan portal, the most effective immediate solution is to contact the local Samiti Prabandhak (Procurement Committee Manager) at the registered center, as they have the administrative login to reset or verify the farmer's data. Common reasons for booking failures include mismatched Aadhaar details or the quota for a specific center being full; in such cases, if the local manager cannot resolve it, the farmer must physically visit the District Food Controller’s office (Zila Khadya Adhikari) at the Ujjain Collectorate or call the CM Helpline (181) to lodge a formal complaint, which typically forces a technical resolution within 24–48 hours. For Ujjain specifically, farmers can also seek assistance at the District Control Room (often operational during peak procurement at 0734-2514000 or similar administrative lines) or visit the local Tehsildar, ensuring they carry their registration slip and Aadhaar card for manual verification."
https://workdrive.zoho.in/file/anv1v14c450c183e44fbb80b9166a2243aaa8,6932ba39de46374153503ae0,6932913511d833f176e32470,The farmer wants information to extend the date of Wheat procurement,"For the Rabi Marketing Season (RMS) 2025–26, the official wheat procurement period in Madhya Pradesh has already permanently closed on May 5, 2025, and no individual application exists for a farmer to strictly ""extend"" the procurement date after the state-level deadline has passed. The authority to extend the general procurement deadline lies exclusively with the MP Department of Food, Civil Supplies & Consumer Protection in Bhopal, which issues notifications based on prevailing weather conditions (e.g., unseasonal rains) or low procurement volumes, typically upon the recommendation of the District Collector. If a farmer is asking about ""extending"" a missed slot date during an active season, they must immediately visit the District Food Controller’s Office (Zila Khadya Adhikari) or the local Tehsildar to request a ""slot reset"" or re-booking, as the validity of a booked slot is only 3 working days; however, for December 2025, no such option is available, and farmers must now wait for the RMS 2026–27 registration cycle starting tentatively in February 2026."
https://workdrive.zoho.in/file/serujc9f175642c8d433e95604d21f0ee4842,6933ae34e2344d988a307890,69329b1911d833f176e324c6,Farmer needs information regarding issue of delay payment for wheat procurement?,"If a farmer in Madhya Pradesh faces delayed payment after wheat procurement, there is no need to panic. Wheat procured at MSP through the e-Uparjan system is paid directly into the farmer’s registered bank account, usually within 24–48 hours after successful weighing. Delays may occur due to bank account issues, Aadhaar–bank mismatch, incomplete e-KYC, incorrect IFSC code, or technical problems in the portal. Farmers should first check their bank account details, FTO, and payment status on the e-Uparjan portal and confirm that Aadhaar is correctly linked. If payment is still delayed, they should first contact the procurement centre in charge or the society manager where the wheat was sold. If unresolved, approach the District Food Officer (DFO), District Supply Officer (DSO), or District Collector’s office with procurement details: registration number, centre name, date of sale, quantity, and receipt slip. Farmers can also register an online complaint through the MP e-Uparjan grievance section (https://mpeuparjan.nic.in), NFSA portal (https://nfsa.gov.in/public/frmRegisterPublicGrievance.aspx), or PG Portal (https://pgportal.gov.in), or call the MP procurement helpline 0755-2553328 or Chief Minister helpline 181. Following these steps ensures genuine farmers receive their full MSP payment without financial loss. Farmers are advised not to sell wheat below the MSP to private traders. Payment delays are mainly due to financial strain under the Decentralised Procurement (DCP) system, where the state borrows for procurement and waits for Centre reimbursement, and the slow lifting of central wheat stocks adds to the burden. In late 2025, Madhya Pradesh sought to exit DCP and return to centralised procurement for faster payments and smoother cash flow. Farmers should track payment status, verify bank and Aadhaar details, contact local and district officials, and use official grievance channels to receive MSP on time. Knowing the official MSP (₹2,585/q for RMS 2026-27) and following these steps helps avoid financial loss and resolve delays efficiently."
https://workdrive.zoho.in/file/seruj12717126db6540cfb99b49b54ad787a2,6933b231e2344d988a3078a0,6932597511d833f176e323de,The farmer needs information on the loss of crop by fire ,"If the Crop is Insured (PMFBY): Under the Pradhan Mantri Fasal Bima Yojana (PMFBY), fire is covered under ""Localised Calamities"" (isolated risks affecting specific farms).  Farmers must have enrolled during sowing via banks or CSCs for coverage. To recover losses, immediately report the incident to the local Gram Panchayat coordinator, Block Agriculture Officer, or District Disaster Management Authority within 72 hours for assessment, as delays can disqualify claims. Complain at the nearest Agriculture Producer Market Committee (APMC) office, tehsil agriculture department, or Ujjain District Collectorate's relief section, which coordinates with the District Emergency Operations Center for fire incidents under the District Disaster Management Plan. For PMFBY claims, intimate the insurance company or CSC within 72 hours, followed by a joint inspection; non-loanee farmers use pmfby.gov.in or Nivesh Mitr app. The procedure involves site inspection by block officials to verify over 33% damage, submission of a report to the circle officer, and DBT transfer post-approval, typically within weeks if documents are complete. Required documents include Aadhaar card (linked to mobile and bank), farmer photograph, land records (Khasra/Khatauni from bhulekh.mp.gov.in), fire incident photos with geo-tags, self-attested declaration form, previous crop sowing proof, and bank passbook; for scheme-specific claims, attach thumb impression copies. Submit application within 15 days of fire at APMC or online if portal-enabled, in JPEG/PNG format under 100 KB. Wheat qualifies as a covered crop alongside paddy and maize, but sugarcane does not"
https://workdrive.zoho.in/file/serujb64ecbe7d91644b29fedc99540929d6b,6933b231e2344d988a3078a0,6932597511d833f176e323de,The farmer needs information on the loss of crop by fire ,"If the Crop is Insured (PMFBY): Under the Pradhan Mantri Fasal Bima Yojana (PMFBY), fire is covered under ""Localised Calamities"" (isolated risks affecting specific farms).  Farmers must have enrolled during sowing via banks or CSCs for coverage. To recover losses, immediately report the incident to the local Gram Panchayat coordinator, Block Agriculture Officer, or District Disaster Management Authority within 72 hours for assessment, as delays can disqualify claims. Complain at the nearest Agriculture Producer Market Committee (APMC) office, tehsil agriculture department, or Ujjain District Collectorate's relief section, which coordinates with the District Emergency Operations Center for fire incidents under the District Disaster Management Plan. For PMFBY claims, intimate the insurance company or CSC within 72 hours, followed by a joint inspection; non-loanee farmers use pmfby.gov.in or Nivesh Mitr app. The procedure involves site inspection by block officials to verify over 33% damage, submission of a report to the circle officer, and DBT transfer post-approval, typically within weeks if documents are complete. Required documents include Aadhaar card (linked to mobile and bank), farmer photograph, land records (Khasra/Khatauni from bhulekh.mp.gov.in), fire incident photos with geo-tags, self-attested declaration form, previous crop sowing proof, and bank passbook; for scheme-specific claims, attach thumb impression copies. Submit application within 15 days of fire at APMC or online if portal-enabled, in JPEG/PNG format under 100 KB. Wheat qualifies as a covered crop alongside paddy and maize, but sugarcane does not"
https://workdrive.zoho.in/file/serujac9b75260eac4be18b497442991dc436,6933b732e2344d988a3078b4,69329b1911d833f176e324d7,Farmer wants information about solution of problem arising in connection with registration of wheat,"The most effective solutions for resolving wheat registration issues on the MP e-Uparjan portal depend strictly on the nature of the error, with the Tehsildar and District Food Controller serving as the primary nodal authorities for data correction. For Land Record Mismatches (where the registered area is less than the actual sown area), farmers must immediately contact their local Patwari to rectify the Girdawari entries in the MP Bhulekh database before the procurement deadline, as the e-Uparjan portal fetches data directly from there. If the issue involves wrong mobile numbers or bank account mapping (DBT failures), the farmer cannot self-correct online after the profile is locked; they must physically submit an application with updated Aadhaar and bank passbook copies to the Tehsildar or District Supply Officer (DSO) to unlock and update the ""Master Data."" For Slot Booking Failures (e.g., ""slot not available"" errors), farmers are advised to attempt booking exactly at 9:00 AM when daily quotas open or visit the registration centre to request the Samiti Prabandhak to check the centre’s specific holding capacity. In cases of persistent technical negligence or non-cooperation by officials, lodging a grievance via the CM Helpline (181) or the CM Helpline Portal is the officially recommended escalation step that mandates a resolution within 7 days."
https://workdrive.zoho.in/file/serujf9744e9d92cf4615b932df45e66e954a,6933b732e2344d988a3078b4,69329b1911d833f176e324d7,Farmer wants information about solution of problem arising in connection with registration of wheat,"The most effective solutions for resolving wheat registration issues on the MP e-Uparjan portal depend strictly on the nature of the error, with the Tehsildar and District Food Controller serving as the primary nodal authorities for data correction. For Land Record Mismatches (where the registered area is less than the actual sown area), farmers must immediately contact their local Patwari to rectify the Girdawari entries in the MP Bhulekh database before the procurement deadline, as the e-Uparjan portal fetches data directly from there. If the issue involves wrong mobile numbers or bank account mapping (DBT failures), the farmer cannot self-correct online after the profile is locked; they must physically submit an application with updated Aadhaar and bank passbook copies to the Tehsildar or District Supply Officer (DSO) to unlock and update the ""Master Data."" For Slot Booking Failures (e.g., ""slot not available"" errors), farmers are advised to attempt booking exactly at 9:00 AM when daily quotas open or visit the registration centre to request the Samiti Prabandhak to check the centre’s specific holding capacity. In cases of persistent technical negligence or non-cooperation by officials, lodging a grievance via the CM Helpline (181) or the CM Helpline Portal is the officially recommended escalation step that mandates a resolution within 7 days."
https://workdrive.zoho.in/file/ifu0nae047b1873774bfa8532c654748c5f14,6933cff546647cf1ec9997c2,6932597511d833f176e323da,Farmer need information about bonus amount of wheat crop which is procured in minimum support price scheme,"Madhya Pradesh wheat procured under the Minimum Support Price scheme receives a state bonus over the central MSP, with Rs 175 per quintal added to the Rs 2425 base, making a total of Rs 2600 for the 2025-26 rabi season, as announced by the chief minister during the procurement start on March 15 across all districts. For the 2026-27 season, the bonus reduces to Rs 15 over the new central MSP of Rs 2585, still totaling Rs 2600 per quintal, ensuring continuity while aligning with the higher base rate during marketing from April onwards. The bonus applies automatically to registered farmers selling via e-Uparjan slot booking at quality-tested net weight after deductions for moisture or impurities, with no separate claim needed. Eligibility requires prior registration on mpeuparjan.mp.gov.in with verified land records showing proof and bank details during the January-March window, covering up to family land holding limits. Bonuses are disbursed proportionally, even for partial sales, with transparency ensured through real-time portal tracking and SMS alerts. No application form exists as a bonus embedded in the MSP transaction logged at the mandi level, with disputes resolved via the district procurement committee using the sale token and bank statement. "
https://workdrive.zoho.in/file/ifu0na724dbddb30e4316915243cef5211305,6933cff546647cf1ec9997c2,6932597511d833f176e323da,Farmer need information about bonus amount of wheat crop which is procured in minimum support price scheme,"Madhya Pradesh wheat procured under the Minimum Support Price scheme receives a state bonus over the central MSP, with Rs 175 per quintal added to the Rs 2425 base, making a total of Rs 2600 for the 2025-26 rabi season, as announced by the chief minister during the procurement start on March 15 across all districts. For the 2026-27 season, the bonus reduces to Rs 15 over the new central MSP of Rs 2585, still totaling Rs 2600 per quintal, ensuring continuity while aligning with the higher base rate during marketing from April onwards. The bonus applies automatically to registered farmers selling via e-Uparjan slot booking at quality-tested net weight after deductions for moisture or impurities, with no separate claim needed. Eligibility requires prior registration on mpeuparjan.mp.gov.in with verified land records showing proof and bank details during the January-March window, covering up to family land holding limits. Bonuses are disbursed proportionally, even for partial sales, with transparency ensured through real-time portal tracking and SMS alerts. No application form exists as a bonus embedded in the MSP transaction logged at the mandi level, with disputes resolved via the district procurement committee using the sale token and bank statement. "
https://workdrive.zoho.in/file/ifu0n189442b90c29485cb25704b4bc86594b,6933ec5146647cf1ec999851,69329b1911d833f176e324c1,Farmer asked a query on market details.,"In Chhatarpur district, several government-authorized mandis are available. You can sell your wheat in various mandis located in different places, such as Badamalhera APMC, Bakswaha APMC, Bijawar APMC, Chhatarpur APMC, Harpalpur APMC, Lavkush Nagar (Laundi) APMC, Naugaon APMC, and Rajnagar APMC. It is better to sell your produce at the mandi closest to your location to reduce transportation costs. If you want to sell wheat to the government at MSP, then you must first do farmer registration and slot booking on the MP e-Uparjan portal.​ After registration, you will have to take wheat to the procurement centre allotted according to your village/region. As of early December 2025, the average wheat price in Chattarpur district is ₹2,438 per quintal, with the highest price at ₹2,462 per quintal and the lowest at ₹2,408 per quintal. To check the regular up-to-date wheat price, please visit https://agmarknet.gov.in/home and choose your respective district, mandi, and crop."
https://workdrive.zoho.in/file/ifu0n10b771077da24f8994b3edcde6278a9b,693402c746647cf1ec9998cd,69329b1911d833f176e324e9,How can farmers sell Wheat through a cooperative society?,"The wheat of farmers in Sehore district is purchased every year through the government’s co-operative societies (PACS) under the MP e-Uparjan system. To sell wheat, the farmer must first complete online registration on the MP e-Uparjan portal (https://mpeuparjan.nic.in) and then book a slot for the date of arrival. Each society has a fixed daily purchase limit, so the farmer must take the trolley to the society on the selected date. After weighing and quality checking, the society issues a receipt and sends the details to the e-Uparjan server. Payment is deposited directly into the farmer’s bank account, usually within a few days. Farmers can also check mandi prices on AGMARKNET (https://agmarknet.gov.in) and the mandi board website for better price awareness. Thus, co-operative societies act as the main government centres for wheat procurement, ensuring MSP purchase, weighing, documentation, and payment for farmers in Sehore"
https://workdrive.zoho.in/file/ifu0n2e44619435c04aac9c011675385d68f1,693402c746647cf1ec9998cd,69329b1911d833f176e324e9,How can farmers sell Wheat through a cooperative society?,"The wheat of farmers in Sehore district is purchased every year through the government’s co-operative societies (PACS) under the MP e-Uparjan system. To sell wheat, the farmer must first complete online registration on the MP e-Uparjan portal (https://mpeuparjan.nic.in) and then book a slot for the date of arrival. Each society has a fixed daily purchase limit, so the farmer must take the trolley to the society on the selected date. After weighing and quality checking, the society issues a receipt and sends the details to the e-Uparjan server. Payment is deposited directly into the farmer’s bank account, usually within a few days. Farmers can also check mandi prices on AGMARKNET (https://agmarknet.gov.in) and the mandi board website for better price awareness. Thus, co-operative societies act as the main government centres for wheat procurement, ensuring MSP purchase, weighing, documentation, and payment for farmers in Sehore"
https://workdrive.zoho.in/file/ifu0n6766e5fdc0c24f2495a63e99c2de5df2,69340a5046647cf1ec9998ec,6933f25b46647cf1ec999878,Information regarding the black wheat seeds,"Black wheat is a special type of wheat developed using natural breeding, which contains very high anthocyanin, giving it a dark purple to black color. This wheat is known for its health benefits, like antioxidants, better sugar control, and higher protein compared to normal wheat. In Madhya Pradesh, black wheat seed is not sold in regular mandis or societies; farmers have to purchase it from authorized research centers or certified seed producers. Usually, black wheat seed of varieties like NABI Black Wheat or Punjab Black Wheat is available through research institutes, Krishi Vigyan Kendras, private certified companies, or approved online seed platforms.

It takes 130-135 days to mature. Its average yield is generally lower than normal wheat, around 14 to 18 quintals per acre depending on irrigation and management, but the market price is higher due to special demand. Farmers should buy only certified seed, check the germination rate, and avoid local uncertified packets. It can be grown like normal wheat using the same fertilizer schedule and irrigation timings. Before buying seed, farmers in Madhya Pradesh should visit their nearest KVK, District Agriculture Office, or departmental official pages to confirm availability and avoid duplicate or fake seeds."
https://workdrive.zoho.in/file/vn19v2140fc4a17d349208963bf7a0958340b,69340a5046647cf1ec9998ec,6933f25b46647cf1ec999878,Information regarding the black wheat seeds,"Black wheat is a special type of wheat developed using natural breeding, which contains very high anthocyanin, giving it a dark purple to black color. This wheat is known for its health benefits, like antioxidants, better sugar control, and higher protein compared to normal wheat. In Madhya Pradesh, black wheat seed is not sold in regular mandis or societies; farmers have to purchase it from authorized research centers or certified seed producers. Usually, black wheat seed of varieties like NABI Black Wheat or Punjab Black Wheat is available through research institutes, Krishi Vigyan Kendras, private certified companies, or approved online seed platforms.

It takes 130-135 days to mature. Its average yield is generally lower than normal wheat, around 14 to 18 quintals per acre depending on irrigation and management, but the market price is higher due to special demand. Farmers should buy only certified seed, check the germination rate, and avoid local uncertified packets. It can be grown like normal wheat using the same fertilizer schedule and irrigation timings. Before buying seed, farmers in Madhya Pradesh should visit their nearest KVK, District Agriculture Office, or departmental official pages to confirm availability and avoid duplicate or fake seeds."
https://workdrive.zoho.in/file/ifu0n4bf1f9a3775a4037a780bab160400b44,6934168b46647cf1ec99992a,6933f25b46647cf1ec99987c,Information regarding the DG09 Israeli Wheat variety,"""DG09"" is NOT listed as an officially notified or released variety in the Package of Practices (POP) by Madhya Pradesh's agricultural universities (JNKVV, Jabalpur, or RVSKVV, Gwalior) or the Central Variety Release Committee (CVRC) of India. DG09 (often marketed as ""Israeli DG09"" or ""Israeli Technology Wheat"") appears to be a private commercial label sold by private seed dealers and online vendors. Private sellers claim this variety uses ""Israeli technology"" to produce extremely high yields (up to 30-40 quintals/acre) with very low seed rates (4-5kg/acre) using a specific wide-spacing method.  These claims are unverified by Indian government research institutions (ICAR/IARI). Standard high-yielding varieties in MP typically yield 20-25 quintals/acre on average (up to 30 quintals under ideal conditions), with a seed rate of 40-50 kg/acre (drilling method). Using ""DG09"" carries financial risk. If the crop fails due to pests or weather, the government insurance (Pradhan Mantri Fasal Bima Yojana) generally covers only notified varieties. If the farmer is keen on ""DG09"" due to marketing, advise them to try it on a very small area (e.g., 0.5 acre) first to test the claims, rather than risking the whole season's crop. Or high yields similar to the claims of DG09, Pusa Tejas (HI-8759), Lok-1,  GW-322, is the best official alternative for MP. It is scientifically proven to yield high returns and is fully supported by the MP Agriculture Department. "
https://workdrive.zoho.in/file/ifu0n5fb26e2e82574e1fa0551a8a2f958a17,6934255946647cf1ec99998d,6933d88446647cf1ec9997ee,Contact Details of Seed Production Unit IARI,"The Seed Production Unit (SPU) of ICAR–Indian Agricultural Research Institute (IARI) is the official center for breeder seed and IARI seed production. The SPU is located at ICAR–IARI, Pusa Campus, New Delhi–110012. Farmers can contact the SPU at 011-25842686 or 011-25841428 for information on breeder seed, IARI seed availability, and technical queries. For purchasing seeds, farmers may contact the Pusa Seed Sale Counter at 011-25845162. Updated seed availability and booking information is available on the official IARI seed portal: https://pusabeej.iari.res.in. For general farmer support, ICAR–IARI provides multiple helplines: Pusa Helpline 011-25841670 / 011-25841039, WhatsApp Helpline 9560297502, and the toll-free Pusa Agricom Helpline 1800-11-8989. These official channels help farmers access verified information on seeds, varieties, technologies, and institutional support from IARI."
https://workdrive.zoho.in/file/ojb8d3b10d2ef0cd544f982a249f9e9d02e3d,6935695636c38b7c36d5efb5,6933d88446647cf1ec9997f4,Information regarding the soil testing method ,"Soil testing in the Morena MP region involves collecting representative samples from the field to assess nutrient status, pH, electrical conductivity, and micronutrients for accurate fertiliser recommendations. To take samples, start by dividing the field into uniform areas based on soil colour, crop history, or management practices. Then, collect soil from 15-20 cm depth using a khurpi, auger, or spade from 10-15 spots in a zigzag pattern, avoiding boundaries, manure heaps, or irrigated spots. Mix the samples thoroughly, air dry them, sieve to remove debris, and take about 500 grams as a composite sample. Fill in a clean cloth bag, label it with the farmer’s details, field size, previous crop, and crop to be grown, and attach the information slip. Submit samples at local facilities such as Soil Testing Lab Morena opposite 5th Battalion AB Road Morena (contact 07532-232152), Soil Testing Lab ZARS Morena, or KVK Morena, which are government-affiliated labs under the MP agriculture department. Testing usually takes 7-15 days, depending on the parameters, with macro nutrients NPK, pH, and secondary micronutrients analysed. The standard package covers pH, EC, organic carbon, available N, P, K, S, Zn, Fe, Cu, Mn, and B. Charges are nominal, around Rs 10-50 per sample for the basic package, with subsidies under the soil health card scheme, making it free or low-cost for small farmers. Check the lab for exact fees. Results provide fertiliser dose recommendations, such as NPK kg per hectare based on soil grade (low, medium, high), helping to optimise yields in Morena's black cotton soils, which are common for wheat. For more information, visit Kisaan Helpline’s soil testing guide at https://www.kisaanhelpline.com/yono/soil-testing, with lab details at https://www.kisaanhelpline.com/soil-testing-laboratory/morena."
https://workdrive.zoho.in/file/6b17772532012ebc746ada4de97ef62bb85c7,6935695636c38b7c36d5efb5,6933d88446647cf1ec9997f4,Information regarding the soil testing method ,"Soil testing in the Morena MP region involves collecting representative samples from the field to assess nutrient status, pH, electrical conductivity, and micronutrients for accurate fertiliser recommendations. To take samples, start by dividing the field into uniform areas based on soil colour, crop history, or management practices. Then, collect soil from 15-20 cm depth using a khurpi, auger, or spade from 10-15 spots in a zigzag pattern, avoiding boundaries, manure heaps, or irrigated spots. Mix the samples thoroughly, air dry them, sieve to remove debris, and take about 500 grams as a composite sample. Fill in a clean cloth bag, label it with the farmer’s details, field size, previous crop, and crop to be grown, and attach the information slip. Submit samples at local facilities such as Soil Testing Lab Morena opposite 5th Battalion AB Road Morena (contact 07532-232152), Soil Testing Lab ZARS Morena, or KVK Morena, which are government-affiliated labs under the MP agriculture department. Testing usually takes 7-15 days, depending on the parameters, with macro nutrients NPK, pH, and secondary micronutrients analysed. The standard package covers pH, EC, organic carbon, available N, P, K, S, Zn, Fe, Cu, Mn, and B. Charges are nominal, around Rs 10-50 per sample for the basic package, with subsidies under the soil health card scheme, making it free or low-cost for small farmers. Check the lab for exact fees. Results provide fertiliser dose recommendations, such as NPK kg per hectare based on soil grade (low, medium, high), helping to optimise yields in Morena's black cotton soils, which are common for wheat. For more information, visit Kisaan Helpline’s soil testing guide at https://www.kisaanhelpline.com/yono/soil-testing, with lab details at https://www.kisaanhelpline.com/soil-testing-laboratory/morena."
https://workdrive.zoho.in/file/nz3whfa6e1339111546d39b2c7ee477644531,6936664236c38b7c36d5f063,6936586d36c38b7c36d5f00f,Farmer wants to get information regarding the use of abhimanyu gold in Wheat crop,"""Abhimanyu Gold"" (often marketed as Abhimanyu Energy Gold or Abhimanyu Gold Zyme) is a proprietary micronutrient mixture and plant growth promoter manufactured by Microplex Fertilisers. It contains Zn – 4 %, Fe – 2 %, Mn – 0.5 %, Cu – 0.5 %, plus extra B (boron), Mo, Co, and “G. Acid” (likely organic/fulvic/humic acid). Given its composition, it is a supplement to correct or prevent multi-micronutrient deficiency, especially Zn and Fe. Typically used as a foliar spray, sometimes with irrigation water. The exact ml/L or ml/acre dose must come from: The product label on the bottle or A printed leaflet approved under FCO for that micronutrient grade. First spray: around 30–35 DAS (active tillering). Second spray (if needed): 45–50 DAS or just before booting. Spray early morning or late afternoon to avoid leaf burn. Use clean water; maintain the recommended concentration."
https://workdrive.zoho.in/file/6b177b366bd5893334cfabeb0b7ca15f4237c,69368e1e36c38b7c36d5f0e4,6936586d36c38b7c36d5f01c,Farmer wants to know information about GW-322 variety of Wheat,"GW-322 is a popular, high-yielding bread wheat (Triticum aestivum) variety widely grown in Central India, especially Madhya Pradesh. It is suitable for timely sown, irrigated, high-fertility conditions, with the ideal sowing window. The variety matures in about 115–125 days, has a medium plant height (85–100 cm), and performs well with 3–4 irrigations, showing good stability even when water is limited. Under good management, it typically yields 18 q/acre. The grains are bold, semi-hard, shiny, and have a high test weight (38–40 g), making them attractive to traders and suitable for high-quality chapati making. The variety also offers tolerance to major diseases such as brown rust and Karnal bunt, making it a reliable choice for farmers in the Central Zone."
https://workdrive.zoho.in/file/vn19va8623b11298e4cd5ac458e96f0f469d8,6936be0236c38b7c36d5f22e,6936abf636c38b7c36d5f1b2,My Potatoes have leaf blight disease. How to control it? ,"Potato blight is a disease classified into two parts 1. Early Blight 2. Late Blight. To correct control measures, first identify which type of blight you have, as the treatment differs. Late Blight (Picheti Jhulsa): This is the most dangerous. Water-soaked black/brown patches on leaves that enlarge rapidly. White fungal growth (cottony) appears on the underside of leaves in the morning. The entire crop can rot within days if cloudy/rainy weather persists. Early Blight: Small, concentric rings (target board pattern) on older leaves. It spreads more slowly than Late Blight. To control these diseases, if the disease has appeared, give a curative spray for Late blight: Cymoxanil 8% + Mancozeb 64% @ 600g – 800g (or 3g per liter of water). Spray thoroughly to cover the undersides of leaves. Dimethomorph 50% WP + Mancozeb 75% WP @ 400g Dimethomorph + 800g Mancozeb (Tank mix). Metalaxyl 8% + Mancozeb 64% @ 1 kg per acre. For Early Blight: Spray Chlorothalonil 75% WP @ 2 grams per liter or Hexaconazole 5% EC @ 1 ml per liter. Always add a Sticker/Spreader (Chipko) @ 0.5ml per liter of water (approx. 100ml per acre) to the spray solution. This ensures the medicine sticks to the leaves during winter dew or light rain. Stop irrigation immediately if Late Blight is spotted. High moisture spreads the fungus rapidly to tubers. If the crop is near maturity (80-90 days) and blight is severe, cut the foliage (stems) close to the ground to save the tubers from rotting. Destroy infected plant debris away from the field. Do not compost blighted leaves."
https://workdrive.zoho.in/file/qq0vw921d52f8197947459ae70aa3d180e5c0,6936cdad36c38b7c36d5f28c,6936bd6a36c38b7c36d5f226,Information regarding the Farmer Unique ID,"The Government of India is creating an Aadhaar-linked Farmer ID (Kisan Pehchaan Patra) for each farmer, as part of the national Farmer Registry under AgriStack. It is exclusive to farmers and is linked to their Aadhaar, and is used as a single identity for agriculture-related schemes and records. Once a farmer receives the Unique ID, all of his agricultural-related data and benefits will be linked under one system. According to the Ministry of Agriculture and Farmers’ Welfare, the government plans to generate a unique digital Farmer ID for each farmer so that their profile can be linked together. so that their profile (land records, schemes, benefits) can be linked together, enabling easier access to subsidies, crop insurance, credit, etc. The ID, often called Kisan Pehchaan Patra (Farmer ID / Farmer Identity), is described as ‘Aadhaar-linked Unique Digital Identity of the farmers’, which links land records, demographic details, crop and benefit history, etc. Farmer Unique ID is very important because it helps in the Government schemes faster. Direct Benefit Transfer (DBT) without delay. Subsidies for seeds, fertilisers, and machinery. PM-KISAN benefits without verification problems. Crop insurance benefits easily. Kisan Credit Card (KCC) approval is faster. No need to submit documents again and again. For Farmer Registration for DBT (Odisha Agriculture Dept leaflet): Application forms are available at the nearest PACS / LAMPS and at the offices of agriculture field staff like VAW / AO / AAO. Krushak Odisha portal is the unified farmer database for Odisha schemes; farmers log in using Aadhaar or other IDs. Visit your nearest BAO (Block Agriculture Officer) office or contact the AAO / VAW in your area. OR Visit the Krishi Sampark Kendra in your block. OR Contact your VAW (Village Agriculture Worker) / VAA (Village Agriculture Assistant). Carry your Aadhaar, land record / RoR or land passbook, bank passbook, a passport-size photo, and your mobile number. The agriculture staff (VAW / AAO / BAO or PACS/LAMPS operator) will verify your details and complete your Farmer Registration / Farmer ID in the system. "
https://workdrive.zoho.in/file/qq0vwf57ab9f4457242f4a78aa90d49f8cafc,6937b4115dcbf874d2f16d5a,6936bd6a36c38b7c36d5f227,Information about eligibility in Pradhan Mantri Kisan Samman Nidhi Yojana,"Under the PM-Kisan Yojana, all landholding farmer families with cultivable land recorded in the state/UT land records are eligible to receive ₹6,000 per year in three equal installments. A “farmer family” means husband, wife, and minor children, and the benefit is given per family unit, not per individual. There is no landholding limit now—the earlier rule of up to 2 hectares has been removed. However, certain categories are excluded: institutional landholders; families where any member is a present or former holder of constitutional posts (MP, MLA, minister, mayor, etc.); serving or retired government employees except Group-D/MTS; pensioners receiving ₹10,000 or more per month (retired personnel); income-tax payers; and practicing professionals such as doctors, engineers, lawyers, CAs, and architects. To receive benefits, farmers must complete Aadhaar-based e-KYC and submit valid land records and bank account details, as the payment is sent directly to the farmer’s bank through DBT."
https://workdrive.zoho.in/file/qq0vwe94ccd97b1474b49a6e26576ab3a6e66,6937b4115dcbf874d2f16d5a,6936bd6a36c38b7c36d5f227,Information about eligibility in Pradhan Mantri Kisan Samman Nidhi Yojana,"Under the PM-Kisan Yojana, all landholding farmer families with cultivable land recorded in the state/UT land records are eligible to receive ₹6,000 per year in three equal installments. A “farmer family” means husband, wife, and minor children, and the benefit is given per family unit, not per individual. There is no landholding limit now—the earlier rule of up to 2 hectares has been removed. However, certain categories are excluded: institutional landholders; families where any member is a present or former holder of constitutional posts (MP, MLA, minister, mayor, etc.); serving or retired government employees except Group-D/MTS; pensioners receiving ₹10,000 or more per month (retired personnel); income-tax payers; and practicing professionals such as doctors, engineers, lawyers, CAs, and architects. To receive benefits, farmers must complete Aadhaar-based e-KYC and submit valid land records and bank account details, as the payment is sent directly to the farmer’s bank through DBT."
https://workdrive.zoho.in/file/zi6brd8afa561775842e68c16feb795da6f27,6937fde45dcbf874d2f16e53,6937cc785dcbf874d2f16da9,What is the use of nutrient application through foliar spray for increasing more branches (tillers) in the Wheat crop?,"Foliar (spray) nutrients can help wheat produce more effective tillers/branches if used as a supplement to good soil fertiliser, irrigation, and variety/planting practices. The safest, most used foliar options to boost tillering are urea (N) sprays at low concentration (1–2%), plus targeted micronutrient sprays (zinc, boron) when a deficiency is suspected. These sprays are a supplement, not a full substitute for the Recommended Dose of Fertilisers (RDF) in soil. To increase tillers: Spray: Urea 1%-2% at early tillering (about 20–35 DAS), 1 spray. If you want, a second light spray can be given 10–14 days later (avoid overuse). 1% urea = 10 g urea per litre (1 kg urea in 100 L water). 2% urea = 20 g urea per litre (2 kg urea in 100 L water). If zinc deficiency is suspected: Spray Zinc sulphate (ZnSO₄) @ 0.5% (about 5 g/L; 500 g per 100 L). At early tillering and again at stem elongation/booting (if needed). Foliar Zn often increases the number of fertile tillers and overall vigour. If boron deficiency or poor spike development is seen: Spray Boric acid/borax foliar at 25–50 ppm (i.e. 0.5–5 g per 100 L, depending on product concentration, see label). Around booting/early heading or when soil B is known to be low. Foliar B at low ppm improves reproductive growth and spikelet development. (Use low dose, boron can be toxic if over-applied.) Potassium / KNO₃: Potassium nitrate (KNO₃) 1–2% has been used to improve vegetative growth and stress tolerance. "
https://workdrive.zoho.in/file/q0i09a8bc903fc33c4b5389aab4c4e0799485,69390d1e5dcbf874d2f16f3e,6938fb335dcbf874d2f16f0a,Information regarding barley as a green manure,"Although barley is mainly grown for grain/fodder, it can also be used as a green-manure crop because of its fast growth, good biomass, and soil-improving properties. Barley produces 3–5 tons of green biomass per acre in 45–55 days. Barley roots absorb leftover nitrogen and other nutrients from the soil (especially from previous Kharif crops). When incorporated, these nutrients return to the soil. Reduces the weed seed bank for the next crop. Barley is tolerant to salinity and sodicity, making it a good option for such soils where legumes sometimes fail. Has an allelopathic effect against some weed species, helping break the rice–wheat disease cycle. Barley green manure contributes approximately per acre: Nitrogen (N): 20–30 kg, Potassium (K): 15–20 kg, Organic Carbon: increases by 0.1–0.2% with repeated use, Micronutrients: improves availability of Zn, Fe, Mn. Barley does not fix atmospheric nitrogen like legumes, but it improves nutrient recycling and soil health. Barley green manure is excellent before summer vegetables, maize, soybean, cotton, moong, or as a soil-restoring crop between two cereals. Barley may be chosen instead of Dhaincha/Moong/Sunhemp when: Soil is saline or alkaline, Temperature is low (winter conditions), Farmer wants a quick-growing winter green manure, Legume seeds are expensive or not available."
https://workdrive.zoho.in/file/3hscb350b7508433d4b9986ad50adf39a24c9,693a627f89fe351d52c5f354,693a535a89fe351d52c5f30d,Information regarding Pusa 28 variety of mustard,"Pusa Mustard-28 (NPJ-124) is an improved mustard variety developed by the Indian Agricultural Research Institute (IARI), Pusa, New Delhi. It is a self-pollinated variety developed through pedigree selection, with parentage SEJ-8 × Pusa Jagannath. The plants grow 162–195 cm tall and mature in 97–131 days, making them suitable for early sowing. The seeds are bold and contain 40–42.8% oil, which is highly beneficial for farmers growing mustard for oil extraction. The potential yield of this variety is 12.15 quintal/acre, while the average yield ranges from 7.73–8.49 quintal/acre. You can prefer this variety because it suits early sowing conditions, gives high oil content, has good plant height and bold seeds, and performs well with timely irrigation and good field management. "
https://workdrive.zoho.in/file/oyc0w3efb06ca8b6848499588ea8b9bd676dc,693baefd89fe351d52c5f60c,693aadb989fe351d52c5f4a8,Information regarding the collection of soil sample for soil testing ,"To collect a proper soil sample for soil testing, it is important to take a representative sample that truly reflects the field conditions. The field should have uniform crop growth and uniform fertilizer use; otherwise, it should be divided into similar parts and a separate sample taken from each. Walk in a zig-zag across the field and mark 10–15 spots. At each spot, remove surface waste and dig a 15 cm deep V-shaped pit, then scrape a thin slice of soil from top to bottom and put it into a clean bucket. After collecting soil from all spots, mix it well, heap it on a cloth, and reduce it by quartering until about half a kilogram remains. Dry the sample in shade, put it in a plastic bag and then in a cloth bag, and attach an information sheet with farmer details, field identification, previous and upcoming crops, and irrigation status. Samples should be taken about one month before sowing and sent to the nearest soil testing laboratory. Avoid collecting soil from near manure heaps, trees, bunds, or roads, and always use clean, rust-free tools. The government charges ₹40 for micronutrient testing and ₹5 for major nutrient testing for general farmers, and ₹30 and ₹3, respectively, for SC/ST farmers.
Soil testing labs that are available in Guna district are: krishi upaj mandi samithi (Guna), mandi lab Guna, STLARON (Bamori, Guna), STLCHACHAURA (Chachaura, Guna) "
https://workdrive.zoho.in/file/jzztx8b8d98f978004328b415dd91856741ca,693bdbb61f1d4023652f6cb1,693bbe9e89fe351d52c5f68d,Asked about wheat stem borer management,"The Peninsular Zone: The peninsular zone consists of the southern States of Maharashtra, Andhra Pradesh, Karnataka, and Tamil Nadu. Sowing is usually completed by early November, and harvesting begins in the second half of February. Wheat is produced the earliest in this zone.
1st, you have to identify the pest or damage indication. You'll need to contact KVK for proper verification. There are 3 major stem borers that affect the Wheat crop.
Pink stem borer: Sesamia inferens,  Symptoms of damage:
Pink larva damage the stem, leading to dead heart. Identification of the pest:
Bead like eggs laid in rows within leaf sheath
Pinkish brown larvae with dark head
Straw coloured moths with white wings. Cultural control:
• Bird perches @ 10/ acre should be erected for facilitating field visits of predatory birds.
Biological control:
• Conserve natural enemies. Collect the egg and destroy them. After harvest set fire in the field
Management:
When infestation crosses 10%, spray phosalone 35EC 1150 ml/ha
Yellow Stem Borer stemborer: Scirpophaga incertulas
Identification of insect pest:

Eggs: are creamy white, flattened, oval and scale like and laid in mass and covered with buff coloured hairs
Larva: pale yellow with dark brown head
Pupa: White silken cocoon are found inside the stem
Adult:Female moth: Bright yellowish brown; forewings with a black spot.Male moth: Smaller with pale yellow; forewings without black spot
Symptom of damage:
Presence of brown coloured egg mass near leaf tip
Larva bores into central shoot of paddy seedling and tiller, causing drying of the central shoot known as “dead heart”.If infestation occurs in grown up plant, the whole panicle becomes dried and known as “white ear”.Affected shoots and panicles could be easily pulled by hand
Management:Clip the seedling tips before transplanting to eliminate egg masses.
Install light trap @ 1 / ha and pheromone trap @ 5 / ac.
Release egg parasitoid, Trichogramma japonicum @ 2cc /ac 3 times at weely interval.
Spray Neem seed kernel extract 5%
use Thiamethoxam 25% WG 40 g/ac
Fall armyworm, Spodoptera frugiperda
Symptom of damage:
Scrapping of leaf surface by young larvae.
Older larvae, feeds upon central whorl, causing extensive defoliation.
Whorl, tassel and cob fed by larva.
Idetification:- Larvae with inverted “Y” shaped mark on head
Male adult moth forewing brown with triangular white spots; females’ forewing grayish brown.
Management:

Apply neem cake @ 250 kg/ha at the time of last ploughing.
Seed treatment with cyantraniliprole 19.8% + thiamethoxam 19.8% FS @ 4 ml/kg seed.
Border cropping with cowpea, gingelly, redgram or sunflower (garden land) and fodder sorghum (dry land) @ 3 rows.
Set up FAW pheromone traps @ 12 nos./ha or @5 nos / acre
Use:- Spray azadirachtin 1500 ppm @ 2.5 lit/ha or 800ml/acre, at early stage (15 - 20 DAE).
"
https://workdrive.zoho.in/file/8ro2yacb18a64f1e8488c85784a5264a0edd3,69427d4657bcf78ca864a3e3,694245d9c64ccd7e023f9907,How to make equal value of NPK 10 26 26 with the help of DAP and MOP fertilizer?,"To get 10:26:26 NPK from DAP (18:46:0) and MOP (0:0:60), you need to mix them. DAP provides N & P, and MOP provides K. You can get close values of P & K with DAP and MOP. Therefore, for a 100 kg mixed fertilizer with a ratio of 10:26:26, you would need approximately 56.5 kg of DAP and approximately 43.33 kg of MOP. From this, you will obtain 26 kg P, 26 kg K, and 10 kg N, resulting in a value closer to NPK 10:26:26.

Mix well before application to ensure even distribution. Consult local agricultural extension services or KVK for more precise calculations."
https://workdrive.zoho.in/file/dsn77670beefcd9204dd189ff376c10acdc7e,694639d9d683a39e87807ee9,6944cc66ba7dbbec181cdea8,Asked about application of nutrient and hormone in Mustard to reduce crop loss and improve yield,"To optimize mustard yield and reduce crop loss in the region, a balanced nutrient and hormone management strategy is essential. It is recommended to begin with a basal application of 32 kg of nitrogen, 16 kg of phosphorus, and 16 kg of potassium per acre. Using Single Super Phosphate (SSP) is advisable to meet the crop's high sulfur requirement of 12–14 kg per acre.
To prevent flower drop and enhance siliqua setting, a foliar application of the plant growth regulator Naphthalene Acetic Acid (NAA) at a concentration of 70–100 ppm (70–100 mg per liter of water) is highly effective when applied 30–40 days after sowing (DAS). It is also important to address micronutrient deficiencies, particularly boron, which can lead to sterile seeds and poor pod filling. This can be done by applying Borax at a rate of 4 kg per acre as a basal dose or through foliar sprays of 0.1% Borax (1 g per liter) at the pre-flowering stage.
Additionally, foliar supplementation with 2% urea or 2% di-ammonium phosphate (DAP) during the flower initiation and pod formation stages provides a crucial boost of nitrogen and phosphorus, helping to increase seed weight and oil content. Under moisture stress conditions, applying Salicylic Acid at a concentration of 100–200 ppm can significantly enhance physiological efficiency and drought tolerance.
By adopting these scientifically validated interventions, farmers can typically expect a robust crop with yields ranging from 7 to 9 quintals per acre. It is important to adhere to a pre-harvest interval (PHI) of at least 15–20 days if using any integrated pest management chemicals in conjunction with these nutrients. If using any integrated pest management chemicals in conjunction with these nutrients."
https://workdrive.zoho.in/file/dsn77553a42f4f0c34f99a6b28d0d6243d514,6948e915d683a39e87808441,69412ca9c64ccd7e023f9646,Name some salt tolerant and salt sensitive varieties of Potato,"In West Bengal, potato is officially classified as a moderately salt-sensitive crop. According to the Package of Practices (POP) and research by Bidhan Chandra Krishi Viswavidyalaya (BCKV) and the Department of Agriculture (Matir Katha), the crop is highly susceptible to salinity during its early growth stages (emergence and stolon formation). The yield of potatoes begins to decrease significantly when the soil salinity (Electrical Conductivity or ECe) exceeds 1.7 dS/m. A 50% yield reduction is typically observed if salinity levels reach 5.0 dS/m. Specific trials conducted by BCKV and ICAR in the coastal saline zones (like Canning and Sundarbans) have identified varieties that perform better under salt stress. Here are some salt-tolerant varieties: Kufri Lima, Kufri Jyoti, Kufri Himalini. These varieties show better plant height, leaf count, and tuber yield even as soil EC increases from 1.0 to 4.0 dS/m during the season. Moderately Tolerant: Kufri Pukhraj, Kufri Khyati. Preferred for their early maturity (70–80 days), which allows the crop to be harvested before soil salinity peaks in late March. Salt Sensitive: Kufri Mohan, Kufri Ashoka. Kufri Mohan specifically shows high leaf senescence (drying) and reduced tuber weight under saline conditions."
https://workdrive.zoho.in/file/dsn777220635e4cb146f4a92292f5f4693bf2,6948e915d683a39e87808441,69412ca9c64ccd7e023f9646,Name some salt tolerant and salt sensitive varieties of Potato,"In West Bengal, potato is officially classified as a moderately salt-sensitive crop. According to the Package of Practices (POP) and research by Bidhan Chandra Krishi Viswavidyalaya (BCKV) and the Department of Agriculture (Matir Katha), the crop is highly susceptible to salinity during its early growth stages (emergence and stolon formation). The yield of potatoes begins to decrease significantly when the soil salinity (Electrical Conductivity or ECe) exceeds 1.7 dS/m. A 50% yield reduction is typically observed if salinity levels reach 5.0 dS/m. Specific trials conducted by BCKV and ICAR in the coastal saline zones (like Canning and Sundarbans) have identified varieties that perform better under salt stress. Here are some salt-tolerant varieties: Kufri Lima, Kufri Jyoti, Kufri Himalini. These varieties show better plant height, leaf count, and tuber yield even as soil EC increases from 1.0 to 4.0 dS/m during the season. Moderately Tolerant: Kufri Pukhraj, Kufri Khyati. Preferred for their early maturity (70–80 days), which allows the crop to be harvested before soil salinity peaks in late March. Salt Sensitive: Kufri Mohan, Kufri Ashoka. Kufri Mohan specifically shows high leaf senescence (drying) and reduced tuber weight under saline conditions."
https://workdrive.zoho.in/file/g3f7tc0b2bea113544076a4a2f332fd9b9923,694a1f34b8b4b1ceb661670d,6944cc66ba7dbbec181cdf38,What are the recommended varieties of Gobhi Mustard?,"Gobhi mustard (Gobhi Sarson) is a high-yielding oilseed crop of Brassica napus. It is named for its cabbage-like rosette stage, where thick, waxy leaves spread close to the ground before bolting. It generally produces higher yields than Indian mustard and is mainly grown in Punjab, Haryana, Rajasthan, and also in parts of eastern India and West Bengal. Popular varieties include Hyola-401, Sheetal, GSL-1, Neelam, and newer releases like PGSH-1707 (white rust resistant) and GSC-7. The crop matures in 90–130 days, is sown during October–November, is sensitive to high temperature at flowering, and is planted at 45–60 cm × 30–45 cm spacing."
https://workdrive.zoho.in/file/g3f7t2a6068278b3c4edea12aad7df0c994f3,694a1f34b8b4b1ceb661670d,6944cc66ba7dbbec181cdf38,What are the recommended varieties of Gobhi Mustard?,"Gobhi mustard (Gobhi Sarson) is a high-yielding oilseed crop of Brassica napus. It is named for its cabbage-like rosette stage, where thick, waxy leaves spread close to the ground before bolting. It generally produces higher yields than Indian mustard and is mainly grown in Punjab, Haryana, Rajasthan, and also in parts of eastern India and West Bengal. Popular varieties include Hyola-401, Sheetal, GSL-1, Neelam, and newer releases like PGSH-1707 (white rust resistant) and GSC-7. The crop matures in 90–130 days, is sown during October–November, is sensitive to high temperature at flowering, and is planted at 45–60 cm × 30–45 cm spacing."
https://workdrive.zoho.in/file/mp021363a593350a44fd5b332b174eb1d01be,694a6f8d571b48ad544ac6ff,6943ddbdba7dbbec181cdd75,Asked about mixing zinc sulphate with single super phosphate before application,"Zinc Sulphate should not be mixed with Single Super Phosphate (SSP) before applying them in the field. When these two fertilizers are mixed, a chemical reaction occurs that forms insoluble zinc phosphate, which cannot dissolve in soil or water. As a result, both zinc and phosphorus become “locked” in the soil, significantly reducing their effectiveness. Consequently, crops may exhibit symptoms of zinc deficiency, such as stunted growth, yellowing of young leaves, and poor development, even if both nutrients have been applied.

To ensure that crops effectively receive both nutrients, follow these methods:

Separate Application: Apply SSP as a basal dose during sowing, and then apply Zinc Sulphate 3 to 4 days later, or vice versa. If applying through soil, maintain a gap of at least 10 to 15 days between applications. This time gap prevents the chemical reaction and ensures better nutrient uptake.

Mix with Organic Manure: Blend Zinc Sulphate with farmyard manure (FYM) or compost before applying it near areas treated with SSP. The organic matter acts as a buffer and reduces nutrient lock-up.

Foliar Spray: Apply SSP to the soil at the time of sowing, and provide zinc through a 0.5% foliar spray during crop growth. This method bypasses soil reactions and ensures that the plant receives zinc effectively.

By following these practices, you can ensure that crops receive both zinc and phosphorus efficiently, promoting healthy growth and higher yields."
https://workdrive.zoho.in/file/4xdjhd6a36ce6d78142418f3157630ec89a5c,694b74a50d03bcc0ede26e02,694aef5a0d03bcc0ede26cd3,What is the recommended dose of mycorrhiza for paddy cultivation?,"Mycorrhiza is a beneficial biofertilizer that plays a crucial role in improving nutrient uptake and overall plant health in paddy cultivation. The recommended dose of mycorrhiza for paddy fields is 3 to 4 kilograms per acre. This biofertilizer contains beneficial fungi that form symbiotic associations with plant roots, significantly enhancing the plant's ability to absorb nutrients, especially phosphorus, from the soil. For optimal results in Punjab's paddy cultivation, apply mycorrhiza during the initial stages of crop establishment. The best time for application is at transplanting or during land preparation. Mix the recommended 3-4 kg of mycorrhiza thoroughly with well-decomposed farmyard manure (FYM) or compost before broadcasting it in the field. This ensures uniform distribution and better colonization of roots. The benefits of using mycorrhiza in paddy fields are substantial. It improves phosphorus uptake by up to 60-80%, which is particularly valuable in Punjab's soils where phosphorus availability can be limited. Additionally, mycorrhiza enhances water absorption capacity, helping plants withstand moisture stress during critical growth stages. It also improves soil structure, promotes beneficial microbial activity, and can reduce the need for chemical phosphatic fertilizers by 20-25%. For best practices, ensure that the soil temperature is favorable (above 20°C) during application, which typically occurs during the Kharif season (June-July) in Punjab. Avoid applying mycorrhiza along with fungicides, as these chemicals can harm the beneficial fungi. Store the product in a cool, dry place away from direct sunlight, and use it before the expiry date for maximum effectiveness. When combined with recommended doses of chemical fertilizers and other organic amendments, mycorrhiza can significantly improve paddy yields while promoting sustainable farming practices. Farmers in Fatehgarh Sahib and other districts of Punjab have reported improved crop vigor and better nutrient use efficiency when incorporating mycorrhiza into their nutrient management program. This biological input represents an eco-friendly approach to enhancing soil fertility and crop productivity in paddy cultivation."
https://workdrive.zoho.in/file/4xdjhbc78512d4a204cd1914970328f2361c9,694b89460d03bcc0ede26e9a,694aef5a0d03bcc0ede26d0a,What is the recommended dose and application method of vermicompost in Paddy/Basmati cultivation?,"Vermicompost is an excellent organic fertilizer that can significantly improve soil health and crop productivity in paddy and basmati rice cultivation. For farmers in Punjab, incorporating vermicompost during land preparation is highly beneficial for achieving better yields and sustainable farming practices.
The recommended application rate for vermicompost in paddy and basmati cultivation is 6 to 10 quintals per acre (approximately 1.5 to 2.5 tons per hectare). This should be applied during the land preparation stage, before transplanting the rice seedlings. The vermicompost should be uniformly spread across the field and thoroughly mixed into the soil through ploughing or harrowing operations.
The benefits of using vermicompost in rice cultivation are numerous. It improves soil structure, enhances water retention capacity, and increases the population of beneficial microorganisms in the soil. Vermicompost releases nutrients slowly and steadily throughout the crop growth period, providing a consistent supply of essential nutrients like nitrogen, phosphorus, potassium, and micronutrients. This organic matter also helps in maintaining soil pH and improves the cation exchange capacity of the soil.
For optimal results, apply vermicompost 15-20 days before transplanting or direct seeding. This allows time for the organic matter to integrate properly with the soil. If you're following the System of Rice Intensification (SRI) method, vermicompost becomes even more crucial as it provides the necessary nutrients in the absence of continuous flooding.
Farmers should ensure that the vermicompost used is well-decomposed, dark brown to black in color, and has an earthy smell. Poor quality or incompletely decomposed vermicompost may not provide the desired benefits and could potentially harbor pests. When combined with recommended chemical fertilizers at reduced doses (75-80% of normal recommended dose), vermicompost can help reduce input costs while maintaining or even improving yields. For basmati varieties, which are particularly sensitive to excessive nitrogen, vermicompost provides a balanced nutrient supply without the risk of lodging or deterioration in grain quality. This makes it an ideal choice for premium quality basmati production in Punjab's rice-growing districts.
"
https://workdrive.zoho.in/file/4xdjh838ca323b8f14db48e95f6a587e6f302,694b8f1f0d03bcc0ede26ed0,694aef5a0d03bcc0ede26cac,What is the recommended dose of Sempra (Halosulfuron Methyl 75% WG) for weed management in paddy cultivation?,"For effective weed management in paddy (rice) cultivation in Punjab, the recommended dose of Halosulfuron Methyl 75% WG is 36 grams per acre mixed in 200 litres of water. This herbicide is particularly effective against sedges and certain broadleaf weeds that commonly infest paddy fields in the region.

Application Guidelines and Best Practices:

Halosulfuron Methyl 75% WG should be applied as a post-emergence herbicide, typically 15-20 days after transplanting or 20-25 days after direct seeding when weeds are at the 2-4 leaf stage. Ensure that there is adequate soil moisture at the time of application for optimal herbicide uptake and effectiveness. The paddy field should have standing water of about 2-3 cm depth, which should be maintained for at least 3-4 days after application.

Preparation and Application Method:

Dissolve 36 grams of Halosulfuron Methyl 75% WG in a small amount of water to make a uniform solution, then add it to the spray tank containing the remaining water to make up 200 liters total volume. Use a knapsack sprayer with a flat-fan nozzle for uniform coverage. Spray the solution evenly across one acre of paddy field, ensuring complete coverage of the weed-infested areas.

Safety Precautions:

Wear protective clothing, gloves, and face mask during preparation and application. Avoid spraying during windy conditions to prevent drift to neighboring crops. Do not allow cattle to graze in treated fields or use the straw as fodder for at least 30 days after application. Maintain a gap of 7-10 days before and after Halosulfuron Methyl 75% WG application if any other herbicide or fertilizer application is planned.

Effectiveness and Benefits:

Halosulfuron Methyl 75% WG provides excellent control of Cyperus species (sedges), which are among the most troublesome weeds in Punjab's paddy fields. When applied at the correct dose and timing, it can significantly reduce weed competition, allowing the paddy crop to establish better and achieve higher yields. Always follow the label instructions and consult with local agricultural extension officers for region-specific recommendations.
"
https://workdrive.zoho.in/file/hwc477e2f1cf23bed47acaa565f8e0722b4b2,694bda850d03bcc0ede27117,694aef5a0d03bcc0ede26cd4,What is the recommended dose of mycorrhiza for paddy cultivation?,"Mycorrhiza is a beneficial soil fungus that improves the uptake of phosphorus and micronutrients under suitable soil conditions and helps enhance crop growth, yield, produce quality, and overall soil health by improving nutrient availability and activating plant growth–promoting hormones. However, under Punjab conditions, Punjab Agricultural University (PAU) does not provide a fixed dose or a specific recommendation for the use of mycorrhiza in transplanted paddy, as its effectiveness is limited in continuously flooded soils, which are common in rice cultivation. Mycorrhiza may be used only as a supplementary input during land preparation or at transplanting, preferably mixed with FYM or compost, but it should not be considered a substitute for the recommended fertilizer doses. Farmers are advised to strictly follow PAU’s soil test–based fertilizer recommendations and use biofertilizers only as supportive inputs. In general practice, mycorrhiza biofertilizer is applied @ 4–8 kg per acre by direct broadcasting at sowing or mixed with granular fertilizers, or alternatively, 4–10 kg of mycorrhiza granules can be thoroughly mixed with 50–80 kg of FYM, compost, or vermicompost and uniformly broadcast in the field. However, it is important to note that there is currently no specific Government of India or PAU document that provides an exact dose and method of application of mycorrhiza specifically for paddy (rice). Therefore, farmers are strongly advised to consult the nearest Krishi Vigyan Kendra (KVK) or the State Agriculture Department before applying mycorrhizal biofertilizers in paddy fields."
https://workdrive.zoho.in/file/435hh8a29b659b7bb41eaab8d55e249cd7d2b,694e17198aab50c8d431b1d8,694e089c8aab50c8d431b0b8,What are the suitable varieties for Unpuddled Direct Seeded Basmati Rice (DSBR) in Punjab?,"For unpuddled direct seeded Basmati rice (DSBR) cultivation in Punjab, the recommended varieties include Punjab Basmati 7, Pusa Basmati 1718, Pusa Basmati 1121, and Pusa Basmati 1509. 

 1. Pusa Basmati 1121: It is about 120 cm tall. It possesses extra-long, slender grains with good cooking quality. It has the longest cooked rice length among all the aromatic rice varieties recommended for Punjab. It matures in about 140-145 days after sowing. It is susceptible to all the pathotypes of the bacterial blight pathogen prevalent in the state. It yields on average 13.7 quintals of paddy per acre.

2. Pusa Basmati 1509: It is an early-maturing variety that matures in about 115-120 days after sowing. Its average height is 92 cm. It possesses extra-long slender grains with excellent cooking and eating quality characteristics. Its grains become almost double upon cooking and are scented. It is suitable for multiple cropping systems. It is susceptible to all the pathotypes of the bacterial blight pathogen prevalent in the state. Its average paddy yield is 15.7 quintals per acre.

3. Pusa Basmati 1718: It is a bacterial blight-resistant version of Pusa Basmati 1121, which is resistant to all ten pathotypes of bacterial blight presently prevalent in the Punjab state. Its average plant height is 121 cm, and it matures in 136-138 days after sowing. It possesses extra-long slender grains with good cooking quality. Its average paddy yield is 17.0 quintals per acre.

4. Punjab Basmati 7 (2021): It is a semi-dwarf Basmati variety that is about 111 cm tall. It possesses extra-long, slender grains, which are soft, non-sticky, and almost double upon cooking. It is highly aromatic like traditional Basmati varieties. Its average yield is 19.0 quintals per acre. It matures in around 130 days after sowing. It is resistant to all the ten presently prevalent pathotypes of bacterial blight pathogen in the Punjab state.

These varieties are specifically suitable for direct seeding without puddling, as they have better seedling vigor, early maturity, and good establishment under aerobic conditions. These basmati varieties are well-adapted to Punjab's agro-climatic conditions and perform well under resource-conserving cultivation practices like direct seeding."
https://workdrive.zoho.in/file/435hhb8b2ccfd4303491ba236684a48027b76,694e1d868aab50c8d431b212,694e0ce68aab50c8d431b12b,When should I apply urea after using Nominee Gold herbicide in my paddy field?,"After applying Nominee Gold (Bispyribac Sodium) herbicide in paddy field, you should wait for 3-5 days before applying urea fertilizer. This waiting period ensures that the herbicide is properly absorbed by the weeds and its effectiveness is not reduced. The herbicide needs time to translocate within the weed system. Applying urea too soon can reduce herbicide efficacy as nitrogen promotes rapid plant growth which may dilute the herbicide concentration. For best results in Punjab paddy cultivation, maintain adequate water level (2-3 cm) during herbicide application and ensure the field has proper moisture when applying urea after the waiting period."
https://workdrive.zoho.in/file/510qa304f8a74a8c24f399a1e0b6ab0b698f7,694e4d71aca96f5efbe2fefb,694e2b44aca96f5efbe2fda1,What is Berroz insecticide and how is it used in paddy cultivation in Punjab?,"Barroz is a granular insecticide containing Cartap hydrochloride 7.5% + Emamectin benzoate 0.25%, used for the management of stem borers and leaf folders in paddy. It should be mixed with dry sand and broadcast uniformly in the field at 25–35 days after transplanting, when pest incidence crosses ETL.

Apply at the rate of 3 kg/acre. Barroz protects tillers by effectively controlling insect damage, thereby preventing yield loss. Use gloves while handling granules and follow all safety precautions. Observe the pre-harvest interval mentioned on the label."
https://workdrive.zoho.in/file/510qa9919d622fbf044e19a13f6f277862a70,694e4d71aca96f5efbe2fefb,694e2b44aca96f5efbe2fda1,What is Berroz insecticide and how is it used in paddy cultivation in Punjab?,"Barroz is a granular insecticide containing Cartap hydrochloride 7.5% + Emamectin benzoate 0.25%, used for the management of stem borers and leaf folders in paddy. It should be mixed with dry sand and broadcast uniformly in the field at 25–35 days after transplanting, when pest incidence crosses ETL.

Apply at the rate of 3 kg/acre. Barroz protects tillers by effectively controlling insect damage, thereby preventing yield loss. Use gloves while handling granules and follow all safety precautions. Observe the pre-harvest interval mentioned on the label."
https://workdrive.zoho.in/file/510qa617f25ff92714bea8126bb66a5b089df,694e6b3038eee18abb6bbe2d,694aef5a0d03bcc0ede26cfe,"How can I contact rice scientists for guidance and technical support in Nabha block, Patiala district?","For expert guidance on rice cultivation in Patiala district, Punjab, farmers may directly contact Dr. Gurpreet Singh Sidhu, a specialized rice scientist, at his office contact number 94642-10460. Dr. Gurpreet Singh Sidhu provides technical assistance to farmers on various aspects of crop cultivation, with a special focus on paddy production specific to conditions of the Patiala region.

Scientists like Dr. Gurpreet Singh Sidhu can support farmers in several critical areas of paddy cultivation, including the selection of suitable varieties based on soil type and climatic conditions, determination of the optimum sowing time for the Kharif season (June to November in Punjab), nursery management, transplanting techniques, and appropriate plant spacing. They also offer expert advice on integrated nutrient management, including the judicious use of fertilizers based on soil test results, which is essential for achieving optimum yields.

These agricultural scientists further guide farmers on efficient water management practices, which are particularly important in Punjab due to declining groundwater levels. They assist in pest and disease identification and management, recommending appropriate control measures through cultural, biological, or chemical methods. In addition, they keep farmers informed about the latest government schemes, subsidies, and support programs relevant to paddy cultivation.

Farmers may also contact Sh. Amrik Singh, Field Demonstrator, for any field-level queries, demonstrations, or practical support related to crop management and contact him at his office contact number 94642-10460.

When contacting Dr. Gurpreet Singh Sidhu or Sh. Amrik Singh, farmers are advised to be prepared with details such as farm size, soil conditions, previous cropping history, and specific challenges faced in the field. It is preferable to contact during working hours, ideally between 10:00 AM to 1:00 PM or 3:00 PM to 5:00 PM, for a better response. Guidance can be sought on pre-sowing preparations, seed treatment, pest surveillance, weed management strategies, and post-harvest handling practices.

For comprehensive support, farmers may also visit the Krishi Vigyan Kendra (KVK), Patiala, located at KVK, P.O. Box No. 22, Nabha Road, Rauni, Patiala, or approach the nearest agricultural extension office. These institutions regularly provide technical literature, advisory services, and field demonstrations. Maintaining regular contact with agricultural scientists helps farmers make informed decisions throughout the cropping season, ultimately improving paddy productivity and farm profitability."
https://workdrive.zoho.in/file/bhhqu95f59e0a312a471ba8f137156befb2df,694e764f14a8273593a94f21,694e2b44aca96f5efbe2fda2,How should mycorrhiza biofertilizer be applied in paddy cultivation?,"Several studies show that mycorrhiza (AMF or arbuscular mycorrhizal fungi) biofertilizer can be applied in paddy, particularly in aerobic/direct-seeded rice (DSR). It is said to increase the phosphorus availability by 16% than the normal field. Mix it well with decomposed farmyard manure or compost and apply it to the soil during final land preparation before transplanting. Alternatively, seedling roots can be dipped in a slurry made of mycorrhizal biofertilizer before transplanting. This beneficial fungus forms symbiotic associations with paddy roots, enhancing phosphorus uptake, improving nutrient absorption, increasing drought tolerance, and promoting better root development. For best results, apply when soil moisture is adequate and avoid using chemical fungicides that may harm the mycorrhizal fungi.

PAU (Punjab Agricultural University) guidelines do not specifically mention this practice; therefore, for the exact dose, consult the local Agriculture Officer or KVK before using it."
https://workdrive.zoho.in/file/shhin43c77d2dc68a48a58e6cf79dbf0e8a56,694e7b6b14a8273593a94f55,694e2b44aca96f5efbe2fddc,What is the technical salt composition in Custodia fungicide used for paddy cultivation?,"Custodia is a fungicide that contains Azoxystrobin 11% + Tebuconazole 18.3% SC (Suspension Concentrate) as its technical salt composition. This combination fungicide is effective against sheath blight, die-back, downy mildew, early blight, late blight, powdery mildew, and yellow rust. It works as both a protective and curative fungicide, with azoxystrobin providing systemic action and tebuconazole offering broad-spectrum disease control. The recommended dosage for paddy is typically 300 ml in 320 liters of water (1 ml per liter of water), applied at the initial appearance of disease symptoms."
https://workdrive.zoho.in/file/shhin33baa0a6ae4242fb8c6c42de2fe9b9f1,694e7b6b14a8273593a94f55,694e2b44aca96f5efbe2fddc,What is the technical salt composition in Custodia fungicide used for paddy cultivation?,"Custodia is a fungicide that contains Azoxystrobin 11% + Tebuconazole 18.3% SC (Suspension Concentrate) as its technical salt composition. This combination fungicide is effective against sheath blight, die-back, downy mildew, early blight, late blight, powdery mildew, and yellow rust. It works as both a protective and curative fungicide, with azoxystrobin providing systemic action and tebuconazole offering broad-spectrum disease control. The recommended dosage for paddy is typically 300 ml in 320 liters of water (1 ml per liter of water), applied at the initial appearance of disease symptoms."
https://workdrive.zoho.in/file/ottdwc54ab8a2ede445d5845c429bc4ffe7a0,694e7b6b14a8273593a94f55,694e2b44aca96f5efbe2fddc,What is the technical salt composition in Custodia fungicide used for paddy cultivation?,"Custodia is a fungicide that contains Azoxystrobin 11% + Tebuconazole 18.3% SC (Suspension Concentrate) as its technical salt composition. This combination fungicide is effective against sheath blight, die-back, downy mildew, early blight, late blight, powdery mildew, and yellow rust. It works as both a protective and curative fungicide, with azoxystrobin providing systemic action and tebuconazole offering broad-spectrum disease control. The recommended dosage for paddy is typically 300 ml in 320 liters of water (1 ml per liter of water), applied at the initial appearance of disease symptoms."
https://workdrive.zoho.in/file/shhined50e4f8480a4a4ab16dcdd3cf772bcc,694e80a114a8273593a94f95,694aef5a0d03bcc0ede26c8f,Which type of ash should be used in rice nursery preparation?,"When preparing a rice nursery for paddy cultivation in Punjab, you can use any type of ash available to you. This is a flexible practice that allows farmers to utilize whatever ash resources they have on hand, making it both economical and practical.

Commonly available ash types include wood ash from cooking stoves or agricultural residue burning, rice husk ash from parboiling mills, and ash from sugarcane bagasse. All these varieties are suitable for nursery preparation and provide similar benefits to your rice seedlings.

The application of ash in rice nurseries serves multiple important purposes. First, ash acts as an excellent source of potassium and other essential micronutrients like phosphorus, calcium, and magnesium, which are crucial for healthy seedling development. Second, it helps improve soil texture and structure, making the nursery bed more conducive to root growth. Third, ash has alkaline properties that can help neutralize acidic soils, creating a more balanced pH environment for germination and early growth.

For best results in Punjab conditions, apply ash at the rate of approximately 100 gm per square meter of nursery bed. Mix the ash thoroughly with the soil during the final preparation of the nursery bed, ideally 2-3 days before sowing. This timing allows the ash to integrate well with the soil particles.

Additional benefits of using ash include its ability to reduce certain soil-borne diseases and pests due to its alkaline nature. It also improves water retention capacity of the nursery soil, which is particularly beneficial during the hot February-March nursery season in Punjab.

Remember to ensure the ash is completely cooled before application and avoid using ash that contains plastics or other non-organic materials. Combine ash application with recommended doses of organic manure like well-decomposed farmyard manure for optimal nursery performance. This integrated approach will give you strong, healthy seedlings ready for transplanting in the main field after 25-30 days."
https://workdrive.zoho.in/file/2ojp38da748a0f282432f85d226ffbc28b033,694e885e14a8273593a94fce,694aef5a0d03bcc0ede26cf7,What are the alternative fertilizers that can be used in paddy cultivation if DAP (Di-Ammonium Phosphate) is not available?,"When DAP (Di-Ammonium Phosphate) is not available for paddy cultivation, farmers in Punjab can safely use alternative phosphorus fertilizers without affecting crop growth or yield, provided proper adjustments are made in other fertilizers. As an effective alternative, farmers can apply NPK complex fertilizer 12:32:16. Use 35–40 kg per acre as a substitute for DAP. This fertilizer supplies 12% nitrogen, 32% phosphorus (P₂O₅), and 16% potash (K₂O), ensuring balanced nutrient availability to the rice crop. Since this complex fertilizer already contains nitrogen and potash, the quantity of urea and muriate of potash (MOP) must be reduced by about 20 kg per acre each from the normal recommended dose to avoid excess nutrient application. This helps maintain proper nutrient balance and improves fertilizer use efficiency. As per PAU recommendations, if DAP is not used, you can also apply 75 kg single superphosphate (SSP) per acre as the phosphorus source along with the recommended doses of urea and MOP. SSP is a reliable phosphorus fertilizer and also supplies sulphur, which benefits paddy growth in sulphur-deficient soils. Both NPK 12:32:16 and SSP should be applied as a basal dose at the time of puddling or just before transplanting, similar to DAP application. These alternatives provide adequate phosphorus for strong root development, better tillering, and proper grain formation, helping farmers achieve good yields even when DAP is not available. For best results, use fertilizers based on soil test reports and follow recommendations from PAU, Krishi Vigyan Kendras, or local agriculture officers to ensure proper nutrient management, good paddy yield, and healthy soil."
https://workdrive.zoho.in/file/2ojp385cecf21e0f24cdeb208f13fb7e8b888,694e885e14a8273593a94fce,694aef5a0d03bcc0ede26cf7,What are the alternative fertilizers that can be used in paddy cultivation if DAP (Di-Ammonium Phosphate) is not available?,"When DAP (Di-Ammonium Phosphate) is not available for paddy cultivation, farmers in Punjab can safely use alternative phosphorus fertilizers without affecting crop growth or yield, provided proper adjustments are made in other fertilizers. As an effective alternative, farmers can apply NPK complex fertilizer 12:32:16. Use 35–40 kg per acre as a substitute for DAP. This fertilizer supplies 12% nitrogen, 32% phosphorus (P₂O₅), and 16% potash (K₂O), ensuring balanced nutrient availability to the rice crop. Since this complex fertilizer already contains nitrogen and potash, the quantity of urea and muriate of potash (MOP) must be reduced by about 20 kg per acre each from the normal recommended dose to avoid excess nutrient application. This helps maintain proper nutrient balance and improves fertilizer use efficiency. As per PAU recommendations, if DAP is not used, you can also apply 75 kg single superphosphate (SSP) per acre as the phosphorus source along with the recommended doses of urea and MOP. SSP is a reliable phosphorus fertilizer and also supplies sulphur, which benefits paddy growth in sulphur-deficient soils. Both NPK 12:32:16 and SSP should be applied as a basal dose at the time of puddling or just before transplanting, similar to DAP application. These alternatives provide adequate phosphorus for strong root development, better tillering, and proper grain formation, helping farmers achieve good yields even when DAP is not available. For best results, use fertilizers based on soil test reports and follow recommendations from PAU, Krishi Vigyan Kendras, or local agriculture officers to ensure proper nutrient management, good paddy yield, and healthy soil."
https://workdrive.zoho.in/file/2ojp37df975ddcb7949fe824a071b9081e172,694e885e14a8273593a94fce,694aef5a0d03bcc0ede26cf7,What are the alternative fertilizers that can be used in paddy cultivation if DAP (Di-Ammonium Phosphate) is not available?,"When DAP (Di-Ammonium Phosphate) is not available for paddy cultivation, farmers in Punjab can safely use alternative phosphorus fertilizers without affecting crop growth or yield, provided proper adjustments are made in other fertilizers. As an effective alternative, farmers can apply NPK complex fertilizer 12:32:16. Use 35–40 kg per acre as a substitute for DAP. This fertilizer supplies 12% nitrogen, 32% phosphorus (P₂O₅), and 16% potash (K₂O), ensuring balanced nutrient availability to the rice crop. Since this complex fertilizer already contains nitrogen and potash, the quantity of urea and muriate of potash (MOP) must be reduced by about 20 kg per acre each from the normal recommended dose to avoid excess nutrient application. This helps maintain proper nutrient balance and improves fertilizer use efficiency. As per PAU recommendations, if DAP is not used, you can also apply 75 kg single superphosphate (SSP) per acre as the phosphorus source along with the recommended doses of urea and MOP. SSP is a reliable phosphorus fertilizer and also supplies sulphur, which benefits paddy growth in sulphur-deficient soils. Both NPK 12:32:16 and SSP should be applied as a basal dose at the time of puddling or just before transplanting, similar to DAP application. These alternatives provide adequate phosphorus for strong root development, better tillering, and proper grain formation, helping farmers achieve good yields even when DAP is not available. For best results, use fertilizers based on soil test reports and follow recommendations from PAU, Krishi Vigyan Kendras, or local agriculture officers to ensure proper nutrient management, good paddy yield, and healthy soil."
https://workdrive.zoho.in/file/2ra2h058b1cb063514ef6ba1178476048a0d8,694f5ed514a8273593a950cc,694f5af414a8273593a95028,What is the effect of rain on pollination in paddy?,"Rice is predominantly self-pollinated, and the flowers are chasmogamous, meaning the flowers open very briefly and usually after pollination has already occurred. Because of this, the exposure of pollen to the external environment is minimal, and under normal conditions, outside weather has very little effect on rice pollination in light and moderate weather.
However, rain during the flowering stage of paddy can negatively affect pollination. Heavy rainfall can reduce pollen viability, interfere with anther dehiscence, or cause spikelet sterility. Rainfall and the number of rainy days are negatively correlated with rice yield, as heavy rainfall events create humid and cloudy weather conditions that reduce sunshine hours, which are essential for proper reproductive development of the crop. The reduction in sunshine, along with high humidity during critical growth phases, adversely affects grain formation and results in lower yield, indicating reduced effectiveness of pollination and fertilization, whereas ample sunshine hours combined with well-distributed rainfall are favorable for better crop performance and productivity in paddy"
https://workdrive.zoho.in/file/fh79n8d522f23dd8043529090f937aa3e9272,694f78ec14a8273593a951ed,694f5af414a8273593a95033,How should Talstar be used for controlling leaf folder in paddy crop in Punjab?,Talstar (Bifenthrin 10% EC) is an effective insecticide for controlling leaf folder in paddy. Apply Talstar at 202 ml per acre by mixing it in 200 liters of water. Spray when the pest population reaches the Economic Threshold Level (ETL) of 1-2 damaged leaves per hill or when 5-10% leaf damage is observed. The best time for application is during the early morning or late evening hours. Ensure uniform coverage of the crop canopy. Maintain a pre-harvest interval of 15-20 days before harvesting. Always use protective equipment during application and follow integrated pest management practices for sustainable control of leaf folder in paddy.
https://workdrive.zoho.in/file/fh79n21183e39cc77468d916323f10aa95f00,694f78ec14a8273593a951ed,694f5af414a8273593a95033,How should Talstar be used for controlling leaf folder in paddy crop in Punjab?,Talstar (Bifenthrin 10% EC) is an effective insecticide for controlling leaf folder in paddy. Apply Talstar at 202 ml per acre by mixing it in 200 liters of water. Spray when the pest population reaches the Economic Threshold Level (ETL) of 1-2 damaged leaves per hill or when 5-10% leaf damage is observed. The best time for application is during the early morning or late evening hours. Ensure uniform coverage of the crop canopy. Maintain a pre-harvest interval of 15-20 days before harvesting. Always use protective equipment during application and follow integrated pest management practices for sustainable control of leaf folder in paddy.
https://workdrive.zoho.in/file/lpjr9aab5a94e403a4d608f2c91622cfaa76e,694f9a5714a8273593a95329,694f5af414a8273593a9506f,What is the use of growth retardant in paddy cultivation?,"Growth retardants are used in paddy cultivation to control excessive vegetative growth, reduce plant height, and prevent lodging after heading, which otherwise causes heavy yield loss. Lodging mainly occurs due to tall plants, weak stems, and high nitrogen use, combined with wind or rain. In rice, growth retardants reduce internode elongation, shorten plant height, strengthen the culm, increase culm diameter, and improve root development, which helps plants withstand lodging stress. In Punjab paddy cultivation, growth retardants are applied during the active tillering to the early panicle initiation stage for best results. Among them, mepiquat chloride and paclobutrazol are effective synthetic growth regulators. Application of mepiquat chloride 5% AS @ 500–600 ml per acre has shown a significant reduction in internode and culm length and resulted in higher grain yield. Paclobutrazol 23% SC should be applied @ 40 ml per acre to control excessive height and strengthen stems. For proper application, mix the recommended dose of the chemical in about 200 litres of water per acre and spray uniformly on the crop. This practice is especially useful in high-input fields where excess nitrogen increases lodging risk. Proper dose and correct timing are essential to get benefits without affecting grain quality or yield. But before using any chemical, also consult with the local KVK."
https://workdrive.zoho.in/file/lpjr9a5ceea4013b84eee97a307e5e42c0abf,694f9a5714a8273593a95329,694f5af414a8273593a9506f,What is the use of growth retardant in paddy cultivation?,"Growth retardants are used in paddy cultivation to control excessive vegetative growth, reduce plant height, and prevent lodging after heading, which otherwise causes heavy yield loss. Lodging mainly occurs due to tall plants, weak stems, and high nitrogen use, combined with wind or rain. In rice, growth retardants reduce internode elongation, shorten plant height, strengthen the culm, increase culm diameter, and improve root development, which helps plants withstand lodging stress. In Punjab paddy cultivation, growth retardants are applied during the active tillering to the early panicle initiation stage for best results. Among them, mepiquat chloride and paclobutrazol are effective synthetic growth regulators. Application of mepiquat chloride 5% AS @ 500–600 ml per acre has shown a significant reduction in internode and culm length and resulted in higher grain yield. Paclobutrazol 23% SC should be applied @ 40 ml per acre to control excessive height and strengthen stems. For proper application, mix the recommended dose of the chemical in about 200 litres of water per acre and spray uniformly on the crop. This practice is especially useful in high-input fields where excess nitrogen increases lodging risk. Proper dose and correct timing are essential to get benefits without affecting grain quality or yield. But before using any chemical, also consult with the local KVK."
https://workdrive.zoho.in/file/bhhqua42e0dd114e74724ac1d10818ab755d3,695122c514a8273593a95612,694e2b44aca96f5efbe2fde2,What is the application method and dosage of cartap hydrochloride 4G for paddy crop in Punjab?,"Cartap hydrochloride 4G is a granular insecticide used for controlling stem borers, leaf folders, and other pests in paddy. For paddy cultivation in Punjab, apply 10 kg of cartap hydrochloride 4G per acre. The application should be done by broadcasting the granules in standing water (2-5 cm depth) at 25-30 days after transplanting or at the tillering stage. Ensure uniform distribution of granules in the field. The field should maintain standing water for 2-3 days after application for better effectiveness. This helps in controlling yellow stem borer and leaf folder effectively in paddy crops.
"
https://workdrive.zoho.in/file/pabgga3d751e7c90b44c0aff7c86482b3ba36,695122c514a8273593a95612,694e2b44aca96f5efbe2fde2,What is the application method and dosage of cartap hydrochloride 4G for paddy crop in Punjab?,"Cartap hydrochloride 4G is a granular insecticide used for controlling stem borers, leaf folders, and other pests in paddy. For paddy cultivation in Punjab, apply 10 kg of cartap hydrochloride 4G per acre. The application should be done by broadcasting the granules in standing water (2-5 cm depth) at 25-30 days after transplanting or at the tillering stage. Ensure uniform distribution of granules in the field. The field should maintain standing water for 2-3 days after application for better effectiveness. This helps in controlling yellow stem borer and leaf folder effectively in paddy crops.
"
"https://workdrive.zoho.in/file/mp021ac112f57db8f4bc3a4e8a077facb54celogy Application Research Institute, Ludhiana",69521e2814a8273593a957b5,694e2b44aca96f5efbe2fd83,How can I improve the growth of paddy crop when facing dwarf plant issues in Punjab?,"1.    Keep field bunds clean and remove weeds around the field.
2.    At early stage, infected seedlings should be properly diagnosed and discarded during early growth stage.
3.    If the infection rate ranges between 5-20%, diseased tillers should be replaced with tillers.
4.  Farmers should regularly monitor the rice crop for the presence of white backed plant-hopper (WBPH). A few plants in the field
should be slightly tilted and tapped 2-3 times at the base at weekly intervals. WBPH nymphs/adults, if present, may be seen floating
on water.
5.  On observing the WBPH, spray  viz. Pexalon 10 SC (triflumezopyrim) @ 235 ml/ha or Osheen/Token 20 SG (dinotefuran) @ 200
g/ha or Chess 50 WG (pymetrozine) @ 300 g/ha. For better results direct the spray towards the base of the plants.
"
https://workdrive.zoho.in/file/qqtbbe761ec9823534f1397c17f5fc98cd151,6954ac180a5e7b035c059420,694f5af414a8273593a95023,What is the recommended dose of Custodia fungicide (Azoxystrobin 11% + Tebuconazole 18.3% w/w SC) for paddy crop in Punjab?,"Custodia fungicide from Adama combines azoxystrobin 11% + tebuconazole 18.3% SC for broad-spectrum control of fungal diseases like sheath blight in paddy, with preventive and curative dual action. The recommended dose is about 300 ml in 320 liters of water per acre.  This fungicide. Apply the spray when disease symptoms first appear or as a preventive measure during the vegetative to reproductive stage. Ensure thorough coverage of the crop canopy for better disease control. Follow the label instructions and maintain the recommended waiting period before harvest."
https://workdrive.zoho.in/file/qqtbb30f298faf24746999251fd1fcae3e538,695504dc0a5e7b035c0596f1,694e089c8aab50c8d431b0ec,What are zinc solubilizing bacteria and how do they benefit paddy cultivation in Punjab?,"Zinc Solubilizing Bacteria (ZSB) are beneficial soil microorganisms that convert insoluble zinc compounds into plant-available forms through the secretion of organic acids and chelating substances. In Punjab, zinc deficiency is common in paddy due to alkaline and calcareous soils and intensive rice–wheat cropping systems. Application of ZSB helps improve zinc availability and uptake, leading to better crop growth, improved photosynthesis, and enhanced grain yield and quality, particularly in zinc-deficient soils. ZSB are best used as a supplementary input along with organic matter and recommended zinc fertilizers and can be applied through seed treatment or soil application for sustainable zinc nutrition in paddy."
https://workdrive.zoho.in/file/j15l4fd2098cbea7c44f787e7608a1b4d957d,6958973f85e5253473bfb37a,6958962185e5253473bfb316,Provide safety guidelines for children after the use of weedicides in Paddy fields,"After using weedicides (herbicides) in fields, children must follow strict safety precautions to protect their health. Children should never enter the field immediately after spraying, because harmful chemicals may still be present on plants, soil, and water. According to the Government of India, re-entry into sprayed fields should be allowed only after the waiting period mentioned on the pesticide label, as per the Insecticides Act, 1968 and Insecticides Rules, 1971. Children should not touch wet plants, play on sprayed soil, or drink water from nearby channels, as chemicals can enter the body through skin or mouth. They must avoid eating fruits or vegetables taken directly from the field unless they are properly washed. Empty weedicide containers, spray pumps, and bottles should never be touched or used as toys. If a child accidentally enters in a sprayed area or comes in contact with chemicals. Hands, feet, and clothes should be washed immediately with soap and clean water. The Ministry of Agriculture & Farmers Welfare, Government of India, and Directorate of Plant Protection, Quarantine & Storage (PPQS) clearly state that pesticides and weedicides must be stored safely away from homes and children, and families should be educated to prevent accidental exposure. These precautions are essential because children are more vulnerable to chemical poisoning than adults."
https://workdrive.zoho.in/file/uakafe122d22e04ee41088e8506e9a1aa106a,69589d7d28ae67127339d4d2,6958996628ae67127339d474,Information regarding the use of alum in Paddy crop,"Alum (potassium aluminum sulfate or aluminum sulfate) is generally not recommended for use in paddy (rice) crop cultivation as a fertilizer or soil amendment. Understanding why this is the case and what alternatives are available is important for successful paddy cultivation in Uttar Pradesh and similar regions.
 
Why Alum is Not Recommended for Paddy:
Alum contains aluminum compounds that can be toxic to rice plants when present in excessive amounts in the soil. Paddy fields typically have waterlogged conditions that can increase aluminum solubility, potentially leading to aluminum toxicity. This toxicity can damage root systems, reduce nutrient uptake (particularly phosphorus), and significantly decrease crop yields. Additionally, alum does not provide the essential macronutrients (nitrogen, phosphorus, potassium) or micronutrients that paddy crops require for optimal growth and development.
 
Soil Testing and Nutrient Management:
Before applying any amendments or fertilizers, farmers should conduct a comprehensive soil test through their nearest soil testing laboratory. Soil testing helps determine pH levels, nutrient availability, and any deficiencies that need to be addressed. For paddy cultivation, slightly acidic to neutral soil (pH 6.0-7.0) is ideal.
 
Recommended Organic Amendments:
For improving soil health in paddy fields, farmers should focus on organic matter incorporation. Apply well-decomposed farmyard manure (FYM) at 4-6 tonnes per acre or vermicompost at 1-1.5 tonnes per acre about 2-3 weeks before transplanting. Green manuring with dhaincha (Sesbania aculeata) or sunhemp can also significantly improve soil structure, water retention, and nutrient availability.
 
Balanced NPK Fertilization:
For paddy cultivation in Uttar Pradesh, the recommended fertilizer dose is approximately 48 kg nitrogen, 24 kg phosphorus (P2O5), and 24 kg potassium (K2O) per acre for high yielding variety, though this may vary based on soil test results and variety. Apply the full dose of phosphorus and potash before transplanting. Apply nitrogen in three split doses: One-third dose 7 days after transplanting. One-third dose at active tillering stage. One-third dose at panicle initiation stage through top dressing. Common sources include urea (for nitrogen), single super phosphate or di-ammonium phosphate (for phosphorus), and muriate of potash (for potassium).
 
Micronutrient Management:
Paddy crops may require micronutrients, particularly zinc. If zinc deficiency is observed (yellowing of leaves, stunted growth), apply zinc sulfate at 10 kg per acre as soil application or 0.5% zinc sulfate solution as foliar spray.
 
Safety Guidelines for Fertilizer Application:
When handling chemical fertilizers, farmers should wear protective gloves and avoid direct skin contact. Store fertilizers in a cool, dry place away from children, animals, and food items. Follow recommended doses strictly to prevent environmental pollution and ensure cost-effectiveness. Apply fertilizers at appropriate times and incorporate them properly into the soil for better uptake.

Conclusion:
Alum has no beneficial role in paddy cultivation and should be avoided. Instead, focus on balanced fertilization based on soil testing, organic matter incorporation, and proper nutrient management practices for achieving optimal yields.
 
For further guidance or clarification, farmers are advised to contact the nearest Krishi Vigyan Kendra (KVK) or local agricultural extension officer."
https://workdrive.zoho.in/file/p7iy53dba2254374d4b65876d344c6113de9b,6958a41a28ae67127339d53c,6958962185e5253473bfb348,Where will the token be generated to get the tractor?,"The Custom Hiring Center (CHC) scheme is a beneficial government initiative designed to help farmers access tractors and other agricultural machinery at subsidized rates, promoting mechanization in agriculture and reducing the financial burden on small and marginal farmers.

Scheme Overview:
Under the Custom Hiring Center scheme, farmers and agricultural entrepreneurs can receive a 40% subsidy on tractors and various farm implements. This scheme is particularly beneficial for farmers in Uttar Pradesh who want to establish CHCs or avail machinery services. The subsidy helps reduce the capital investment required for purchasing expensive farm equipment, making modern agricultural practices more accessible.

Token Generation Process:
To obtain the token for tractor subsidy under this scheme, farmers need to follow these steps:

1. Visit the official Uttar Pradesh Agriculture Department website at agriculture.up.gov.in
2. Register yourself on the portal with valid mobile number and email ID
3. Fill out the online application form completely with accurate details including:
- Personal information (name, address, Aadhaar number)
- Land ownership documents
- Bank account details
- Type of machinery/tractor required
4. Upload all necessary documents (land records, identity proof, bank passbook, caste certificate if applicable)
5. Submit the application within the specified time window announced by the department
6. After successful submission, generate and download your token number
7. Keep the token number safe for future reference and tracking

Important Guidelines:
1.Applications are accepted during specific notification periods announced by the department
2.Token generation is time-bound, so farmers should apply promptly when the window opens
3.The token serves as proof of application and helps in tracking status
4.Priority may be given based on category, land holding, and other criteria
5.Subsidy disbursement occurs after verification and approval of application

Required Documents:
1.Valid Aadhaar card
2.Land ownership documents (Khasra/Khatauni)
3.Bank account details with cancelled cheque
4.Caste certificate (if claiming reserved category benefits)
5.Mobile number for SMS updates

Application Timeline:
Farmers should regularly check the official website for notification announcements. Applications are typically accepted in specific phases, and token generation must be completed within the stipulated timeframe to be considered for subsidy approval.

Financial Aspects:
With 40% subsidy, farmers can significantly reduce their investment in tractors and farm machinery. The remaining amount can be arranged through own contribution or agricultural loans from banks under various schemes.

Additional Support:
For detailed information about documentation, eligibility criteria, subsidy calculation, and application status tracking, farmers are advised to contact:
- Block-level Seed Store In-charge (Rajkiya Beej Bhandar Prabhari)
- District Deputy Director of Agriculture
- Nearest Krishi Vigyan Kendra (KVK)

For further guidance or clarification, farmers are advised to contact the nearest Krishi Vigyan Kendra (KVK) or local agricultural extension officer.
"
https://workdrive.zoho.in/file/zhubf9eb3b3174f0649d0b594c229d9696408,6958a77928ae67127339d552,6958962185e5253473bfb317,Urea is being sold at more than face value. what to do?,"Urea is a crucial nitrogenous fertilizer for paddy cultivation, and the Government of India regulates its price through Maximum Retail Price (MRP) printed on each bag. If you encounter retailers selling urea above the MRP, this is a violation of fertilizer control orders and should be reported immediately.
 
Understanding the Issue:
Urea is subsidized by the government to make it affordable for farmers. The MRP is clearly printed on every bag, and retailers are legally bound to sell at or below this price. Overcharging is a punishable offense under the Essential Commodities Act and Fertilizer Control Order.
 
Immediate Actions to Take:

1. Report via Official UP Helpline (Primary Action)
   Call: 0522-2209650. State fertilizer control room (Lucknow). You can report for overpricing, black-marketing complaints.

 2. Document the Evidence: Note down the shop name, location, date, time, and the price being charged. If possible, take photographs of the price board and fertilizer bags showing the MRP.
 
 3. Check the MRP: Verify the printed MRP on the urea bag before purchase. The current government-regulated price should be clearly visible on the packaging.
 
 4. Contact District Agriculture Officer: File a formal complaint with your District Agriculture Officer (DAO) at the district headquarters. In Uttar Pradesh, particularly in Gorakhpur district, you can reach the agricultural department through the district office or visit in person.

 5. Online Complaint Registration: Visit the official Uttar Pradesh Agriculture Department website or use the mFMS (Mobile Fertilizer Management System) portal to register your complaint online. You can also use the Krishi Vigyan Kendra (KVK) portal for grievance redressal.
 
 6. Report to Civil Supplies Department: Since fertilizers fall under essential commodities, you can also report to the local Civil Supplies Officer or Food & Supplies Department.
 
 Alternative Sources:
 While addressing the complaint, consider purchasing urea from:
 - Cooperative societies and Primary Agricultural Credit Societies (PACS)
 - Government-authorized fertilizer retail outlets
 - Krishi Seva Kendras
 - Jan Seva Kendras
 
 Legal Framework:
 The Fertilizer Control Order, 1985 mandates that all fertilizers must be sold at government-regulated prices. Violations can result in penalties, license cancellation, and legal action against the retailer.
 
 Documentation Required for Complaint:
 - Receipt or bill (if already purchased)
 - Photographs of the shop and price display
 - Witness statements if available
 - Fertilizer bag with visible MRP
 
 Protective Measures for Fertilizer Handling:
 When handling and applying urea, farmers should wear:
 - Chemical-resistant gloves to prevent skin contact
 - Face mask to avoid inhalation of dust particles
 - Protective clothing including long sleeves and full pants
 - Store urea in a dry, cool place away from children, animals, and food items
 - Wash hands thoroughly after handling fertilizers
 
 Safety Guidelines:
 Follow recommended application doses as per soil test results. For paddy, typical urea application is split into 2-3 doses. Avoid direct contact with skin and eyes. Do not store fertilizers near pesticides or food grains. Keep emergency contact numbers readily available.
 
 For further guidance or clarification, farmers are advised to contact the nearest Krishi Vigyan Kendra (KVK) or local agricultural extension officer."
https://workdrive.zoho.in/file/p7iy596d85840be0744a686f0f3f6eeef55b8,6958a95528ae67127339d560,6958962185e5253473bfb36a,Information regarding use of consortium in paddy crop..?,"Liquid Consortia (NPK Consortia) is an eco-friendly biofertilizer containing a consortium of beneficial microorganisms such as Rhizobium, Azotobacter, and Acetobacter (nitrogen fixers); phosphate-solubilizing bacteria like Pseudomonas; and potassium-solubilising Bacillus species, which collectively enhance the availability of nitrogen, phosphorus, and potassium in the soil and improve nutrient uptake by crops. It supports better root development, plant growth, and soil health while reducing dependence on chemical fertilisers and can be used for all major crops, including paddy rice. The product can be applied through seedling treatment or soil application. For seedling treatment, use 250 ml of Liquid Consortia mixed in 4-5 liters of clean water, and dip the required seedlings in this solution for 20-30 minutes before transplanting. Transplant the treated seedlings as early as possible. For soil application, mix 300–400 ml of liquid consortia with 50–100 kg of sand, or soil, or well-decomposed compost, and broadcast uniformly in one acre before the last ploughing or before 24 hours of sowing. Liquid consortia should be used as a supplement to balance chemical fertilisation, ensuring adequate soil moisture, and avoiding direct mixing with pesticides or fungicides. Preferably, they should be applied during early morning or late evening to promote better microbial survival."
https://workdrive.zoho.in/file/p7iy5fdfad3200b06484ab51e295639e07455,6958b22728ae67127339d5b5,6958962185e5253473bfb325,Where should one contact to increase the land area in farmer registration?,"Farmers should first contact the local Lekhpal/Patwari (Revenue Department) to update their land records (Khatauni/Khasra) in order to register the additional land area for their farmer registration. Once the application has been verified, the farmer must submit an updated copy of their Khatauni/Khasra and all required paperwork including their Aadhaar card, bank passbook, and registered mobile number to the Block Agriculture Office (BAO) or the Block Technology Manager (BTM) or visit a Common Service Centre (CSC) for them to enter the new land information on the Farmer Registry (UPFR AgriStack) Portal. Land Areas can only be entered into the Farmer Registry after verifying consistency with the official Revenue Records. If a farmer wants to edit his/her registration details, she/he can access the Farmer Registry Portal and request for the changes through the ‘Edit Profile’ tab. If the farmer requires assistance, he/she can contact the Agriculture Department or visit their nearest CSC/KVK for further help."
https://workdrive.zoho.in/file/p7iy5f853f8ebd746454db8df96637499bfc9,6958b33b28ae67127339d5cb,6958996628ae67127339d45e,What is the recommended dose of ferrous sulfate & NPK 19:19:19 for Paddy crop?,"Ferrous sulphate and NPK 19:19:19 are useful foliar nutrients for paddy in Uttar Pradesh when applied based on deficiency symptoms, and they should be used separately, not mixed in the same spray tank. Before application, soil testing or visual observation of crop symptoms is recommended. For iron deficiency (iron chlorosis) in paddy, spray ferrous sulphate @ 1% solution (10 g per litre of water) along with 0.25% lime (2.5 g per litre of water) to prevent leaf scorching. For improving crop vigor and balanced nutrition, NPK 19:19:19 may be sprayed @ 0.5-1% solution (5-10 g per litre of water) at the tillering and panicle initiation stages. Spraying should be done in the early morning or evening, avoiding high temperature, strong wind, or rainfall within 6 hours. Excessive or unnecessary spraying should be avoided to prevent nutrient imbalance. Farmers should follow Uttar Pradesh Package of Practices (UP PoP) and consult the nearest Krishi Vigyan Kendra (KVK) or agriculture extension officer for site-specific guidance."
https://workdrive.zoho.in/file/p7iy5d2090241ae794adea956ae8d9aad4148,6958b33b28ae67127339d5cb,6958996628ae67127339d45e,What is the recommended dose of ferrous sulfate & NPK 19:19:19 for Paddy crop?,"Ferrous sulphate and NPK 19:19:19 are useful foliar nutrients for paddy in Uttar Pradesh when applied based on deficiency symptoms, and they should be used separately, not mixed in the same spray tank. Before application, soil testing or visual observation of crop symptoms is recommended. For iron deficiency (iron chlorosis) in paddy, spray ferrous sulphate @ 1% solution (10 g per litre of water) along with 0.25% lime (2.5 g per litre of water) to prevent leaf scorching. For improving crop vigor and balanced nutrition, NPK 19:19:19 may be sprayed @ 0.5-1% solution (5-10 g per litre of water) at the tillering and panicle initiation stages. Spraying should be done in the early morning or evening, avoiding high temperature, strong wind, or rainfall within 6 hours. Excessive or unnecessary spraying should be avoided to prevent nutrient imbalance. Farmers should follow Uttar Pradesh Package of Practices (UP PoP) and consult the nearest Krishi Vigyan Kendra (KVK) or agriculture extension officer for site-specific guidance."
https://workdrive.zoho.in/file/wqwydfbab64a51faf47fbbe097cc276e42bc1,6958b33b28ae67127339d5cb,6958996628ae67127339d45e,What is the recommended dose of ferrous sulfate & NPK 19:19:19 for Paddy crop?,"Ferrous sulphate and NPK 19:19:19 are useful foliar nutrients for paddy in Uttar Pradesh when applied based on deficiency symptoms, and they should be used separately, not mixed in the same spray tank. Before application, soil testing or visual observation of crop symptoms is recommended. For iron deficiency (iron chlorosis) in paddy, spray ferrous sulphate @ 1% solution (10 g per litre of water) along with 0.25% lime (2.5 g per litre of water) to prevent leaf scorching. For improving crop vigor and balanced nutrition, NPK 19:19:19 may be sprayed @ 0.5-1% solution (5-10 g per litre of water) at the tillering and panicle initiation stages. Spraying should be done in the early morning or evening, avoiding high temperature, strong wind, or rainfall within 6 hours. Excessive or unnecessary spraying should be avoided to prevent nutrient imbalance. Farmers should follow Uttar Pradesh Package of Practices (UP PoP) and consult the nearest Krishi Vigyan Kendra (KVK) or agriculture extension officer for site-specific guidance."
https://workdrive.zoho.in/file/j15l490202a1f07754ea9919b0b51fc9594ef,695ca49bb4938aec8001b560,695c8d79b4938aec8001b3c1,When will the government buy paddy?,"For the Kharif Marketing Year 2025–26, government paddy procurement in Uttar Pradesh will begin in western UP from October 1, 2025, and continue until January 31, 2026, covering divisions such as Meerut, Saharanpur, Moradabad, Bareilly, Agra, Aligarh, and Jhansi, along with Hardoi, Lakhimpur Kheri, and Sitapur in the Lucknow division. In eastern UP, procurement will start from November 1, 2025, and continue until February 28, 2026, including divisions such as Chitrakoot, Kanpur, Ayodhya, Gorakhpur, Devipatan, Basti, Azamgarh, Varanasi, Mirzapur, and Prayagraj, as well as Lucknow, Raebareli, and Unnao in the Lucknow division. Farmers must register on the Food and Civil Supplies Department website (fcs.up.gov.in) or the UP KISAN MITRA mobile app to sell paddy, as procurement will be done only from registered farmers. The Minimum Support Price (MSP) has been fixed at ₹2,369 per quintal for common variety and ₹2,389 per quintal for Grade A. For assistance, farmers can call the toll-free number 1800-180-0150 or contact their local district food marketing officer, tehsil regional marketing officer, or block marketing inspector."
https://workdrive.zoho.in/file/wqwyd0d1652a4fb0e4ae38752b41cb82e1e74,695e0cc9770b5fe9194c747c,6958996628ae67127339d46a,Information about use of Iffco Consortia in Paddy crop ?,"IFFCO Liquid Consortia (N.P.K.) is a biofertilizer especially useful for paddy cultivation. It contains a beneficial mixture of Rhizobium, Azotobacter, and Acetobacter bacteria for nitrogen fixation; Phospho bacteria (Pseudomonas) for phosphorus solubilization; and potassium-solubilizing bacteria (Bacillus). These beneficial microorganisms help convert atmospheric nitrogen and unavailable soil nutrients into usable forms, ensuring balanced nutrition to the paddy crop in an eco-friendly way. According to IFFCO, N.P.K. consortia can be applied through seedling root dipping and soil application. For root treatment, take 250 ml of liquid biofertilizer and mix it in 4–5 liters of water. Dip the rice seedlings in this solution for 20–30 minutes before transplanting, then transplant the treated seedlings immediately.  For soil application, use 300–400 ml liquid biofertilizer per acre. Mix it well with 50–100 kg of soil, sand, or compost and spread this mixture evenly in the field before the last ploughing or about 24 hours before transplanting or sowing. This helps early establishment, strong root development, and better tillering. The product works best when fertilizers are applied at the right time and in proper proportion, along with good field management. Regular use of IFFCO Liquid Consortia in paddy reduces chemical fertilizer requirements and improves soil health, allowing farmers to save about 50–60 kg urea, 40–50 kg DAP, and 15–25 kg MOP per hectare, which is equal to around 20–24 kg urea, 16–20 kg DAP, and 6–10 kg MOP per acre, without affecting crop growth. Can help reduce chemical fertilizer use by about 20–25%, depending on soil test and crop management. By improving nutrient availability and root growth, IFFCO N.P.K. Consortia promote healthy plants, increase productive tillers and grain filling, and give about 10–15% higher paddy yield. It is safe, eco-friendly, and suitable for all soils under both irrigated and rainfed conditions. Keep the liquid biofertilizer under shade, away from sunlight, and in a cool place. Use only the recommended biofertilizer for the crop. Keep it away from chemical fertilizers and pesticides, and do not mix or apply them together."
https://workdrive.zoho.in/file/kdqtxc67efd0c71cf4f5881ce3138211570b7,695e4e48770b5fe9194c780e,695e48f6770b5fe9194c7742,Information about to poultry manure apply in paddy crop..?,"Poultry manure is an excellent organic fertilizer for paddy cultivation. It supplies essential nutrients, improves soil structure, and increases beneficial microbial activity. In areas where rice–wheat cropping is followed continuously, farmers should use green manure between wheat and rice, or apply organic manure to maintain soil fertility and sustain yield. For the main paddy field, well-decomposed poultry manure should be used. The recommended dose is 5  to 6 tonnes per hectare, which comes to about 2 to 2.4 tonnes per acre. Poultry manure must be properly composted for 45–60 days before use to avoid plant injury and nutrient loss. Apply it 2–3 weeks before transplanting or sowing, spread it uniformly, and mix it well into the top 10–15 cm of soil during ploughing or puddling. Poultry manure generally contains 3–4% nitrogen, 2–3% phosphorus (P₂O₅), and 1–2% potassium (K₂O), along with micronutrients like calcium, magnesium, and sulfur. Because of this nutrient supply, when poultry manure is applied, chemical fertilizer doses can be reduced by about 25–30%, especially nitrogen. Similar to green manuring, organic manures can save about 40–60 kg nitrogen per hectare (16–24 kg/acre), so nitrogen fertilizer should be adjusted accordingly. As an alternative organic source, cow dung manure (FYM) can also be used at 10–12 tonnes per hectare, which is about 4–5 tonnes per acre. This improves soil physical condition, nutrient availability, and water-holding capacity. For best results, you should test the soil before application to know the nutrient status and pH. Avoid using fresh poultry manure, as it can burn seedlings and release excess ammonia. Apply manure in dry conditions, incorporate it immediately, and ensure proper drainage to prevent nutrient loss. Regular use of poultry manure improves soil organic matter, enhances moisture retention, supports beneficial soil organisms, and can increase paddy yield by about 10–15% compared to using chemical fertilizers alone. For location-specific advice, you should contact the nearest Krishi Vigyan Kendra (KVK) or agriculture extension officer."
https://workdrive.zoho.in/file/zhubf281ddfedfed7400b96687009886320b6,695e7672324d4e642adc935c,695e48f6770b5fe9194c775d,Information about softening the soil,"Soil softening and proper preparation are critical steps for establishing a healthy paddy nursery, which forms the foundation for successful rice cultivation. Soft, well-prepared soil ensures better seed germination, uniform seedling emergence, and healthy root development in the nursery beds.
 
 SOIL TESTING AND ASSESSMENT:
 Before beginning soil preparation, conduct a soil test to understand the texture, pH, and nutrient status of your nursery field. Ideal soil for paddy nursery should have a pH of 6.0-7.5 and good water-holding capacity. Clay loam or silty loam soils are most suitable for rice nursery establishment.
 
 ORGANIC MATTER INCORPORATION:
 The most effective method for soil softening is the incorporation of well-decomposed Farm Yard Manure (FYM) or compost. Apply 3-4 tonnes of FYM per acre of nursery area approximately 15-20 days before sowing. FYM improves soil structure, increases water retention capacity, enhances microbial activity, and provides essential nutrients gradually. Alternatively, use08-1.2 tonnes of vermicompost per acre, which is richer in nutrients and beneficial microorganisms. Green manure crops like Dhaincha (Sesbania aculeata) can also be grown and incorporated 2-3 weeks before nursery preparation to add organic matter and fix atmospheric nitrogen.
 
 MECHANICAL TILLAGE OPERATIONS:
 Plough the nursery field 2-3 times using a disc plough or cultivator to break soil clods and achieve fine tilth. Follow this with planking to level the field properly. This mechanical manipulation breaks down hard soil aggregates and creates a soft, friable seedbed. Ensure proper puddling (mixing soil with water) before final leveling to create ideal conditions for rice nursery.
 
 INORGANIC FERTILIZER APPLICATION:
 For nursery beds, apply a basal dose of Nitrogen 8-10Kg, 12-16 kg Phosphorus, 8 kg Potassium per acre. This can be achieved by applying approximately 18-22 kg Urea,75-100 kg Single Super Phosphate (SSP), and 13-15 kg Muriate of Potash (MOP) per acre. Mix these fertilizers thoroughly into the soil during final preparation. Apply half of the Nitrogen dose as basal and the remaining half as top dressing 10-15 days after sowing.
 
 MICRONUTRIENT MANAGEMENT:
 If soil tests indicate deficiencies, apply 10kg Zinc Sulphate per acre to prevent zinc deficiency in seedlings. Iron deficiency can be addressed by applying 10 kg Ferrous Sulphate per hectare mixed with soil or as foliar spray at 0.5% concentration.
 
 WATER MANAGEMENT:
 Maintain proper moisture levels during nursery preparation. Water the beds lightly 1-2 days before sowing to ensure adequate moisture for germination. After sowing, maintain a thin film of water (2-3 cm) in the nursery beds.
 
 PROTECTIVE GEAR FOR FERTILIZER APPLICATION:
 When handling chemical fertilizers, always wear chemical-resistant gloves, a face mask to prevent inhalation of fertilizer dust, protective clothing covering arms and legs, and eye protection. Wash hands thoroughly after fertilizer application. Store fertilizers in a dry, secure place away from children, animals, and food items. Avoid eating, drinking, or smoking during fertilizer handling.
 
 SAFETY GUIDELINES:
 Follow recommended fertilizer doses strictly and do not exceed them, as over-application can damage seedlings and cause environmental pollution. Apply fertilizers during calm weather conditions to prevent drift. Ensure proper mixing of fertilizers with soil to avoid localized concentration. Keep emergency contact numbers of nearby health facilities handy during fertilizer application.
 
 For further guidance or clarification, farmers are advised to contact the nearest Krishi Vigyan Kendra (KVK) or local agricultural extension officer."
https://workdrive.zoho.in/file/za6tm3e4715c9f9b542c79a20a7e077c7e7bc,6986bcbb1fd5995a3e025175,6986b9611fd5995a3e02510d,"What is the shelf life and expiry date of 2,4-D weedicide for wheat cultivation?","2,4-D (2,4-Dichlorophenoxyacetic acid) is a widely used selective systemic herbicide for controlling broad-leaved weeds in wheat crops. Understanding its shelf life and expiry date is crucial for maintaining efficacy and ensuring safe application.

Shelf Life and Storage Information:
2,4-D weedicide typically has a shelf life of 2-3 years from the date of manufacture when stored under proper conditions. The expiry date is usually printed on the product label or container. It is essential to check this date before purchase and application, as expired products may have reduced effectiveness or altered chemical properties that could harm crops.

Factors Affecting Shelf Life:
1. Storage Temperature: Store in a cool, dry place away from direct sunlight. Ideal storage temperature is between 5-30 °C. Extreme temperatures can cause chemical degradation.

2. Container Integrity: Keep the original container tightly sealed. Exposure to air and moisture can reduce potency and cause deterioration.

3. Storage Location: Store in a well-ventilated area away from food items, animal feed, and living spaces. Never store near seeds or fertilizers that might be contaminated.

Verification of Expiry Date:
The manufacturing date and expiry date are typically printed on the container label. Look for markings such as ""Mfg Date"", ""Exp Date"", or ""Best Before"". If the date is unclear or the product has been stored for an extended period, consult with the dealer or manufacturer before use.

For further guidance on proper herbicide selection, application timing, dosage calculations, or safe handling practices specific to Hisar district conditions, farmers are advised to contact the nearest Krishi Vigyan Kendra (KVK) or local agricultural extension officer."
https://workdrive.zoho.in/file/7p3pgc14f74299699499ba385f1834c2e9c74,6986cb9f1fd5995a3e025289,6986b9611fd5995a3e0250ff,What is the recommended dose of Chelated Zinc 12% EDTA for wheat crop?,"Chelated Zinc 12% EDTA is recommended for correcting zinc deficiency in wheat and for improving tillering, chlorophyll formation, and overall crop growth. For wheat crop, the recommended foliar spray dose is 100 g per acre, dissolved in 150–200 litres of clean water, and sprayed at the early vegetative stage (25–35 DAS) or immediately when zinc deficiency symptoms such as yellowing or white streaks on young leaves appear; if deficiency persists, a second spray can be given after 10–15 days. For soil application or fertigation, 500 g per acre can be applied by mixing with irrigation water or basal fertilizers at sowing, particularly in zinc-deficient soils. Apply the spray during early morning or late evening hours for better absorption, avoid overdosing, and always follow the label instructions. Use protective gloves and a mask during application and store the product in a cool, dry place away from children and food materials.

For further guidance or clarification on zinc application rates, soil testing procedures, or nutrient management strategies specific to your field conditions, farmers are advised to contact the nearest Krishi Vigyan Kendra (KVK) or local agricultural extension officer in Faridabad district."
https://workdrive.zoho.in/file/uoq8f2bf25c2326b747b58f0d3870bff859b0,69895b086bca0c342047c51d,69895a5b6bca0c342047c515,Can I apply water to wheat crop after spraying nano urea?,"Nano urea is a revolutionary liquid nitrogen fertilizer that supplies nitrogen nutrition to wheat crops through foliar application. It is not recommended for soil application or fertigation and should be used only as a foliar spray.

Irrigation applied immediately after foliar application of nano urea does not affect the crop, provided the method of irrigation is not sprinkler irrigation. Sprinkler irrigation immediately after application may wash off the applied nano urea. However, if irrigation is applied through surface methods, farmers can safely irrigate even immediately after nano urea application.

If farmers have further queries regarding nano urea application, they are advised to visit the nearest KVK or contact the Nano Urea Helpline at 1800-103-1967, or email their queries to nanourea@iffco.in. Assistance is available from Monday to Saturday, 9:00 AM to 6:00 PM.

For further guidance on nano urea application timing, irrigation scheduling specific to your field conditions, or any clarification regarding fertilizer management in wheat cultivation, farmers are advised to contact the nearest Krishi Vigyan Kendra (KVK) in your district or consult with local agricultural extension officers who can provide field-specific recommendations.	 	 	 	 	 	 	 	 	 	 	 	 	 	 	 	 	 	 	 	 	 	 "
https://workdrive.zoho.in/file/ws66na88f8d9abfd44f9a81f4726489b1177d,69895c636bca0c342047c53b,69895a5b6bca0c342047c506,What is the information regarding Leucaena (Subabul) as a green manure crop for wheat cultivation?,"Leucaena leucocephala, commonly known as Subabul or Leucaena, is a fast-growing leguminous tree that serves as an excellent green leaf manure crop and organic nutrient source for wheat cultivation. In Haryana's Fatehabad district and similar semi-arid regions, incorporating Leucaena into wheat farming systems can significantly improve soil health and crop productivity.

Benefits of Leucaena for Wheat Cultivation:
Leucaena is a nitrogen-fixing legume that can fix atmospheric nitrogen through symbiotic relationship with Rhizobium bacteria in root nodules. When incorporated into soil as green manure, it provides substantial amounts of nitrogen (approximately 150-200 kg N per hectare), phosphorus, and potassium. The fresh biomass contains around 3-4% nitrogen content, making it comparable to chemical fertilizers. Its deep root system brings up nutrients from lower soil layers, making them available for shallow-rooted wheat crops.

Cultivation Timeline and Method:
For wheat cultivation in Haryana, Leucaena should be grown as a border crop or in separate plots during the Kharif season. The tender leaves and twigs are harvested 30-45 days before wheat sowing (Sep-Oct)  for timely sown wheat in November). This 30-45 day period is crucial as it allows proper decomposition of the green biomass in soil, converting organic matter into plant-available nutrients before wheat planting.

Application Process:
Harvest young, succulent Leucaena branches and leaves when plants are 2-3 months old. Chop the material into 2-3 inch pieces for faster decomposition. Incorporate 8-10 tonnes of fresh Leucaena biomass per acre into the soil through ploughing. Apply the material 30-45 days before wheat sowing to ensure adequate decomposition. Add Trichoderma or other microbial decomposers at 2-3 kg per acre to accelerate the breakdown process. Maintain soil moisture after incorporation to facilitate microbial activity and decomposition.

Nutrient Contribution:
Leucaena green manure can supply approximately 40-50 kg nitrogen, 8-10 kg phosphorus, and 30-35 kg potassium per acre, reducing chemical fertilizer requirements by 25-30%. The organic matter improves soil structure, water retention capacity, and beneficial microbial populations. It also helps in maintaining soil pH and reducing problems of salinity and sodicity common in Haryana soils.

For further guidance or clarification on Leucaena cultivation, green manure application rates, or wheat fertilizer management, farmers are advised to contact the nearest Krishi Vigyan Kendra (KVK) or local agricultural extension officer in Fatehabad district."
https://workdrive.zoho.in/file/yhysod116b54636f14f2894a46e2c72eeba49,69895cfd6bca0c342047c54f,69895a5b6bca0c342047c4ed,What is liquid consortia and how can it be used in wheat cultivation?,"Liquid consortia refers to liquid biofertilizer formulations that contain a combination of beneficial microorganisms in a liquid carrier medium. These microbial consortia are specifically designed to enhance soil fertility, improve nutrient availability, and promote healthy wheat crop growth through natural biological processes.

Understanding Liquid Consortia:
Liquid consortia typically contains a mix of nitrogen-fixing bacteria (Azotobacter, Azospirillum, Rhizobium),Phospho bacteria- psuedomonus, Potassium solution baciles bacteria,These beneficial microorganisms work synergistically to make nutrients more available to wheat plants, improve soil health, and enhance crop productivity. The liquid formulation ensures easy application, better shelf life, and uniform distribution of microorganisms.

Applicability on Crops
Fertilizers should be applied by considering the method of placement, proportion, and stage of the crop growth cycle. Biofertilizers can be applied through seed treatment, soil application, or drip irrigation, depending on the crop and cultivation practice.

Seed Treatment
Take 250 ml of liquid biofertilizer & make solution in 2-3 litres of water. Mix this solution slowly with 50-60 kg of seed by hand, so that a homogenous layer should evenly spread on all the seeds. After drying under shade, sow the seed as early as possible.

Soil Application
Take 300-400 ml liquid biofertilizer is required for a 1-acre area. Mix well with 300-400 ml liquid biofertilizer with 50-100 kg of soil/sand/compost. Spread this mixer homogeneously in the field before the last ploughing or before 24 hours of sowing.

Precautions
Keep liquid biofertilizer under shed, away from sun light and in a cold place. Use specific liquid biofertilizers as recommended for the special crops. Keep them away from chemical fertilizers & pesticides and don’t use along with them.
Although liquid consortia is not recommended by the Haryana POP, the farmer is advised to take recommendations from the nearest KVK about the right time, method and quantity of application of liquid consortia. For further guidance on liquid consortia application, product selection, recommended brands, and technical support specific to Jind district conditions, farmers are advised to contact the nearest Krishi Vigyan Kendra (KVK) or local agricultural extension officer."
https://workdrive.zoho.in/file/ltgclcacf00c04919498ba2e1818359a781ec,698ab3646bca0c342047cb5e,698aad8a6bca0c342047cad4,How to control or scare away squirrels damaging wheat crops?,"Squirrels can cause serious damage to wheat crops, particularly during the grain filling and maturity stages, by feeding on developing grains and damaging ear heads. The problem is more common in fields located near trees, orchards, village boundaries, or residential areas. Complete elimination is difficult, but losses can be reduced effectively through an integrated and regular management approach. Squirrels are controlled only using non lethal methods of management, as these are protected by Indian Government under Wildlife protection Act.

 You should first use scaring and deterrent methods such as regular human movement, clapping, shouting, or beating tin sheets to disturb squirrels. Hanging noise-making objects like empty tins, metal plates, plastic bottles, or whirling plastic carry bags on bamboo sticks creates continuous sound with wind movement and keeps squirrels away. Visual deterrents such as shiny ribbons, aluminium foil strips, reflective tape, or old CDs tied on poles produce flashing lights that scare squirrels. Predator decoys like fake owls or snakes can also be used, but should be shifted every few days to avoid habituation. In some areas, solar-powered ultrasonic or flashing light devices installed along field borders are also helpful.

Trapping: Use live traps (cage traps) baited with grains, peanuts, or fruits placed at field edges near trees or structures where squirrels are commonly seen. Check traps twice daily and release captured squirrels far from agricultural areas. For management of rodents of Snap traps at 20/acre (continuously for 3 nights) at tillering stage. 

Trap Barrier System (TBS): It is a type of physical control of field rodents by putting fences around crops. It was reported that erecting a plastic fence around the main rice crop and keeping multiple catch traps near the holes made in the fences protects the crop from rodents. This system, described as eco-friendly, was named the Trap Barrier System (TBS). In later years it was improved by limiting the fencing around the trap crop sown before the main crop. The trap crop lures the rodents from the surrounding areas, and rodents get trapped in large numbers. The system is broadly referred to as ecologically sound rodent management technology when applied on a community basis (Community Trap Barrier System or CTBS). 

Field sanitation and habitat management are very important. You should keep field bunds and surroundings clean by removing bushes, weeds, stones, crop residues, and garbage heaps that provide shelter to squirrels. Visible burrows should be destroyed, and bunds should be flooded occasionally to reduce hiding places. Deep ploughing along field boundaries after harvest helps break burrow systems and prevents reinfestation. Cutting or trimming tree branches overhanging the field reduces easy access for squirrels. In small or high-value wheat fields, wire mesh or netting along field edges near trees or villages helps reduce squirrel entry. Where damage is severe, live cage traps baited with grains or nuts can be used, following local wildlife rules and avoiding harm to non-target animals.

Important Considerations: Chemical rodenticides are NOT recommended for squirrel control in wheat fields due to the Wildlife Protection Act 1972, which warrants non-lethal management. Community-level management is more effective than individual efforts, as squirrels are mobile and can move between fields. For further guidance on implementing an integrated squirrel management program or clarification on specific methods suitable for your field conditions, farmers are advised to contact the nearest Krishi Vigyan Kendra (KVK) or local agricultural extension officer."
https://workdrive.zoho.in/file/f05xz9e12b053695f4e86a41980fd2758e9d9,698c01cf6bca0c342047d01b,698bff986bca0c342047cf71,What is the proper method for boll opening (glooming) in cotton?,"Blooming and boll opening are both different stages of cotton crop. Blooming is flowering of cotton crop while boll opening is opening of the boll or bursting of boll of cotton crop.

Blooming:
Blooming is flowering of the cotton crop. It has 2 types or stages of blooming- Early blooming and peak blooming stages. At early bloom, some cotton plants may not yet have started flowering, while others produce blooms at the first position on the first fruiting branch. As the remaining plants begin to flower, blooms progress upward along the main stem and outward along the fruiting branches, leading to an increase in the flowering rate.

The bloom rate rises rapidly and could increase geometrically if square retention were perfect and if there were no competition between or within plants. The rate reaches a maximum depending on the availability of essential resources such as moisture, light, carbohydrates, and mineral nutrients.

After reaching its peak, the flowering rate gradually declines as the crop approaches cutout. Peak bloom is one of the most recognizable stages in cotton development, when fields may be covered with white flowers and boll loading accelerates to its maximum. This stage signals an important shift in the crop’s biology and in management priorities. 

Boll opening:
Boll opening in cotton is controlled by plant hormones. The main hormone responsible for opening is ethylene. Some crop management products (like boll openers) work by releasing ethylene to help the bolls open uniformly.

When the boll is still immature, the developing seeds produce another hormone called auxin, which prevents the boll from opening too early. As the boll reaches full maturity, the auxin level decreases and ethylene increases. This change signals the boll to start opening.

Inside the boll, there is a natural weak line (called a suture). At maturity, cells along this line break down, and the boll begins to crack open. As the boll dries, moisture escapes and the outer covering (bur) splits and bends outward. This is why mature cotton bolls open and expose the lint. However, if the boll does not mature properly due to factors like young boll age, lack of carbohydrates (poor plant health), moisture stress, or disease, the boll may not open properly. Proper crop nutrition, irrigation, and pest and disease management are therefore important for good and uniform boll opening.

Farmers should understand that these are the sensitive stages where moisture stress should be avoided. Moisture stress at these stages can lead to adverse yield loss.
For further guidance on timing and application methods specific to your field conditions and variety, contact your nearest Krishi Vigyan Kendra (KVK) in Bathinda district."
https://workdrive.zoho.in/file/f05xz6bb634dfd63046c2b2d5c01bdb83fe88,698c01cf6bca0c342047d01b,698bff986bca0c342047cf71,What is the proper method for boll opening (glooming) in cotton?,"Blooming and boll opening are both different stages of cotton crop. Blooming is flowering of cotton crop while boll opening is opening of the boll or bursting of boll of cotton crop.

Blooming:
Blooming is flowering of the cotton crop. It has 2 types or stages of blooming- Early blooming and peak blooming stages. At early bloom, some cotton plants may not yet have started flowering, while others produce blooms at the first position on the first fruiting branch. As the remaining plants begin to flower, blooms progress upward along the main stem and outward along the fruiting branches, leading to an increase in the flowering rate.

The bloom rate rises rapidly and could increase geometrically if square retention were perfect and if there were no competition between or within plants. The rate reaches a maximum depending on the availability of essential resources such as moisture, light, carbohydrates, and mineral nutrients.

After reaching its peak, the flowering rate gradually declines as the crop approaches cutout. Peak bloom is one of the most recognizable stages in cotton development, when fields may be covered with white flowers and boll loading accelerates to its maximum. This stage signals an important shift in the crop’s biology and in management priorities. 

Boll opening:
Boll opening in cotton is controlled by plant hormones. The main hormone responsible for opening is ethylene. Some crop management products (like boll openers) work by releasing ethylene to help the bolls open uniformly.

When the boll is still immature, the developing seeds produce another hormone called auxin, which prevents the boll from opening too early. As the boll reaches full maturity, the auxin level decreases and ethylene increases. This change signals the boll to start opening.

Inside the boll, there is a natural weak line (called a suture). At maturity, cells along this line break down, and the boll begins to crack open. As the boll dries, moisture escapes and the outer covering (bur) splits and bends outward. This is why mature cotton bolls open and expose the lint. However, if the boll does not mature properly due to factors like young boll age, lack of carbohydrates (poor plant health), moisture stress, or disease, the boll may not open properly. Proper crop nutrition, irrigation, and pest and disease management are therefore important for good and uniform boll opening.

Farmers should understand that these are the sensitive stages where moisture stress should be avoided. Moisture stress at these stages can lead to adverse yield loss.
For further guidance on timing and application methods specific to your field conditions and variety, contact your nearest Krishi Vigyan Kendra (KVK) in Bathinda district."
https://workdrive.zoho.in/file/gxtko2b95a2c298fb41ff8910f7a491ca0a9f,698c04006bca0c342047d0a2,698bff986bca0c342047cf83,What is the information regarding Dalal Ghol spray mixture for cotton?,"Dr. Dalal Mixture (Dr. Dalal Ghol) consists of 2.5 kg urea, 2.5 kg DAP and 500 g zinc (21%). DAP should be soaked in a plastic or earthen pot one day before spraying and stirred 2–3 times to ensure proper dissolution. Before spraying, urea and zinc should be dissolved separately in water in non-metallic (plastic or earthen) containers. After complete dissolution, all the solutions should be mixed and sprayed uniformly using 100 litres of water per acre. Care must be taken not to use metallic containers, and the recommended quantity of water (100 litres per acre) should neither be reduced nor increased, as improper dilution may cause leaf damage. It is claimed that this mixture supplies essential nutrients to the crop and reduces the need for soil fertilizer application. The first spray may be given after the first irrigation, and in cotton, subsequent sprays can be applied at 10-day intervals, with 6–7 sprays considered sufficient. If the average whitefly population crosses the ETL, sprays may be repeated at 2–3 day intervals. In other crops, up to 10 sprays in sugarcane, 4–5 in wheat, and not more than 2 in fodder crops are suggested. 

However, this mixture is not generally recommended in the Punjab Package of Practices, and farmers are advised to consult the concerned KVK or agricultural expert before use to avoid phytotoxicity or other adverse effects."
https://workdrive.zoho.in/file/mnji9442467936bfd4c60bb15ce07855ad34c,697dc1db622aa3a1830706f3,697dbfb7622aa3a183070662,How to use biofertilizers in paddy cultivation?,"Biofertilizers are eco-friendly microbial inoculants containing living microorganisms that enhance nutrient availability and uptake in paddy crops. They play a crucial role in sustainable rice cultivation by fixing atmospheric nitrogen, solubilizing phosphorus, and producing growth-promoting substances, thereby reducing chemical fertilizer dependency and improving soil health.
 
Types of Biofertilizers for Paddy:
 
 1. Azotobacter/Azospirillum: Free-living nitrogen-fixing bacteria suitable for dry land paddy or upland rice conditions.
 2. Blue-Green Algae (BGA) or Cyanobacteria: Highly effective for flooded paddy fields, fixes atmospheric nitrogen naturally in waterlogged conditions.
 3. Azolla: An aquatic fern with nitrogen-fixing cyanobacteria, provides both nitrogen and organic matter.
 4. Phosphate Solubilizing Bacteria (PSB): Converts unavailable soil phosphorus into plant-available forms.
 5. Zinc Solubilizing Bacteria: Makes zinc available to plants, addressing common zinc deficiency in rice.

Application Methods and Timing:
 
 1. Seed Treatment Method:
 Mix 200-250 grams of biofertilizer with 10-15 kg paddy seeds. Add just enough water or rice gruel to make a slurry. Coat the seeds uniformly and dry in shade for 30 minutes before sowing. This method is ideal for direct-seeded rice.
 
 2. Seedling Root Dip Method:
 For transplanted rice, prepare a slurry by mixing 2 kg biofertilizer in 40 liters of water. Dip the seedling roots in this solution for 20-30 minutes just before transplanting. This ensures immediate contact between beneficial microbes and roots.
 
 3. Soil Application Method:
 Mix 4-5 kg biofertilizer with 50 kg well-decomposed farmyard manure (FYM) or compost. Keep this mixture in shade overnight, sprinkling water to maintain moisture. Apply this mixture to one acre of land during final puddling or just before transplanting.
 
 4. Blue-Green Algae Application:
 For flooded paddy fields, apply 10 kg BGA biofertilizer per acre 7-10 days after transplanting. Ensure 5-8 cm standing water in the field. The field should have good sunlight exposure for algae multiplication.
 
 5. Azolla Application:
 Grow Azolla in nursery pits and inoculate fresh Azolla @ 1-2 tons per acre in standing water 10 days after transplanting. Maintain 10 cm water depth. Incorporate into soil before flowering stage.
 
Important Precautions:
 
 1. Storage: Keep biofertilizers in cool, dry places away from direct sunlight. Temperature should not exceed 30Â°C. Use within 6 months of manufacture date.
 2. Compatibility: Do not mix biofertilizers with chemical fertilizers, pesticides, or fungicides directly.
 3. Application Timing: Apply early morning or evening to avoid heat stress on microorganisms.
 4. Soil Moisture: Ensure adequate soil moisture during application for better microbial survival and multiplication.
 5. Quality Check: Purchase biofertilizers from certified sources with minimum 10^7-10^8 cells per gram.
 
Benefits for Paddy Cultivation:
 
Biofertilizers can supplement 20-30% of nitrogen requirement, reduce chemical fertilizer costs by 25-30%, improve soil structure and water-holding capacity, enhance root development, and increase yield by 10-15% over chemical fertilizers alone. They also reduce environmental pollution and improve grain quality.
 
Integration with Chemical Fertilizers :
 
For optimal results in Haryana conditions, combine biofertilizers with reduced doses of chemical fertilizers. Apply 75% of recommended NPK (120:60:30 kg/acre) along with biofertilizers for balanced nutrition. This integrated approach ensures sustained productivity while maintaining soil health.
 
For further guidance or clarification, farmers are advised to contact the nearest Krishi Vigyan Kendra (KVK) or local agricultural extension officer."
https://workdrive.zoho.in/file/1ytda99d2fc5c29e24408bef6ffe1b45a0202,697dc221622aa3a183070701,697dbfb7622aa3a18307064f,How to control the reddening caused by black mosquitoes (black bugs) in paddy?,"The reddening of paddy plants caused by black mosquitoes, commonly known as black bugs or rice black bugs (Scotinophara spp.), is a significant pest problem in paddy cultivation. These insects cause characteristic reddish-brown discoloration of leaves and stems by sucking plant sap, which can lead to reduced tillering, stunted growth, and significant yield losses if not managed properly.
 
Pest Identification and Damage Symptoms:
Black bugs are small, dark-colored insects measuring 7-10 mm in length. They attack paddy crops from the tillering stage onwards, with peak infestations occurring during the flowering and grain-filling stages. The insects pierce plant tissues with their needle-like mouthparts and suck cell sap, injecting toxic saliva that causes the characteristic reddening symptom. Affected plants show yellowing to reddish-brown discoloration, initially on leaf tips and margins, which gradually spreads. Severe infestations can cause complete drying of plants, empty grains, and chaffy panicles. The pest thrives in high humidity conditions and is particularly problematic during the Kharif season in regions like Haryana.
 
Integrated Pest Management Strategies:
 
Chemical Control:
For immediate control of black bug infestations, chemical insecticides are effective. Imidacloprid 17.8% SL can be applied at 40-60 ml per acre mixed in 200 liters of water as a foliar spray. This systemic insecticide provides both contact and systemic action, offering protection for 15-20 days. Alternatively, Thiamethoxam 25% WG at 40 grams per acre or Acetamiprid 20% SP at 40 grams per acre can be used. For severe infestations, Chlorpyrifos 20% EC at 400 ml per acre may be applied. The spray should be directed towards the lower parts of the plant where bugs congregate. Apply during early morning or late evening hours when pest activity is highest and avoid spraying during flowering to protect pollinators.
 
Biological Control:
Encourage natural enemies such as small wasps (parasitize the eggs), ground beetles, spiders, crickets, and red ants (attack the eggs, nymphs, and adults), coccinellid beetles, ducks, toads (feed on eggs and nymphs), fungi species (attacks nymphs and adults). Avoid broad-spectrum insecticides that harm beneficial insects. Neem-based products like Azadirachtin 0.03% (300 ppm) at 2-3 liters per acre can be used as a bio-pesticide, providing moderate control while preserving beneficial insects. During early infestation, raise the water level in the field for 2−3 days to force the insects to move upwards. Flood the fields. This can cause higher egg mortality. After harvest, plow fields to remove remaining insects.
 
Cultural Practices:
Implement preventive cultural practices to minimize black bug populations. Maintain proper field sanitation by removing weeds, particularly grassy weeds that serve as alternate hosts. Avoid excessive nitrogen fertilization, which promotes succulent growth attractive to bugs. Ensure proper water management with intermittent drying to discourage pest buildup. Plant early-maturing varieties when possible to escape peak pest periods. Remove and destroy crop residues immediately after harvest to eliminate overwintering sites.
 
Monitoring and Timing:
Regularly monitor fields from the tillering stage onwards. Check 10-15 random spots per field, examining the lower parts of plants. Economic threshold is reached when 2-3 bugs per hill are observed. Early detection and timely intervention are crucial for effective management.
 
Safety Precautions:
When applying chemical insecticides, farmers must wear appropriate protective equipment including long-sleeved shirts, long pants, chemical-resistant gloves, goggles, and face masks. Observe the Pre-Harvest Interval (PHI) of 15-21 days (depending on the insecticide used) before harvesting to ensure produce safety. Do not spray against the wind direction. Dispose of empty pesticide containers safely by burying or returning to collection centers; never reuse for domestic purposes. Wash hands and exposed body parts thoroughly with soap and water after handling pesticides. Store pesticides in locked cabinets away from food items and children's reach.
 
For further guidance or clarification, farmers are advised to contact nearest KVK (Krishi Vigyan Kendra) or local agricultural officer."
https://workdrive.zoho.in/file/gxtko3db2923eef56451f8c4fb5e85f3e5105,698c10fb6bca0c342047d14f,698bff986bca0c342047cfa0,"What BT cotton varieties have been released by Punjab Agricultural University, Ludhiana?","Punjab Agricultural University (PAU), Ludhiana, has released several improved Bt cotton varieties that are suitable for Punjab conditions and provide good yield along with resistance to major pests. PAU Bt 3 (released in 2022) is a Bt cotton variety with inbuilt resistance against spotted and American bollworms. It gives an average seed cotton yield of about 10.2 quintals per acre, with a fibre length of 26.2 mm and a ginning outturn of 36.5%. This variety is also tolerant to jassid and cotton leaf curl disease, making it a safer option for farmers.

PAU Bt 2 (released in 2022) is another Bt cotton variety resistant to spotted and American bollworms. It produces an average yield of around 10.0 quintals per acre and has a fibre length of 27.6 mm with a ginning outturn of 34.4%. The crop matures in about 160–165 days and shows tolerance to jassid and cotton leaf curl disease, which helps reduce crop losses and pesticide use.

PAU Bt 1 is one of the country’s first Bt cotton varieties, completely developed by PAU. It contains the Cry1Ac gene, which provides resistance against the bollworm complex. In addition, PAU also collaborated with the Gujarat State Seed Corporation to develop the LHH 144 Bt hybrid, expanding Bt cotton options for farmers. These PAU Bt cotton varieties help you achieve stable yield, better fibre quality, and effective pest management under local growing conditions."
https://workdrive.zoho.in/file/0vc131e6a5cc6f5434420b22fb4bf66ddb6a7,697dc312622aa3a18307071f,697dbfb7622aa3a183070680,How to improve growth in paddy crop in Jhajjar district?,"Improving growth in paddy cultivation in Jhajjar district, Haryana, requires a comprehensive nutrient management approach that addresses both soil fertility and crop requirements during different growth stages. Paddy is a nutrient-intensive crop that requires balanced nutrition for optimal growth, tillering, and grain development.

Soil Testing and Nutrient Assessment:

Before implementing any fertilization program, farmers should conduct soil testing through the nearest soil testing laboratory or Krishi Vigyan Kendra. Soil analysis helps determine existing nutrient levels, pH, and organic matter content, enabling targeted fertilizer application. Jhajjar district soils are typically alkaline, with pH ranging from 7.5 to 8.5, which can affect nutrient availability, particularly micronutrients like zinc and iron.

Organic Matter Management:

Incorporating organic matter is fundamental for improving soil health and paddy growth. Apply well-decomposed Farm Yard Manure (FYM) at 3-4 tonnes/acre or compost at 2-3 tonnes/acre (8-10 tonnes per hectare or compost at 5-6 tonnes per hectare) during field preparation. Green manuring with Sesbania (dhaincha) 25-30 days before transplanting adds nitrogen and improves soil structure. Incorporate the green manure biomass 7-10 days before puddling to allow proper decomposition.

NPK Fertilizer Application:

For dwarf medium, medium–short duration, and hybrid rice varieties, apply NPK at 60:24:24 kg per acre, equivalent to 130 kg urea, 150 kg SSP, and 40 kg MOP per acre, while for short-duration varieties, apply NPK at 48:24:24 kg per acre, equivalent to 105 kg urea, 150 kg SSP, and 40 kg MOP per acre. For all varieties, apply the full amount of zinc, phosphorus, and potash, along with 1/3 of the nitrogen, at the time of transplanting, and the remaining nitrogen twice in equal amounts, 3 and 6 weeks after transplanting. If 1/3 of nitrogen cannot be applied at the time of transplanting, it can be applied within 7 days of transplanting. If DAP has been used, reduce the amount of urea by 20 kg. Phosphorus can also be applied twice to rice varieties, half at planting time and the remaining three weeks after planting.

Micronutrient Management:

Zinc deficiency is common in Jhajjar's alkaline soils, causing stunted growth and bronzing of leaves. Apply zinc sulfate heptahydrate (21% Zn) at 10 kg per acre as a soil application or spray a 0.5% zinc sulfate solution (500 grams in 100 liters of water per acre) twice at 30 and 45 days after transplanting. Iron deficiency may also occur, treatable with ferrous sulfate spray at 0.5% concentration.

Application Methods and Timing:

For soil application, broadcast fertilizers uniformly and incorporate through light harrowing before puddling. For top-dressing nitrogen, drain the field, broadcast urea, and refill water after 2-3 days. For foliar sprays, use clean water and proper spraying equipment, and ensure complete coverage of leaves."
https://workdrive.zoho.in/file/xydfa960bcff252924b54990237e9ca81d17b,697dc33f622aa3a183070721,697dbfb7622aa3a183070687,What is Nativo fungicide and how is it used for disease control in paddy?,"The product that you are asking about contains Tebuconazole 50% + Trifloxystrobin 25% WG and should be applied as a foliar spray in paddy cultivation at the early stage of disease appearance to effectively manage major fungal diseases such as blast, sheath blight, neck blast, brown leaf spot, false smut and dirty panicle. For blast and sheath blight management, apply about 80 g per acre mixed in 150-200 litres of water, ensuring uniform spray coverage over the crop canopy, and maintain a minimum waiting period of 21 days before harvest. Spraying should be done using a well-calibrated sprayer, preferably in the morning or evening hours, and label instructions and safety precautions should always be followed for best results and crop safety.

For further guidance on disease diagnosis, application timing, or alternative management strategies specific to your field conditions, farmers are advised to contact the nearest Krishi Vigyan Kendra (KVK) or local agricultural extension officer."
https://workdrive.zoho.in/file/1ytda352f712eb67542da873e395dba8ec83b,697dc3ff622aa3a18307072f,697dbfb7622aa3a183070661,What is the information regarding tilt spray application in paddy crops?,"The product you are asking for is Tilt Fungicide, which contains Propiconazole 25% EC, a systemic, broad-spectrum fungicide used in paddy and other crops for effective control of major fungal diseases. In rice, Tilt is mainly recommended for sheath blight (Rhizoctonia solani f. sasakii), and as per Government PPQS recommendations, apply about 200 ml per acre mixed in around 300 litres of water per acre (equivalent to 500 ml/ha in 750 litres of water/ha), with a pre-harvest interval of 30 days. As per Haryana POP, it can also be used for leaf sheath rot at 200 ml per acre in about 200 litres of water. Tilt (Propiconazole 25% EC) works by inhibiting ergosterol biosynthesis, which stops fungal growth and provides both preventive and curative control, while its systemic action protects new plant tissues and gives long-lasting results. It helps improve crop yield and grain quality by controlling disease at critical growth stages and is rainfast, easy to apply, and suitable for both small and large farms. 

For application, always wear gloves, a mask, and goggles, mix the chemical well for uniform spray, and use flat-fan or hollow-cone nozzles for foliar application. Spray only in calm, dry weather and avoid spraying before rain. Repeat spraying only if the disease continues and as advised by local agriculture experts, and always maintain the required waiting period before harvest. Store the product in a cool, dry, well-ventilated place away from food and feed, avoid skin and eye contact, and wash exposed skin with soap and water. Do not mix Tilt (Propiconazole 25% EC) with lime, sulphur, or alkaline products; do not reuse empty containers, and dispose of them safely as per guidelines. There is no specific antidote, so in case of accidental exposure, give symptomatic treatment. Proper and timely use of Tilt Fungicide (Propiconazole 25% EC) helps control sheath blight and related diseases, ensuring healthier paddy crops and better yield."
https://workdrive.zoho.in/file/1ytdab45f8a5c9dc44601859a96a37fb2101b,697dc432622aa3a183070735,697dbfb7622aa3a1830706a8,How to control green caterpillar in paddy crop?,"Green caterpillar, also known as semilooper is a significant pest affecting paddy crops in Haryana and other rice-growing regions. This pest can cause substantial damage during the vegetative and reproductive stages of the crop, particularly during September when the crop is maturing.
 
Pest Description and Damage:
The green caterpillar (Chrysodeixis acuta) is a lepidopteran pest with pale green larvae that have characteristic looping movement. The caterpillars feed voraciously on paddy leaves, creating irregular holes and can defoliate entire plants during severe infestations. They are most active during the evening and night hours. Adult moths are light brown with silvery markings on their wings and lay eggs on the underside of leaves.
 
Symptoms and Identification:
Infested fields show visible defoliation with irregular feeding patterns on leaves. The caterpillars can be found on the underside of leaves during daytime. Their feeding damage appears as scraped areas initially, progressing to large irregular holes. In severe cases, only leaf veins remain. The presence of greenish-brown fecal pellets on leaves is another indicator. During the reproductive stage, these pests may also damage developing panicles, affecting grain formation and yield.
 
 Integrated Pest Management Approach:
 
 1. Cultural Control:
 - Maintain proper field sanitation by removing crop residues after harvest
 - Avoid excessive nitrogen fertilization which promotes lush growth attractive to pests
 - Install light traps to monitor and trap adult moths (5-6 traps per acre)
 - Use pheromone traps for monitoring population levels
 - Encourage natural predators like birds, spiders, and parasitic wasps
 
 2. Biological Control:
 - Apply Bacillus thuringiensis var. kurstaki (Btk) at 1-2 kg per acre when caterpillars are young (1st-2nd instar)
 - Use NPV (Nuclear Polyhedrosis Virus) specific to lepidopteran pests at 250-500 LE per acre
 - Release Trichogramma chilonis egg parasitoids at 40,000-50,000 adults per acre at weekly intervals
 - Natural biological control agents: small trichogrammatid wasps, ichneumonid, braconid, elasmid, eulophid and chalcid wasps, and spiders

 3. Chemical Control
 As per Harayana source, there is no valid chemicals mentioned. for better information take a advice from agri expert or nearby KVK centre.
 
 For further guidance or clarification, farmers are advised to contact the nearest Krishi Vigyan Kendra (KVK) or local agricultural extension officer in Fatehabad district for region-specific recommendations and pest management strategies."
https://workdrive.zoho.in/file/1ytdaca6fdf25fde24840a008b5c7833e4c38,697dd573622aa3a183070838,697dbfb7622aa3a183070669,How to control termites (white ants) in paddy nursery beds?,"Termites (white ants) and ants in paddy nursery beds feed on rice seeds and young seedlings, which results in missing plants, poor plant stand, and patchy damage, and they may also increase disease spread by insects like planthoppers and leafhoppers. These pests mainly occur in upland fields, while in rainfed lowlands, they are mostly seen on bunds or levees, and damage is usually noticed at the seedling stage. You can identify the problem by checking for missing seedlings and by finding ants or termites in the damaged areas; sometimes seeds are also seen inside their underground nests. Light damage is usually recoverable, as ants are minor pests, but preventive action is important. To reduce losses, you should increase the seeding rate slightly, encourage natural enemies such as birds, bull frogs, and ground lizards, and use compost tea or beneficial nematodes, which help suppress ants naturally. Physical barriers along field borders can also partially restrict ant movement. In termite-prone areas, seed treatment is very effective: treat seed just before sowing with Chlorpyriphos 20% EC @ about 4 litres per acre (equivalent to 10 litres per hectare) mixed with a 10% gum arabica solution, or use Imidacloprid 200 SL @ 0.25 litre per 100 kg seed, mixed with 10% gum arabica in about 3.75 litres of water for uniform coating. These measures help protect nursery seedlings, maintain good plant population, and ensure healthy crop establishment."
https://workdrive.zoho.in/file/mnji9bec6fff596c4436aa22195db07917b89,698045bf622aa3a183070be5,698042d9622aa3a183070b37,How can I improve the grain shine and quality of paddy rice?,"Improving the grain shine and overall quality of paddy rice requires a holistic approach involving proper nutrient management, timely field operations, and post-harvest handling. In Haryana's Sonepat district and similar regions, following these practices will significantly enhance grain appearance and market value.

Nutrient Management for Better Grain Quality:

Balanced fertilization is crucial for grain shine. During the grain-filling stage (60-90 days after transplanting), adequate potassium is particularly important. Potassium enhances grain filling and contributes to better shine. Apply Muriate of Potash (MOP) at 25 kg/acre during the panicle initiation stage. 

Nitrogen management also impacts grain quality. Avoid excessive nitrogen during late stages, as it reduces grain quality and shine. Follow split application: 50% basal, 25% at tillering, and 25% at panicle initiation. Zinc deficiency directly affects grain filling; if deficiency symptoms appear (yellowing of young leaves, brown blotches, stunted plants, and poor tillering), apply zinc sulfate at 10 kg/acre or a foliar spray of 0.5% ZnSO₄ solution.

Bio-Fertilizers for Enhanced Quality:

Bio-fertilizers improve soil health and nutrient availability, indirectly enhancing grain quality. Apply Azospirillum and Phosphate Solubilizing Bacteria (PSB) at 4-5 kg/acre mixed with 50 kg farmyard manure before final puddling. These bio-fertilizers improve nutrient uptake efficiency, leading to better grain development. 

Field Management Practices:

Proper water management during grain maturity is critical. Maintain shallow water (2-3 cm) during grain filling and drain fields 10-12 days before harvest. This allows proper grain maturation and hardening, improving shine. Premature drainage or waterlogging negatively affects grain quality.

Harvest Timing:

Harvest at proper maturity (80-85% grain maturation) when moisture content is 20-22%. Early or late harvesting reduces grain shine. Grains should be golden yellow with a firm texture. For Basmati and aromatic varieties grown in Haryana, proper maturity is even more crucial for characteristic shine. Harvest at the right grain moisture content and avoid delays in threshing and drying. To avoid fissuring and excessive grain breakage, thresh and dry the grain as soon as possible after cutting. For combine harvesting or threshing with stationary machines, use correct machine settings to avoid mechanical grain damage.

Post-Harvest Handling:

Threshing should be done carefully to avoid grain damage. Use proper threshing methods with optimal cylinder speed to minimize broken grains. Sun-dry paddy to 12-14% moisture content on clean surfaces. Avoid over-drying, which makes grains brittle. Store in clean, dry conditions using proper storage structures. The longer the grain needs to be stored, the lower the required grain MC. Seeds stored at MCs higher than 14% will experience growth of molds. Consider hermetic or sealed storage to reduce insect damage to stored grain.

Polishing Considerations:

While field practices determine inherent grain quality, milling quality depends on proper drying and processing. Well-filled, mature grains with good nutrient status polish better during milling, resulting in superior shine.

Disease and Pest Control:

Disease-free grains naturally have better shine. Control grain discoloration diseases like false smut and grain spot through proper field sanitation and, if necessary, fungicide application following safety guidelines.

For further guidance or clarification regarding grain quality improvement specific to your field conditions, farmers are advised to contact the nearest Krishi Vigyan Kendra (KVK) or local agricultural extension officer in Mundlana block, Sonepat district."
https://workdrive.zoho.in/file/y1ay0c08c6d2d0045493e986e7591ffb140f5,69805ee8622aa3a183070cd0,698042d9622aa3a183070b89,Which is better for paddy cultivation: DAP or SSP fertilizer?,"Both Diammonium Phosphate (DAP) and Single Super Phosphate (SSP) are important phosphatic fertilisers used in paddy cultivation, but they differ significantly in their nutrient composition and suitability for different soil conditions and crop requirements.
 
Nutrient Composition:
DAP contains 18% Nitrogen (N) and 46% Phosphorus, making it a high-analysis fertiliser that provides both nitrogen and phosphorus in a single application. SSP, on the other hand, contains 16% Phosphorus, 11% Sulphur (S), and 19% Calcium (Ca). While SSP has lower phosphorus content compared to DAP, it provides additional benefits through sulphur and calcium, which are essential secondary nutrients for paddy.
 
Suitability for Paddy in Haryana:
For paddy cultivation in Haryana, particularly in Yamuna Nagar district, the choice between DAP and SSP depends on several factors, including soil type, nutrient status, and crop requirements. Haryana soils are generally alkaline witha pH ranging from 7.5 to 8.5, and many areas show deficiency of sulphur and zinc. In such conditions, SSP becomes particularly valuable because:
 
 1. Sulphur Content: SSP provides 11% sulphur, which is crucial for protein synthesis, chlorophyll formation, and improving grain quality in paddy. Sulphur deficiency is increasingly common in intensive rice-growing areas of Haryana.
 
 2. Calcium Benefits: The 19% calcium in SSP helps in improving soil structure and neutralising soil acidity in waterlogged paddy fields.
 
 3. Better Nutrient Balance: SSP works well in combination with urea to provide balanced nutrition, whereas DAP's high nitrogen content may lead to excessive vegetative growth if not managed properly.
 
 Application Recommendations:
 For optimal paddy growth in Haryana conditions, farmers should consider soil testing before deciding on fertiliser choice. Generally, for a target yield of 20-24 quintals per acre, the recommended nutrient dose is 60:24:24 kg NPK per acre.
 
 If using DAP: Apply 52 kg DAP per acre at the time of puddling or transplanting, supplemented with urea in split doses.
 
 If using SSP: Apply 150 kg SSP per acre as a basal dose along with urea for nitrogen requirement. This approach is particularly beneficial when soil analysis indicates sulphur deficiency.
 
Organic Alternatives:
Farmers should also incorporate organic sources like well-decomposed Farm Yard Manure (FYM) at 6 tonnes per acre, applied 2-3 weeks before transplanting. Green manuring with dhaincha (Sesbania) can also supplement phosphorus and improve soil health.
 
Economic Consideration:
DAP is more concentrated and requires less quantity per unit of phosphorus, making transportation and handling easier. However, SSP is often more economical and provides additional nutrients that benefit paddy cultivation in alkaline soils.
 
Recommendation for Yamuna Nagar:
Considering the alkaline soils and intensive paddy cultivation in Yamuna Nagar district, SSP is generally more suitable as it provides sulphur and calcium along with phosphorus. However, soil testing is essential to determine the actual nutrient status and make an informed decision.
 
Safety Precautions:
When handling chemical fertilisers, farmers should wear gloves and avoid direct contact with skitheir n. Store fertilisers in a dry place away from food items. Apply fertilisers during cooler hours to minimize volatilization losses.
 
For further guidance or clarification on fertiliser selection based on specific soil conditions and to get soil testing done, farmers are advised to contact the nearest Krishi Vigyan Kendra (KVK) or local agricultural extension officer in Yamuna Nagar district."
https://workdrive.zoho.in/file/mnji9f20ea1863f804d46ae2aedb7233edeeb,69805f71622aa3a183070cd7,698042d9622aa3a183070b5b,What are the treatment methods for saline/alkaline (kallar) soil in paddy cultivation?,"Saline and alkaline soils, locally known as 'kallar' or 'reh' in Haryana and Punjab, pose significant challenges for paddy cultivation. These soils have high pH levels (above 8.5) and contain excessive salts, particularly sodium, which adversely affect crop growth and yield. Proper treatment and management of kallar soil are essential for successful paddy production.

Understanding Kallar Soil:

 Kallar soils are characterized by white salt crusts on the surface, poor water infiltration, hard clods when dry, and sticky texture when wet. These soils have poor physical structure, low organic matter content, and nutrient deficiencies, particularly nitrogen, phosphorus, and zinc. The high sodium content causes soil particles to disperse, leading to poor drainage and aeration.

Soil Testing and Assessment:

Before implementing any treatment, conduct comprehensive soil testing to determine pH levels, electrical conductivity (EC), exchangeable sodium percentage (ESP), and nutrient status. This analysis helps in designing an appropriate reclamation strategy. Soil samples should be collected from multiple locations at 0-15 cm depth for accurate assessment.

Chemical Amendments:

The primary treatment for kallar soil involves the application of gypsum (calcium sulfate), which is the most economical and effective amendment. Apply gypsum at 4-5 tonnes per acre based on soil test recommendations. Although the exact quantity of amendment should be decided based on soil analysis, as a general guideline, application of 5-6 tonnes of gypsum per acre (equivalent to 50% of the gypsum requirement for the 0–15 cm soil layer, as indicated by soil test results) is sufficient to reclaim the upper 15 cm of highly deteriorated soils with pH values as high as 10.7 for successful cultivation of rice–wheat cropping systems. This gypsum dose can be reduced by half if 4-6 t/acre of farmyard manure (FYM) is applied along with gypsum, or if salt-tolerant rice and wheat varieties are grown during the first three years of cultivation. The amendment should be uniformly spread over the field and thoroughly mixed into the top 10 cm of soil, followed by ponding of irrigation or rainwater for 7–10 days to promote leaching and facilitate ionic reactions in the soil. After draining excess water, the land should be properly cultivated and fertilized. Reclamation should preferably begin with rice as the first crop. Rice should be transplanted under puddled conditions using healthy seedlings raised in good soil, with 3–4 seedlings per hill at a spacing of 15–20 cm, and continuous submergence should be maintained. During the rabi season, wheat or berseem is recommended to continue reclamation, followed by a green-manure crop in summer to improve soil structure and save 24-30 kg N/acre for the succeeding rice crop. Alkali soils are severely deficient in organic matter and nitrogen; therefore, during the initial years after reclamation, crops should receive about 25% more nitrogen than the recommended dose for normal soils. Nitrogen should be applied in three splits through urea: one-third as basal, one-third at 21 days, and one-third at 45 days after crop growth. In rice, the basal urea dose should be applied under pre-submerged conditions to minimize ammonia volatilization and improve nitrogen use efficiency. Apply 10-16 kg zinc sulfate per acre to rice during the first few years, and later adjust the dose based on soil test results. Farmyard manure, crop residues, and green manures should be integrated with chemical amendments to improve soil productivity and organic matter status. Alkali soils initially contain high available phosphorus; however, after 4–5 years, apply 9 kg P/acre to rice and wheat to sustain yield and maintain soil fertility when soil phosphorus declines to critical levels.

Organic Matter Addition:

Incorporate Farm Yard Manure (FYM) or compost at 10-12 tonnes per acre before transplanting. Organic matter improves soil structure, increases water-holding capacity, enhances microbial activity, and helps in leaching excess salts. Green manuring with dhaincha (Sesbania aculeata) or sunhemp grown for 45-50 days and incorporated into the soil is highly beneficial for reclaiming kallar lands.

Water Management:

Adequate irrigation is crucial for salt leaching. Apply pre-sowing irrigation of 10-12 cm to leach salts below the root zone. During the crop season, maintain continuous submergence of 5-7 cm of water in paddy fields, which helps dilute salt concentration. Ensure proper drainage facilities to remove excess water carrying dissolved salts.

Field Preparation:

Deep ploughing (20-25 cm) during summer helps break hard pans and improves water penetration. Apply gypsum before the last ploughing and mix thoroughly into the soil. Level the field properly using a laser land leveler to ensure uniform water distribution and prevent salt accumulation in low spots.

Variety Selection:

Choose salt-tolerant paddy varieties such as CSR-30, CSR-36, CSR-43, Lunishree, and Sumati for Haryana conditions. These varieties can withstand moderate salinity levels and provide better yields in reclaimed kallar soils.

Safety Considerations:

When handling chemical amendments, wear protective gloves and avoid direct skin contact. Store gypsum and sulfur in dry places away from moisture. Ensure proper mixing of amendments to prevent localized high concentrations.

Long-term Management:

Reclamation of kallar soil is a gradual process requiring 2-3 years of continuous treatment. Regular monitoring of soil pH and EC helps track improvement. Crop rotation with salt-tolerant crops and maintaining adequate organic matter levels ensures sustained productivity.
For further guidance or clarification, farmers are advised to contact the nearest Krishi Vigyan Kendra (KVK) or local agricultural extension officer."
https://workdrive.zoho.in/file/f19a65a4f9aa07d9449b693bdfae32cbc2705,69817dab622aa3a1830710ab,69817b91622aa3a18307101b,What is Almix herbicide and how should it be used for weed control in paddy cultivation?,"Almix is a post-emergence selective herbicide widely used in paddy cultivation for controlling both broad-leaved weeds and certain grassy weeds. The active ingredients in Almix are Chlorimuron ethyl 10% + Metsulfuron methyl 10% WP (Water dispersible powder), making it a combination herbicide effective against multiple weed species that compete with paddy crops for nutrients, water, and sunlight.

Weeds Controlled by Almix:
Almix is particularly effective against problematic weeds in paddy fields including Cyperus species (sedges), Echinocloa species (barnyard grass), Commelina benghalensis (Kana grass), Monochoria vaginalis (heart-shaped leaf weed), Caesulia axillaris, and various broad-leaved weeds. It provides excellent control when applied at the recommended stage of weed growth.

Application Timing and Method:
For optimal results in paddy fields, Almix should be applied as a post-emergence herbicide 15-20 days after transplanting or 20-25 days after direct seeding when weeds are at 2-4 leaf stage. The recommended dosage is 8 grams per acre (20 grams per hectare) mixed in 200-300 liters of water. The herbicide should be applied uniformly using a knapsack sprayer fitted with a flat fan nozzle to ensure even distribution across the field. It is crucial that the field maintains 2-3 cm standing water at the time of application and for 2-3 days after spraying for better absorption and translocation within weed plants.

Mode of Action:
Almix works by inhibiting the enzyme acetolactate synthase (ALS) in susceptible weeds, which is essential for the biosynthesis of branched-chain amino acids. This leads to cessation of cell division and plant growth, ultimately causing weed death within 10-15 days of application. The herbicide is absorbed through leaves and roots and translocated throughout the plant system.

Advantages and Precautions:
The advantages of using Almix include broad-spectrum weed control, low application rate, cost-effectiveness, and minimal impact on paddy crop when used correctly. However, farmers must ensure that the crop is well-established before application to avoid phytotoxicity. Avoid application during stress conditions such as drought, waterlogging, or extreme temperatures. Do not apply if heavy rainfall is expected within 6 hours of spraying as it may wash off the herbicide.

Safety Measures:
When handling and applying Almix herbicide, farmers must wear appropriate protective equipment including rubber gloves, protective clothing, face mask or respirator, and goggles to prevent skin contact and inhalation. Avoid contamination of water bodies, as the herbicide can be harmful to aquatic organisms. Do not graze animals in treated fields for at least 7 days after application. The Pre-Harvest Interval (PHI) for Almix is approximately 90 days, meaning the crop should be harvested only after this period to ensure no residue remains. Empty herbicide containers should never be reused and must be disposed of safely by crushing and burying them away from water sources.

Integrated Weed Management:
While Almix is highly effective, it should be part of an integrated weed management strategy. Combine chemical control with cultural practices such as proper land preparation, maintaining optimal water levels, using weed-free seeds, and timely manual or mechanical weeding when necessary. Crop rotation and using competitive paddy varieties can also help reduce weed pressure over time.

Important Note:
For further guidance on herbicide application, dosage adjustment based on specific field conditions, or clarification regarding weed identification and management in your region (Haryana), farmers are advised to contact the nearest Krishi Vigyan Kendra (KVK) or local agricultural extension officer.
"
https://workdrive.zoho.in/file/w878lc032598a1ea847e5aa3c9aa38cb21849,6981815a622aa3a18307111d,69817b91622aa3a183071024,What is Trichogramma (tritron) and how is it used for pest control in paddy?,"Under the above-mentioned trade name, there are 2 different chemicals available for agricultural use. One is the plant growth regulator of technical name Triacontanol 0.1% EW; another one is an insecticide whose technical name is Thiamethoxam 30% FS.

1. Triacontanol 0.1% EW: It is recommended to apply in paddy crop at 100 ml in 200 liters of water. It is recommended to be applied as three sprays at 45, 65, and 85 days after sowing.

2. Thiamethoxam 30% FS: It is a broad-spectrum systemic pesticide that is used to control a wide range of pests. But this formulation is not recommended for paddy under this chemical. The formulations recommended for paddy under this chemical are

a. Thiamethoxam 75% w/w SG: It is used to control the green leafhopper and the brown plant hopper (60 gm). Dissolve in 200 ml water and mix with 8 kg sand/acre. (PHI: 60 days)

b. Thiamethoxam 25% WG: It is used to control stem borer, gall midge, leaf folder, white-backed planthopper, brown planthopper, green leaf hopper, and thrips. Apply 40 gm in 200–300 liters of water per acre (PHI: 14 days).

Meanwhile, if the farmer is talking about Trichogramma, it is an insect that acts as a biopesticide used to control many pests by feeding on the eggs of the pests as parasites. Hence, these are called egg parasitoids. Under this genus, 2 main species are used in agriculture:

1. Trichogramma japonicum—Egg parasitoid of yellow stem borer (YSB)

2. Richogramma chilonis—egg parasitoid of leaf folder, case worm, YSB, etc.

T. gramma japonicum and T. chilonis may be released at 40,000/acre on appearance of egg masses/moths of yellow stem borer and leaf folder in the field.

Hence, based on the requirement of the farmer, he is advised to decide what he wants—a plant growth regulator, an insecticide, or a bioinsecticide.

Procurement:

Farmers can obtain Trichogramma cards from government biocontrol laboratories, Krishi Vigyan Kendras (KVKs), state agricultural universities, or licensed private producers. Store the cards at room temperature and release within 1-2 days of receipt for maximum effectiveness.

 

For further guidance on Trichogramma application schedules, procurement sources, or integration with other pest management strategies, farmers are advised to contact the nearest Krishi Vigyan Kendra (KVK) or local agricultural extension officer."
https://workdrive.zoho.in/file/w878lf52bdfe5bae84c22a267a1921681a533,6981815a622aa3a18307111d,69817b91622aa3a183071024,What is Trichogramma (tritron) and how is it used for pest control in paddy?,"Under the above-mentioned trade name, there are 2 different chemicals available for agricultural use. One is the plant growth regulator of technical name Triacontanol 0.1% EW; another one is an insecticide whose technical name is Thiamethoxam 30% FS.

1. Triacontanol 0.1% EW: It is recommended to apply in paddy crop at 100 ml in 200 liters of water. It is recommended to be applied as three sprays at 45, 65, and 85 days after sowing.

2. Thiamethoxam 30% FS: It is a broad-spectrum systemic pesticide that is used to control a wide range of pests. But this formulation is not recommended for paddy under this chemical. The formulations recommended for paddy under this chemical are

a. Thiamethoxam 75% w/w SG: It is used to control the green leafhopper and the brown plant hopper (60 gm). Dissolve in 200 ml water and mix with 8 kg sand/acre. (PHI: 60 days)

b. Thiamethoxam 25% WG: It is used to control stem borer, gall midge, leaf folder, white-backed planthopper, brown planthopper, green leaf hopper, and thrips. Apply 40 gm in 200–300 liters of water per acre (PHI: 14 days).

Meanwhile, if the farmer is talking about Trichogramma, it is an insect that acts as a biopesticide used to control many pests by feeding on the eggs of the pests as parasites. Hence, these are called egg parasitoids. Under this genus, 2 main species are used in agriculture:

1. Trichogramma japonicum—Egg parasitoid of yellow stem borer (YSB)

2. Richogramma chilonis—egg parasitoid of leaf folder, case worm, YSB, etc.

T. gramma japonicum and T. chilonis may be released at 40,000/acre on appearance of egg masses/moths of yellow stem borer and leaf folder in the field.

Hence, based on the requirement of the farmer, he is advised to decide what he wants—a plant growth regulator, an insecticide, or a bioinsecticide.

Procurement:

Farmers can obtain Trichogramma cards from government biocontrol laboratories, Krishi Vigyan Kendras (KVKs), state agricultural universities, or licensed private producers. Store the cards at room temperature and release within 1-2 days of receipt for maximum effectiveness.

 

For further guidance on Trichogramma application schedules, procurement sources, or integration with other pest management strategies, farmers are advised to contact the nearest Krishi Vigyan Kendra (KVK) or local agricultural extension officer."
https://workdrive.zoho.in/file/f19a61d64936e99624bf799c1a32bc1f6be56,69818318622aa3a183071148,69817b91622aa3a183071034,What is Grow Shakti crop nutritional supplement and how should it be used for paddy cultivation?,"The nutritional supplement the farmer asked about is a trade name. Under the trade name, there are 2 types of agricultural chemicals available: biostimulants and fertilizers. If the farmer is inquiring about the biostimulant, it usually contains natural extracts and natural elements; it improves the yield of the crop by enhancing the quantity and quality of flowers and fruits. It can be used for all kinds of fruits, vegetables, and flowers and also cereals like paddy and wheat. 

However, there are government-recognized alternatives for this product, like Sagarika, that the farmer can use and that perform the same function as that of the above-mentioned product. For rice, apply Sagarika Z++ (granular formulation) as a basal application at 10 kg per acre. Alternatively, the farmer can apply the liquid formulation, Sagarika Liquid (28.8% w/v), as a foliar spray at 500 ml per acre (at 5 ml per liter of water). The first spray should be given at 20 days after transplanting (DAT) during the active tillering stage, the second spray at 45-55 DAT during panicle initiation, and the third spray at 70-80 DAT at the heading stage.

If the farmer is asking about the fertilizer by the trade name, the technical name of the fertilizer is 14:35:14. Nitrogen at 14%, phosphorus at 35%, and potassium at 14%.  If the farmer wishes to apply it, he needs to apply 70 kg of this fertilizer along with 84 kg of urea and 50 kg of MOP to meet the recommended fertilizer requirement of 48:24:24 kg NPK per acre. Apply the full amount of zinc, phosphorus, and potash, along with 1/3 of the nitrogen, at the time of transplanting, and the remaining nitrogen twice in equal amounts, 3 and 6 weeks after transplanting.

For further guidance or clarification on the specific Grow Shakti product formulation, application timing for your field conditions, or integrated nutrient management strategies for paddy cultivation, farmers are advised to contact the nearest Krishi Vigyan Kendra (KVK) or local agricultural extension officer in Jind district, Haryana.

"
https://workdrive.zoho.in/file/w878l64faa366a47f4167b31ce922bd2c84cc,69818318622aa3a183071148,69817b91622aa3a183071034,What is Grow Shakti crop nutritional supplement and how should it be used for paddy cultivation?,"The nutritional supplement the farmer asked about is a trade name. Under the trade name, there are 2 types of agricultural chemicals available: biostimulants and fertilizers. If the farmer is inquiring about the biostimulant, it usually contains natural extracts and natural elements; it improves the yield of the crop by enhancing the quantity and quality of flowers and fruits. It can be used for all kinds of fruits, vegetables, and flowers and also cereals like paddy and wheat. 

However, there are government-recognized alternatives for this product, like Sagarika, that the farmer can use and that perform the same function as that of the above-mentioned product. For rice, apply Sagarika Z++ (granular formulation) as a basal application at 10 kg per acre. Alternatively, the farmer can apply the liquid formulation, Sagarika Liquid (28.8% w/v), as a foliar spray at 500 ml per acre (at 5 ml per liter of water). The first spray should be given at 20 days after transplanting (DAT) during the active tillering stage, the second spray at 45-55 DAT during panicle initiation, and the third spray at 70-80 DAT at the heading stage.

If the farmer is asking about the fertilizer by the trade name, the technical name of the fertilizer is 14:35:14. Nitrogen at 14%, phosphorus at 35%, and potassium at 14%.  If the farmer wishes to apply it, he needs to apply 70 kg of this fertilizer along with 84 kg of urea and 50 kg of MOP to meet the recommended fertilizer requirement of 48:24:24 kg NPK per acre. Apply the full amount of zinc, phosphorus, and potash, along with 1/3 of the nitrogen, at the time of transplanting, and the remaining nitrogen twice in equal amounts, 3 and 6 weeks after transplanting.

For further guidance or clarification on the specific Grow Shakti product formulation, application timing for your field conditions, or integrated nutrient management strategies for paddy cultivation, farmers are advised to contact the nearest Krishi Vigyan Kendra (KVK) or local agricultural extension officer in Jind district, Haryana.

"
https://workdrive.zoho.in/file/w878l9b2d1697627f4c50a32c305c37bc4d66,69818317622aa3a183071146,69817b91622aa3a18307106a,How to prepare Matka Khad (pot compost) for organic farming in paddy cultivation?,"Matka Khad is recognized as an organic manure input in natural and organic farming training materials prepared by government agricultural agencies in India. In manuals used for farmer and extension staff training, Matka Khad is included along with other on-farm organic manures such as compost, FYM (farmyard manure), vermicompost and Jeevamrit as part of organic soil fertility management practices promoted under various natural farming/organic farming initiatives by the Government of India and state agriculture departments.

These government training guides list Matka Khad preparation and use in sessions on production of organic fertilizers, indicating its role in improving soil health and serving as a bio-fertilizer source in sustainable farming systems. While some Government sources say that Matka Khad is used as both manure and bio pesticide and, few private sources mention that it is a bio stimulant. 

For preparing 20 L pitcher we need: -
Cow Dung (5 kg), Cow Urine (5 L), Water (5 L), Jaggery (250 g)
Preparation technique: Blend the necessary ingredients thoroughly and pour the mixture into a pitcher. Bury the pitcher in the soil, ensuring that its upper part/neck is exposed above the ground surface. Cover the mouth with the lid. Matka khad will be ready for use after 8-12 days. Dilute it with 7-8 liters of water and apply it using a pump or broom (without sieving) twice in the field (15 days before and 15 days after
sowing).

However, farmers are advised to visit the nearest KVK for proper guidance on the preparation, timing, quantity, and method of application. For further guidance or clarification on Matka Khad preparation, application timing specific to the paddy variety, or its integration with other organic practices, farmers are advised to contact the nearest Krishi Vigyan Kendra (KVK) or the local agricultural extension officer in Kurukshetra district."
https://workdrive.zoho.in/file/f19a655ea8d1f69d94bd0b3571f1c6d913d44,698185c4622aa3a183071171,69817b91622aa3a183071048,What is polysulphate and how can it be used as a fertilizer in paddy cultivation?,"Polysulphate is a naturally occurring mineral fertilizer that contains four essential nutrients required for healthy paddy crop growth: potassium (K), sulfur (S), magnesium (Mg), and calcium (Ca). It is mined from underground deposits and provides a sustainable, low-chloride alternative to conventional potash fertilizers. For paddy cultivation in Haryana, particularly in the Sirsa district, polysulphate can be an excellent nutrient source that addresses multiple deficiencies simultaneously.

Nutrient Composition and Benefits:

Polysulphate typically contains approximately 14% potassium, 48% sulfur, 6% magnesium, and 17% calcium. This unique combination makes it particularly valuable for paddy crops. Potassium enhances grain filling, improves disease resistance, and strengthens stems to prevent lodging. Sulfur is crucial for protein synthesis and chlorophyll formation. Magnesium is the central element in chlorophyll molecules, essential for photosynthesis. Calcium improves root development and overall plant structure.

Soil Testing and Application:

Before applying polysulphate, farmers should conduct soil testing through their nearest Krishi Vigyan Kendra (KVK) or soil testing laboratory. This helps determine existing nutrient levels and specific deficiencies. Soil testing should measure pH, organic carbon, available nitrogen, phosphorus, potassium, and micronutrients. Based on test results, application rates can be customized for optimal results.

Application Recommendations for Paddy:

Polysulphate is recommended for application at planting or during the first fertilization to ensure prolonged nutrient release and a continuous supply of sulphur (S), potassium (K), magnesium (Mg), and calcium (Ca) throughout the crop growth period. For balanced crop nutrition, application rates of 60–80 kg per acre are suitable to complement existing fertilization plans. These doses help improve crop yield and can be applied along with other NPK (60:24:24 kg/acre, i.e., 130 kg urea, 150 kg SSP, and 40 kg MOP) fertilizers.

However, the farmer is recommended to take advice from the nearest KVK on whether or not to apply polysulphate in their fields before application. For further guidance on soil testing, customized fertilizer recommendations, or clarification on polysulphate application rates specific to your soil conditions, farmers are advised to contact the nearest Krishi Vigyan Kendra (KVK) or local agricultural extension officer in Sirsa district."
https://workdrive.zoho.in/file/r9vht29e1e65eed794204acec31ad8388dcab,698185c4622aa3a183071171,69817b91622aa3a183071048,What is polysulphate and how can it be used as a fertilizer in paddy cultivation?,"Polysulphate is a naturally occurring mineral fertilizer that contains four essential nutrients required for healthy paddy crop growth: potassium (K), sulfur (S), magnesium (Mg), and calcium (Ca). It is mined from underground deposits and provides a sustainable, low-chloride alternative to conventional potash fertilizers. For paddy cultivation in Haryana, particularly in the Sirsa district, polysulphate can be an excellent nutrient source that addresses multiple deficiencies simultaneously.

Nutrient Composition and Benefits:

Polysulphate typically contains approximately 14% potassium, 48% sulfur, 6% magnesium, and 17% calcium. This unique combination makes it particularly valuable for paddy crops. Potassium enhances grain filling, improves disease resistance, and strengthens stems to prevent lodging. Sulfur is crucial for protein synthesis and chlorophyll formation. Magnesium is the central element in chlorophyll molecules, essential for photosynthesis. Calcium improves root development and overall plant structure.

Soil Testing and Application:

Before applying polysulphate, farmers should conduct soil testing through their nearest Krishi Vigyan Kendra (KVK) or soil testing laboratory. This helps determine existing nutrient levels and specific deficiencies. Soil testing should measure pH, organic carbon, available nitrogen, phosphorus, potassium, and micronutrients. Based on test results, application rates can be customized for optimal results.

Application Recommendations for Paddy:

Polysulphate is recommended for application at planting or during the first fertilization to ensure prolonged nutrient release and a continuous supply of sulphur (S), potassium (K), magnesium (Mg), and calcium (Ca) throughout the crop growth period. For balanced crop nutrition, application rates of 60–80 kg per acre are suitable to complement existing fertilization plans. These doses help improve crop yield and can be applied along with other NPK (60:24:24 kg/acre, i.e., 130 kg urea, 150 kg SSP, and 40 kg MOP) fertilizers.

However, the farmer is recommended to take advice from the nearest KVK on whether or not to apply polysulphate in their fields before application. For further guidance on soil testing, customized fertilizer recommendations, or clarification on polysulphate application rates specific to your soil conditions, farmers are advised to contact the nearest Krishi Vigyan Kendra (KVK) or local agricultural extension officer in Sirsa district."
https://workdrive.zoho.in/file/w878l163902d563e14cc09a3402f2f5ba12a9,69819435622aa3a183071236,69817b91622aa3a183071058,What is the information regarding the mixing of Biovita with DAP fertilizer in paddy cultivation?,"The combination of Biovita (a biofertilizer) with DAP (Di-Ammonium Phosphate) is an integrated nutrient management approach for paddy cultivation that combines the benefits of organic biological inputs with conventional fertilizers. This practice is particularly beneficial for farmers in Haryana and other rice-growing regions seeking sustainable and cost-effective nutrient management.
 
 **Understanding Biovita and DAP:**
 
 Biovita is a consortium-based biofertilizer containing beneficial microorganisms such as Azotobacter, Azospirillum, and Phosphate Solubilizing Bacteria (PSB). These microorganisms help in biological nitrogen fixation and phosphorus solubilization, making nutrients more available to plants. DAP is a widely used phosphatic fertilizer containing 18% Nitrogen and 46% Pâ‚‚Oâ‚…, providing readily available nutrients for crop growth.
 
 **Benefits of Combined Application:**
 
 When Biovita is used with DAP, the biofertilizer enhances the efficiency of chemical fertilizer utilization. The beneficial microorganisms in Biovita can fix atmospheric nitrogen (15-20 kg N/ha) and solubilize unavailable phosphorus in soil, reducing the overall requirement of chemical fertilizers by 15-25%. This combination improves soil health, increases microbial activity, and promotes better root development in paddy plants.
 
 **Application Method and Timing:**
 
 For paddy cultivation, mix 4-5 packets (each 200-250g) of Biovita with 50 kg of DAP fertilizer. Keep this mixture in shade for 24-48 hours, sprinkling water occasionally to maintain moisture. This incubation period allows the microorganisms to colonize the fertilizer granules. Apply this enriched DAP during the final puddling operation before transplanting, or as basal application at the time of transplanting seedlings.
 
 **Recommended Dosage for Paddy:**
 
 For one acre of paddy field, use 50 kg of DAP enriched with 1 kg (4-5 packets) of Biovita as basal dose. This should be supplemented with appropriate doses of Urea (in split applications) and Potash. The nitrogen requirement can be reduced by 10-15% when using Biovita due to biological nitrogen fixation.
 
 **Soil Testing Importance:**
 
 Before applying any fertilizer combination, farmers should conduct soil testing to determine the exact nutrient status of their fields. This helps in calculating precise fertilizer requirements and avoiding over-application or deficiencies. Soil testing services are available at Krishi Vigyan Kendras and district agriculture offices.
 
 **Split Application Strategy:**
 
 While DAP with Biovita is applied as basal dose, nitrogen (through Urea) should be applied in splits: 50% at 21 days after transplanting (active tillering stage), 25% at 42 days (maximum tillering stage), and 25% at panicle initiation stage. This ensures continuous nutrient availability throughout the crop growth period.
 
 **Additional Organic Inputs:**
 
 To further enhance soil health and nutrient availability, incorporate well-decomposed Farm Yard Manure (FYM) or compost @ 8-10 tonnes per acre before the final puddling. Green manuring with dhaincha (Sesbania) 15-20 days before transplanting is also highly beneficial, adding organic matter and fixing atmospheric nitrogen.
 
 **Micronutrient Considerations:**
 
 Paddy in Haryana often shows zinc deficiency, especially in alkaline soils. Apply Zinc Sulphate @ 10 kg/acre mixed with soil or sand before transplanting, or spray 0.5% Zinc Sulphate solution 2-3 times during the vegetative stage. Iron deficiency can be managed by spraying Ferrous Sulphate @ 0.5% at 15-day intervals.
 
 **Expected Benefits:**
 
 Farmers using this integrated approach can expect 10-15% yield improvement, better grain quality, reduced fertilizer costs by 15-20%, improved soil microbial population, and enhanced soil organic carbon content over time. The practice also contributes to sustainable agriculture by reducing chemical input dependency.
 
 **For further guidance or clarification on the combined use of Biovita with DAP, fertilizer scheduling, soil testing procedures, or integrated nutrient management practices specific to your field conditions, farmers are advised to contact the nearest Krishi Vigyan Kendra (KVK) or local agricultural extension officer in Sirsa district.**"
https://workdrive.zoho.in/file/w878l2b93ee9de4cf4f72a414aee4c8f7f250,698194d0622aa3a183071240,69817b91622aa3a183071073,What is the maturity period of Sawa 7501 paddy seed variety?,"The above-mentioned name is a hybrid paddy variety marketed by a private seed company that has gained attention among farmers in Haryana and neighboring regions for its specific characteristics and cultivation requirements. Understanding the maturity period and other attributes of this variety is essential for proper crop planning and maximizing yields.

Maturity Period:

The mentioned paddy variety has a maturity period of 125-130 days from transplanting to harvest. The maturity window allows farmers to complete harvesting before the onset of winter fog and prepare fields for the subsequent Rabi crop, typically wheat.

Variety Characteristics:

It is a long, slender-grain paddy hybrid marketed under SmartRice technology. It has good lodging tolerance, a higher milling percentage, and non-chaffy panicles, along with better water-use efficiency. The variety has high yield potential with long and compact panicles and is known for its good cooking quality and taste.

However, farmers are advised to sow government- or Haryana SAU-recommended hybrid paddy seeds like Haryana Shankar Dhan-1. It is a semi-dwarf, high-yielding indica rice hybrid that matures in about 139 days. It has stiff straw, broad, light-green, erect leaves, and long, slender (super-fine) grains. The variety is tolerant to WBPH and stem rot and is suitable for timely planting.

For further guidance, farmers are advised to contact the nearest Krishi Vigyan Kendra (KVK) or local agricultural extension officer."
https://workdrive.zoho.in/file/im5rbf6e6f11e4eb64f19bba435705be4471b,695f6b11324d4e642adc966d,695f569c324d4e642adc95ef,What is brown manuring and how is it practiced in paddy cultivation?,"Brown manuring is an important soil fertility management practice particularly beneficial for paddy (rice) cultivation in regions like Uttar Pradesh and other rice-growing states of India. This technique involves growing green manure crops alongside the main crop and incorporating them into the soil at a specific growth stage to enhance soil organic matter and nutrient availability.
 
Brown manuring specifically refers to the practice of growing Dhaincha (Sesbania aculeata or Sesbania rostrata) or other suitable green manure crops simultaneously with rice, allowing them to grow for about 25-30 days, and then killing them in-situ using herbicides. The dead plant material decomposes in the standing water, releasing nutrients directly to the rice crop.
 
Practice and Method:
The process begins at the time of rice transplanting or direct seeding. Dhaincha seeds are broadcast in the field at a rate of 8-10 kg per acre along with rice sowing or transplanting. The Dhaincha grows rapidly and reaches a height of 30-45 cm within 25-30 days. At this stage, before it becomes woody, a herbicide is applied to kill the Dhaincha plants. The recommended herbicide is 2,4-D Sodium Salt 80% WP at 200 grams per acre, mixed in 200 liters of water and sprayed uniformly over the field. The dead Dhaincha plants decompose in the standing water and get incorporated into the soil, enriching it with nitrogen and organic matter.
 
Benefits:
This practice offers multiple advantages. It adds approximately 8-12 kg of nitrogen per acre to the soil through biological nitrogen fixation. The decomposing organic matter improves soil structure, water-holding capacity and microbial activity. It suppresses weed growth during the initial critical period of rice establishment. Brown manuring also helps in reducing the requirement of chemical nitrogen fertilizers by 20-25%, thereby reducing cultivation costs. The practice is particularly effective in improving poor or degraded soils.
 
Timing and Precautions:
Proper timing is crucial for successful brown manuring. The herbicide application should be done exactly 25-30 days after Dhaincha sowing, when plants are still succulent. Early or late application reduces effectiveness. Ensure adequate standing water (2-3 cm) in the field during herbicide application for better herbicide action and uniform decomposition.
 
Protective Gear and Safety:
When applying herbicides for brown manuring, farmers must wear chemical-resistant gloves, face mask or respirator, protective clothing with long sleeves and full pants, and eye protection (goggles). After application, wash hands thoroughly, avoid eating or drinking during application, and store herbicides away from children, animals, and food items in a cool, dry place.
 
Safety Disclaimer: Apply only when there is no wind to prevent drift to neighboring crops. Avoid spraying during rain or when rain is expected within 6 hours. Properly dispose of empty herbicide containers by puncturing and burying them away from water sources. Keep emergency contact numbers of local health centers handy.
 
For further guidance or clarification, farmers are advised to contact the nearest Krishi Vigyan Kendra (KVK) or local agricultural extension officer."
https://workdrive.zoho.in/file/x45826e9f9eb9292541cd869cbde470a37585,6960803a720949226b85b430,69607c8f720949226b85b3ec,What damage occurs from excess DAP application in paddy nursery and how can it be managed?,"Excess application of Di-Ammonium Phosphate (DAP) in a paddy nursery is a common problem and can seriously affect seedling health and establishment. Improper or excessive use of DAP may cause seedling injury due to ammonia release, especially when the fertilizer comes in direct contact with seeds or young roots. Excess phosphorus also leads to fixation in the soil, making it unavailable to plants, and often induces zinc deficiency (khaira disease). Therefore, soil testing is essential to determine the actual nitrogen and phosphorus requirement before fertilizer application. Immediate Corrective Measures If excess DAP application is noticed immediately, the most effective remedy is to flood the nursery bed with fresh water and drain it completely. This process should be repeated 2–3 times within 24 hours to leach excess fertilizer salts from the root zone. This helps dilute and remove concentrated fertilizer away from seeds and seedlings. After leaching, maintain optimum moisture conditions—the soil should be moist but not waterlogged—and monitor seedlings closely for 7–10 days for recovery. However, if considerable time has already passed since DAP application, leaching should be avoided, as it can remove mobile macro- and micronutrients from the soil. Phosphorus is immobile and becomes fixed in the soil, so late flooding does more harm than benefit. In such cases, transplant seedlings as soon as they attain transplanting age. The nursery area should not receive phosphorus fertilization for the next one to two seasons. Seedlings should be monitored for zinc deficiency (khaira disease), characterized by dusty brown spots on upper leaves and stunted growth. If symptoms appear, spray 2 kg zinc sulphate mixed with 8 kg urea or 1 kg quick lime in 400 litres of water per acre of nursery area. Safety Guidelines While handling chemical fertilizers like DAP, always wear protective gloves and use a dust mask to avoid inhalation. Store fertilizers in a cool, dry place, away from children, animals, and food items. Wash hands thoroughly after handling fertilizers and apply fertilizers during calm weather to prevent drift. Ensure fertilizers are properly mixed with soil to avoid concentrated pockets that may damage seedlings. Preventive Measures Follow recommended fertilizer doses strictly, based on soil test results. Mix fertilizers uniformly with soil before sowing and never apply them directly on seeds. Maintain proper water management in the nursery, keep records of fertilizer applications, and train farm workers in correct fertilizer handling and application practices. Long-Term Soil Health For sustainable nursery management, regularly incorporate organic matter through FYM, compost, or green manure. "
https://workdrive.zoho.in/file/l4d77be5767889c8c44bea4514134f7d0edf4,6960e04d720949226b85b82e,69608fd3720949226b85b511,What is the role of humic acid in agriculture and how does it benefit soil and crop growth?,"Humic Acid (HA) is an important organic bio-stimulant that improves soil fertility, especially for paddy. It is formed from decomposed plant and animal matter and is commonly obtained from leonardite or lignite. Humic acid improves soil structure by making it loose and well-aerated, increases water holding capacity, and reduces hardness in clay soils. It also increases nutrient holding capacity (CEC) and helps convert locked nutrients into forms that plants can easily absorb. In addition, it promotes beneficial soil microorganisms, which improve overall soil health and crop growth. Humic acid also directly benefits crop growth. It stimulates strong root development, allowing plants to take water and nutrients from deeper soil layers. It improves nutrient use efficiency, especially nitrogen and phosphorus, helping plants absorb more nutrients from the same fertilizer dose. Research shows that humic acid can improve nitrogen use efficiency and increase overall nutrient uptake. It also helps plants tolerate stress conditions such as drought, salinity, and temperature fluctuations by improving internal water balance and activating antioxidant systems. As a result, crops show better growth, higher yields, improved grain or fruit quality, and longer shelf life. For paddy farmers, humic acid is especially useful because it improves heavy clay soils, increases water holding capacity, and supports healthy root and microbial activity, which are essential for high-yielding rice fields. It works best when used with balanced fertilizers and organic manures like FYM or vermicompost. Although, as per UP POP, humic acid use is not recommended for cultivation practices. You should do a soil test and follow product instructions for safe and effective use, and contact the nearest KVK or agriculture officer for guidance."
https://workdrive.zoho.in/file/dj9iac12f69e5ef66421aa364f12b795fb28e,6961dd8c720949226b85ba6f,6961d984720949226b85ba2c,Where can I get the Saket variety of rice seeds?,"The Saket variety is a popular rice (paddy) variety developed for cultivation in Uttar Pradesh and surrounding regions. This variety is known for its good yield potential and adaptability to various growing conditions in the eastern and central plains of India. It is a dwarf variety of 90 cm height with a maturity period of 120-125 days. It yields about 16-17 quintals per acre.
 
Seed Source and Procurement: Farmers can obtain certified seeds of the Saket variety from multiple authorized sources:
 
 1. Government Agricultural Department Offices: Visit any registered seed outlet under the State Agricultural Department in your district. In Farrukhabad, you can approach block-level agricultural offices in areas like Rajepur or other blocks.
 
 2. Krishi Vigyan Kendras (KVKs): The nearest KVK can provide information about seed availability and authorized dealers. Address: Jajpur Banjara Farm, Mohamadabad, Distt. Farrukhabad, INDIA. PIN - 209651. Tel. No.: 9415364304, Email: kvkfarrukhabad@gmail.com
 
 3. State Seed Corporations: Uttar Pradesh State Seeds Corporation Limited (UPSSSCL) outlets distribute certified seeds of recommended varieties.
 
 4. Registered Private Seed Dealers: Licensed private seed companies and dealers who are registered with the agricultural department.
 
 5. Primary Agricultural Cooperative Societies (PACS): Local cooperative societies often stock certified seeds during the sowing season.
 
Important Considerations: Always purchase certified seeds from authorized sources to ensure genetic purity, good germination percentage, and freedom from seed-borne diseases. Check the seed tag for certification details, germination percentage (should be above 80%), and the date of testing. Avoid purchasing seeds from unauthorized or roadside vendors.
 
Disease and Pest Resistance: Saket variety shows moderate resistance to common rice diseases like blast and bacterial leaf blight. Follow recommended pest and disease management practices for optimal crop health.
 
For further guidance or clarification, farmers are advised to contact the nearest Krishi Vigyan Kendra (KVK) or local agricultural extension officer."
https://workdrive.zoho.in/file/8o8bp201a427c9d7f4f3f9e1fba43f7a1be67,6961df31720949226b85ba91,6961d984720949226b85ba25,Where can I obtain the DRR 100 Kamla variety of paddy seeds?,"The DRR 100 Kamla is a paddy variety developed by ICAR–IIRR, Hyderabad for specific agro-climatic conditions. Understanding where to source authentic seeds is crucial for ensuring good crop performance and yield. It was launched on May 4, 2025, by the Union Agriculture Minister, Shri Shivraj Singh Chouhan. This variety is highly significant because it is India’s first genome-edited rice variety. 
 
While the variety was released in May 2025, the government indicated that certified seeds would take approximately two years to reach full-scale commercial availability for all farmers due to the time needed for seed multiplication. After that you can obtain it from the following sources:
 
 1. Indian Institute of Rice Research (IIRR), Hyderabad: As the primary breeding institution (formerly known as Directorate of Rice Research - DRR), they maintain breeder seeds of this variety.
 
 2. State Agricultural Universities: Chandra Shekhar Azad University of Agriculture and Technology (CSAU&T), Kanpur, and other state agricultural universities may have limited quantities available.
 
 3. Krishi Vigyan Kendras (KVKs): Your nearest KVK in Hardoi district can guide you on seed availability and may help facilitate procurement from institutional sources.
 
 4. State Seed Corporations: Uttar Pradesh State Seed Development Corporation may procure and distribute limited quantities of this variety.
 
 5. Regional Agricultural Research Stations: ICAR institutions and state government research farms occasionally distribute foundation and certified seeds.

Variety Characteristics: DRR 100 Kamla typically has a duration of 130 days, medium height, and produces medium-slender grains. It can produce an average yield of 21.7 q/acre, with a maximum yield of around 36.0 q/acre. It can produce 19% more yield than Samba Mahsuri.  It is drought-tolerant, requires less nitrogen, saves water, reduces methane emissions, and allows early field availability for the next crop."
https://workdrive.zoho.in/file/ws66nff96b0d0135a4a2b8a6188f7afbae551,698964ff6bca0c342047c5e3,69895a5b6bca0c342047c504,"What are the effects of weedicides used in wheat crop on the next crop, and what precautions should be taken?","Weedicides (herbicides) used in wheat cultivation can have residual effects on subsequent crops if not managed properly. Understanding these effects and taking appropriate precautions is essential for successful crop rotation and maintaining soil health in Haryana's Kaithal district.

Residual Effects of Common Wheat Weedicides:
Different herbicides have varying persistence periods in soil. Sulfonylurea herbicides like Sulfosulfuron and Metribuzin can persist for 60-90 days, potentially affecting broad-leaved crops sown immediately after wheat. Isoproturon typically has a shorter residual period of 30-45 days. Pendimethalin, a pre-emergence herbicide, generally breaks down within 45-60 days. 2,4-D and Metsulfuron-methyl can also leave residues affecting sensitive crops like pulses, vegetables, and certain oilseeds.

Impact on Specific Subsequent Crops:
For the common wheat-paddy rotation in Haryana, most wheat herbicides do not significantly affect rice transplanting as the 60-90 day gap and flooding conditions help degradation. However, if planning to grow summer moong or vegetables after wheat, herbicide residues can cause stunting, chlorosis, and poor germination. Crops particularly sensitive to sulfonylurea residues include chickpea, lentil, sunflower, and most vegetables. Cotton and maize show moderate sensitivity, while sorghum and pearl millet are relatively tolerant.

Precautions and Management Strategies:
1. Herbicide Selection* Choose herbicides based on your cropping sequence. If planning sensitive crops after wheat, prefer shorter-residual herbicides like Isoproturon or combine with manual weeding rather than using persistent sulfonylureas.

2. Application Timing and Dosage: Always follow recommended doses strictly. Over-application significantly increases residual effects. Apply herbicides at the correct crop growth stage when weeds are most susceptible, ensuring maximum efficacy with minimum quantity.

3. Crop Rotation Planning: Maintain adequate intervals between wheat harvest and sowing of sensitive crops. A minimum gap of 90-120 days is advisable after using sulfonylurea herbicides. For immediate cropping, choose tolerant crops or conduct bioassays to test soil.

4. Soil Management: Deep ploughing after wheat harvest helps in mechanical mixing and faster degradation of herbicide residues. Incorporating organic matter (FYM or compost at 5-8 tonnes/acre) enhances microbial activity that breaks down herbicides. Adequate soil moisture and warm temperatures accelerate degradation.

5. Water Management: Flooding or maintaining saturated conditions (as in paddy preparation) significantly reduces herbicide persistence through leaching and anaerobic degradation.

6. Bioassay Testing: If uncertain about residue levels, conduct a simple bioassay by sowing sensitive test crops like moong or sunflower in small plots. Germination and growth patterns will indicate residue presence.

7. Record Keeping: Maintain records of herbicides used, application dates, and doses. This helps in planning subsequent crops and diagnosing any residue-related problems.

Alternative Weed Management:
To minimize residual concerns, integrate non-chemical methods like timely sowing of wheat to suppress weeds, use of competitive wheat varieties, mechanical weeding with wheel hoe (20-25 days after sowing), and adopting zero-till or reduced tillage systems that help manage weeds while reducing herbicide dependence.

For further guidance or clarification on herbicide selection specific to your cropping pattern, soil testing for residues, or alternative weed management strategies, farmers are advised to contact the nearest Krishi Vigyan Kendra (KVK) in Kaithal or local agricultural extension officer."
https://workdrive.zoho.in/file/7p3pg66d3b74f60a34480bc8e94474a64014d,69897a626bca0c342047c6c8,69895a5b6bca0c342047c4ec,What are growth promoters for wheat and how should they be used?,"Growth promoters, also known as plant growth regulators (PGRs) or bio-stimulants, are substances that enhance wheat crop development, improve nutrient uptake, and increase yield potential. For wheat cultivation in Haryana, particularly in Ambala district, understanding and properly using growth promoters can significantly improve crop performance.

The Central Insecticides Board & Registration Committee also recommends application of Gibberellic Acid 40% WSG. For wheat, the application is recommended 20–25 days after sowing or at about 10% ear emergence. The recommended is 10-15 g, applied with 200 litres of water per acre. For further guidance on growth hormone application, optimal timing for your specific wheat variety, or clarification on application techniques, farmers are advised to contact the nearest Krishi Vigyan Kendra (KVK) in Sirsa or local agricultural extension officer who can provide field demonstrations and variety-specific recommendations.

Other market available growth promoters inculde:
Sagarika: Sagarika - Seaweed Extract Concentrate is an organic growth promoter manufactured through a globally patented process technology from red & brown marine algae. The product has naturally occurring plant growth regulators such as Auxins, Cytokinins and Gibberellins, essential amino acids, macro & micronutrients. Sagarika Liquid (28.8% w/v) is applied as a foliar spray at 500 ml per acre (5 ml per litre of water). The first spray is recommended at 15–20 days after sowing (CRI stage), the second spray at 35–40 days after sowing (active tillering stage), and the third spray at 90–95 days after sowing (flowering stage).

HUMETSU is a combination of naturally occurring organic substances and nutrients. HUMETSU is quickly absorbed by the plant and active role in nutrient nio-chemical processes and further develops inherent strength in plant, which helps then to withstand extreme climatic conditions. It is applied as Seed treatment: 10ml per kg of seed. Foliar Spray: 400-600ml/Acre 2ml/litre of water 0r 1l/acre Drip Irrigation: 500-800 ml/acre.

However, before applying any growth promoters farmers are advised to contact the nearest KVK. For further guidance on specific growth promoter products suitable for your wheat crop, soil conditions, and growth stage, or for clarification on application techniques, farmers are advised to contact the nearest Krishi Vigyan Kendra (KVK) or local agricultural extension officer in Ambala district.
"
https://workdrive.zoho.in/file/ws66n03f5e49017e640a1bd79f005b5f4d703,6989973e6bca0c342047c7d4,69895a5b6bca0c342047c4e4,What is a waste decomposer and how can it be used for organic farming in wheat cultivation?,"A waste decomposer is a beneficial microbial culture developed by the National Centre of Organic Farming (NCOF) for quick composting of organic waste, improvement of soil health, and natural plant protection. It is a consortium of useful microorganisms extracted from desi cow dung and is validated by ICAR. The waste decomposer is sold in a 30 g bottle at a cost of Rs. 20 through NCOF and Regional Organic Farming Centres (RCOF). One bottle, when properly multiplied, has the capacity to decompose a very large quantity of biodegradable waste within 30–40 days.

To prepare the waste decomposer solution, dissolve 2 kg of jaggery in 200 litres of water in a plastic drum. Add the contents of one bottle of waste decomposer, mix well with a wooden stick, cover the drum with paper or cardboard, and stir once or twice daily. After 5 days, the solution turns creamy and is ready for use. Farmers can multiply this solution continuously by adding 20 litres of prepared solution, 2 kg of jaggery, and water, allowing lifetime use from a single bottle.

In organic wheat cultivation, waste decomposers can be used in several ways. For composting, apply the solution layer by layer on compost material, maintain about 60% moisture, turn the compost every 7 days, and the compost becomes ready in about 30 days. For seed treatment, mix the decomposer with jaggery and treat seeds before sowing to ensure early, uniform germination and protection from soil-borne diseases. For foliar spray, spray the solution on the standing wheat crop 4 times at 10-day intervals or once a month for regular disease control. It can also be applied through drip irrigation, used for in-situ decomposition of wheat stubble after harvest, and for improving soil fertility.

Regular application of about 1000 litres per acre improves the biological and physical properties of all soil types, increases earthworm population, and enhances nutrient availability within 21 days. Waste decomposer helps reduce or even eliminate the need for chemical fertilizers and pesticides, as it controls many fungal, bacterial, and viral diseases naturally. By using a waste decomposer, you can practice low-cost organic farming, improve soil health, protect crops naturally, and achieve healthy and sustainable wheat production."
https://workdrive.zoho.in/file/yhysod4b078228bb34d6cb17e151a2f14fb30,698aaf246bca0c342047cb06,698aad8a6bca0c342047cac7,What is Miraculan and how should it be used in wheat cultivation?,"The above mentioned trade name is a plant growth regulator (PGR) containing Triacontanol as the active ingredient, widely used in wheat cultivation to enhance overall crop growth, vigor, and yield. Triacontanol is a natural plant growth stimulant that promotes photosynthesis, improves nutrient uptake, and enhances the plant's metabolic activities, leading to better vegetative growth and grain development in wheat.

However, it is not recommended for wheat crop. It is usually used in crops like rice, chilli, tomato, tea, cotton and groundnut. The recommended PGR for wheat crop is In wheat, Gibberellic Acid 40% WSG is recommended for application at 20–25 days after sowing and at the 10% ear emergence stage. The recommended dose is 10–15 g per acre (equivalent to 25–37.5 g per hectare), and the spray should be applied using 200 litres of water per acre to ensure uniform coverage of the crop.

For further guidance on optimal use of Miraculan for your specific field conditions, variety, and to get personalized recommendations based on soil testing, farmers are advised to contact the nearest Krishi Vigyan Kendra (KVK) or local agricultural extension officer."
https://workdrive.zoho.in/file/yhyso702e89f4cff34340890873a2e9001a42,698ab00c6bca0c342047cb22,698aad8a6bca0c342047cac1,What is the information regarding Dalal Ghol (fertilizer mixture) for wheat cultivation?,"Dalal Ghol is a traditional liquid fertilizer mixture widely used by farmers in Haryana and neighboring states for wheat cultivation. This organic solution provides essential nutrients to wheat crops and helps improve overall plant health and productivity.

Dr. Dalal Mixture (Dr. Dalal Ghol) is a foliar nutrient solution prepared using 2.5 kg urea, 2.5 kg DAP, and 500 g zinc (21%). To prepare the mixture, DAP should be soaked in a plastic or earthen pot one day before spraying and stirred 2–3 times to ensure proper dissolution of nutrients. Before spraying, urea and zinc should be dissolved separately in water in different non-metallic containers. After complete dissolution, all the solutions are mixed together and sprayed using exactly 100 liters of water per acre. It is important to strictly avoid metallic containers and not to use more or less than the recommended water quantity, as deviation may cause leaf scorching or crop damage. This foliar spray supplies essential nutrients directly to the plant and is claimed to meet the crop’s nutritional requirement without the need for additional soil-applied fertilizers.

Since this practice is not officially recommended or validated by the Department of Agriculture, Haryana, its use may involve risks such as leaf scorching or nutrient imbalance if not applied correctly. Therefore, farmers are strongly advised to consult the local Krishi Vigyan Kendra (KVK), agricultural extension officer, or subject matter specialist before using this mixture in wheat cultivation, and to follow only approved and recommended nutrient management practices for safe and sustainable crop production."
https://workdrive.zoho.in/file/yhysoe9fd74a03f2f4c7cab19887275c1ccf7,698ab1926bca0c342047cb3e,698aad8a6bca0c342047cad0,What is the role and application of ionic surfactants in spray solutions for wheat crop?,"Ionic surfactants play a crucial role in enhancing the effectiveness of foliar sprays, pesticides, and nutrient applications in wheat cultivation. These are chemical compounds that reduce the surface tension of spray solutions, improving their spreading, wetting, and penetration capabilities on wheat plant surfaces.

Understanding Ionic Surfactants:
Ionic surfactants are surface-active agents that carry either a positive charge (cationic) or a negative charge (anionic) when dissolved in water. In agricultural applications, they act as adjuvants that enhance the performance of active ingredients in spray formulations. For wheat crops, these surfactants help overcome the waxy cuticle layer on leaves, ensuring better absorption of nutrients, fungicides, or insecticides.

Types and Their Applications:
Anionic surfactants are most commonly used in agricultural sprays for wheat. They include compounds like sodium lauryl sulfate and alkyl benzene sulfonates. These work well with most pesticides and foliar nutrients. Cationic surfactants, though less common, are sometimes used with specific herbicides. Non-ionic surfactants are also available and are compatible with a broader range of agrochemicals.

Benefits of Wheat Cultivation:
 1. Improved Coverage: Surfactants reduce spray droplet size and improve uniform distribution across wheat leaves, stems, and spikes, ensuring no area is left untreated.
 2. Enhanced Penetration: They help active ingredients penetrate the leaf cuticle more effectively, increasing absorption rates by 30-50%.
 3. Reduced Runoff: By improving adhesion, surfactants prevent spray solutions from rolling off leaf surfaces, especially during humid conditions common in Haryana's wheat-growing regions.
 4. Water Quality Management: They help overcome hard water problems that can reduce pesticide efficacy.
 5. Drift Reduction: Properly formulated surfactants create optimal droplet sizes, reducing spray drift and ensuring targeted application.

Application Guidelines for Wheat:
For foliar nutrient sprays on wheat, use ionic surfactants at 0.05-0.1% concentration. When applying fungicides for rust or blight control, add surfactant at 0.1% to improve leaf coverage. The timing is critical apply during early morning (6-9 AM) or late evening (4-7 PM) when temperatures are moderate, and humidity is higher, typically during the tillering to heading stages of wheat.

Mixing Procedure:
1. Fill the spray tank with half the required water volume
2. Add the main product (pesticide/nutrient)
3. Mix thoroughly
4. Add surfactant separately while agitating
5. Complete the water volume
6. Use immediately after preparation

Recommended Surfactants for Wheat in Haryana:
For wheat crops in Jind and similar regions, organosilicone-based surfactants or alkyl ethoxylate-based products are effective. Use products with 80% active ingredient concentration at 25-50 ml per 100 liters of spray solution.

Important Precautions:
1. Always conduct a compatibility test before mixing surfactants with pesticides
2. Avoid overdosing, as excessive surfactant can cause phytotoxicity
3. Do not apply during high temperatures (above 30Â°C) as this may cause leaf burn
4. Ensure proper water pH (6.0-7.0) for optimal surfactant performance

Safety Measures:
When handling surfactants, wear protective gloves and avoid direct skin contact. Use face masks to prevent inhalation during mixing. Store surfactants in cool, dry places away from food items. Dispose of empty containers safely by triple rinsing and puncturing.

Cost-Benefit Analysis:
While surfactants add 50-100 per acre to spray costs, they can improve pesticide efficiency by 30-40%, potentially reducing the number of applications needed and overall input costs during the wheat season.
-
For further guidance on specific surfactant products suitable for your soil and water conditions in Pillukhera block, or for clarification on compatibility with particular fungicides or nutrients being used in your wheat crop, farmers are advised to contact the nearest Krishi Vigyan Kendra (KVK) or local agricultural extension officer."
https://workdrive.zoho.in/file/140kf9801a18944304fd091ada24a52e9a116,698c00b96bca0c342047cfc8,698bff986bca0c342047cf84,What is the information regarding application of Mycorrhiza for cotton crop?,"Mycorrhiza is a beneficial fungal association that forms a symbiotic relationship with cotton plant roots, significantly enhancing nutrient uptake, water absorption, and overall plant health. Understanding the proper application of mycorrhizal inoculants can greatly benefit cotton cultivation in Punjab's agricultural conditions.

At present, there is no specific information available in the Punjab Package of Practices (POP) regarding the use of Mycorrhiza in cotton. 

Although Mycorrhiza GR can be used, farmers are advised to consult the nearby KVK (Krishi Vigyan Kendra) before using it in cotton. It is an advanced granular biofertilizer designed to enhance plant health through the power of Arbuscular Mycorrhizal Fungi (AMF). For crop targets, 4 kg of the granular formulation should be applied per acre by the broadcast method. It is essential to ensure that the material reaches the root zone of the crop. It can be mixed with soil or with other organic and inorganic fertilizers during application under suitable soil moisture conditions. Application method: Broadcast. Composition: Mycorrhizal Bio-fertilizer. It enhances water and nutrient absorption by forming a robust AMF root network, boosts photosynthesis and overall plant metabolism, and promotes healthy growth, leading to improved flowering and fruiting.
 
For specific mycorrhizal product recommendations, application rates for your soil type, and integrated nutrient management schedules for cotton in Fazilka district conditions, contact your nearest Krishi Vigyan Kendra (KVK) for personalized guidance and soil testing services."
https://workdrive.zoho.in/file/ltgcl63cd90000d16495f98a7526af7078dd65,698c017c6bca0c342047cffa,698bff986bca0c342047cf7d,What is the management strategy for root rot (moor pnjha) disease in cotton?,"Root rot, locally known as 'Moor Pnjha' or 'Ukheda' in cotton, is a serious soil-borne fungal disease that can cause significant yield losses if not managed properly. This disease affects the root system and lower stem, leading to wilting and eventual death of cotton plants.
 
Detection and Symptoms:
Root rot in cotton manifests through several characteristic symptoms. 
This disease is caused by Rhizoctonia solani and R. bataticola. The main symptoms are drying and shedding of leaves leading to complete wilting and death of the plant. The disease spreads in field in round patches. The affected plants can be pulled out very easily. The bark of the roots is broken into shreds.
 
Predisposing Factors:
Several conditions favor root rot development including poor soil drainage, compacted soils, excessive irrigation, high soil moisture, physical injuries to roots during cultivation, nematode damage, and continuous monoculture of cotton. Sandy loam to clay loam soils with inadequate drainage are particularly susceptible.
 
Integrated Disease Management:
Cultural Practices:
 1. Crop Rotation: Rotate cotton with non-susceptible crops like cereals (wheat, maize) or pulses for 2-3 years to break the disease cycle and reduce soil pathogen load.
 2. Soil Drainage: Ensure proper field drainage by constructing drainage channels. Avoid waterlogging conditions as excess moisture promotes fungal growth.
 3. Deep Summer Plowing: Perform deep plowing during summer months (May-June) to expose soil pathogens to solar radiation, which helps reduce pathogen population.
 4. Field Sanitation: Remove and destroy infected plant debris after harvest. Do not leave cotton stubble in the field as it serves as inoculum source.
 5. Balanced Nutrition: Apply well-decomposed farmyard manure (FYM) at 8-10 tonnes per acre. Avoid excessive nitrogen fertilization which makes plants susceptible.
 6. Seed Selection: Use certified, disease-free seeds from resistant or tolerant varieties like RCH-134, RCH-314, or local recommendations.
 
Chemical Management:
 1. Seed Treatment: Treat seeds with Tetraconazole 11.6% w/w (12.5% w/v) SL @ 10 ml/kg seed mixed with sufficient amount of water to coat the seeds uniformly before sowing to protect seedlings during early growth stages.
 2. Soil Drenching: In standing crop, drench the soil around affected plants with suitable systemic fungicides. This should be done when disease incidence is noticed in isolated patches.
 3. Application Timing: Soil drenching is most effective when disease is detected early and limited to few plants. Treating entire field may not be economical.
 
Preventive Measures:
Avoid over-irrigation, particularly during flowering and boll formation stages. Maintain proper plant spacing, sow in lines 67.5 cm apart with a cotton sowing drill or cotton planter. The plants of non-Bt varieties within rows be kept 60 cm apart during thinning, whereas for PAU Bt 2 and PAU Bt 3, plant to plant spacing within row be kept 30 cm apart after thinning. However for Bt hybrids, plant-to-plant distance should be kept at 75 cm.Thinning may be done after first irrigation or heavy shower. Use raised bed planting in areas prone to waterlogging.
 
Important Note:
For specific fungicide recommendations, dosages, and integrated management strategies suitable for Punjab conditions, contact your nearest Krishi Vigyan Kendra (KVK) in Mansa district. KVK experts can provide location-specific guidance and conduct soil health assessment to develop a comprehensive disease management plan for your cotton field."
https://workdrive.zoho.in/file/gxtkoe2b4b63ce5c440868b13803b1d4dbfc4,698c020a6bca0c342047d02e,698bff986bca0c342047cf59,What is the recommended dose of Roundup (Glyphosate) herbicide for weed control in cotton fields?,"Glyphosate is a broad-spectrum, non-selective, post-emergence herbicide. It is widely used in cotton cultivation for controlling both grassy and broad-leaved weeds before sowing.
 
Glyphosate is available in various concentrations and formulations to control weeds. However, glyphosate is strictly used in non cropped areas only. Glyphosate is not recommended to be used in cropped fields due to its non selectivity. 

The use of glyphosate in a standing cotton crop can kill the entire crop, except in herbicide tolerant (HT) cotton varieties that are tolerant to glyphosate and used for weed control. However, HT cotton is not legally approved for cultivation in India. There are reports of illegal distribution of HT cotton seeds and their use in several states across India. Farmers are advised to remain vigilant against such unauthorized sellers and should not sow HT cotton seeds.

For further guidance on weed management strategies specific to your field conditions and cotton variety, contact your nearest Krishi Vigyan Kendra (KVK) in Barnala district. They can provide soil-specific recommendations and demonstrate proper application techniques for optimal weed control in cotton cultivation."
https://workdrive.zoho.in/file/f05xzf73a637b87224314ba10257761b8bdee,698c021e6bca0c342047d036,698bff986bca0c342047cf85,What is the gap period required between cobalt chloride spray and insecticide spray in cotton?,"Understanding the gap period between cobalt chloride application and insecticide spray is crucial for effective cotton crop management and preventing adverse interactions between different inputs.
 
About Cobalt Chloride in Cotton:
Cobalt chloride is sometimes used as a micronutrient supplement in cotton cultivation. Cobalt plays a role in nitrogen fixation and various enzymatic processes in plants. However, its use should be based on soil test recommendations and specific crop requirements.
 
Recommended Gap Period:
The standard gap period between cobalt chloride spray and insecticide application should be minimum 7-10 days. This interval is essential for several reasons:
 
 1. Chemical Compatibility: Allows the cobalt chloride to be absorbed by the plant without interference from insecticides that might alter its uptake or effectiveness.
 
 2. Plant Recovery: Gives the cotton plant adequate time to metabolize and utilize the applied cobalt chloride before introducing another chemical stress through insecticide application.
 
 3. Phytotoxicity Prevention: Prevents potential phytotoxic reactions that might occur when multiple chemicals interact on leaf surfaces or within plant tissues.
 
 4. Effectiveness Optimization: Ensures that both inputs work at their maximum efficiency without one compromising the other's action.
 
Important Considerations:
 
Spray Sequence Planning:
 - If both cobalt chloride and insecticide need to be applied, assess the urgency of pest pressure
 - If pest population is below Economic Threshold Level (ETL), apply cobalt chloride first and wait for the recommended gap
 - If pest pressure is severe (above ETL), prioritize insecticide application to prevent crop damage
 
Application Best Practices:
 - Always spray during early morning (6-10 AM) or late evening (4-6 PM) hours
 - Ensure proper coverage with recommended water volume (200-250 liters per acre)
 - Use clean spraying equipment to avoid contamination
 - Check weather conditions - avoid spraying if rain is expected within 6 hours
 
Safety Measures:
 - Wear protective equipment including gloves, mask, and full-sleeve clothing during application
 - Do not mix cobalt chloride with other chemicals unless specifically recommended
 - Maintain proper records of all spray applications with dates
 - Follow label instructions carefully for dosage and dilution
 
Integrated Approach:
For optimal cotton crop management:
 - Base micronutrient applications like cobalt chloride on soil testing results
 - Monitor pest populations regularly to time insecticide applications appropriately
 - Use IPM (Integrated Pest Management) practices including yellow sticky traps for monitoring
 - Consider biological control agents and need-based chemical sprays
 
Economic Threshold Levels for Major Cotton Pests:
 - Whitefly (Chita Machar): 5-8 adults per leaf
 - Pink Bollworm (Gulabi Sundi): 5-10% flower damage or 10% green boll damage
 - Jassids: 1-2 per leaf
 - Thrips: 5 per leaf
 
Special Note:
The gap period may vary slightly depending on the specific formulation of cobalt chloride and the type of insecticide being used. Some systemic insecticides may require longer gap periods, while contact insecticides might be applied after a shorter interval. However, maintaining a minimum 7-10 day gap is generally safe and effective.
 
KVK Referral:
For specific recommendations based on your soil conditions, cotton variety, pest pressure, and micronutrient requirements, please contact your nearest Krishi Vigyan Kendra (KVK) in Ferozepur district. They can provide soil testing facilities and customized spray schedules for your cotton crop.	 	 	 	 	 	 	 	 	 	 	 	 	 	 	 	 	 	 	 	"
https://workdrive.zoho.in/file/gxtko8eca36624c6541efa17d9d964a5f5e33,698c04cc6bca0c342047d0b0,698bff986bca0c342047cf6d,What is the recommended dosage and method of application for Planofix (NAA) in cotton cultivation?,"Naphthalene Acetic Acid or NAA is available in Alpha Naphthyl Acetic Acid 4.5% SL (Na salt) formulation. In cotton, it is used to o prevent shedding of flower squares & bolls. It is applied @ 90-180 ml in 400 liters of water. The recommended time of application is 3 sprays at 15 days interval from square formation stage.

Or CRIDA suggests the application of 40 ppm of Naphthalene Acetic Acid (NAA) at 60 and 90 DAS reduces bud and square dropping and improves boll setting. Mixing of 4 ml in 10 litres of water will give 40 ppm NAA solution.
 
For further guidance on timing and integration with your specific farming practices, contact your nearest Krishi Vigyan Kendra (KVK) in Bathinda district."
https://workdrive.zoho.in/file/f05xz4d7422350fe447c9a4504ab6f7b323e2,698c08436bca0c342047d0e5,698bff986bca0c342047cfac,What are the recommended cotton varieties for cultivation in Muktsar district of Punjab?,"For cotton cultivation in Muktsar district of Punjab, several high-yielding varieties and hybrids are recommended based on local agro-climatic conditions. 

Improved Varieties recommended by PAU are as follows:

Bt cotton variety :
- PAU Bt 3 (2022): It is a Bt cotton variety with inbuilt resistance against spotted and American bollworms. Its average seed cotton yield is 10.2 quintals per acre. Its average fibre length is 26.2 mm and ginning out turn is 36.5 %. It is tolerant to jassid and cottonleaf curl disease.

- PAU Bt 2 (2022): It is a Bt cotton variety with inbuilt resistance against spotted and American bollworms. Its average seed cotton yield is 10.0 quintals per acre. It possesses average fibre length of 27.6 mm and ginning outturn of 34.4 %. It matures in 160-165 days.It is tolerant to jassid and cotton leaf curl disease.

Bt cotton hybrids : Grow Bt cotton hybrids recommended by Punjab Agricultural University. The list of recommended Bt cotton hybrids will be published in PAU publications such as Changi Kheti & Progressive Farming and shall be widely publicized through leading newspapers and other magazines well before the planting season.

Non-Bt cotton:
-F 2228 (2015): Its’ maturity period is 180 days with an average seed cotton yield of 7.4 quintals per acre. It is moderately resistant to jassid and bacterial blight.

-LH 2108 (2013): It matures in 165-170 days with an average seed cotton yield of 8.4 quintals per acre.

 Key Management Recommendations:
 - Sowing Time: For Muktsar region, sow between April 1 to May 15 for optimal temperature conditions
 - Fertilizer Application: 
   Non- Bt varieties : Nitrogen 30 kg/acre ,phosphorous 12 kg/acre
   Bt varieties: Nitrogen 37 kg/acre , phosphorous 12 kg/acre,
   Bt hybrids  : Nitrogen 42 kg/acre ,phosphorous 12 kg/acre
 - Irrigation: Provide 5-6 irrigations at critical stages - square formation, flowering, peak boll development
 - Plant Protection: Monitor regularly for whitefly, pink bollworm, and leaf curl virus
 
All these varieties are approved by the Punjab Agricultural University (PAU) for cultivation in the cotton belt of Punjab. The choice among these should be based on your specific field conditions, irrigation availability, and market preference for fiber quality.
 
 For variety-specific recommendations, seed treatment protocols, and detailed cultivation packages, please contact your nearest Krishi Vigyan Kendra (KVK) in Muktsar district for expert guidance tailored to your farm conditions."
https://workdrive.zoho.in/file/x11zqa7a6d86e5a1b4280a30912d11f0a8808,698ff7786bca0c342047df57,698ff4db6bca0c342047de4c,Where can I get soil testing done for wheat cultivation?,"Soil testing is a crucial first step for successful wheat cultivation in Uttar Pradesh, particularly in Muzaffarnagar district. Understanding your soil's nutrient status helps optimize fertilizer application, reduce costs, and improve wheat yields.
 
Why Soil Testing is Important for Wheat:
Wheat (gehu) requires balanced nutrition for optimal growth and grain production. Soil testing helps determine the availability of essential nutrients like Nitrogen (N), Phosphorus (P), Potassium (K), Zinc (Zn), Sulphur (S), and soil pH. This prevents both deficiency and excess application of fertilizers, ensuring better crop performance and economic returns.
 
Where to Get Soil Testing Done in Muzaffarnagar:
 
1. Krishi Vigyan Kendra (KVK), Muzaffarnagar: This is your primary contact point for soil testing services. KVKs are established by the Indian Council of Agricultural Research (ICAR) specifically to provide technical support to farmers. The KVK in Muzaffarnagar has facilities for soil testing and provides detailed reports with fertilizer recommendations tailored for wheat cultivation. Tel. No.: +91 9411263753
Email : kvkmuzaffarnagar@gmail.com, 
 
2. District Agriculture Office: Contact the District Agriculture Officer in Muzaffarnagar. They can guide you to the nearest government soil testing laboratory and help you submit samples. state agriculture helpline (78398 83130). 
 
3. State Government Soil Testing Laboratories: Uttar Pradesh has a network of soil testing labs across districts. These labs provide subsidized or free soil testing services to farmers.
 
How to Collect Soil Samples for Wheat Fields:
 
1. Timing: Collect samples 2-3 weeks before sowing wheat (ideally in October for timely sown wheat).
 
2. Sampling Method: 
 - Divide your field into uniform areas (2-5 acres per composite sample)
 - Remove surface debris and dig V-shaped holes 6-8 inches deep
 - Collect soil from 8-10 random spots in zigzag pattern
 - Mix thoroughly and take 500g representative sample
 - Use clean plastic bags and label with your details
 
3. Information to Provide: Field location, previous crop history, current crop (wheat), irrigation source, and variety to be sown.
 
What the Soil Test Report Provides:
 
 - Soil pH: Wheat grows best in pH 6.0-7.5
 - Organic Carbon: Indicates soil health
 - Available NPK: Determines fertilizer requirements
 - Micronutrients: Especially Zinc, which is commonly deficient in UP soils
 - Fertilizer Recommendations: Specific doses for wheat based on your soil status
 
General Fertilizer Guidelines for Wheat in Muzaffarnagar:
For medium fertility soils, typical recommendations for wheat are:
 - Nitrogen: 50 kg/acre (in 2-3 splits)
 - Phosphorus: 24 kg /acre (basal application)
 - Potassium: 16 kg /acre (basal application)
 - Zinc Sulphate: 10 kg/acre if deficient (applied once in 3 years)
 
For Further Guidance:
For detailed information about soil testing facilities, sample submission procedures, and interpretation of soil test reports for wheat cultivation in Muzaffarnagar, please contact your nearest Krishi Vigyan Kendra (KVK). They provide hands-on training and personalized recommendations based on your farm's specific conditions and can help you develop a comprehensive nutrient management plan for maximizing wheat productivity."
https://workdrive.zoho.in/file/kkc9e36254e3c36434c2491cb1b2498962170,692a8581b202540091528a6c,692a6d7db202540091528a16,Information regarding the availability of subsidy for agri machinery,"Subsidies for agricultural machinery remain available in Punjab under the Sub-Mission on Agricultural Mechanization (SMAM) through 2025-26. It offers 40-50% financial assistance via Direct Bank Transfer (DBT) on machinery costs for individual farmers (higher for small/marginal categories), plus 50% for crop residue management tools like Happy Seeders and Super Seeders.​ Subsidies cover a wide range, including tractors, seed drills, harvesters, and residue management equipment. Under this subsidy scheme, Punjab-specific machinery such as DSR drills, boom sprayers, seeders, planters, mulchers, and power sprayers to promote diversification and reduce residue burning is also available. You can find the total list in the official portal. Register on agrimachinery.nic.in using your Aadhaar eKYC, choose an approved machine, buy it, and upload the bill for the DBT subsidy. For more information or if you want to calculate the subsidy amount, visit the following website: https://agrimachinery.nic.in/index/assistanceCalculator"
https://workdrive.zoho.in/file/kkc9e15bdee1d071b4b6caeef9acda3aa266d,692a9315b202540091528ab4,692a8cb4b202540091528a91,Information regarding that how to collect a soil sample for Soil testing for fertilizer recommendation,"Soil sampling is a very important step in soil testing because the accuracy of fertilizer recommendations depends completely on how well the soil is collected. A soil sample must truly represent the field, so farmers should collect many small samples from different spots—generally one combined sample for every two hectares, and never more than one sample for five hectares. For this, simple tools like a spade or auger, khurpi, sampling bags and a bucket are enough. Samples should be taken during the fallow period, or between crop rows if a crop is standing, and always in a zig-zag pattern so that the soil collected represents the whole field. Fields that look similar and have similar cropping history can be sampled together, but those that differ in colour, slope, drainage or past practices (like liming, gypsum or heavy fertilization) must be sampled separately. Avoid unusual spots such as dead furrows, wet patches, bund edges, near trees, manure heaps or irrigation channels, as these give misleading results. For shallow-rooted crops, collect soil up to 15 cm; for deep-rooted crops, collect up to 30 cm; and for orchards, take deeper profile samples. To collect, first divide the field into uniform parts, remove surface litter and either drive the auger to 15 cm depth to take soil, or if no auger is available, make a V-shaped cut with a spade and remove slices of soil from top to bottom. Collect 10–15 such subsamples in a bucket, mix well and prepare one final sample for testing. This careful sampling ensures accurate soil test results and better fertilizer recommendations for the farmer."
https://workdrive.zoho.in/file/v8ybo42afd3c07c37409a999044b146828182,692ad489b202540091528c06,692abbd5b202540091528b79,"Information regarding the contact no. of the District Mandi Officer, Fazilka ","Farmers of Fazilka district can contact the District Mandi Officer (DMO) for any help related to the sale and marketing of agricultural produce. The Deputy District Mandi Officer is Mr. Davinder Singh. You can contact him through the office landline 01638-262906 or you can also contact with Punjab State Agri-Marketing Board at 01722210125/ 01722210126/ 01725101674. The District Mandi Office is located in the Fazilka district, Punjab, usually within the district administration complex or mandi premises. For official communication, the commonly used government email ID is mandi.fazilka@punjab.gov.in. For updated contact details, notifications, and official information, you are advised to regularly visit the District Fazilka official website (https://fazilka.nic.in) and the Punjab State Agricultural Marketing Board website (http://mandiboard.punjab.gov.in). You can approach the District Mandi Officer for guidance on the sale of crops, mandi registration, MSP procurement, licensing issues, price information, grievance redressal, and details of government schemes related to agricultural marketing and mandi facilities. Visiting or contacting the DMO office helps you get correct guidance and timely support from the marketing department."
https://workdrive.zoho.in/file/f03zh93a7ef4256304c84b216eb1437018939,692d1ca2b202540091528d1b,692d1006b202540091528ca1,Information regarding the control of weeds in the vacant field before sowing of Wheat ,"To control weed in a vacant field or before sowing is essential for reducing early competition in wheat, and the most effective method is the stale seedbed technique, which depletes the shallow weed seed bank before sowing. This involves preparing the land 2–3 weeks early, applying a light irrigation to trigger weed germination, and then eliminating the emerged weeds either by spraying a non-selective herbicide like glyphosate/paraquat (ideal for zero-till) or by shallow mechanical cultivation that disturbs only the top 1–2 cm of soil. 

Along with this, cultural practices such as deep ploughing during summer , crop rotation with pulses or oilseeds, cleaning machinery to avoid weed seed transfer, and destroying volunteer plants at least two weeks before sowing help suppress persistent problems like Phalaris minor and improve long-term weed management."
https://workdrive.zoho.in/file/f03zh417b15f88b8c40f88992df6158edfe67,692d1d80b202540091528d1f,692d1006b202540091528ce4,Information regarding the nutrient management in Wheat crop,"For maximum productivity in Madhya Pradesh, nutrient management must be tailored to irrigation availability and sowing time, following the 4:2:1 NPK ratio for irrigated conditions. For timely sown irrigated wheat, the recommended dose is 48 kg Nitrogen (N), 24 kg Phosphorus (P₂O₅), and 16 kg Potash (K₂O) per acre (equivalent to 120:60:40 kg/ha); for late-sown irrigated, reduce this to 36 kg N, 24 kg P, and 16 kg K per acre (90:60:40 kg/ha); and for rainfed (unirrigated) wheat, apply a basal dose of 24 kg N, 12 kg P, and 8 kg K per acre (60:30:20 kg/ha). Regarding application timing, for irrigated crops, apply 50% of N and the full dose of P and K as a basal dose at sowing (preferably using NPK 12:32:16 or DAP + MOP), then top-dress the remaining 50% N in two equal splits at the first irrigation (CRI stage, 21 DAS) and second irrigation (40–45 DAS). To address widespread deficiencies in MP soils, apply Zinc Sulphate (21%) at 10 kg/acre or Zinc Sulphate (33%) at 6 kg/acre as a basal application every 2–3 years; if basal application is missed, spray Zinc Sulphate 33% (2 g/liter) + Urea (20 g/liter) at 35 and 55 DAS. Additionally, incorporating 4–6 tons of FYM per acre during the last ploughing and treating seeds with Azotobacter and PSB biofertilizers (5 g/kg seed) ensures integrated nutrient efficiency and sustained soil health."
https://workdrive.zoho.in/file/f03zha7ad24c3902940bf8610f221558306aa,692d3167b202540091528d97,692d1006b202540091528cde,Farmer needs information regarding how to increase size and production in wheat crop,"To increase wheat grain size and overall production, farmers should focus on balanced nutrition, proper water supply, and timely crop management so that the crop stays green and healthy for a longer grain filling period. Choose high-yielding and disease-resistant varieties suited to the local climate and sow on time, generally from the last week of October to the third week of November in Central India, to avoid frost or heat stress. Use certified seed and treat it with fungicides or bioagents like Trichoderma viride to protect against seed-borne diseases and maintain proper spacing so plants do not compete for food and light. Soil testing should guide fertilizer use. Apply nitrogen in split doses at sowing, crown root initiation, and the booting or flag leaf stage, and apply the full dose of phosphorus and potassium before sowing to support strong roots and better grain filling. Ensure the crop gets enough magnesium, zinc, and manganese for good grain size. Keep soil moisture adequate at crown root initiation, tillering, stem elongation, heading, and grain filling stages, and use efficient irrigation methods like sprinkler or furrow-irrigated raised beds to save water. Monitor the field regularly for pests such as aphids and termites and for diseases like yellow rust and loose smut and use resistant varieties and timely sprays when needed to protect the green leaf canopy. Finally, harvest the crop on time when grains become hard and the crop turns golden at about 13 to 14 percent moisture to avoid losses and maintain grain quality."
https://workdrive.zoho.in/file/wyumwe36e9f96ab07403eaef8034c91550e98,692d385db202540091528db5,692abbd5b202540091528b73,Information about charges taken by arhtiyas at the Mandi?,"In Punjab, the operations of commission agents, or arhtiyas, at regulated mandis are governed by the Punjab Agricultural Produce Markets Act, 1961 and the Punjab Market Committees Byelaws. Legally, the commission for agricultural commodities (except fruits and vegetables) is fixed at 2.50% of the sale value. In addition to this commission, there are standard mandi charges for services like weighing, loading/unloading, bagging, stitching, stacking, and brokerage, which are fixed per bag or per unit weight— for example, for a 50 kg bag, filling on scale is ₹0.83, weighing ₹0.78, unloading ₹0.63, stitching ₹0.45–0.55, loading ₹0.42, plus brokerage 0.16 per hundred rupees and temporary stacking 0.10 per bag. These charges are payable as per the byelaws and are separate from the commission. While the law sets these fixed rates, in practice, some reports claim that certain arhtiyas or commission agents charge higher or hidden fees, but officially, the commission for notified commodities cannot exceed 2.50%. Farmers should ensure that any charges beyond these fixed rates are not paid, as only the licensed arhtiya’s commission and mandi-handling charges as notified are legitimate."
https://workdrive.zoho.in/file/wyumw8e58c92ddbea4e54b9ff9d645ab9edde,692d385db202540091528db5,692abbd5b202540091528b73,Information about charges taken by arhtiyas at the Mandi?,"In Punjab, the operations of commission agents, or arhtiyas, at regulated mandis are governed by the Punjab Agricultural Produce Markets Act, 1961 and the Punjab Market Committees Byelaws. Legally, the commission for agricultural commodities (except fruits and vegetables) is fixed at 2.50% of the sale value. In addition to this commission, there are standard mandi charges for services like weighing, loading/unloading, bagging, stitching, stacking, and brokerage, which are fixed per bag or per unit weight— for example, for a 50 kg bag, filling on scale is ₹0.83, weighing ₹0.78, unloading ₹0.63, stitching ₹0.45–0.55, loading ₹0.42, plus brokerage 0.16 per hundred rupees and temporary stacking 0.10 per bag. These charges are payable as per the byelaws and are separate from the commission. While the law sets these fixed rates, in practice, some reports claim that certain arhtiyas or commission agents charge higher or hidden fees, but officially, the commission for notified commodities cannot exceed 2.50%. Farmers should ensure that any charges beyond these fixed rates are not paid, as only the licensed arhtiya’s commission and mandi-handling charges as notified are legitimate."
https://workdrive.zoho.in/file/wyumwbb2ea72a0acf45db8bc981f4df4fa4b6,692d3912b202540091528dbb,692d1006b202540091528cda,How to control black leaf spots in Wheat crop?,"Black Leaf Spot, technically known as Spot Blotch (Bipolaris sorokiniana), is a severe fungal disease in Madhya Pradesh that starts as small, oval, dark brown lesions on lower leaves and progresses upwards, causing ""scorched"" foliage and shriveled grains under warm, humid conditions (especially in late-sown crops). To control this, farmers must prioritize growing Central Zone-approved tolerant varieties such as HI 1544, MP 1201, or GW 322, and strictly avoid late sowing to minimize terminal heat stress which aggravates the disease. If symptoms appear (usually at the Booting to Heading stage), the most cost-effective official recommendation is a foliar spray of Propiconazole 25% EC at 200 ml per acre dissolved in 150–200 liters of water. For severe infections where premium control is affordable, farmers can use a combination fungicide like Tebuconazole 50% + Trifloxystrobin 25% WG at 120 g per acre (PHI: 21 days) or Picoxystrobin 22.52% SC at 400 ml per acre. Ensure the spray covers the flag leaf completely, and always observe a Pre-Harvest Interval (PHI) of 30 days for Propiconazole to ensure grain safety."
https://workdrive.zoho.in/file/wyumwe6c268e7ff914b899fe8b6cd182de81c,692d5e43b202540091528e68,692d29fdb202540091528d68,What is the use of Propiconazole fungicide in Wheat crop?,"Propiconazole 25% EC is the standard systemic fungicide recommended for the control of the Rust Complex (Yellow/Stripe Rust, Brown/Leaf Rust, and Black/Stem Rust) and Karnal Bunt. The precise recommended dosage is 200 ml per acre (500 ml/hectare) dissolved in 150–200 liters of water, applied using a knapsack sprayer with a hollow-cone nozzle to ensure thorough coverage of the foliage. This chemical works as an ergosterol biosynthesis inhibitor (DMI), providing both protective and curative action; therefore, the first spray should be applied immediately upon the appearance of the first rust pustules, typically around the boot leaf to heading stage, as protecting the flag leaf is critical for grain filling. A second spray can be applied after 15 days if disease pressure persists or humidity remains high (>80%), but farmers must strictly observe a Pre-Harvest Interval (PHI) of 30 days to ensure the grain is safe for consumption."
https://workdrive.zoho.in/file/l1tkdc87dcd77d9cc465b9c0eb570f8f1088e,692eb130b20254009152925e,692ab9c4b202540091528b55,How to use bio decomposer?,"Bio-decomposer is a microbial solution used to decompose crop residues, especially paddy straw, and convert them into organic manure. To use it, farmers must prepare a fermentation mixture by mixing 1 bottle of bio-decomposer with 2–5 kg jaggery, 2 kg besan (optional), and 200 litres of water in a drum, then allow it to ferment for 5–7 days with daily stirring. After harvesting, the prepared solution should be sprayed uniformly on crop residues at about 200 litres per acre, followed by light irrigation to maintain moisture. Incorporating the residue into the soil with a rotavator speeds up decomposition, which completes within 20–25 days. This method improves soil health, increases organic matter, and avoids residue burning."
https://workdrive.zoho.in/file/f03zhe2ca349513694e40800d22634f369d01,692fbd13eaef637561e78cc4,692a8cb4b202540091528a8f,Information regarding the contact number of Haryana Agricultural University (HISAR),"Chaudhary Charan Singh Haryana Agricultural University (CCS HAU), Hisar, provides dedicated support for farmers through its Directorate of Extension Education and toll-free helplines. The official website of CCS HAU is www.hau.ac.in. The main toll-free number for farmers and farm women is 1800-180-3001, available on Monday, Wednesday, and Friday from 10 AM to 12 PM. Farmers/farm women can also contact the CSSHAU Regional Research Station, Uchani (Karnal), Haryana, through 1800-180-3111 on Tuesday and Thursday from 11 AM to 12 PM. If farmers want to connect with the Director of Extension Education office, they can dial 01662-284320 or 01662-255328.
"
https://workdrive.zoho.in/file/ma9uqc8d68e298c9c4963b36da20a6c0bb4d6,692fc720eaef637561e78cef,692fbcf4eaef637561e78c9f,How to control white ear disease in Wheat crop?,"“White ear” (empty, bleached/white spikelets or whole whiteheads) in wheat can come from (A) insect damage, mainly pink stem borer/stem borers (Sesamia inferens and related stem borers) that cause “dead hearts” and “white ears”, or (B) ear/flower fungal infection such as Fusarium head blight/ear rot, or less commonly from severe nutrient/stress. Correct management depends on which one is causing the problem. To identify the problem, walk the field and inspect symptomatic plants: split the stem/sheath of plants with white ears. If you find tunnels, larvae, or frass inside stems, it’s almost certainly a stem borer (insect). If larvae are present, you’ll often see dead hearts earlier in the season and whiteheads at ear formation. If ears are bleached from the tip down and you see pink/white fungal mycelium, discoloured/ shrivelled grains, or powdery/greenish moulds between grains, suspect Fusarium/ear rot (FHB), commonly after humid/wet weather at flowering. Check for shrivelled, discoloured kernels and “pinkish” fungal growth on removed heads. If damage is patchy and associated with mechanical or bird damage, insect entry points or lodging, note those too; they help decide management. If the stem borer/pink stem borer is observed, destroy the stubble of the previous Kharif crop (Maize/Paddy/Jowar) where the larvae hibernate. Sowing in November reduces infestation compared to planting in October. If you see white ears or dead hearts in the field, apply insecticides immediately. Spray: Quinalphos 25% EC @ 400-500 ml per acre dissolved in 150-200 litres of water. Alternative: Chlorpyriphos 20% EC @ 1.0 to 1.2 Litres per acre via irrigation water or spray. If Fusarium head blight/ear rot is observed, avoid conditions favouring high humidity at flowering (if possible). Late irrigation/standing water around anthesis increases risk. Rotate crops; bury residues or use well-decomposed residue management to reduce inoculum. Use varieties with better tolerance/resistance where advised by local KVK/SAU/ICAR recommendations. Spray of Propiconazole 25% EC @ 200 ml/acre or Tebuconazole 38.39% SC @ 240 ml per acre in 200 litres of water."
https://workdrive.zoho.in/file/skuoeff15e8f04da74b6ca5e9b28c619b51b8,692fe1d6eaef637561e78d6c,692fbcf4eaef637561e78cb0,Farmer wants to know information about e uparjan ?,"The e-Uparjan portal in Madhya Pradesh is a digital platform for computerization of the foodgrain procurement system covering wheat, paddy, gram, mustard, and other crops across all districts to enable transparent online registration slot booking and direct MSP payments to farmers' Aadhaar-linked bank accounts. The main aim is to reinvent procurement through digital monitoring, eliminating middlemen and ensuring timely payments within 7-10 days, and covering the entire state with six key stages, including farmer registration slot booking, grain procurement, transportation, storage, and payment. To participate, visit https://mpeuparjan.nic.in and select the current season, like Rabi 2025-26, and click Farmer Registration. Enter the Samagra ID, mobile number, or farmer code in the search profile; fill in personal bank, land details, and crop type; select the estimated yield; select the procurement center; upload a photo; and submit, receiving SMS confirmation with the application number. After registration, book a slot via OTP verification on the calendar, choose the date and center, and confirm via SMS, deliver grain to the center with acknowledgment for the quality check receipt and payment via PFMS. No re-registration is needed for previous users. Reach out via the official portal https://mpeuparjan.nic.in or app from the Google Play Store, with free registration at gram panchayat, tehsil offices, and cooperatives, or up to a Rs 50 fee at CSC MP Online kiosks. Contact the district food office for support. Documents required include Samagra ID, Aadhaar, bank passbook, land records, photo, and mobile, ensuring Aadhaar linkage for a seamless process targeting all MP farmers for MSP sales."
https://workdrive.zoho.in/file/skuoe29102843464f47df9a156fd11d298c19,692ff9feeaef637561e78dd7,692fbcf4eaef637561e78ca8,Market price information of Wheat crop,"Mandi rates of Wheat are dynamic and can change daily based on supply, demand, and quality. The price of Gram can vary from one market (mandi) to another within the state. As of the latest available data, as of recent mandi listings (late Nov 2025), wheat in Datia mandis is trading roughly between ₹2,460 and ₹2,532 per quintal, depending on variety/market; check live prices on Agmarknet / e-NAM / district mandi pages before selling and follow FCI/state procurement (MSP) rules for quality & moisture. https://www.napanta.com/market-price/madhya-pradesh/datia/datia/03-dec-2025, https://www.agmarknet.gov.in/home "
https://workdrive.zoho.in/file/p6f8l3f83bc7a79aa4caaa148ec7082afdec1,69301a6ceaef637561e78e7b,692ff190eaef637561e78da4,Farmer wants to make a complaint regarding the market,"If you want to make a complaint regarding problems in the agricultural market (mandi), such as low price, illegal deductions, wrong weighing, payment delays, MSP-related issues, or trader misconduct, there are several official and authentic government channels available. You can submit your complaints to the Madhya Pradesh State Agricultural Marketing Board (MP Mandi Board), complaints can also be lodged directly at the local APMC (Krishi Upaj Mandi Samiti) office, and their official portal is https://mpmandiboard.in, or with the local District Mandi Officer (DMO), who handles mandi-related issues at the district level. In addition, you can file complaints on the Department of Agriculture & Farmers Welfare, Government of India, portal https://agriwelfare.gov.in/en/FarmWelfare, under the grievance section for MSP, procurement, or unfair market practices. If the mandi is linked with e-NAM, complaints regarding online trading, weighing, or payment delays can be registered through the e-NAM portal https://www.enam.gov.in/ or mobile app (- Help / Grievance section). You can also call the Kisan Call Centre at 1800-180-1551 to register your complaint in the local language and receive official guidance. To ensure faster and effective resolution, you should keep details such as mandi name, date of sale, crop, quantity, rate received, and any receipt or weigh slip. For any complaint related to the Mandi (Trade Centre/Arthiya) in Madhya Pradesh, you can also call the CM Helpline at 181. This toll-free number is active from 7 AM to 11 PM. "
https://workdrive.zoho.in/file/bl5am01334950a12d4f6eb37a91851f1d542a,693109b83fc0a75a60d792c0,693104163fc0a75a60d792af,The farmers want to know information about the milking stage of Wheat,"The milking stage in wheat is a crucial reproductive phase when the kernel develops a white milky fluid inside as the endosperm starts forming and begins accumulating starch and proteins that determine the final yield and grain quality. This stage generally appears around 100 to 105 days after sowing in a timely sown irrigated crop or about one to two weeks after flowering, depending on variety, temperature and day length. During this stage, the kernels increase in size and when pressed between the fingers, release a milky white liquid while the grain is still green but has reached its full size. It is considered one of the most important periods for irrigation because any water stress can reduce grain filling, leading to shrivelled grains and lower yield. Regular monitoring of pests and diseases is also essential so that the flag leaf remains healthy, as it supplies food to the developing grains. High temperatures above 30 degrees Celsius during this period can shorten grain filling and reduce both yield and quality. After the milk stage, the crop moves to the dough stage, where moisture decreases, and the kernel advances toward physiological maturity."
https://workdrive.zoho.in/file/bl5am420ecb8d389945cdbc87645d2e739df9,69310b423fc0a75a60d792c4,693104163fc0a75a60d792a6,Farmer wants to know information about water management in shri ram super 303 wheat variety. ,"Shri Ram Super 303 (also known as Shriram Super 303) is a high-yield, Rabi-season wheat variety suited for Madhya Pradesh conditions. As per MP POP, the newly released varieties developed by JNKV usually need only 3–4 irrigations instead of the earlier 5–6 irrigations. However, since Shriram Super 303 is a commercial variety, official water management data is not available on the company website either. In general, 4–5 irrigations are sufficient, but for more accurate guidance, you can also consult the company representative or your nearby KVK Subject Matter Specialist. If only one irrigation is available, apply it at around 40–45 days after sowing. If two irrigations are available, apply one at the crown root initiation stage (20-25 DAS) and the second after flowering. For three irrigations, apply at the crown stage, at full bud emergence, and during grain formation. If four irrigations are available, apply them at the crown stage, full bud stage, flowering stage, and milky stage. As per company data, it is also well-suited for semi-arid areas, especially where rainfall is irregular and unpredictable. Efficient methods like drip irrigation and laser land leveling help make the best use of available water, especially in regions with erratic rainfall. Practices such as rainwater harvesting and mulching also improve soil moisture retention and support better crop growth."
https://workdrive.zoho.in/file/bl5am967d58064bc447c6abe8c2d0d03b177b,693116a83fc0a75a60d79303,693104163fc0a75a60d792ae,The farmer wants to know information about avoiding damage to Wheat crop by birds,"Bird damage in wheat becomes significant from the milky stage to the dough stage, when grains are soft and easily pecked. The most common bird species seen feeding in wheat include rose-ringed parrots (Psittacula krameri), which attack in flocks and cause heavy grain loss; common myna (Acridotheres tristis) and jungle myna, which selectively peck developing grains; house sparrow (Passer domesticus), which feeds on soft grains in early morning hours; and sometimes rock pigeon, which causes scattered but repetitive damage. To protect the crop, a multi-layered approach is necessary because birds adapt quickly if only one method is used. 

Visual deterrents should be placed early—such as shiny reflective tapes, old CDs, silver-coloured plastic strips, rotating reflectors, fluttering flags, scare balloons, and scarecrows—as these create movement and flashes of light that discourage birds from settling. These must be shifted every 2–3 days to retain effectiveness, since birds become familiar with static objects.

Sound deterrents like bamboo clappers, tin cans, rustling plastic sheets, metal plates, or manually operated rattles help during peak feeding times, especially early morning and late afternoon. Farmers with larger fields may also use time-based sound alarms to create intermittent disturbance. For high-value or small plots, nylon netting, bird mesh, or thin plastic fencing can dramatically reduce damage by providing physical exclusion—this method is recommended when bird pressure is persistently high. 

Installing T-shaped perches around the field allows predatory birds such as kites, hawks, and owls to naturally control smaller crop-feeding birds, creating a biological balance. Farmers should also keep field bunds clean, avoid leaving leftover grain after threshing, and maintain visible human activity around the field at critical stages, as this reduces the field’s attractiveness.
"
https://workdrive.zoho.in/file/bl5am8e99587a18094bd594864cd95310a495,6931187f3fc0a75a60d79307,692fed5ceaef637561e78d82,What is the use of mycorrhiza and urea in Wheat crop?,"Mycorrhiza (mainly AMF) forms a symbiotic partnership with wheat roots, expanding the plant’s underground reach through a dense network of fungal hyphae that help absorb hard-to-reach nutrients like phosphorus, zinc, and copper, while also improving moisture availability and soil structure through glomalin production; this early colonization makes the crop stronger, more stress-tolerant, and less dependent on high doses of phosphatic fertilizers. Urea, on the other hand, supplies the essential nitrogen needed for vigorous vegetative growth, chlorophyll formation, and higher tiller and grain development. Still, it works best when applied in splits—basal plus CRI and possibly jointing—to reduce losses. When both inputs are used together correctly, wheat benefits from the synergy of improved phosphorus mobilization (from AMF) and strong nitrogen-driven biomass development (from urea), but excessive nitrogen—especially too much urea during the early stages—can reduce AMF colonization because the plant becomes less reliant on fungal assistance. Therefore, balanced nitrogen application and timely mycorrhiza inoculation ensure strong root–soil interaction, better nutrient-use efficiency, and improved final yield."
https://workdrive.zoho.in/file/bl5am35f592a6aee349039c33486e873dcf7a,6931187f3fc0a75a60d79307,692fed5ceaef637561e78d82,What is the use of mycorrhiza and urea in Wheat crop?,"Mycorrhiza (mainly AMF) forms a symbiotic partnership with wheat roots, expanding the plant’s underground reach through a dense network of fungal hyphae that help absorb hard-to-reach nutrients like phosphorus, zinc, and copper, while also improving moisture availability and soil structure through glomalin production; this early colonization makes the crop stronger, more stress-tolerant, and less dependent on high doses of phosphatic fertilizers. Urea, on the other hand, supplies the essential nitrogen needed for vigorous vegetative growth, chlorophyll formation, and higher tiller and grain development. Still, it works best when applied in splits—basal plus CRI and possibly jointing—to reduce losses. When both inputs are used together correctly, wheat benefits from the synergy of improved phosphorus mobilization (from AMF) and strong nitrogen-driven biomass development (from urea), but excessive nitrogen—especially too much urea during the early stages—can reduce AMF colonization because the plant becomes less reliant on fungal assistance. Therefore, balanced nitrogen application and timely mycorrhiza inoculation ensure strong root–soil interaction, better nutrient-use efficiency, and improved final yield."
https://workdrive.zoho.in/file/kqvfr32f61ff9dbdd422e925b2acbc54b8a37,693151b13fc0a75a60d7943b,69314d423fc0a75a60d79415,The farmer wants to get information regarding the burning of wheat stubble (husk),"Burning wheat stubble is a harmful practice that should be avoided because it causes serious damage to the environment, soil, and human health. It releases heavy air pollutants like particulate matter, carbon monoxide, and greenhouse gases that create smog and lead to respiratory problems and eye irritation. Burning also destroys beneficial soil organisms, organic matter, and important nutrients such as nitrogen, phosphorus, potassium, and sulfur, which weakens soil structure, reduces water holding capacity, and harms long-term fertility. This results in economic losses because soil health declines and crop yields drop over time, along with higher medical expenses due to pollution-related illnesses. Instead of burning, farmers can use safe and effective alternatives like the Happy Seeder machine, which cuts and lifts stubble, sows wheat, and spreads the residue as mulch. Bio-enzyme solutions such as PUSA bio-enzyme help in decomposing stubble quickly and convert it into useful manure that enriches the soil. In-situ residue management methods like using stubble rakes and straw balers allow stubble to be collected and converted into bales for biogas, biofertilizer, or fuel pellets. Crop diversification to maize, beans, or lentils, and using shorter-duration paddy varieties also reduce stubble load and give more time for natural decomposition before the wheat season."
https://workdrive.zoho.in/file/kqvfr8ff85d5b082049a198efe2fb10bbd5c5,693151b13fc0a75a60d7943b,69314d423fc0a75a60d79415,The farmer wants to get information regarding the burning of wheat stubble (husk),"Burning wheat stubble is a harmful practice that should be avoided because it causes serious damage to the environment, soil, and human health. It releases heavy air pollutants like particulate matter, carbon monoxide, and greenhouse gases that create smog and lead to respiratory problems and eye irritation. Burning also destroys beneficial soil organisms, organic matter, and important nutrients such as nitrogen, phosphorus, potassium, and sulfur, which weakens soil structure, reduces water holding capacity, and harms long-term fertility. This results in economic losses because soil health declines and crop yields drop over time, along with higher medical expenses due to pollution-related illnesses. Instead of burning, farmers can use safe and effective alternatives like the Happy Seeder machine, which cuts and lifts stubble, sows wheat, and spreads the residue as mulch. Bio-enzyme solutions such as PUSA bio-enzyme help in decomposing stubble quickly and convert it into useful manure that enriches the soil. In-situ residue management methods like using stubble rakes and straw balers allow stubble to be collected and converted into bales for biogas, biofertilizer, or fuel pellets. Crop diversification to maize, beans, or lentils, and using shorter-duration paddy varieties also reduce stubble load and give more time for natural decomposition before the wheat season."
https://workdrive.zoho.in/file/kqvfr4bc6f4391b3f460689dc63a6b8b9d7ba,69315d453fc0a75a60d7947b,69314d423fc0a75a60d79408,The farmer wants to know information about the harmful effects of narvaai burning,"Narvai (or Narwai) refers to the crop residual or stubble left in the field after the harvesting of crops like wheat and paddy, particularly in parts of Central and Northern India (such as Madhya Pradesh, Punjab, and Haryana). Wheat residue burning was earlier mainly seen in North India, but it is now increasing in Central India as well, particularly in major wheat-producing states such as Madhya Pradesh, Maharashtra, and Chhattisgarh. It is mainly done to clear the fields for the next crop. Burning narvai has severe negative consequences. Burning narvai releases pollutants like PM2.5, PM10, CO, NOx, VOCs, and SO2, leading to respiratory issues such as asthma, bronchitis, COPD, skin irritation, nausea, blurred vision, and allergies. Long-term exposure increases the risks of cardiovascular diseases, heart attacks, strokes, and even temporary blindness or reduced milk production in livestock due to carbon monoxide poisoning. Due to high heat, it causes a loss of nutrients, kills beneficial microflora and fauna in the soil, and also depletes organic matter, ultimately reducing soil fertility. Narvai burning also emits greenhouse gases (CO₂ and CH₄), contributing to global warming and smog formation, leading to poor air quality, especially in wheat belts like Madhya Pradesh. It also harms wildlife, insects, birds, and ecosystems by polluting the air and degrading habitats. So, it is recommended to effectively manage it (livestock feed, mulching, decomposer, etc.) instead of burning. "
https://workdrive.zoho.in/file/kqvfrdc9bdfe6664b4af7b77b60687b89b31f,69315d453fc0a75a60d7947b,69314d423fc0a75a60d79408,The farmer wants to know information about the harmful effects of narvaai burning,"Narvai (or Narwai) refers to the crop residual or stubble left in the field after the harvesting of crops like wheat and paddy, particularly in parts of Central and Northern India (such as Madhya Pradesh, Punjab, and Haryana). Wheat residue burning was earlier mainly seen in North India, but it is now increasing in Central India as well, particularly in major wheat-producing states such as Madhya Pradesh, Maharashtra, and Chhattisgarh. It is mainly done to clear the fields for the next crop. Burning narvai has severe negative consequences. Burning narvai releases pollutants like PM2.5, PM10, CO, NOx, VOCs, and SO2, leading to respiratory issues such as asthma, bronchitis, COPD, skin irritation, nausea, blurred vision, and allergies. Long-term exposure increases the risks of cardiovascular diseases, heart attacks, strokes, and even temporary blindness or reduced milk production in livestock due to carbon monoxide poisoning. Due to high heat, it causes a loss of nutrients, kills beneficial microflora and fauna in the soil, and also depletes organic matter, ultimately reducing soil fertility. Narvai burning also emits greenhouse gases (CO₂ and CH₄), contributing to global warming and smog formation, leading to poor air quality, especially in wheat belts like Madhya Pradesh. It also harms wildlife, insects, birds, and ecosystems by polluting the air and degrading habitats. So, it is recommended to effectively manage it (livestock feed, mulching, decomposer, etc.) instead of burning. "
https://workdrive.zoho.in/file/kqvfrf2777d9eef574427b2790c092e148d9d,69315d453fc0a75a60d7947b,69314d423fc0a75a60d79408,The farmer wants to know information about the harmful effects of narvaai burning,"Narvai (or Narwai) refers to the crop residual or stubble left in the field after the harvesting of crops like wheat and paddy, particularly in parts of Central and Northern India (such as Madhya Pradesh, Punjab, and Haryana). Wheat residue burning was earlier mainly seen in North India, but it is now increasing in Central India as well, particularly in major wheat-producing states such as Madhya Pradesh, Maharashtra, and Chhattisgarh. It is mainly done to clear the fields for the next crop. Burning narvai has severe negative consequences. Burning narvai releases pollutants like PM2.5, PM10, CO, NOx, VOCs, and SO2, leading to respiratory issues such as asthma, bronchitis, COPD, skin irritation, nausea, blurred vision, and allergies. Long-term exposure increases the risks of cardiovascular diseases, heart attacks, strokes, and even temporary blindness or reduced milk production in livestock due to carbon monoxide poisoning. Due to high heat, it causes a loss of nutrients, kills beneficial microflora and fauna in the soil, and also depletes organic matter, ultimately reducing soil fertility. Narvai burning also emits greenhouse gases (CO₂ and CH₄), contributing to global warming and smog formation, leading to poor air quality, especially in wheat belts like Madhya Pradesh. It also harms wildlife, insects, birds, and ecosystems by polluting the air and degrading habitats. So, it is recommended to effectively manage it (livestock feed, mulching, decomposer, etc.) instead of burning. "
https://workdrive.zoho.in/file/kqvfr5e20bf1f7e7142ab86da5cd538839a9d,693161a83fc0a75a60d7948c,69314d423fc0a75a60d79419,The farmer wants to know the information about solving the problem faced during wheat harvesting by harvester,"During wheat harvesting, farmers commonly face two major types of problems with combine harvesters—mechanical issues and excessive grain loss—and both can be minimized through proper machine settings and regular maintenance. Mechanical problems such as header clogging occur when wet or dense crop material blocks the feed area, which can be prevented by adjusting the reel height and keeping reel speed slightly higher than the forward speed. Drum blockages can be reduced by increasing concave clearance in wet crops, while engine overheating can be avoided by cleaning radiator screens daily and maintaining coolant levels. Loose or worn belts and chains must be checked and tightened regularly to prevent slipping and power loss. Grain loss—especially at the header—is the most expensive issue, and is usually caused by excessive forward speed, improper reel speed, wrong cutter bar height, or poor threshing/separation settings. Farmers should run the combine at 1.5–6 km/h, keep reel speed 1.1–1.2 times forward speed, and maintain proper concave clearance (about 10–15 mm for wheat). Threshing drum speed, sieves, and fan speed should be fine-tuned so grain is fully threshed without cracking and chaff is blown out without blowing grain away. Before harvest, preventive maintenance such as oil and filter changes, checking belt tension, sharpening cutter blades, and thoroughly cleaning sieves and straw walkers ensures smooth operation and reduces losses."
https://workdrive.zoho.in/file/kqvfr51534c8ae6ce4e24b9af21b8eaf30709,693166373fc0a75a60d794ab,69314d423fc0a75a60d79401,Information regarding the green manuring ,"Green manuring is an effective practice for improving soil fertility and nitrogen availability in wheat-growing regions of Madhya Pradesh. Legume green manures such as dhaincha, sunhemp, cowpea, moong, urd, and vetch species are grown during the kharif fallow period for 40–50 days and then incorporated into the soil before wheat sowing. These crops fix atmospheric nitrogen, add 20–60 kg N per acre, increase soil organic matter, improve soil structure and moisture retention, and reduce the need for chemical nitrogen fertilizers by 20–40%. Research shows that mixed common vetch and hairy vetch can even substitute up to 40% of chemical N without reducing wheat yield, while significantly improving nitrogen uptake, N-use efficiency (NUE), and soil health. Incorporating green manure at flowering stage allows 15–20 days of decomposition, after which wheat can be sown with a reduced nitrogen dose. Overall, green manures enhance tillering, root growth, microbial activity, and long-term soil productivity in wheat-based systems of MP."
https://workdrive.zoho.in/file/kqvfrb738dd8e49854277a5bd51cb671f31a4,69316cee3fc0a75a60d794d7,69314d423fc0a75a60d79410,The farmer wants to know whether crop residues should be mixed with the soil or not after harvesting the wheat crop with harvester,"After harvesting, the crop residue should be mixed or incorporated into the soil rather than removed or burned. This practice enhances soil health and supports sustainable farming in rice-wheat systems.​ Crop residue is the primary source of organic matter, which is vital for soil health. Incorporating it adds carbon (C) and other compounds into the soil, improving the soil's structure and water-holding capacity. Wheat residue contains significant amounts of plant nutrients, including nitrogen (N), phosphorus (P), potassium (K), and sulfur (S). Returning this biomass to the soil recycles these nutrients, reducing the need for chemical fertilizers over time. In contrast, burning can result in the loss of soil microbes and available nutrients.  Residue left on the surface acts as a mulch; it shades the soil and significantly reduces water evaporation, which is especially important during the hot summer months. Retained residue helps in improving soil infiltration rate and also reduces erosion. Burning residue releases large amounts of greenhouse gases like carbon dioxide and methane, smoke, and particulate matter (PM2.5), which cause severe air pollution and health issues. Mixing or retaining the residue eliminates this pollution. But it has one negative or challenging aspect also. Immediate incorporation can temporarily immobilize nitrogen, potentially lowering yields in the next crop. To prevent this temporary nitrogen deficiency, you need to apply an extra starter dose of nitrogen fertilizer at the time of incorporating the straw. This ensures the microbes have enough N for decomposition while leaving sufficient N for the new seedlings. "
https://workdrive.zoho.in/file/go70v06564f622cb041e293982b0375b10569,6932790911d833f176e3242c,693178503fc0a75a60d79527,The farmer wants to know in how many days does urea become useful for crops,"Urea becomes useful to crops within about 2–7 days after application. After application, urea first breaks down in the soil through the urease enzyme into ammonium (NH₄⁺) and then converts into nitrate (NO₃⁻), which is the form of nitrogen that plants can absorb easily. Under Indian field conditions, especially when the soil is moist, warm (around 25–35°C), and followed by light irrigation or rainfall, urea usually starts becoming effective within 2–4 days, and most of its nitrogen becomes available within 3–7 days. As per ICAR recommendations, urea should always be applied at active crop growth stages and preferably with irrigation or before rainfall to reduce nitrogen loss and improve uptake. In the wheat crop, urea should be applied followed by irrigation, so that nitrogen becomes available within a few days for tillering and crown root development. In soils like black cotton soils of Madhya Pradesh, research shows that 50–90% urea hydrolysis is completed within 3–7 days when moisture is sufficient. Farmers are advised to avoid applying urea on dry soil, as this delays availability and can cause 20–30% nitrogen loss, and to use split doses for better nitrogen use efficiency and higher yield."
https://workdrive.zoho.in/file/go70v462fc65db3e74bea884c2a312e3d82c6,6932790911d833f176e3242c,693178503fc0a75a60d79527,The farmer wants to know in how many days does urea become useful for crops,"Urea becomes useful to crops within about 2–7 days after application. After application, urea first breaks down in the soil through the urease enzyme into ammonium (NH₄⁺) and then converts into nitrate (NO₃⁻), which is the form of nitrogen that plants can absorb easily. Under Indian field conditions, especially when the soil is moist, warm (around 25–35°C), and followed by light irrigation or rainfall, urea usually starts becoming effective within 2–4 days, and most of its nitrogen becomes available within 3–7 days. As per ICAR recommendations, urea should always be applied at active crop growth stages and preferably with irrigation or before rainfall to reduce nitrogen loss and improve uptake. In the wheat crop, urea should be applied followed by irrigation, so that nitrogen becomes available within a few days for tillering and crown root development. In soils like black cotton soils of Madhya Pradesh, research shows that 50–90% urea hydrolysis is completed within 3–7 days when moisture is sufficient. Farmers are advised to avoid applying urea on dry soil, as this delays availability and can cause 20–30% nitrogen loss, and to use split doses for better nitrogen use efficiency and higher yield."
https://workdrive.zoho.in/file/go70v41bbde74d442444081b4d0cc76a1953d,6932790911d833f176e3242c,693178503fc0a75a60d79527,The farmer wants to know in how many days does urea become useful for crops,"Urea becomes useful to crops within about 2–7 days after application. After application, urea first breaks down in the soil through the urease enzyme into ammonium (NH₄⁺) and then converts into nitrate (NO₃⁻), which is the form of nitrogen that plants can absorb easily. Under Indian field conditions, especially when the soil is moist, warm (around 25–35°C), and followed by light irrigation or rainfall, urea usually starts becoming effective within 2–4 days, and most of its nitrogen becomes available within 3–7 days. As per ICAR recommendations, urea should always be applied at active crop growth stages and preferably with irrigation or before rainfall to reduce nitrogen loss and improve uptake. In the wheat crop, urea should be applied followed by irrigation, so that nitrogen becomes available within a few days for tillering and crown root development. In soils like black cotton soils of Madhya Pradesh, research shows that 50–90% urea hydrolysis is completed within 3–7 days when moisture is sufficient. Farmers are advised to avoid applying urea on dry soil, as this delays availability and can cause 20–30% nitrogen loss, and to use split doses for better nitrogen use efficiency and higher yield."
https://workdrive.zoho.in/file/go70v8364740c7dd84b77849c7e01d1dafe33,6932811311d833f176e3244e,6932597511d833f176e323d3,The farmer wants to know about the solution of the problem in Wheat procurement ,"Wheat procurement in Madhya Pradesh often faces challenges such as delayed payments to farmers due to the decentralized procurement system, which puts financial burden on state agencies responsible for buying and storing wheat. Issues like insufficient storage capacity, slow lifting from mandis, and administrative delays create bottlenecks. Additionally, procurement sometimes becomes uneven because farmers experience confusion about registration timelines, slot booking, and delivery schedules. Leakages, diversion of stocks, and lack of transparency at procurement centers also reduce farmer confidence, leading to lower participation in recent seasons.

To address these problems, the state has begun strengthening digital monitoring and transparency measures. QR-coded sacks, real-time tracking, CCTV monitoring at warehouses, and centralized control rooms have been introduced to reduce manipulation and improve supervision. The government has also sought centralised procurement support from FCI to reduce financial strain and ensure faster settlement of dues. Bonus payments over MSP, timely declaration of procurement dates, and improved documentation processes are steps taken to streamline operations. By improving warehouse capacity, ensuring secure grain movement, and making payment systems more prompt, the state aims to rebuild farmers’ trust.

Farmers can also play an active role in smooth procurement by registering on time, booking slots early, and bringing produce within allocated timings to avoid congestion at mandis. They should keep all records including sale receipts, weighing slips, and bank details updated to receive payments without delay. Checking announcements related to last dates, procurement window, and bonuses ensures that they benefit fully. Farmers should report any irregularities at procurement centers to local officials and avoid selling at lower rates to middlemen when MSP procurement is operational."
https://workdrive.zoho.in/file/go70v72c1a352085e4227ae89ee378b8d61f6,6932811311d833f176e3244e,6932597511d833f176e323d3,The farmer wants to know about the solution of the problem in Wheat procurement ,"Wheat procurement in Madhya Pradesh often faces challenges such as delayed payments to farmers due to the decentralized procurement system, which puts financial burden on state agencies responsible for buying and storing wheat. Issues like insufficient storage capacity, slow lifting from mandis, and administrative delays create bottlenecks. Additionally, procurement sometimes becomes uneven because farmers experience confusion about registration timelines, slot booking, and delivery schedules. Leakages, diversion of stocks, and lack of transparency at procurement centers also reduce farmer confidence, leading to lower participation in recent seasons.

To address these problems, the state has begun strengthening digital monitoring and transparency measures. QR-coded sacks, real-time tracking, CCTV monitoring at warehouses, and centralized control rooms have been introduced to reduce manipulation and improve supervision. The government has also sought centralised procurement support from FCI to reduce financial strain and ensure faster settlement of dues. Bonus payments over MSP, timely declaration of procurement dates, and improved documentation processes are steps taken to streamline operations. By improving warehouse capacity, ensuring secure grain movement, and making payment systems more prompt, the state aims to rebuild farmers’ trust.

Farmers can also play an active role in smooth procurement by registering on time, booking slots early, and bringing produce within allocated timings to avoid congestion at mandis. They should keep all records including sale receipts, weighing slips, and bank details updated to receive payments without delay. Checking announcements related to last dates, procurement window, and bonuses ensures that they benefit fully. Farmers should report any irregularities at procurement centers to local officials and avoid selling at lower rates to middlemen when MSP procurement is operational."
https://workdrive.zoho.in/file/go70v19704f7d39b0455784d3d335ffc8e45d,6932832411d833f176e32462,69314d423fc0a75a60d79412,What kind of damage is caused by crop stubble?,"Crop stubble, especially rice straw left after harvest, can affect the next wheat crop only when it is not managed properly. Heavy and uneven stubble on the field can create problems at sowing by preventing good seed–soil contact. This may result in poor germination, uneven plant stand, and weak early crop growth, particularly if wheat is sown using unsuitable implements.

Rice stubble has a high carbon-to-nitrogen ratio, so when it starts decomposing, soil microorganisms temporarily use available nitrogen. This can cause early yellowing and slow growth of wheat seedlings, especially if extra nitrogen is not applied at sowing. However, this effect is temporary and can be easily managed by applying 20–25% additional nitrogen as a starter dose.

If fields with heavy stubble are not properly managed, they may provide shelter for pests like termites and rodents, which can damage wheat plants. In rice–wheat areas, pink stem borer larvae may survive in standing stubble and later attack young wheat plants, causing dead hearts. These problems increase mainly when residues are left unmanaged and pest monitoring is ignored.

Crop residue itself is not harmful when managed correctly. Burning of stubble is not recommended, as it causes severe loss of soil nutrients, organic carbon, beneficial microorganisms, and leads to air pollution. Instead, ICAR recommends in-situ residue management using machines like the Happy Seeder, Super SMS, or straw mulcher, which allow wheat sowing directly into standing stubble.

When wheat is sown using the Happy Seeder with proper nitrogen management, irrigation, and pest monitoring, there is no yield loss. In fact, long-term research shows that residue retention improves soil moisture, soil structure, and organic matter, leading to stable or higher wheat yields over time.

In summary, damage to wheat is caused not by stubble itself, but by improper stubble management. "
https://workdrive.zoho.in/file/go70v0e53cab1fc734ffeafc5e80ff6843473,693288ac11d833f176e32468,6932597511d833f176e323cf,The farmer wants information about the registration date of Wheat crop under E-Uparjan yojna,"Wheat registration under e-Uparjan Yojana for the Rabi 2025-26 season in Madhya Pradesh began on January 20, 2025, and runs until March 31, 2025. As of December 2025, the government has not announced the registration date for wheat procurement for the upcoming rabi season (2026-27). Because wheat sowing starts from late October 2025, and harvesting will begin around March 2026. As per the previous year's trend, farmer registration on the e-Uparjan portal usually starts in January-February (last year it started on January 20, 2025, and ran through March 31, 2025). The MP Food and Civil Supplies Department will announce the exact dates for registration and slot booking in January or February 2026. Please check the official government notifications regularly."
https://workdrive.zoho.in/file/f03zhb252a46d39b84ce18be4480acedbfdcb,693295fc11d833f176e3248d,6932913511d833f176e32479,The farmer wants to know how much quantity of Wheat will be purchased per hectare through MSP,"Under the Madhya Pradesh e-Uparjan procurement policy for the Rabi Marketing Season (RMS) 2024–25 and the upcoming 2025–26, the maximum quantity of wheat purchased from a farmer in Vidisha district is strictly capped at the District Average Yield (Ausat Upaj) notified by the District Collector based on Crop Cutting Experiments (CCE) for that specific tehsil and irrigation status (irrigated vs. non-irrigated). While the exact yield limit varies annually, for Vidisha (a high-productivity zone), the procurement limit typically ranges between 40–45 quintals per hectare (approx. 16–18 quintals/acre) for irrigated wheat. For the upcoming RMS 2025–26, the Minimum Support Price (MSP) has been fixed at ₹2,425 per quintal, with the MP government announcing an additional bonus (typically taking the total to approx. ₹2,600–₹2,700/quintal) to encourage procurement. Farmers must verify their specific permissible quantity in their slot booking slip on the e-Uparjan portal, as any surplus production beyond the notified district average cannot be sold at MSP."
https://workdrive.zoho.in/file/anv1vee29fcd21cfe469da29c09b750e1acf9,6932ae41de46374153503aa3,69329b1911d833f176e324ae,Farmer wants to know information about his Kisan Code?,"To find your Kisan Code (or PM-KISAN Registration Number) in Madhya Pradesh, visit the official PM-KISAN portal or use the MP Kisan App, go to ""Farmer's Corner"" and select ""Know Your Status"" or ""Know Your Registration Number,"" then enter your registered mobile number or Aadhaar details to get your unique ID for scheme benefits. On the PM-KISAN website (pmkisan.gov.in), navigate to ""Farmer's Corner,"" click on ""Know Your Status"" or ""Know Your Registration Number,"" enter your mobile or Aadhaar number, receive the OTP on your mobile, and search to view your Kisan Registration Number and application status. Using the MP Kisan App, you can download and open the app, look for options to check your registration or application status, and find your unique farmer ID. The Kisan Code is your unique identification number under the PM-KISAN scheme, essential for checking application status, verifying identity (e-KYC), and receiving financial aid."
https://workdrive.zoho.in/file/anv1v43308c6f93d14b93973e85c7c2d6cf64,6933ab78e2344d988a307882,69329b1911d833f176e324c5,The farmer needs information regarding the issue for slot booking after 100 quintal selling,"In Madhya Pradesh, including the Ujjain region, the e-Uparjan system governs wheat procurement at Minimum Support Price (MSP) through slot booking on the official portal, where farmers typically face limits based on registered land holdings and estimated production rather than a strict 100 quintal cap per slot. After selling an initial quantity of 100 quintals, farmers encountering issues for additional sales must verify their registration details, such as land records (bhulekh), crop sowing data, and productivity estimates specific to the Ujjain division, as slots are allocated village-wise and mandi-wise to prevent overbooking. The procedure starts with logging into mpeuparjan.mp.gov.in using Samagra ID or mobile number linked to Aadhaar, followed by OTP verification, checking slot availability for Ujjain mandis, and booking additional slots if production data supports exceeding initial sales, valid for three working days. To resolve slot booking issues post-100 quintal sales, farmers should first download their token slip from the portal after initial booking confirmation, then approach the local procurement center or Ujjain district agriculture office for verification of extra yield against Khasra/Khatauni documents and tehsil productivity norms, enabling fresh slot allocation without restrictions if records align. Required documents include Aadhaar card, bank passbook (Aadhaar-linked), Samagra ID printout, land ownership papers (from bhulekh.mp.gov.in), and previous sale receipt/token; upload these during re-registration or slot extension request on the portal between 9 AM-1 PM or 2 PM-6 PM, excluding holidays."
https://workdrive.zoho.in/file/ifu0ne6ff3d1d568c4e5d8e8c11a3307c51e5,6934107446647cf1ec99990b,6933d88446647cf1ec9997fb,What precautions should farmers take during seed harvesting of Wheat?,"For obtaining good-quality wheat seed, farmers must take proper care during harvesting, threshing, and storage. Wheat meant for seed should be harvested at the right stage of maturity. The ideal time for manual harvesting is when grain moisture is around 20–25% and the grains become hard but not dead ripe. Harvesting should be done 4–5 days before full (dead) maturity to prevent losses due to shattering, lodging, birds, and rodents. Early morning is the best time for harvesting. Although wheat is generally harvested manually, combine harvesters can be safely used where crop maturity is uniform, such as in the North Western Plain Zone (NWPZ), to reduce yield losses. In case of manual harvesting, the crop should be cut about 4–5 cm above the ground, tied into bundles, and dried in the field for 3–4 days. After proper drying, threshing should be done using a clean thresher or harvester to avoid mechanical damage and mixing of other varieties. All machinery, tarpaulins, and storage surfaces must be thoroughly cleaned before use to maintain varietal purity. After threshing, seeds should be properly cleaned to remove broken grains, chaff, dust, and soil. Seeds should then be sun-dried on tarpaulin or plastic sheets, not on bare ground, until the moisture content comes below 12%, which is safe for storage and ensures more than 80% germination. Over-drying in the hot midday sun should be avoided. For storage, wheat seed can be stored in GI sheet bins, aluminium bins, Pusa bins, silos, poly-lined or gunny bags, or clean traditional storage, provided they are dry and well ventilated. To manage storage pests, fumigation is essential. You may use aluminium phosphide @ 3 g per tonne, strictly following all safety precautions. You should remove off-type plants, maintain isolation distance, and label seed properly to ensure high germination, good vigour, and varietal purity for a healthy wheat crop next season."
https://workdrive.zoho.in/file/mjszo2118e457e78f48e0b07e3b1667a00e43,6936747e36c38b7c36d5f096,6936586d36c38b7c36d5f019,Farmer wants to know information about details of DBW-303 for Wheat crop,"DBW 303 is a bread-wheat variety developed by ICAR-IIWBR, Karnal, specifically for irrigated, timely-sown wheat conditions. It has a maturity period of about 156 days. The variety gives an average grain yield of 81.2 q/ha (32.8 q/acre), with a yield potential of 97–98 q/ha (around 39 q/acre).Its grains are bold, amber-coloured and lustrous, with excellent chapati and bread-making quality and a high protein content (~12.1%). Because of its strong yield potential and superior grain quality, DBW 303 is a reliable choice for farmers aiming for high production and good market-grade grain. Its resistance to rust diseases also provides better protection against yield losses during favourable rust weather conditions."
https://workdrive.zoho.in/file/6b177c95c83df30104252a5d8bf9b92b16ce7,69368e2a36c38b7c36d5f0e8,6936586d36c38b7c36d5f025,farmer wants to know information about use of Amino acid ( MC AMinos) in Wheat crop?,"For wheat in Madhya Pradesh, “MC Aminos” (amino acid tonic) is an optional biostimulant, not a mandatory input in the official Package of Practices (POP). So we should treat it as a supplement, never as a replacement for recommended seed, fertilizer, and irrigation. You can use this After Weedicide Spray: If your wheat turns yellow after spraying herbicides like 2,4-D or Metsulfuron, an Amino Acid spray helps the crop recover its greenness quickly (within 5-7 days). Extreme Cold (Frost): If there is a risk of frost, amino acids strengthen the plant cells and prevent damage. Terminal Heat Stress: If the temperature rises suddenly in February/March during grain filling, it helps reduce grain shrivelling. Stunted Growth: If the crop is not growing despite applying Urea/Zinc, an Amino Acid spray can ""unlock"" the plant's metabolism. Dosage: 2 to 3 ml per Litre of water (approx. 250-300 ml per acre). NEVER mix Amino Acid with the Weedicide spray. Apply it 5-7 days after the weedicide. Mixing them can reduce the weedicide's power or burn the crop.  "
https://workdrive.zoho.in/file/6b1778f51d44321c641e08c64cf3f13f96cb6,69368e2a36c38b7c36d5f0e8,6936586d36c38b7c36d5f025,farmer wants to know information about use of Amino acid ( MC AMinos) in Wheat crop?,"For wheat in Madhya Pradesh, “MC Aminos” (amino acid tonic) is an optional biostimulant, not a mandatory input in the official Package of Practices (POP). So we should treat it as a supplement, never as a replacement for recommended seed, fertilizer, and irrigation. You can use this After Weedicide Spray: If your wheat turns yellow after spraying herbicides like 2,4-D or Metsulfuron, an Amino Acid spray helps the crop recover its greenness quickly (within 5-7 days). Extreme Cold (Frost): If there is a risk of frost, amino acids strengthen the plant cells and prevent damage. Terminal Heat Stress: If the temperature rises suddenly in February/March during grain filling, it helps reduce grain shrivelling. Stunted Growth: If the crop is not growing despite applying Urea/Zinc, an Amino Acid spray can ""unlock"" the plant's metabolism. Dosage: 2 to 3 ml per Litre of water (approx. 250-300 ml per acre). NEVER mix Amino Acid with the Weedicide spray. Apply it 5-7 days after the weedicide. Mixing them can reduce the weedicide's power or burn the crop.  "
https://workdrive.zoho.in/file/mjszo8779b5093ee84827995bd16870c50737,6937d9915dcbf874d2f16db7,6937c8695dcbf874d2f16d90,Information regarding the subsidies available on agriculture machinery,"Tamil Nadu provides subsidies under its Agricultural Mechanization Programme to help farmers adopt modern farm machinery, reduce labour cost, and ensure timely operations. Through the State Department of Agricultural Engineering (AED) and Tamil Nadu Agricultural University (TNAU), farmers receive 50% subsidy on newly developed machinery such as mini combine harvesters, multicrop threshers, power weeders, paddy transplanters, maize shellers, coconut de-huskers, chisel ploughs, and others. Gender-friendly tools that reduce drudgery for women farmers are supported with a 75% subsidy, while traditional equipment like power tillers, rotavators, cultivators, disc ploughs, and disc harrows are given 25% subsidy. Costly or less-popular machines such as rice transplanters, sugarcane harvesters, coconut harvesters, aerial hoists, and pulse mechanization equipment are introduced through TNAU to help farmers adopt advanced technology. The scheme focuses on nine districts including Salem, Namakkal, Dharmapuri, Krishnagiri, Perambalur–Ariyalur, Dindigul, Ramanathapuram, Coimbatore, and Villupuram, but machines are supplied across the state. Overall, this program helps farmers reduce labour shortage, improve productivity, and modernize farming operations with financial support from the government."
https://workdrive.zoho.in/file/q0i0931a4fbcb726848b9ab941730d5185ded,6939164f5dcbf874d2f16f6e,6938fb335dcbf874d2f16f08,How to control Manganese deficiency in Barley?,"Manganese deficiency in barley crops in Punjab shows as yellow-white spots or streaks on young leaves between veins, turning brown or gray later. These spots join together, making leaves look pale and limp, with plants growing weak and short. In bad cases, leaves bend down or break, and crop yield drops because roots and grains don't fill well. This problem happens more in Punjab's sandy loam soils with high pH above 7.5, cool dry weather in early rabi season, or after heavy rains that wash away manganese. It starts 20-30 days after sowing on new leaves, often in patches away from tractor tracks where soil is loose. To control, spray Manganese Sulphate (30% Mn) on leaves as soon as spots show, from crown root stage at 30 days. Use 3.5 kg per acre, one spray of 0.5% manganese sulfate (one kg manganese sulfate in 200 liters of water) should be applied 2-4 days before the first irrigation and 3 sprays should be applied at weekly intervals on sunny days thereafter."
https://workdrive.zoho.in/file/jzztx4d42cd2f719e42799d616f51df856c5d,693bf15c1f1d4023652f6d3a,693bbe9e89fe351d52c5f668,Asked about after how many days the seeds must be sown after application of weedicide,"Standard wheat production guidelines clearly state that herbicides should not be applied weeks before sowing. Pre-emergence herbicides such as Pendimethalin or Isoproturon are applied only after sowing, typically 0–3 days after the seeds are sown, so there is no waiting period before sowing. For pre-plant incorporated herbicides like Fluchloralin, the chemical must be applied and immediately mixed into the topsoil, after which wheat should be sown on the same day or within one day. Therefore, wheat seeds must not be delayed after weedicide application; either they are sown first (for pre-emergence herbicides) or sown immediately after incorporation (for pre-plant herbicides)."
https://workdrive.zoho.in/file/7be2w4963d47b8ffc420485f1c8388e0b6f25,693d27821f1d4023652f7135,693bbe9e89fe351d52c5f68f,Can you provide the contact details of UHS Bagalkot?,"The University of Horticultural Sciences (UHS) is located in Bagalkot, Karnataka, at Udyanagiri, near Seemekeri Cross on Hubli Bypass Road, Navanagar, Bagalkot - 587104. You can reach the Registrar's office at the following contact numbers: 08354-230279 or 08354-230280. Additionally, a toll-free helpline is available at 1800 425 7910. For updates and more information, please visit the official website at www.uhsbagalkot.edu.in."
https://workdrive.zoho.in/file/fdy6bdfdb6effeea7486da77b012386c13157,693fe2e81f1d4023652f7645,693faae91f1d4023652f74ed,ASKING ABOUT THE CONTROL OF DAMPING OFF IN POTATO,"Damping-off in potato is mainly caused by soil-borne fungi: Pythium spp., Rhizoctonia solani, Fusarium spp. Symptoms are Poor or uneven germination, Seed tubers rot before sprouting (pre-emergence damping-off), Young sprouts collapse at soil level (post-emergence damping-off), Water-soaked, soft rot at the base of sprouts. To control these should follow Integrated Disease management (IDM) Cultural control- Use healthy, certified seed tubers, Plant in well-drained soil (avoid water stagnation), Avoid deep planting, Avoid excessive irrigation, especially in early stages. Treat the tuber with Carboxin 37.5% + Thiram 37.5% WS @ 2 g/kg seed. Biological control- Apply Trichoderma viride / Trichoderma harzianum 2.5-4 kg/acre in 100-200 kg well decomposed FYM. Chemical control- Soil drenching: Metalaxyl8%+ Mancozeb64%WP @ 2 g per litre of water."
https://workdrive.zoho.in/file/ea2znfe5e059a64ce4ef5802772452b88e930,69453656ba7dbbec181ce2b9,6944cc66ba7dbbec181cdecd,Information regarding the application of Boron and Zinc in Mustard plant,"In West Bengal, mustard is commonly grown in alluvial and lateritic soils that are often deficient in zinc and boron. Adequate supply of these micronutrients is important for proper plant growth, flowering, pollination, siliqua formation, and oil synthesis in mustard. To correct soil deficiencies, Zinc Sulphate (21% Zn) should be applied at the rate of 10 kg per acre and Borax (about 10–11% B) at 4 kg per acre as a basal dose during final land preparation, ensuring uniform broadcasting and incorporation into the soil.

If deficiency symptoms are observed or the crop is grown on known deficient soils, foliar application can be adopted as a supplementary measure. Zinc Sulphate may be sprayed at 0.5% concentration (5 g per litre of water) at 30–35 days after sowing, followed by a boric acid spray at 0.2–0.25% concentration (2–2.5 g per litre of water) during the flowering stage, around 45–50 days after sowing. About 200 litres of water per acre should be used for proper coverage, and separate sprays are advised.

Balanced application of zinc and boron helps reduce poor crop vigour, delayed flowering, flower drop, and weak siliqua development, thereby supporting better yield and oil quality under recommended management practices. Micronutrients should preferably be applied based on soil test results, and excess application, particularly of boron, should be avoided to prevent toxicity. These micronutrients supplement but do not replace the recommended NPK fertilizer schedule."
https://workdrive.zoho.in/file/g3f7td435a4512dd948ddad73c70a12a0badc,694a364ab8b4b1ceb66167e9,6944cc66ba7dbbec181cdead,Asked about prophylactic spray schedule against Fungal attack in White Mustard,"To ensure comprehensive protection against the primary fungal diseases in white mustard (Brassica species), such as Alternaria Blight (leaf spot) and White Rust (blisters) under West Bengal conditions, initiate a prophylactic spray schedule starting from 45–50 days after sowing (DAS). The most effective, officially recommended protocol is to spray Mancozeb 75% WP at 600 g/acre (dissolved in 200 liters of water) as a preventive measure; if disease symptoms like concentric black spots or white pustules appear, immediately switch to a curative spray of Metalaxyl 8% + Mancozeb 64% WP at 400 g/acre or Propiconazole 25% EC at 200 ml/acre mixed in 200 liters of water. Ensure the spraying is done during clear weather in the afternoon with a sticker/spreader (0.5 ml/liter) to prevent runoff, and repeat the application after 10–12 days if humidity remains high, observing a Pre-Harvest Interval (PHI) of at least 30 days for safety."
https://workdrive.zoho.in/file/435hha4efa278f94b40089594ef2235b08256,694b7e700d03bcc0ede26e38,694aef5a0d03bcc0ede26d1e,What is the recommended application method and benefits of using alum (fitkari) in rice/paddy fields?,"Alum (fitkari), mainly aluminium sulfate, is used in rice (paddy) fields to improve soil and water conditions and support better crop growth. It is recommended to apply alum about 10 days after transplanting, when seedlings are well established. The usual dose is 2–4 kg per acre. Alum can be dissolved in water and then uniformly splashed or broadcasted in the field when there is standing water, so that it spreads evenly. The main benefit of alum is that it helps reduce soil alkalinity, which is common in many rice-growing areas of Punjab. Rice grows best in slightly acidic to neutral soils (pH 6.0–7.0), and alum helps move the soil towards this range. By improving soil pH, alum increases the availability of nutrients, especially micronutrients like iron and zinc, resulting in better tillering, healthier green plants, and improved crop vigor. Alum also helps settle suspended soil particles, making the field water clearer. Clear water allows better sunlight penetration, improves root growth, reduces foul smell, and helps control algal growth in standing water. For best results, ensure uniform application and avoid overuse, as excess alum can make the soil too acidic and harm the crop. It is advisable to apply alum only when needed, preferably after knowing the soil condition. When used correctly along with proper fertilizer and water management, alum helps improve crop establishment, nutrient uptake, and overall yield and quality of paddy during the Kharif season."
https://workdrive.zoho.in/file/4xdjhabe281cbe9704941af12c45e3279175f,694b827f0d03bcc0ede26e56,694aef5a0d03bcc0ede26d2d,What is TDS (Total Dissolved Solids) in irrigation water and what are the ideal levels for paddy crops?,"TDS (Total Dissolved Solids) is a critical water quality parameter that measures the total concentration of dissolved minerals, salts, and organic matter present in irrigation water. For paddy farmers in Punjab, particularly in districts like Muktsar, understanding TDS levels is essential to ensure healthy crop growth and optimum yields during the Kharif season.
TDS is expressed in parts per million (ppm) or milligrams per litre (mg/L). It includes dissolved substances such as calcium, magnesium, sodium, potassium, carbonates, bicarbonates, chlorides, sulphates, and other organic compounds. High TDS levels in irrigation water can adversely affect soil structure, reduce nutrient availability, and ultimately lower crop productivity.
For agricultural use, ideal TDS levels depend on crop sensitivity. As per the norms, irrigation water with TDS less than 500 ppm is considered suitable. When TDS exceeds this limit, excess salts in water obstruct nutrient uptake by plants, disturb osmotic balance, and cause abnormal crop growth. TDS is inversely related to crop production, fields irrigated with high-TDS water often yield below-average crops, while lower TDS levels support better growth and yield.
For paddy cultivation in Punjab, regular testing of irrigation water is strongly recommended, especially when using tube well or mixed groundwater sources. If TDS levels are found to be above 500 ppm, farmers should adopt suitable management practices such as ensuring proper field drainage to avoid salt accumulation, applying gypsum in sodium-affected soils, and following leaching practices by applying excess irrigation water periodically to flush salts below the root zone. Incorporation of organic matter like well-decomposed farmyard manure helps improve soil structure and buffering capacity. Judicious use of fertilisers is advised, preferring those that leave low residues. Wherever possible, synthetic fertilisers may be partially substituted with biofertilisers, which have complete dissociation and leave minimal residues, helping maintain soil health and moderate TDS levels over time.
During July, when paddy is in its active vegetative growth stage in Punjab, maintaining good water quality becomes even more crucial. Groundwater TDS levels often increase during peak summer months, so frequent monitoring of irrigation water is necessary. Farmers in areas such as Muktsar district can approach their nearest district agriculture office or Krishi Vigyan Kendra for water testing facilities and location-specific advice. Proactive management of irrigation water quality will ensure better crop establishment, healthier plant growth, and improved grain yields in paddy fields."
https://workdrive.zoho.in/file/4xdjh89cb5318fafe4d0cafbc782225f98eea,694ba9890d03bcc0ede26f67,694aef5a0d03bcc0ede26cfb,Can I save and store seeds from the paddy variety 28P67 for planting next year?,"The paddy variety 28P67 is a hybrid variety, and it is not recommended to save and store its seeds for planting in the next season. This is an important distinction that all farmers need to understand when working with hybrid varieties.

Hybrid varieties like 28P67 are developed by crossing two genetically different parent lines to produce seeds with superior characteristics such as higher yield, better disease resistance, and improved grain quality. However, these desirable traits appear only in the first generation (F1) of seeds. When you save seeds from hybrid crops and plant them in the next season, the resulting plants will be the second generation (F2), which undergoes genetic segregation.

In the F2 generation, the plants will not maintain the uniformity and superior qualities of the original hybrid. You may observe significant variation in plant height, maturity period, grain quality, and most importantly, yield potential. The yield from saved hybrid seeds typically drops by 20-40% or even more compared to fresh hybrid seeds. Additionally, the plants may show irregular growth patterns, making crop management difficult.

For optimal results and consistent high yields, farmers should purchase fresh certified hybrid seeds of 28P67 every year from authorized dealers or government-approved seed corporations. These certified seeds ensure:

1. Genetic purity and uniformity
2. High germination rates (usually above 80%)
3. Freedom from seed-borne diseases
4. Predictable yield performance
5. Better response to fertilizers and irrigation

In Punjab's Bathinda district, particularly in blocks like Talwandi Sabo, where paddy is a major Kharif crop, using fresh hybrid seeds annually is crucial for maintaining farm profitability. The additional investment in purchasing new seeds each year is well compensated by the significantly higher yields and better grain quality that hybrid varieties provide.

If you wish to save your own seeds for future planting, consider growing traditional or open-pollinated varieties instead of hybrids. These varieties maintain their characteristics across generations and can be saved successfully for 2-3 years with proper storage conditions."
https://workdrive.zoho.in/file/435hh78bd26772bd24ea0a233e790f63eaa43,694e25adaca96f5efbe2fd40,694e089c8aab50c8d431b0e7,How can I control Manganese deficiency in Paddy (Dhan) crop in Punjab?,"Manganese deficiency in paddy (Dhan) in Punjab is commonly seen in high-pH, light-textured soils, especially when fields are kept dry for long periods. The most effective method of correction is foliar spray of manganese sulphate @ 0.25% (2.5 g per litre of water) with 1 g lime per litre, applied twice at 7–10 day intervals when symptoms appear. Soil application is generally not effective in flooded rice. Maintain proper water stagnation in the field, as submerged conditions improve manganese availability. Avoid excessive liming and prolonged drainage to prevent recurrence."
https://workdrive.zoho.in/file/ottdw94c1041cf2ef459b853ef0abd2d6ed60,694e486caca96f5efbe2fead,694e2b44aca96f5efbe2fdca,What is the recommended dose and application time for Padan (Cartap hydrochloride) insecticide in paddy cultivation?,"Padan (Cartap hydrochloride) is recommended in paddy for the control of leaf folder and stem borer. The 75% SG formulation should be applied as a foliar spray @ 170 g per acre, mixed in 100 litres of water, when the pest population reaches the Economic Threshold Level (10% leaf damage for leaf folder and 5% dead hearts for stem borer), usually from maximum tillering to early booting stage. In addition, the 4% G (granular) formulation can be applied @ 10 kg per acre by broadcasting uniformly in standing water at the early to maximum tillering stage. Application should be done during morning or evening hours, and rotation with insecticides of different modes of action is advised to avoid resistance buildup.
"
https://workdrive.zoho.in/file/shhin9410f10b42ba462ea80e33f66e0b7f47,694e498caca96f5efbe2febb,694e2b44aca96f5efbe2fdc3,What is the information about Supreme 110 paddy variety in Punjab?,"Supreme 110 is a paddy (Dhan) variety suitable for cultivation in Punjab. It is a medium-duration variety that typically matures in 135-140 days. This variety is known for its good yield potential, moderate disease resistance, and adaptability to Punjab's agro-climatic conditions. It produces medium to long grains with good milling quality. Farmers should follow the recommended package of practices, including proper seed rate, timely transplanting, balanced fertilizer application, and appropriate water management for optimal yields. Yield:- 33-38 quintal/acre. Resistance to False smut, Loose Smut. Transplanting Window: 15 june-15 july
"
https://workdrive.zoho.in/file/fh79nefb530e1a7bc47d9ae7839d868ebf779,694e4a87aca96f5efbe2fec8,694e2b44aca96f5efbe2fdbe,Why are the leaves turning red in my rice crop in Punjab?,"Red or purple discoloration of rice leaves in Punjab can be caused by several factors: 1) Phosphorus deficiency - common in cold weather or waterlogged conditions, apply DAP or SSP fertilizer, you can use Nnao DAP @ 2-4 ml per litre of water at good foliage stage (Tillering/Branching) and 2nd spray at pre flowering / late Tillering stage 2) Potash deficiency - older leaves turn reddish-brown from tips, apply Muriate of Potash (MOP), you can use MOP @ 20 kg per acre. 3) Iron toxicity - occurs in poorly drained acidic soils, improve drainage and apply lime. ( for reclamation of acidic soils apply 15 to 20 kg per acre before soil preparation. 4) Blast disease - fungal infection causing reddish-brown lesions, spray Tricyclazole 75% WP @ 120-160 gm per acre in 200 litres of water (use under Agri expert advice) OR Isoprothiolane 40% EC @ 300ml per acre in 200 litres of water. 5) Cold stress - sudden temperature drops can cause reddening, usually temporary. Check soil nutrients, ensure proper water management, and maintain field drainage to prevent this condition.
"
https://workdrive.zoho.in/file/2ojp347b4a9c556ab4b8da5525e3d04a2bc08,694e4a87aca96f5efbe2fec8,694e2b44aca96f5efbe2fdbe,Why are the leaves turning red in my rice crop in Punjab?,"Red or purple discoloration of rice leaves in Punjab can be caused by several factors: 1) Phosphorus deficiency - common in cold weather or waterlogged conditions, apply DAP or SSP fertilizer, you can use Nnao DAP @ 2-4 ml per litre of water at good foliage stage (Tillering/Branching) and 2nd spray at pre flowering / late Tillering stage 2) Potash deficiency - older leaves turn reddish-brown from tips, apply Muriate of Potash (MOP), you can use MOP @ 20 kg per acre. 3) Iron toxicity - occurs in poorly drained acidic soils, improve drainage and apply lime. ( for reclamation of acidic soils apply 15 to 20 kg per acre before soil preparation. 4) Blast disease - fungal infection causing reddish-brown lesions, spray Tricyclazole 75% WP @ 120-160 gm per acre in 200 litres of water (use under Agri expert advice) OR Isoprothiolane 40% EC @ 300ml per acre in 200 litres of water. 5) Cold stress - sudden temperature drops can cause reddening, usually temporary. Check soil nutrients, ensure proper water management, and maintain field drainage to prevent this condition.
"
https://workdrive.zoho.in/file/2ra2h09947c69c8a64bb1b691e3e71801e4c1,694e55f138eee18abb6bbd17,694aef5a0d03bcc0ede26cf0,What information is available regarding Gharda-Aniloguard herbicide for weed management in paddy cultivation?,"Gharda Aniloguard (Technical name : Anilofos 30% EC) is a selective herbicide used in transplanted paddy to control weeds such as sawan (Echinochloa spp.), motha (Cyperus spp.), bhangra (Eclipta alba), Ischaemum, Fimbristylis and Marsilea. Apply 400-600 ml per acre mixed in 150 - 200 litres of water, 3–5 days after transplanting while standing water is present. Do not drain water for 2–3 days after application. The pre-harvest interval (PHI) is 30 days, meaning the crop should not be harvested until 30 days after last treatment. Proper and timely application ensures effective early weed control, supporting healthy crop growth and increased paddy yield."
https://workdrive.zoho.in/file/2ra2hf6b9b34ccd2b4631bb6bbea9e8a73406,694e55f138eee18abb6bbd17,694aef5a0d03bcc0ede26cf0,What information is available regarding Gharda-Aniloguard herbicide for weed management in paddy cultivation?,"Gharda Aniloguard (Technical name : Anilofos 30% EC) is a selective herbicide used in transplanted paddy to control weeds such as sawan (Echinochloa spp.), motha (Cyperus spp.), bhangra (Eclipta alba), Ischaemum, Fimbristylis and Marsilea. Apply 400-600 ml per acre mixed in 150 - 200 litres of water, 3–5 days after transplanting while standing water is present. Do not drain water for 2–3 days after application. The pre-harvest interval (PHI) is 30 days, meaning the crop should not be harvested until 30 days after last treatment. Proper and timely application ensures effective early weed control, supporting healthy crop growth and increased paddy yield."
https://workdrive.zoho.in/file/shhine4c0c068bb394533bcb89c690671dcfb,694e7e3514a8273593a94f7d,694e2b44aca96f5efbe2fde0,What is the recommended dose of Willowood Valxtra herbicide for paddy crop in Punjab?,"There appears to be a significant misunderstanding regarding the product name in your query. Based on the official manufacturer data, Willowood Valxtra is not a herbicide; it is a fungicide. Valxtra is a broad-spectrum systemic fungicide (Hexaconazole 5% + Validamycin 2.5% SC). It is used to control diseases like Sheath Blight and Blast, not weeds. The recommended dose for Valxtra (fungicide) in paddy is 400 ml per acre mixed in 200 liters of water for the effective control of sheath blight and blast. Always follow the PHI (Pre Harvest Interval) of 22 days after the application of Hexaconazole 5% + Validamycin 2.5% SC."
https://workdrive.zoho.in/file/shhinc7ba0b69dd714a029569ba1be6f58ba8,694e7e3514a8273593a94f7d,694e2b44aca96f5efbe2fde0,What is the recommended dose of Willowood Valxtra herbicide for paddy crop in Punjab?,"There appears to be a significant misunderstanding regarding the product name in your query. Based on the official manufacturer data, Willowood Valxtra is not a herbicide; it is a fungicide. Valxtra is a broad-spectrum systemic fungicide (Hexaconazole 5% + Validamycin 2.5% SC). It is used to control diseases like Sheath Blight and Blast, not weeds. The recommended dose for Valxtra (fungicide) in paddy is 400 ml per acre mixed in 200 liters of water for the effective control of sheath blight and blast. Always follow the PHI (Pre Harvest Interval) of 22 days after the application of Hexaconazole 5% + Validamycin 2.5% SC."
https://workdrive.zoho.in/file/pabgg6e3c1b3b8db046d5bf520f843ce0bb3f,694f61d614a8273593a950ed,694f5af414a8273593a95051,What is the recommended dose of Yaravita for Paddy (Dhan) crop in Punjab?,"The recommended dose of YaraVita products for paddy (Dhan):
YaraVita Zintrac 700 (Zinc): It is made from pharmaceutical-grade raw materials and is free from impurities. The presence of co-formulants such as wetting, sticking, dispersion, and stabilising agents ensures rainfastness, efficiency, and safe, easy use. It is widely tank-mixable and can be co-applied with many agrochemicals. The recommended dose for rice is 250 ml per acre, applied at 30–35 days after transplanting (DAT) and repeated at 45–50 DAT, using 160–200 litres of water per acre.
YaraVita Bortrac 150 (Boron): This is a concentrated liquid boron formulation manufactured under strict quality control to ensure consistent analysis, crop safety, and product performance. It has low viscosity, making it easy to measure, pour, mix, and spray, and is formulated to provide maximum crop safety without damaging the crop or reducing market value. For rice, apply 200 ml per acre at the before flowering stage, using 200–300 litres of water per acre. However, always follow the manufacturer's instructions on the product label and consult with local agricultural experts for specific recommendations based on your soil test results and crop condition."
https://workdrive.zoho.in/file/pabgg8f5d707d1d5a44158a46810437a1f4e3,694f61d614a8273593a950ed,694f5af414a8273593a95051,What is the recommended dose of Yaravita for Paddy (Dhan) crop in Punjab?,"The recommended dose of YaraVita products for paddy (Dhan):
YaraVita Zintrac 700 (Zinc): It is made from pharmaceutical-grade raw materials and is free from impurities. The presence of co-formulants such as wetting, sticking, dispersion, and stabilising agents ensures rainfastness, efficiency, and safe, easy use. It is widely tank-mixable and can be co-applied with many agrochemicals. The recommended dose for rice is 250 ml per acre, applied at 30–35 days after transplanting (DAT) and repeated at 45–50 DAT, using 160–200 litres of water per acre.
YaraVita Bortrac 150 (Boron): This is a concentrated liquid boron formulation manufactured under strict quality control to ensure consistent analysis, crop safety, and product performance. It has low viscosity, making it easy to measure, pour, mix, and spray, and is formulated to provide maximum crop safety without damaging the crop or reducing market value. For rice, apply 200 ml per acre at the before flowering stage, using 200–300 litres of water per acre. However, always follow the manufacturer's instructions on the product label and consult with local agricultural experts for specific recommendations based on your soil test results and crop condition."
https://workdrive.zoho.in/file/510qadc8a117fe72a4ac2ba2e71adafa5e0dd,694f64fe14a8273593a95121,694e2b44aca96f5efbe2fdd8,Can I mix NPK 13:00:45 fertilizer with fungicide for paddy crop application?,"In most cases, you can mix NPK 13:00:45 (Potassium Nitrate) with fungicides for paddy application. NPK 13:00:45 mixes well with fungicides like tricyclazole, or hexaconazole, but avoid those containing sulfur, calcium, or lead compounds to prevent precipitation or antagonism However, before mixing, it is advisable to perform a jar test. Before mixing in a large tank, perform a small-scale test. Mix the fungicide and NPK 13:00:45 in a glass jar with water. If you see clumping, milkiness, or a change in color, do not spray the mixture. Always dissolve the NPK 13:00:45 first in water until completely clear. Only then add the fungicide."
https://workdrive.zoho.in/file/ottdw61bb56ad48e94715a932c67ec73cbba7,694f7f9a14a8273593a9524c,694f5af414a8273593a9505f,What is the recommended dose of Actara (Thiamethoxam) for controlling aphids in paddy crop?,"In general, aphids are not considered a major pest of paddy in Punjab or other major rice-growing regions of India. Actara (Thiamethoxam 25% WG) effectively controls aphids in different crops such as cotton, wheat, and mustard through its systemic action. However, in paddy, as per PPQS/CIB&RC recommendations, Actara is mainly used to control stem borer, gall midge, leaf folder, white-backed planthopper, brown planthopper, green leafhopper, and thrips, and not specifically recommended for aphids. The recommended dose of Actara for paddy is about 40 g per acre, applied in 200–300 litres of water per acre. When Actara is applied for the management of plant hoppers and thrips in paddy, it may also provide incidental control of aphids due to its systemic nature, but there is no separate or specific dose recommended exclusively for aphid control in paddy. Always follow the PHI (Pre Harvest Interval) of 14 days after the application of Actara."
https://workdrive.zoho.in/file/hhrskf88f5a733b5e42098ca2b69e68d593c8,694f7f9a14a8273593a9524c,694f5af414a8273593a9505f,What is the recommended dose of Actara (Thiamethoxam) for controlling aphids in paddy crop?,"In general, aphids are not considered a major pest of paddy in Punjab or other major rice-growing regions of India. Actara (Thiamethoxam 25% WG) effectively controls aphids in different crops such as cotton, wheat, and mustard through its systemic action. However, in paddy, as per PPQS/CIB&RC recommendations, Actara is mainly used to control stem borer, gall midge, leaf folder, white-backed planthopper, brown planthopper, green leafhopper, and thrips, and not specifically recommended for aphids. The recommended dose of Actara for paddy is about 40 g per acre, applied in 200–300 litres of water per acre. When Actara is applied for the management of plant hoppers and thrips in paddy, it may also provide incidental control of aphids due to its systemic nature, but there is no separate or specific dose recommended exclusively for aphid control in paddy. Always follow the PHI (Pre Harvest Interval) of 14 days after the application of Actara."
https://workdrive.zoho.in/file/ottdwb0b30ac43c1b486e80922dddf0070cde,6952138614a8273593a9572a,694e089c8aab50c8d431b0d7,What is the recommended dose of reagent for paddy cultivation in Punjab?,"Regent is available in two formulations for use in paddy. Regent SC contains Fipronil 5% SC and is applied as a foliar spray to control major rice pests such as green leaf hopper, brown plant hopper, white-backed plant hopper, stem borer, leaf folder, whorl maggot, and rice gall midge. The recommended dose is 400–600 ml per acre mixed in about 200 litres of water, and the pre-harvest interval (PHI) is 32 days. Regent GR contains Fipronil 0.3% GR and is used through soil or water broadcasting (not as a spray) for controlling stem borer and hopper complex in rice. It should be applied at 6.7–10 kg per acre in standing water, and it also has a PHI of 32 days."
https://workdrive.zoho.in/file/ottdw8710668d82374342b4eef4bab48d9186,6952138614a8273593a9572a,694e089c8aab50c8d431b0d7,What is the recommended dose of reagent for paddy cultivation in Punjab?,"Regent is available in two formulations for use in paddy. Regent SC contains Fipronil 5% SC and is applied as a foliar spray to control major rice pests such as green leaf hopper, brown plant hopper, white-backed plant hopper, stem borer, leaf folder, whorl maggot, and rice gall midge. The recommended dose is 400–600 ml per acre mixed in about 200 litres of water, and the pre-harvest interval (PHI) is 32 days. Regent GR contains Fipronil 0.3% GR and is used through soil or water broadcasting (not as a spray) for controlling stem borer and hopper complex in rice. It should be applied at 6.7–10 kg per acre in standing water, and it also has a PHI of 32 days."
https://workdrive.zoho.in/file/bhhqu69c1cfc2e46e4018b7b7318950224381,69525ad614a8273593a95a2f,6934671946647cf1ec9999be,Farmer wants information regarding chemicals used as an alternative to water in wheat crop,"While there is no chemical that can completely replace water, several substances can be used to significantly reduce the water requirement of a wheat crop or help it survive during a drought. Several studies show that antitranspirants serve as chemical alternatives to supplemental irrigation in wheat by reducing transpiration losses through stomata closure, leaf reflection, or film formation, conserving soil moisture and boosting water use efficiency (WUE) under rainfed or limited-water conditions. Antitranspirants such as kaolin can reduce water loss by coating the leaves, reflecting sunlight, lowering leaf temperature, and reducing transpiration, thereby improving water use efficiency (WUE). Soil amendment chemicals are mixed into the soil at the time of sowing; they can retain moisture. Pusa Hydrogel is a popular super-absorbent polymer (SAP). It can absorb up to 400 times its weight in water. Using it can reduce the number of required irrigations by 30–50%.

All the practices mentioned are based on field studies; however, the State Government Package of Practices (POP) does not provide any specific recommendation regarding their ability to reduce water requirements. Therefore, before using them, consult your local KVK. If you plan to grow wheat under rainfed conditions, follow appropriate irrigation techniques and choose a suitable variety. For example, you can adopt mulching or supplemental light irrigation to conserve soil moisture."
https://workdrive.zoho.in/file/p7iy5c40b1032e5594f1385ec27f44b06c466,69589c0728ae67127339d4b7,6958996628ae67127339d46a,Information about use of Iffco Consortia in Paddy crop ?,"IFFCO Consortia is a bio-fertilizer consortium containing beneficial microorganisms that enhance soil health, improve nutrient availability, and promote plant growth in paddy cultivation. This microbial consortium typically includes nitrogen-fixing bacteria, phosphate-solubilizing bacteria, potassium-mobilizing bacteria, and zinc-solubilizing bacteria that work synergistically to benefit the rice crop.
 
 Soil Testing and Preparation:
 Before applying IFFCO Consortia, it is recommended to conduct soil testing to understand the baseline nutrient status of your field. This helps in determining the appropriate application strategy and complementary fertilizer requirements for optimal paddy growth.
 
 Application Methods:
 IFFCO Consortia can be applied through three primary methods in paddy cultivation:
 
 1. Seed Treatment: Prepare a solution by mixing IFFCO Consortia with water as per package instructions (typically 10 ml per kg of seeds). Soak paddy seeds in this solution for 20-30 minutes before sowing or transplanting. This treatment helps in early root development and seedling vigor. Ensure treated seeds are sown or transplanted immediately or within 24 hours for best results.
 
 2. Soil Application: Mix 1-2 liters of IFFCO Consortia per acre with well-decomposed farmyard manure (FYM) or vermicompost (5-6 tons per acre) and apply uniformly in the field during final land preparation before transplanting. This method ensures even distribution of beneficial microorganisms throughout the root zone.
 
 3. Foliar Spray: Dilute 1-2 liters of IFFCO Consortia in 150-200 liters of water per acre and spray on the paddy crop. Apply the first spray 20-25 days after transplanting and repeat at 40-45 days after transplanting during the vegetative growth stage. Spray during early morning or late evening hours to maximize microbial survival and effectiveness.
 
 Organic Matter Integration:
 For enhanced results, combine IFFCO Consortia application with organic manures such as FYM (10-12 tons per acre) or vermicompost (5-6 tons per acre). The organic matter provides a suitable medium for microbial multiplication and improves soil structure, water retention, and nutrient-holding capacity.
 
 Chemical Fertilizer Management:
 While IFFCO Consortia can reduce chemical fertilizer requirements by 15-25%, continue applying recommended NPK doses based on soil test results. 
 
 Micronutrient Supplementation:
 Apply Zinc Sulphate as per needed (depending on soil testing) general dose is 10 kg per acre, as basal application, especially in alkaline soils common in Uttar Pradesh. If deficiency symptoms appear, spray Ferrous Sulphate (0.5%) or Zinc Sulphate (0.5%) solution during the vegetative stage.
 
 Safety Guidelines:
 When handling IFFCO Consortia and chemical fertilizers, wear protective gloves and wash hands thoroughly after application. Store bio-fertilizers in cool, dry places away from direct sunlight and extreme temperatures. Follow recommended application rates and timing for optimal crop response. Keep products away from children and livestock.
 
 Benefits and Expected Outcomes:
 Regular use of IFFCO Consortia improves soil microbial population, enhances nutrient use efficiency, promotes root development, increases tillering, and can improve paddy yields by 10-15% while reducing chemical fertilizer dependency. The consortium also helps in mobilizing locked nutrients in the soil, making them available to plants.
 
 For further guidance or clarification, farmers are advised to contact the nearest Krishi Vigyan Kendra (KVK) or local agricultural extension officer."
https://workdrive.zoho.in/file/mwsxe95d4e4366a7545ee9e3aa15cb8855f1e,69589f3828ae67127339d4ef,6958962185e5253473bfb335,How to control rice seedling rot?,Rice seedling rot or damping off is a common nursery problem in paddy caused mainly by fungi like Pythium Rhizoctonia and Fusarium and it develops fast under excess moisture poor drainage and dense sowing To control it always prepare raised well drained nursery beds avoid overcrowding of seedlings and do not keep the nursery continuously flooded maintain moist but not waterlogged soil Use healthy certified seed and treat seed before sowing with Carbendazim 50% WP @ 2 g per kg seed or Carboxin 37.5% + Thiram 37.5% WS @ 2 g per kg seed for an eco friendly option treat seed with Trichoderma viride or Trichoderma harzianum @ 10 g per kg seed If disease appears immediately drain excess water and drench the nursery with Metalaxyl 8% + Mancozeb 64% WP @ 2 g per litre of water or Carbendazim 50% WP @ 1 g per litre ensuring uniform coverage Remove and destroy badly affected seedlings avoid excess urea in the nursery and before transplanting dipping seedling roots in Carbendazim 50% WP @ 1 g per litre water for 20 to 30 minutes helps prevent further spread and ensures healthy crop establishment.
https://workdrive.zoho.in/file/p7iy5a340337832024760a61e84748dddcbb9,69589fcf28ae67127339d4ff,6958962185e5253473bfb356,Information regarding the Aadhaar bank account seeding,"Aadhaar Bank Account Seeding is a crucial process for farmers to receive benefits under the Pradhan Mantri Kisan Samman Nidhi (PM-KISAN) scheme and other government welfare programs. This process ensures that government subsidies and direct benefit transfers reach the intended beneficiaries without delays or diversions.
 
Understanding Aadhaar Seeding:
Aadhaar seeding refers to linking your Aadhaar number with your bank account or post office savings account. This linkage is mandatory for receiving the PM-KISAN installments of Rs. 2,000 three times a year (totaling Rs.6,000 annually). Without proper Aadhaar seeding, farmers may face payment rejections or delays in receiving their entitled benefits.
 
Step-by-Step Process:
 
 1. Visit Your Bank or Post Office: Go to the branch where you maintain your savings account. Carry your original Aadhaar card, bank passbook, and a valid identification document.
 
 2. Request for KYC Update: Inform the bank official that you want to link your Aadhaar with your bank account for PM-KISAN and other government schemes. Request them to update your Know Your Customer (KYC) details.
 
 3. DBT Linking: Ensure your account is linked with the Direct Benefit Transfer (DBT) system. This enables the government to transfer funds directly to your account without intermediaries.
 
 4. NPCI Registration: Your account must be registered with the National Payments Corporation of India (NPCI) for seamless fund transfers through the Aadhaar Payment Bridge System (APBS).
 
 5. Verification: The bank will verify your Aadhaar details with the UIDAI database. Ensure your mobile number registered with Aadhaar is active, as you may receive OTP for verification.
 
 6. Obtain Acknowledgment: After successful seeding, obtain a written acknowledgment or receipt from the bank confirming the linkage.
 
 Important Points to Remember:
 1. Ensure your name in the Aadhaar card matches exactly with your bank account records. Even minor spelling differences can cause rejection.
 2.Your Aadhaar should be active and not in suspended status.
 3.Keep your mobile number updated in both Aadhaar and bank records.
 4.The entire process is free of cost at government banks and post offices.
 5.If you face any technical issues, the bank officials are trained to assist you.
 
Additional Benefits:
Beyond PM-KISAN, Aadhaar-linked bank accounts facilitate receiving benefits from various schemes like crop insurance claims, fertilizer subsidies, and other agricultural welfare programs implemented by both central and state governments.
 
Troubleshooting:
If your PM-KISAN payment is rejected due to Aadhaar issues, immediately visit your bank to rectify the problem. Common issues include incorrect Aadhaar number entry, name mismatch, or inactive Aadhaar status.
 
For further guidance or clarification, farmers are advised to contact the nearest Krishi Vigyan Kendra (KVK), your block's seed warehouse in-charge, the Block Technology Manager (BTM), or the Deputy Director of Agriculture at the district level in Muzaffarnagar, Uttar Pradesh."
https://workdrive.zoho.in/file/p7iy577aa4774d47a45f4a5fb2878b2dbd8e5,6958a99928ae67127339d562,6958962185e5253473bfb351,Information about which nutrients are found in Triple Super Phosphate,"Triple Super Phosphate (TSP) is a highly concentrated phosphatic fertilizer widely used in Indian agriculture, particularly beneficial for crops like paddy in regions such as Uttar Pradesh. Understanding its nutrient composition helps farmers make informed decisions about soil fertility management.

 Nutrient Composition of TSP:

 Triple superphosphate contains primarily two essential nutrients. The major component is phosphorus (P₂O₅) at approximately 46%, making it one of the most concentrated phosphatic fertilizers available. The secondary component is calcium at around 17%. Unlike Single Super Phosphate (SSP), TSP does not contain sulfur, which is an important distinction when planning nutrient applications.

 Role of Phosphorus:  Phosphorus is crucial for root development, flowering, fruiting, and seed formation in crops. In paddy cultivation, adequate phosphorus ensures strong tillering, healthy root systems, and improved grain filling. It enhances energy transfer within plants and supports photosynthesis. Phosphorus deficiency leads to stunted growth, purplish discoloration of leaves, and reduced yields.

The popularity of TSP has declined because TSP is generally more expensive than other phosphatic fertilizers like DAP, making it less attractive to farmers. TSP supplies only phosphorus, whereas DAP provides both nitrogen and phosphorus, reducing the need for additional fertilizers. TSP is less widely available in the market compared to DAP and complex fertilizers

 Role of Calcium:  The 17% calcium content in TSP provides additional benefits by improving soil structure, reducing soil acidity, and strengthening cell walls in plants. Calcium helps in nutrient uptake and enhances disease resistance in crops.

 Application Recommendations for Paddy:

 Before applying TSP, conduct a soil test to determine existing phosphorus levels and requirements. For paddy cultivation in Uttar Pradesh, the general recommendation is 40-60 kg P₂O₅ per hectare (16 to 24 kg per acre). Approximately the recommended dose of TSP is 35 kg per acre or 52 kg per acre, depending on soil fertility status. TSP should be applied as a basal dose during final land preparation or at the time of transplanting. Apply the fertilizer 2-3 inches below the soil surface near the root zone for maximum efficiency. In phosphorus-deficient soils, the entire recommended dose should be applied at planting since phosphorus has limited mobility in soil.

 Balanced Fertilization:

 While TSP provides excellent phosphorus, remember to maintain balanced nutrition by combining it with nitrogen sources (like urea) and potassium sources (like muriate of potash). For paddy, follow the recommended NPK ratio based on your soil test results. Since TSP lacks sulfur, consider supplementing with sulfur-containing fertilizers if soil tests indicate sulfur deficiency.

 Protective Gear and Safety Guidelines:

 When handling TSP fertilizer, wear chemical-resistant gloves to protect hands from direct contact. Use a dust mask to avoid inhaling fertilizer particles during mixing and application. Wear protective clothing, including long-sleeved shirts and full pants. After handling fertilizer, wash hands thoroughly with soap and water before eating or drinking. Store TSP in a cool, dry place away from children, animals, and food items. Keep bags sealed to prevent moisture absorption and caking.

 Safety and Storage:

 Store TSP in moisture-free conditions, as it tends to absorb humidity and form lumps. Keep it away from alkaline materials. Follow recommended application rates strictly to avoid nutrient imbalances and environmental concerns. Proper timing and placement ensure maximum efficiency and minimize nutrient losses through fixation in soil.

For further guidance or clarification, farmers are advised to contact the nearest Krishi Vigyan Kendra (KVK) or local agricultural extension officer."
https://workdrive.zoho.in/file/p7iy5b8ab4af2d2884fb9872b0aab0b1dc436,6958a99928ae67127339d562,6958962185e5253473bfb351,Information about which nutrients are found in Triple Super Phosphate,"Triple Super Phosphate (TSP) is a highly concentrated phosphatic fertilizer widely used in Indian agriculture, particularly beneficial for crops like paddy in regions such as Uttar Pradesh. Understanding its nutrient composition helps farmers make informed decisions about soil fertility management.

 Nutrient Composition of TSP:

 Triple superphosphate contains primarily two essential nutrients. The major component is phosphorus (P₂O₅) at approximately 46%, making it one of the most concentrated phosphatic fertilizers available. The secondary component is calcium at around 17%. Unlike Single Super Phosphate (SSP), TSP does not contain sulfur, which is an important distinction when planning nutrient applications.

 Role of Phosphorus:  Phosphorus is crucial for root development, flowering, fruiting, and seed formation in crops. In paddy cultivation, adequate phosphorus ensures strong tillering, healthy root systems, and improved grain filling. It enhances energy transfer within plants and supports photosynthesis. Phosphorus deficiency leads to stunted growth, purplish discoloration of leaves, and reduced yields.

The popularity of TSP has declined because TSP is generally more expensive than other phosphatic fertilizers like DAP, making it less attractive to farmers. TSP supplies only phosphorus, whereas DAP provides both nitrogen and phosphorus, reducing the need for additional fertilizers. TSP is less widely available in the market compared to DAP and complex fertilizers

 Role of Calcium:  The 17% calcium content in TSP provides additional benefits by improving soil structure, reducing soil acidity, and strengthening cell walls in plants. Calcium helps in nutrient uptake and enhances disease resistance in crops.

 Application Recommendations for Paddy:

 Before applying TSP, conduct a soil test to determine existing phosphorus levels and requirements. For paddy cultivation in Uttar Pradesh, the general recommendation is 40-60 kg P₂O₅ per hectare (16 to 24 kg per acre). Approximately the recommended dose of TSP is 35 kg per acre or 52 kg per acre, depending on soil fertility status. TSP should be applied as a basal dose during final land preparation or at the time of transplanting. Apply the fertilizer 2-3 inches below the soil surface near the root zone for maximum efficiency. In phosphorus-deficient soils, the entire recommended dose should be applied at planting since phosphorus has limited mobility in soil.

 Balanced Fertilization:

 While TSP provides excellent phosphorus, remember to maintain balanced nutrition by combining it with nitrogen sources (like urea) and potassium sources (like muriate of potash). For paddy, follow the recommended NPK ratio based on your soil test results. Since TSP lacks sulfur, consider supplementing with sulfur-containing fertilizers if soil tests indicate sulfur deficiency.

 Protective Gear and Safety Guidelines:

 When handling TSP fertilizer, wear chemical-resistant gloves to protect hands from direct contact. Use a dust mask to avoid inhaling fertilizer particles during mixing and application. Wear protective clothing, including long-sleeved shirts and full pants. After handling fertilizer, wash hands thoroughly with soap and water before eating or drinking. Store TSP in a cool, dry place away from children, animals, and food items. Keep bags sealed to prevent moisture absorption and caking.

 Safety and Storage:

 Store TSP in moisture-free conditions, as it tends to absorb humidity and form lumps. Keep it away from alkaline materials. Follow recommended application rates strictly to avoid nutrient imbalances and environmental concerns. Proper timing and placement ensure maximum efficiency and minimize nutrient losses through fixation in soil.

For further guidance or clarification, farmers are advised to contact the nearest Krishi Vigyan Kendra (KVK) or local agricultural extension officer."
https://workdrive.zoho.in/file/6jrynad61c3068ed14ee181fc7564c4941b1a,695b392c28ae67127339d9da,6959006428ae67127339d872,Information about the link to check the status in the prime minister kisan samman nidhi yojana....?,"The Pradhan Mantri Kisan Samman Nidhi Yojana (PM-KISAN) is a central government scheme that provides financial assistance of ‚Rs. 6,000 per year to eligible farmer families in three equal installments of‚Rs. 2,000 each 
First Installment: April to July
Second Installment: August to November
Third Installment: December to March. 
This scheme aims to supplement the financial needs of farmers for procuring various inputs related to agriculture and allied activities, as well as domestic needs.
 
 To check the status of your PM-KISAN application or installment payments, follow these steps:
 
 1. Visit the Official Website: Go to the PM-KISAN official portal at https://pmkisan.gov.in/
 
 2. Navigate to Status Check Section: On the homepage, look for the ""Beneficiary Status"" or ""Know Your Status"" option in the Farmers Corner section.
 
 3. Enter Required Details: You can check your status using any one of these methods:
  - Aadhaar Number
  - Account Number
  - Mobile Number
 
 4. Verification: After entering your details, click on the ""Get Data"" or ""Submit"" button. The system will display your registration status, installment details, and payment history.
 
 5. Information Displayed: You will be able to see:
  - Registration status (approved/pending/rejected)
  - Number of installments received
  - Payment dates and amounts
  - Bank account details linked to the scheme
  - Any reasons for rejection or pending status
 
 Alternative Method - Mobile App: You can also download the ""PM-KISAN Mobile App"" from the Google Play Store or Apple App Store to check your status on your smartphone.
 
 Important Points to Remember:
 - Ensure your Aadhaar card is linked to your bank account
 - Keep your land records updated
 - Verify that your bank account is active and operational
 - Contact your local agriculture department if you find discrepancies
 - The payment is directly transferred to your bank account through DBT (Direct Benefit Transfer)
 
 Common Reasons for Pending or Rejected Status:
 - Incorrect or incomplete Aadhaar details
 - Mismatch in land records
 - Inactive bank account
 - Ineligibility criteria (income tax payers, government employees are not eligible)
 - Duplicate applications
 
 Eligibility Criteria:
 - Must be a farmer family (husband, wife, and minor children)
 - Must own cultivable land
 - Should not be an income tax payer or government employee
 
 For Assistance: If you face any issues in checking your status or have queries regarding your application:
 - Contact the PM-KISAN Helpline: 011-24300606, 155261
 - Visit your nearest Common Service Centre (CSC)
 - Contact your local Lekhpal, Patwari, or Agriculture Extension Officer
 - Reach out to your Block Development Office or District Agriculture Office
 
Farmers in Uttar Pradesh, particularly in districts like Kushinagar, can also visit their nearest Krishi Vigyan Kendra or Block Agriculture Office for assistance with the application process or status verification. The scheme provides crucial financial support that can be utilized for purchasing quality seeds, fertilizers, and other agricultural inputs to improve crop productivity, including paddy cultivation, which is prominent in your region.
 
For further guidance or clarification, farmers are advised to contact the nearest Krishi Vigyan Kendra (KVK) or local agricultural extension officer."
https://workdrive.zoho.in/file/6jryn588839e2da5f493e982f4913bba795f8,695b43cc28ae67127339da70,695b38a328ae67127339d97a,Roundup herbicide was used by mistake in rice crop..?,"Accidental application of Glyphosate (41% SL) herbicide on a standing rice crop is a serious concern, as Glyphosate is a non-selective, systemic herbicide that can cause significant damage to the crop. However, immediate corrective actions can help minimize the damage and potentially save the crop.
Understanding the Problem: 
Glyphosate is a broad-spectrum herbicide designed to kill all vegetation by inhibiting a specific enzyme pathway essential for plant growth. When accidentally sprayed on rice plants, it gets absorbed through leaves and translocated throughout the plant system, causing yellowing, wilting, and eventual death of the affected plants. The severity of damage depends on the concentration used, stage of the crop, and amount applied.
Long-term Management: 
If more than 60-70% of the crop is severely damaged beyond recovery, consider replanting with a short-duration rice variety suitable for the remaining growing season. For partially affected crops that show signs of recovery after treatment, continue with regular crop management practices with increased attention to nutrition and water management.
Prevention for the Future:
Always label herbicide containers clearly, store Glyphosate separately from other agrochemicals, check spray equipment and chemical labels before application and never use the same sprayer for herbicides and other chemicals without thorough cleaning.
For further guidance or clarification, farmers are advised to contact the nearest Krishi Vigyan Kendra (KVK) or local agricultural extension officer."
https://workdrive.zoho.in/file/qyqoqedd035ba58d1487fbd3f6c7c19b22555,695b4b7328ae67127339db31,695b38a328ae67127339d9ab,"The roots of the paddy crop are turning black, information about its control ?","In paddy, roots turn black mainly due to lack of oxygen in the root zone (anaerobic conditions) and/or toxicities developing in standing water, especially when: water remains continuously stagnant for a long time (no drainage), there is excess undecomposed organic matter (green manure/FYM not fully decomposed), the soil is heavy clay, the field is poorly levelled, or the problem is linked to iron toxicity in some lowland areas (roots often show a dark brown/black coating). “Black roots” is a symptom, not a single disease. First, confirm the pattern. If black roots have a bad smell (rotten-egg smell) and plants look weak/yellow, this commonly indicates root suffocation/toxic gases (like H₂S) due to continuous stagnation. If leaves show bronzing/brown specks + stunting and roots have a dark coating, these points more towards iron toxicity. If roots are black + plants are wilting in patches, and the base looks rotten, this suggests a root rot/stem base rot infection caused by fungal pathogens such as Fusarium species, Pythium species, and other soil-borne fungi. To manage this, drain the field for 2–3 days (or until soil becomes “moist”, not cracked), then re-flood lightly. This improves oxygen in the root zone, and many times, roots start recovering. Keep only the required water depth; avoid continuous deep water. Light hoeing/stirring between rows (where possible) helps oxygen movement. Ensure the field is well levelled so water does not remain in patches. Avoid adding fresh, undecomposed organic matter into standing water; use only well-decomposed FYM/compost. UP POP strongly promotes soil testing and balanced nutrient application because many “root blackening” problems worsen due to nutrient imbalance and soil chemical issues. If it looks like iron toxicity (bronzing + black-coated roots): use intermittent drainage (most effective first step), avoid continuous flooding, improve drainage channels, and use tolerant varieties where the problem repeats. Balance fertiliser use (NPK or NPK+ lime) and apply sufficient Potassium (K) fertiliser. Apply lime to acid soils; do not apply excessive amounts of organic matter (manure, straw) on soils containing large amounts of Fe and organic matter, where drainage is poor. Use urea (less acidifying) instead of ammonium sulfate (more acidifying). If the roots are actually rotting and dying from fungal disease, dissolve 500 g Carbendazim 50% WP in 200 litres of water. Use a nozzle-removed sprayer to ""drench"" (soak) the root zone of the affected patches. Or: mix 1 kg Carbendazim with 25 kg sand/fertiliser and broadcast in standing water (less effective than drenching but easier). Note: If you have not sown yet or for the next crop, treat seeds with Trichoderma viride (@ 5 g per kg seed) to prevent this entirely. For further guidance or clarification, farmers are advised to contact the nearest Krishi Vigyan Kendra (KVK) or local agricultural extension officer."
https://workdrive.zoho.in/file/6jryn38d466fcc606495e9dfd028964c39334,695b4d9f28ae67127339db52,695b38a328ae67127339d9ad,N.P.K. consortia ki dose ki Matra ke bare me Jankari de ...?,"NPK consortia is a liquid biofertilizer containing a consortium of beneficial microorganisms that help in the mobilization and availability of nitrogen, phosphorus, and potassium nutrients to plants. This biofertilizer is particularly effective in paddy cultivation as it enhances nutrient uptake efficiency and promotes healthy crop growth.
 
 For paddy crops in Uttar Pradesh, particularly in the Sitapur region, the recommended application rate of NPK consortia is 400-500 ml per acre. This should be thoroughly mixed in 200 liters of water to prepare the spray solution. The application should be done as a foliar spray, ensuring uniform coverage of the entire plant canopy.
 
 Before applying NPK consortia, it is advisable to conduct a soil test to understand the existing nutrient status of your field. This helps in determining the actual nutrient requirements and allows for a more targeted fertilization approach. Soil testing should ideally be done before sowing or transplanting.
 
 For optimal results, integrate NPK consortia with organic manures. Apply well-decomposed farmyard manure (FYM) at 4 to 4.8 ton per acre or vermicompost at 2- 2.4 tons per acre before final land preparation. These organic amendments improve soil structure, water-holding capacity, and provide a slow-release source of nutrients throughout the crop season.
 
 The application timing is crucial for maximum benefit. The first application of NPK consortia should be done at the tillering stage (25-30 days after transplanting), and a second application can be made at the panicle initiation stage (40-60 days after transplanting). Apply the spray during early morning or late evening hours when temperatures are moderate and avoid spraying during windy conditions or when rain is expected within 24 hours.
 
 In addition to NPK consortia, supplement with recommended doses of chemical fertilizers based on soil test results. Generally, for paddy in Uttar Pradesh, the recommended NPK dose is 120:60:60 kg per hectare (approximately 48:24:24 kg per acre). Apply nitrogen in 3 splits: 1/3rd at 7 DAT, 1/3rd at tillering, and remaining 1/3rd at panicle initiation. Apply full dose of phosphorus and potassium as basal dose during final land preparation.
 
 For micronutrient management, apply zinc sulphate at 25 kg per hectare (10 kg per acre) if deficiency symptoms appear, such as brown spots on leaves or stunted growth. Iron and boron deficiencies can also be addressed through foliar applications if symptoms are observed.
 
 Safety Guidelines: When handling and applying NPK consortia and chemical fertilizers, wear protective gloves to avoid direct skin contact. Store the biofertilizer and chemical fertilizers in a cool, dry place away from direct sunlight, children, and animals. Follow the recommended doses strictly and do not exceed the prescribed application rates. Wash hands thoroughly with soap and water after handling any fertilizer products. Avoid eating, drinking, or smoking during application.
 
 For further guidance or clarification, farmers are advised to contact the nearest Krishi Vigyan Kendra (KVK) or local agricultural extension officer."
https://workdrive.zoho.in/file/qyqoq37e6201dd9314e858cea2795bb457e97,695b7aea28ae67127339dd61,695b6d0828ae67127339dcda,ਕਣਕ ਚ ਗੁੱਲੀ ਡੰਡੇ ਦਾ ਕੰਟਰੋਲ ਜੈਵਿਕ ਤਰੀਕੇ (Biological control of Gulli Danda pest in wheat),"Biological control of Phalaris minor in wheat. Phalaris minor, commonly known as Gulli Danda or  Canary grass: Phalaris minor or little seed canary grass, is a major weed in wheat crops, not a pest in the traditional insect sense. 

Cultural control:- At the time of field preparation, adopt stale seed bed technique to minimize the weeds menace in field. Zero till practice is also minimize the weed seed germination

Mechanical methods: Mechanical methods such as hand-hoeing and manual weeding are also useful. Usually one manual weeding done within 30-45 days after sowing provides good control of weeds. Rice-wheat rotation suppresses the establishment and growth of Avena ludoviciana in wheat and encourages Phalaris minor. Maize-wheat rotation results in a gradual build-up of Avena ludoviciana. 

Biological Control:- Biological control for Phalaris minor (little seed canary grass) primarily involves leveraging beneficial microbes like rhizobacteria to suppress its growth or using cultural practices (crop rotation, mulching, early sowing) to outcompete it, alongside advanced herbicides, as traditional chemical methods face resistance; research shows certain rhizobacteria stimulate wheat while inhibiting P. minor, and integration with cultural methods provides sustainable long-term management. 

Herbicide:- Clodinafop-Propargyl 15% W/W DF:- 160gm/Acre mix with 200L of water PHi-70.
Diclofop methyl 28% EC 1-1.4 liters/Acre mix with 200l of water.PHI 90."
https://workdrive.zoho.in/file/qyqoqb5739d4c0b8549a8927d49bbe366d151,695b7aea28ae67127339dd61,695b6d0828ae67127339dcda,ਕਣਕ ਚ ਗੁੱਲੀ ਡੰਡੇ ਦਾ ਕੰਟਰੋਲ ਜੈਵਿਕ ਤਰੀਕੇ (Biological control of Gulli Danda pest in wheat),"Biological control of Phalaris minor in wheat. Phalaris minor, commonly known as Gulli Danda or  Canary grass: Phalaris minor or little seed canary grass, is a major weed in wheat crops, not a pest in the traditional insect sense. 

Cultural control:- At the time of field preparation, adopt stale seed bed technique to minimize the weeds menace in field. Zero till practice is also minimize the weed seed germination

Mechanical methods: Mechanical methods such as hand-hoeing and manual weeding are also useful. Usually one manual weeding done within 30-45 days after sowing provides good control of weeds. Rice-wheat rotation suppresses the establishment and growth of Avena ludoviciana in wheat and encourages Phalaris minor. Maize-wheat rotation results in a gradual build-up of Avena ludoviciana. 

Biological Control:- Biological control for Phalaris minor (little seed canary grass) primarily involves leveraging beneficial microbes like rhizobacteria to suppress its growth or using cultural practices (crop rotation, mulching, early sowing) to outcompete it, alongside advanced herbicides, as traditional chemical methods face resistance; research shows certain rhizobacteria stimulate wheat while inhibiting P. minor, and integration with cultural methods provides sustainable long-term management. 

Herbicide:- Clodinafop-Propargyl 15% W/W DF:- 160gm/Acre mix with 200L of water PHi-70.
Diclofop methyl 28% EC 1-1.4 liters/Acre mix with 200l of water.PHI 90."
https://workdrive.zoho.in/file/wqwyd0eaf7ae68a7d4229a01333cbd9ada40d,695e2446770b5fe9194c755b,695b446528ae67127339da97,Information about hightech farming,"High-tech farming mainly refers to agricultural operations involving the latest technologies. It is a capital intensive agriculture since large capital outlay is required towards purchase of specialized equipment, maintenance of assets, training of labour, etc. Hi-tech agriculture mainly relates to commercial farming system aimed at catering to the needs of both, domestic as well as export markets. It uses farming technology to increase yields, ensures high quality (usually pesticide-free) and realizes increased market value. 

Hi-tech agriculture aims to address the challenges faced by agriculture sector and food security needs, synergizing of technology, engineering and farming. The concept aims to use modern technology to increase the quantity and quality of agricultural products. With technological advancement and reach, farmers have access to GPS, soil scanning, data management and Internet of Things technologies. By precisely measuring variations within a field and adapting the strategy accordingly, farmers can greatly increase the effectiveness of pesticides and fertilizers and use them more selectively.

Advantages of high-technology farming :- Increase in yield up to 5 to 8 times – high productivity per unit area. Significant saving in key inputs like water (up to 50%), fertilizers (25%) and pesticides. Better growth and uniformity in quality. Feasible even in undulating terrains, saline, water logged, sandy & hilly lands.

Hi-Tech Farming Technologies :- Characteristics of hi-technology farming is the use of science and technology to direct and enhance farming operations to improve productivity and income of farmers in a sustainable manner. These technologies support the entire value chain including production of high quality planting material (tissue culture, quality seed production, etc.); scientific cultivation technologies – precision farming, protected cultivation, efficient use of soil and water resources, efficient input management, hydo/aero-ponics, use of IOT, Robotics, GIS and GPS tools, use of drones, pest disease surveillance, etc. ; post-harvest management with use of mechanical harvesters, grading, sorting, packing and transport. 

Use of Drones : The Indian Council of Agricultural Research (ICAR) through the Indian Agricultural Research Institute (IARI), under a collaborative research project, is developing indigenous prototype for drone based crop and soil health monitoring system using Hyperspectral Remote Sensing (HRS) sensors. This technology could also be integrated with satellite based technologies for large scale applications. The project entitled ""SENSAGRI : Sensor based Smart Agriculture"" is involving six partner institutes (Agriculture & IT) to be funded by Information Technology Research Academy (ITRA), Department of Electronics and Information Technology (DEITY), Ministry of Communication and Information Technology (MCIT) and ICAR. Drone technology based Unmanned Aerial Vehicle (UAV) has ability for smooth scouting over farm fields, gathering precise information and transmitting the data on real time basis. This technology could be used for regional or local land assessment and crop health management, loss and damage assessment, pest control, post-event management and settlement of compensation under crop insurance schemes, etc. 

Profitable Paddy Cultivation through Direct Seeding Technology by Rice-Wheat Seeder :- The Rice-Wheat Seeder equipment is capable of regulating the seed rate and put the seeds in soil at desired depth with proper maintenance of plant-to-plant distance ranging from 8-15 cm within the row. This character of machine helps the users to grow paddy in well defined row spaced at 20 cm and, thus, leaves the farmers with opportunities of using the mechanical weeding tools in between two consecutive rows for weeding.

"
https://workdrive.zoho.in/file/x4582b579c41c3b354a9dbeee6d8f00129864,695e4a7d770b5fe9194c77b5,695e48f6770b5fe9194c7761,Information regarding soil purification of field with Trichoderma before transplanting Paddy,"Description:
Trichoderma is a beneficial biocontrol fungus widely used for soil purification and disease management in paddy cultivation. It acts as a biological agent that controls soil-borne pathogens, improves soil health, and enhances plant growth by decomposing organic matter and releasing nutrients. Soil treatment with Trichoderma before transplanting paddy is a preventive measure to protect the crop from various fungal diseases such as foot rot, seedling blight, etc. This practice is particularly important in areas where paddy is cultivated intensively, and soil-borne diseases are prevalent.
 
Application Method for Soil Treatment:
For effective soil purification with Trichoderma before paddy transplanting, follow this step-by-step procedure:
 1. Preparation of Trichoderma Culture: Mix bio-pesticide Trichoderma viridi 1% or trichoderma harzianum 2% @ 1-2 kg/acre with 24-30 kg of well-decomposed farmyard manure (FYM) or cow dung compost. Mix Trichoderma formulation thoroughly with the FYM in a clean container or on a clean surface.
 2. Incubation Process: Spread the mixture in a shaded area and cover it with jute bags or gunny sacks to maintain moisture and darkness. Sprinkle water lightly twice daily (morning and evening) to keep the mixture moist but not waterlogged. After 8-10 days, you will notice white fungal growth (mycelium) on the compost, indicating successful multiplication of Trichoderma.
 3. Application in Field: Once the fungal growth appears, break down any lumps with your hands to make the mixture friable and crumbly. Broadcast this Trichoderma-enriched compost uniformly across one acre of land before the final ploughing or puddling operation.
 4. Timing: Apply the mixture 10-15 days before transplanting paddy seedlings. This allows sufficient time for Trichoderma to establish in the soil and begin its biocontrol activity.
 
Benefits:
 - Controls soil-borne fungal pathogens effectively
 - Improves soil structure and fertility
 - Enhances root development and plant vigour
 - Reduces dependency on chemical fungicides
 - Increases nutrient availability through organic matter decomposition
 - Eco-friendly and safe for beneficial soil organisms
 
Protective Measures:
Since Trichoderma is a biological agent and not a chemical, minimal protective gear is needed. However, to maintain hygiene:
 - Wear gloves when handling the mixture
 - Wash hands thoroughly after application
 - Avoid inhaling dust particles from the compost mixture
 - Store Trichoderma formulation in a cool, dry place away from direct sunlight
 
Additional Recommendations:
 - Ensure good soil moisture during Trichoderma multiplication and application
 - Avoid using chemical fungicides immediately before or after Trichoderma application, as they may kill the beneficial fungus
 - Can be combined with other organic amendments like neem cake for enhanced disease suppression
 - Regular use of Trichoderma helps build long-term soil health and disease resistance
 
Safety Note:
Trichoderma is completely safe for humans, animals, and the environment. It is an organic, eco-friendly alternative to chemical soil fumigants. However, always use quality-tested Trichoderma formulations from authorized dealers.
 
For further guidance or clarification, farmers are advised to contact the nearest Krishi Vigyan Kendra (KVK) or local agricultural extension officer."
https://workdrive.zoho.in/file/mwsxeb1e8a07ba7f24878829186efd83a9e21,695e4d3c770b5fe9194c77f5,695e48f6770b5fe9194c7758,How can I register a complaint regarding expired paddy seeds?,"Filing a complaint regarding expired or spoiled paddy requires understanding the proper channels and procedures available to farmers in Uttar Pradesh. This issue typically relates to government procurement, storage facilities, or post-harvest management concerns.
 
Complaint Filing Procedure:
 
For lodging complaints about expired or damaged paddy, farmers should first contact the Office of the Deputy Director of Agriculture at the district level. In Mau district, Uttar Pradesh, this office serves as the primary point of contact for agricultural grievances. Farmers can visit the office in person with relevant documentation, including storage receipts, quality certificates, photographs of damaged grain, and any procurement documents.
 
Documentation Required:
 
Prepare a written complaint detailing the quantity of paddy affected, storage location, approximate date of damage or expiry, and estimated financial loss. Include photographs showing the condition of the grain, evidence of improper storage conditions if applicable, and copies of any agreements or receipts related to the paddy storage or sale.
 
 Alternative Grievance Channels:
 
 If the district-level response is unsatisfactory, farmers can escalate complaints to:
 1. State Agriculture Department headquarters
 2. Food Corporation of India (FCI) offices for procurement-related issues
 3. District Magistrate's office for administrative intervention
 4. Online grievance portals like CM Helpline (Uttar Pradesh government portal)
 5. Toll-free Kisan Call Centre at 1800-180-1551
 
 Preventive Measures for the Future:
 
 To avoid paddy spoilage and expiry issues:
 
Proper Storage Practices:
Ensure paddy is dried to 12-14% moisture content before storage. Store grain in well-ventilated warehouses with proper pest control measures. Use airtight containers or properly sealed bags to prevent moisture absorption and pest infestation. Regularly inspect stored grain for signs of fungal growth, discolouration, or pest damage.
 
Quality Maintenance:
Implement first-in-first-out (FIFO) inventory management. Maintain proper temperature (below 15¬∞C if possible) and humidity levels (below 60%) in storage areas. Use natural preservatives like neem leaves or chemical fumigants (following safety guidelines) to prevent pest infestation.
 
 PROTECTIVE GEAR FOR FUMIGATION (if using chemical preservatives):
 When handling chemical fumigants or preservatives:
 - Wear chemical-resistant gloves
 - Use a face mask or respirator approved for pesticide use
 - Wear full protective clothing with long sleeves and full pants
 - Use eye protection (safety goggles)
 - Wash hands thoroughly after handling chemicals
 - Store chemicals away from food, children, and animals
 
 SAFETY GUIDELINES:
 Follow recommended doses strictly as per label instructions. Ensure proper ventilation before entering fumigated storage areas. Maintain records of all chemical applications. Dispose of empty containers safely according to local regulations. Keep emergency contact numbers readily available.
 
 Legal Rights:
 
Under the Agricultural Produce Marketing Committee (APMC) regulations and Minimum Support Price (MSP) schemes, farmers have the right to fair compensation for damaged grain if the damage occurred in government-managed facilities. Document everything thoroughly to strengthen your claim.  For further guidance or clarification, farmers are advised to contact the nearest Krishi Vigyan Kendra (KVK) or local agricultural extension officer."
https://workdrive.zoho.in/file/mwsxe059a907fee654f208d03c6fac76742c7,695e4d3c770b5fe9194c77f5,695e48f6770b5fe9194c7758,How can I register a complaint regarding expired paddy seeds?,"Filing a complaint regarding expired or spoiled paddy requires understanding the proper channels and procedures available to farmers in Uttar Pradesh. This issue typically relates to government procurement, storage facilities, or post-harvest management concerns.
 
Complaint Filing Procedure:
 
For lodging complaints about expired or damaged paddy, farmers should first contact the Office of the Deputy Director of Agriculture at the district level. In Mau district, Uttar Pradesh, this office serves as the primary point of contact for agricultural grievances. Farmers can visit the office in person with relevant documentation, including storage receipts, quality certificates, photographs of damaged grain, and any procurement documents.
 
Documentation Required:
 
Prepare a written complaint detailing the quantity of paddy affected, storage location, approximate date of damage or expiry, and estimated financial loss. Include photographs showing the condition of the grain, evidence of improper storage conditions if applicable, and copies of any agreements or receipts related to the paddy storage or sale.
 
 Alternative Grievance Channels:
 
 If the district-level response is unsatisfactory, farmers can escalate complaints to:
 1. State Agriculture Department headquarters
 2. Food Corporation of India (FCI) offices for procurement-related issues
 3. District Magistrate's office for administrative intervention
 4. Online grievance portals like CM Helpline (Uttar Pradesh government portal)
 5. Toll-free Kisan Call Centre at 1800-180-1551
 
 Preventive Measures for the Future:
 
 To avoid paddy spoilage and expiry issues:
 
Proper Storage Practices:
Ensure paddy is dried to 12-14% moisture content before storage. Store grain in well-ventilated warehouses with proper pest control measures. Use airtight containers or properly sealed bags to prevent moisture absorption and pest infestation. Regularly inspect stored grain for signs of fungal growth, discolouration, or pest damage.
 
Quality Maintenance:
Implement first-in-first-out (FIFO) inventory management. Maintain proper temperature (below 15¬∞C if possible) and humidity levels (below 60%) in storage areas. Use natural preservatives like neem leaves or chemical fumigants (following safety guidelines) to prevent pest infestation.
 
 PROTECTIVE GEAR FOR FUMIGATION (if using chemical preservatives):
 When handling chemical fumigants or preservatives:
 - Wear chemical-resistant gloves
 - Use a face mask or respirator approved for pesticide use
 - Wear full protective clothing with long sleeves and full pants
 - Use eye protection (safety goggles)
 - Wash hands thoroughly after handling chemicals
 - Store chemicals away from food, children, and animals
 
 SAFETY GUIDELINES:
 Follow recommended doses strictly as per label instructions. Ensure proper ventilation before entering fumigated storage areas. Maintain records of all chemical applications. Dispose of empty containers safely according to local regulations. Keep emergency contact numbers readily available.
 
 Legal Rights:
 
Under the Agricultural Produce Marketing Committee (APMC) regulations and Minimum Support Price (MSP) schemes, farmers have the right to fair compensation for damaged grain if the damage occurred in government-managed facilities. Document everything thoroughly to strengthen your claim.  For further guidance or clarification, farmers are advised to contact the nearest Krishi Vigyan Kendra (KVK) or local agricultural extension officer."
https://workdrive.zoho.in/file/zhubf0c093e6a0b1049ee83cb3efd198a37d9,695e560b770b5fe9194c7874,695e48f6770b5fe9194c777d,Information regarding the smell coming from soaking paddy seeds for 10 hours ?,"The smell coming from paddy seeds after soaking for 10 hours is a normal phenomenon and generally not a cause for concern. This is part of the standard seed treatment process used in paddy cultivation, particularly for nursery preparation in regions like Uttar Pradesh and other rice-growing states.
 
Understanding the Soaking Process:
Soaking paddy seeds is a crucial pre-sowing treatment that helps in uniform germination and vigorous seedling establishment. During the soaking period, seeds absorb water (imbibition), which activates metabolic processes within the seed. The slight odor that develops is typically due to the release of natural organic compounds and the beginning of fermentation processes as dormant enzymes become active.
 
Normal Duration and Procedure:
For paddy cultivation, seeds are typically soaked in clean water for 18-24 hours, followed by incubation (sprouting) for another 24-36 hours under moist gunny bags or similar covering. After 10 hours of soaking, the seeds are still in the early phase of water absorption, and a mild smell is completely natural. However, the smell should not be foul or putrid, which could indicate contamination or poor seed quality. a mild smell after 10 hours, in such cases, change the water immediately and reduce soaking time. Avoid using stagnant or contaminated water sources for seed soaking.
 
Recommended Soaking Method:
 1. Use clean, fresh water for soaking - change water if it becomes cloudy
 2. Maintain a water level of 2-3 inches above the seed level
 3. Soak seeds for 18-24 hours at room temperature (25-30°C)
 4. After soaking, drain the water completely
 5. Cover seeds with moist gunny bags for incubation until small sprouts (2-3 mm) appear
 
Seed Rate and Treatment:
For transplanted paddy, use 8-10 kg seeds per acre. For direct seeded rice, use 14-16 kg per acre. Before soaking, treat seeds with biological fungicides like Trichoderma viride (10 grams per kg of seed) or Pseudomonas fluorescens (10 grams per kg) to prevent seed-borne diseases. These treatments may also contribute to a mild biological odor, which is beneficial.
 
Quality Indicators:
Healthy, viable seeds will sink to the bottom during soaking. Discard any floating seeds as they are likely hollow or damaged. The germination percentage should be above 80% for good crop establishment. Fresh seeds from certified sources (State Seed Corporation, National Seeds Corporation, or registered seed producers) ensure better germination and vigor.
 
For further guidance or clarification, farmers are advised to contact the nearest Krishi Vigyan Kendra (KVK) or local agricultural extension officer."
https://workdrive.zoho.in/file/7bvgn84b80f1055c045d39618900678762280,69609193720949226b85b534,69608158720949226b85b444,What is the Green Revolution and how has it impacted agricultural production in India?,"The Green Revolution refers to a transformative period in agricultural history, particularly significant in India during the 1960s and 1970s, which revolutionized farming practices and dramatically increased food grain production through the adoption of modern agricultural technologies, high-yielding variety seeds, chemical fertilizers, and improved irrigation methods.
 
Historical Context and Introduction:
The Green Revolution was initiated in India to address the severe food shortage crisis and achieve self-sufficiency in food grain production. Led by agricultural scientist Dr. M.S. Swaminathan, often called the Father of the Green Revolution in India, this movement introduced scientific farming practices that transformed traditional agriculture into a modern, intensive production system. States like Punjab, Haryana, and Uttar Pradesh were at the forefront of this agricultural transformation.
 
Key Components of the Green Revolution:
 
 1. High-Yielding Variety (HYV) Seeds: Introduction of improved wheat varieties like Sonalika, Kalyan Sona, and paddy varieties like IR-8, IR-20, and Jaya that could produce significantly higher yields compared to traditional varieties.
 
 2. Chemical Fertilizers: Large-scale adoption of chemical fertilizers, particularly NPK (Nitrogen, Phosphorus, Potassium) fertilizers, became central to the Green Revolution. Recommended doses typically included:
  - Nitrogen: 50-60kg/acre in 2-3 split applications
  - Phosphorus: 24-30kg/acre as basal dose
  - Potassium: 16-25 kg/acre in split doses
  Common sources include Urea (46% N), Diammonium Phosphate or DAP (18-46-0), and Muriate of Potash or MOP (60% K2O).
 
 3. Irrigation Infrastructure: Expansion of canal systems, tube wells, and assured irrigation facilities enabled year-round cultivation and multiple cropping patterns.
 
 4. Pesticides and Plant Protection: Introduction of chemical pesticides for pest and disease management, though this requires careful handling with protective gear including gloves, masks, and protective clothing.
 
 5. Modern Farm Machinery: Tractors, harvesters, and other mechanized equipment improved efficiency and reduced labor dependency.
 
Impact on Agricultural Production:
The Green Revolution increased wheat production from 11 million tonnes (1960) to over 100 million tonnes, and rice production similarly multiplied several times. India achieved self-sufficiency in food grains and transformed from a food-deficit to food-surplus nation. In Uttar Pradesh specifically, districts like Kanpur Dehat saw significant increases in paddy and wheat yields.
 
Balanced Approach in Modern Context:
While chemical fertilizers played a crucial role, modern sustainable agriculture emphasizes:
 - Soil testing before fertilizer application
 - Integration of organic sources like Farm Yard Manure (FYM) at 5tonnes/acre
 - Vermicompost at 3 tonnes/acre
 - Green manuring with crops like Dhaincha or Sesbania
 
Safety Guidelines for Chemical Fertilizer Use:
When handling chemical fertilizers, farmers should wear chemical-resistant gloves, face masks, and protective clothing. Follow recommended doses strictly, ensure proper storage away from children and animals, and maintain safe handling practices including washing hands after application.
 
For further guidance or clarification, farmers are advised to contact the nearest Krishi Vigyan Kendra (KVK) or local agricultural extension officer."
https://workdrive.zoho.in/file/mwsxe7ba8e1d5dadf42bbb7a2655e1a581178,69609193720949226b85b534,69608158720949226b85b444,What is the Green Revolution and how has it impacted agricultural production in India?,"The Green Revolution refers to a transformative period in agricultural history, particularly significant in India during the 1960s and 1970s, which revolutionized farming practices and dramatically increased food grain production through the adoption of modern agricultural technologies, high-yielding variety seeds, chemical fertilizers, and improved irrigation methods.
 
Historical Context and Introduction:
The Green Revolution was initiated in India to address the severe food shortage crisis and achieve self-sufficiency in food grain production. Led by agricultural scientist Dr. M.S. Swaminathan, often called the Father of the Green Revolution in India, this movement introduced scientific farming practices that transformed traditional agriculture into a modern, intensive production system. States like Punjab, Haryana, and Uttar Pradesh were at the forefront of this agricultural transformation.
 
Key Components of the Green Revolution:
 
 1. High-Yielding Variety (HYV) Seeds: Introduction of improved wheat varieties like Sonalika, Kalyan Sona, and paddy varieties like IR-8, IR-20, and Jaya that could produce significantly higher yields compared to traditional varieties.
 
 2. Chemical Fertilizers: Large-scale adoption of chemical fertilizers, particularly NPK (Nitrogen, Phosphorus, Potassium) fertilizers, became central to the Green Revolution. Recommended doses typically included:
  - Nitrogen: 50-60kg/acre in 2-3 split applications
  - Phosphorus: 24-30kg/acre as basal dose
  - Potassium: 16-25 kg/acre in split doses
  Common sources include Urea (46% N), Diammonium Phosphate or DAP (18-46-0), and Muriate of Potash or MOP (60% K2O).
 
 3. Irrigation Infrastructure: Expansion of canal systems, tube wells, and assured irrigation facilities enabled year-round cultivation and multiple cropping patterns.
 
 4. Pesticides and Plant Protection: Introduction of chemical pesticides for pest and disease management, though this requires careful handling with protective gear including gloves, masks, and protective clothing.
 
 5. Modern Farm Machinery: Tractors, harvesters, and other mechanized equipment improved efficiency and reduced labor dependency.
 
Impact on Agricultural Production:
The Green Revolution increased wheat production from 11 million tonnes (1960) to over 100 million tonnes, and rice production similarly multiplied several times. India achieved self-sufficiency in food grains and transformed from a food-deficit to food-surplus nation. In Uttar Pradesh specifically, districts like Kanpur Dehat saw significant increases in paddy and wheat yields.
 
Balanced Approach in Modern Context:
While chemical fertilizers played a crucial role, modern sustainable agriculture emphasizes:
 - Soil testing before fertilizer application
 - Integration of organic sources like Farm Yard Manure (FYM) at 5tonnes/acre
 - Vermicompost at 3 tonnes/acre
 - Green manuring with crops like Dhaincha or Sesbania
 
Safety Guidelines for Chemical Fertilizer Use:
When handling chemical fertilizers, farmers should wear chemical-resistant gloves, face masks, and protective clothing. Follow recommended doses strictly, ensure proper storage away from children and animals, and maintain safe handling practices including washing hands after application.
 
For further guidance or clarification, farmers are advised to contact the nearest Krishi Vigyan Kendra (KVK) or local agricultural extension officer."
https://workdrive.zoho.in/file/a7d21a89fc7ba6e2841a590b461a689386f31https://workdrive.zoho.in/file/a7d21a89fc7ba6e2841a590b461a689386f31,6961f636720949226b85bb91,6961d984720949226b85ba0a,What are the features and characteristics of the DRR-100 (CR Dhan 100) variety of paddy crop?,"DRR Dhan 100 (Kamala) is a rice variety developed by the Indian Council of Agricultural Research (ICAR) and the ICAR-Indian Institute of Rice Research (IIRR), Hyderabad.

The new variety is ready for harvest in approximately 130 days.The earlier harvest window allows farmers more time to prepare for sowing the next crop. Trials demonstrated that the yield per acre averaged approximately 21.7 quintals, with maximum yields of 36.0 quintals per acre. Yield estimates indicate that DRR Dhan 100 (Kamala) was 19% higher than the yields of Samba Mahsuri. Other attributes of the variety that contribute to climate change-resilient rice cultivation and sustainable rice production are drought tolerance, requiring less nitrogen fertilizer, using less water, and having lower methane emissions.

CR Dhan 100, also known as Satyabhama, matures in 110 days, is resistant to leaf blight, rice tungro virus, sheath blight, and leaf folder, and is moderately resistant to white back plant hopper, stem borer and gall midge. It is tolerant to lodging shattering. Under good management practices, an expected yield of 9-19 quintals per acre is possible. However, as per ICAR data, it is only recommended for Odisha."
https://workdrive.zoho.in/file/uef6dc8ca835328e3438487ff4600340a6233,6964e85dd5a7fe262757af18,6964b943d5a7fe262757ac41,What are the variety details of Telangana Sona rice (RNR 15048)?,"Telangana Sona (RNR 15048) is a popular, super-fine rice variety developed by the Professor Jayashankar Telangana State Agricultural University (PJTSAU). It has revolutionized rice farming because of its short duration and unique health benefits. The most famous feature of RNR 15048 is its health profile. It has a GI (Glycemic Index) of 51.0, which is significantly lower than regular rice varieties (usually >70). This means it releases sugar into the blood slowly, making it diabetic-friendly.

Season and Duration: Telangana Sona (RNR 15048) is primarily a Kharif season variety that can be grown during the monsoon period. The crop matures in approximately 125 days, making it a short-duration variety. This shorter duration allows farmers to plan crop rotations effectively and reduces exposure to late-season pests and diseases.
 
Yield Potential and Key traits: Telangana Sona (RNR 15048) is classified as a high-yielding variety with potential yields of 26-28 quintals per acre per acre under optimal management conditions. It shows resistance to blast disease, suitable for late sowing conditions and has high head rice recovery (>67%). It is a low glycemic index variety with GI of 51.0.
  
Disease and Pest Resistance: RNR 15048 shows high resistance to blast. 
 
Seed Source: Farmers should obtain certified seeds from authorized sources including State Seed Corporations, National Seed Corporation, Telangana State Seeds Development Corporation, or registered private seed companies. Using certified seeds ensures genetic purity, good germination percentage (minimum 80%), and disease-free planting material.
 
However, it is recommended for cultivation in Telangana. For further guidance or clarification, farmers are advised to contact the nearest Krishi Vigyan Kendra (KVK) or local agricultural extension officer."
https://workdrive.zoho.in/file/095h54dc34f1089a74a1e83769ae966ab817a,69661cb7774b35f1baeefdff,6965e8fd774b35f1baeefbe2,"If the paddy seeds are not germinating properly, can we sow them?","If paddy seeds are not germinating properly, they should not be sown directly, because poor germination results in a weak crop stand, uneven plant population, more gaps in the field, and finally lower yield. Good germination is the foundation of a healthy and profitable rice crop. However, before rejecting the seed, it is important to find out whether the problem is seed dormancy (the seed is alive but not sprouting) or low viability (the seed is weak or dead). You should always test seed germination before sowing. Take 100 seeds, soak them in water for 24 hours, then wrap them in a wet cloth or gunny bag and keep them in a warm place for 3–5 days. After that, count how many seeds have sprouted. If 80% or more seeds germinate, the seed is good and can be safely used. If 70–80% germinate, the seed can still be used, but the seed rate must be increased to cover the loss. If germination is below 50–60%, it is better to discard the seed and buy fresh certified seed, because such seed can cause serious yield loss. If poor germination is due to seed dormancy, you can improve sprouting by giving heat treatment at 40–42°C for 1–2 days, or by soaking seeds in water for 24 hours and then keeping them in a moist bag for 24–36 hours until small white sprouts appear. Salt water selection can also be done by removing floating seeds and keeping the sinking ones, then washing them before sowing. Seeds should be treated with Carbendazim at 2 g per kg seed or bio-agents like Trichoderma or Pseudomonas to protect weak seeds from rotting and soil-borne diseases. Sowing poor-germinating seed leads to weak and uneven crop, more weeds and labour, higher pest and disease attack, and about 5–20% yield loss. For best results, always use healthy, disease-free, high-germination seed, as it gives strong seedlings, a uniform crop, and a higher yield with better profit."
https://workdrive.zoho.in/file/lwpx00f56564d9a634290b12a303b4112c686,6969ca8b774b35f1baef06f4,6969c4fa774b35f1baef066b,Why are the paddy leaves turning brown in my field?,"The browning of paddy leaves can be attributed to several diseases, with bacterial leaf blight and brown spot being the most common causes in Tamil Nadu during the kharif season. These diseases can significantly impact crop health and yield if not managed properly.
 
 **Description:**
 Bacterial leaf blight, caused by Xanthomonas oryzae pv. oryzae, is a serious disease that causes water-soaked lesions that turn yellowish-brown. Brown spot, caused by the fungus Bipolaris oryzae (Helminthosporium oryzae), produces oval to circular brown spots with a grayish center on leaves. Both diseases thrive in humid conditions and can spread rapidly during the monsoon season.
 
 **Symptoms:**
 Bacterial leaf blight starts as water-soaked stripes on leaf margins that become yellowish and later turn brown. In severe cases, the entire leaf may dry up, giving a burnt appearance. Brown spot disease shows small, circular to oval brown lesions with a light brown or grayish center surrounded by a reddish-brown margin. Severely infected leaves turn completely brown and die prematurely.
 
 **Severity Assessment:**
 If the browning is limited to a few leaves or spots, the disease is in its initial stage and can be managed with cultural and biological methods. However, if large patches of the field show extensive browning with leaf death, immediate intervention with chemical control is necessary.
 
 **Control Measures:**
 
 *For Severe Infections:*
 Apply Copper Hydroxide 77% WP at 3 grams per liter of water or Streptocyclin (Streptomycin Sulphate 90% + Tetracycline Hydrochloride 10%) at 1 gram per 10 liters of water for bacterial blight. For brown spot, use Tricyclazole 75% WP at 0.6 grams per liter or Carbendazim 50% WP at 1 gram per liter of water. Apply 2-3 sprays at 10-12 day intervals. The Pre-Harvest Interval (PHI) for these chemicals is 15-20 days before harvest.
 
 *For Initial Stage:*
 Use biological control agents like Pseudomonas fluorescens at 10 grams per liter of water as a foliar spray. Implement cultural practices including proper water management (avoid water stagnation or water stress), balanced fertilization (avoid excess nitrogen), removal and destruction of infected plant debris, and ensuring adequate plant spacing for air circulation.
 
 **Protective Gear (When Using Chemical Sprays):**
 Farmers must wear chemical-resistant gloves, a face mask or respirator to prevent inhalation of spray droplets, protective clothing with long sleeves and full pants, and eye protection such as goggles or a face shield. After application, wash hands and exposed skin thoroughly with soap and water. Avoid eating, drinking, or smoking during application. Store chemicals in a secure location away from children, animals, and food items.
 
 **Safety Disclaimer:**
 Strictly follow the recommended doses mentioned aboveâ€”do not exceed application rates as this can lead to chemical residues and environmental harm. Observe the Pre-Harvest Interval (PHI) of 15-20 days before harvest to ensure food safety. Avoid spraying during windy conditions or when rain is expected within 24 hours. Do not mix different chemicals unless specifically recommended. Dispose of empty pesticide containers properly by puncturing and burying them away from water sources. Keep emergency contact numbers for poison control and local health centers readily available.
 
 **Additional Recommendations:**
 Ensure proper drainage in the field to prevent waterlogging. Apply recommended doses of potassium-rich fertilizers to improve plant resistance. Use disease-resistant paddy varieties in future seasons. Monitor the field regularly for early detection of disease symptoms.
 
 For further guidance or clarification, farmers are advised to contact the nearest Krishi Vigyan Kendra (KVK) or local agricultural extension officer."
https://workdrive.zoho.in/file/vt5o1b59b362d32db4ba9bdacc89babd17de8,699e73c1f86d87b208cbb1e7,699e72b9f86d87b208cbb1a8,What is the crop duration of the PR 128 wheat variety?,"There is no wheat variety named PR 128. PR 128 is a new high yielding non basmati rice variety. However, if a farmer wants information on high yielding varieties of wheat, they are:
Timely Sown Irrigated Conditions:
1. PBW 872 (2025): This variety has been recommended for cultivation under timely sown irrigated conditions. Its average plant height is 100 cm and matures in about152 days. It is moderately resistant to yellow and brown rust. It possesses bold and lustrous grains with an average grain yield of 24.4 quintals per acre. This variety is suitable for growing under poplar plantation.

2. PBW 826 (2022): This variety has been recommended for cultivation under timely sown irrigated conditions. Its average plant height is 100 cm and matures in about 148days. It is moderately resistant to yellow rust and brown rust. It possesses lustrous bold grains. Its average grain yield is 24.0 quintals per acre.

Late Sown Irrigated Conditions: 
1. PBW 771 (2020): Its average plant height is 80 cm and matures in about 133 days. It is moderately resistant to yellow rust and resistant to brown rust. Its average grain yield is 19.0 quintals per acre.

2. PBW 757 (2020): This bread wheat variety has been recommended for cultivation in the Punjab state under irrigated very late sown conditions (January sowing). Its average plant height is 82 cm and matures in about 114 days. It is resistant to yellow rust and brown rust diseases. Its average grain yield is 15.8 quintals per acre.

Timely Sown irrigated condition (special purpose varieties):
1. PBW Zinc 2 (2023): It possesses higher grain zinc concentration which is good for human health. Its average plant height is 100 cm and is resistant to yellow and brown rust. Its ears are medium dense with red glumes. It matures in about 154 days. Its average grain yield is 23.0 quintals per acre.

2. PBW RS1 (2023): This is a premium special quality wheat variety having high proportion of resistant starch in the grains. Its average plant height is 87 cm and matures in about 146 days. It is resistant to yellow rust and moderately resistant to brown rust. Its average grain yield is 17.1 quintals per acre. Consumption of the high resistant starch products do not cause spike in blood sugar levels, rather it acts as the dietary fibre and thus have low glycemic index. Sow this variety during 2nd to 4thweek of November."
https://workdrive.zoho.in/file/vswpl0024b38e16b34eaba3029ec281aa3db0,699e7627f86d87b208cbb28f,699e72b9f86d87b208cbb12e,What is the maturity time of DBW-17 wheat variety?,"DBW-17 is a popular wheat variety developed by IIWBR Karnal. Due to its excellent agronomic characteristics and adaptability, it has been widely accepted by farmers in Punjab and other northern states of India. 

DBW-17 matures in approximately 134 days after sowing and is categorized as a medium to late maturing variety. The maturity period may vary by 3–5 days depending on weather conditions, sowing time, and crop management practices. 

This variety is particularly suitable for the North-Western Plains Zone (NWPZ), which includes Punjab, Haryana, Delhi, parts of Rajasthan, and western Uttar Pradesh. In districts like Patiala in Punjab, it performs well under irrigated and timely sown conditions (November 1–20). 

In the context of mega varieties in the NWPZ, the potential maximum yield of DBW-17 has been reported up to 25 quintals per acre.

Under recommended agronomic management, the seed rate for DBW-17 is 40–45 kg per acre. 

The fertilizer recommendation includes 50 kg nitrogen, 25 kg phosphorus, and 12 kg potash per acre as a basal dose, with an additional 50 kg nitrogen applied in split doses at the Crown Root Initiation (CRI) and tillering stages. 

Four to five irrigations are essential at critical growth stages—CRI (20–25 days after sowing), tillering, jointing, flowering, and milk stage. 

Certified seeds should be purchased only from Punjab State Seeds Corporation, National Seeds Corporation (NSC), or authorized seed dealers, and seed tags and certification must be verified to ensure proper germination and varietal purity. 

For more information, seed availability, or scientific guidance according to local conditions, farmers should contact the nearest Krishi Vigyan Kendra (KVK) or agricultural extension officer."
https://workdrive.zoho.in/file/1x1sb275fedb1fe3e4e7584b988f24013c1b8https://workdrive.zoho.in/file/1x1sb275fedb1fe3e4e7584b988f24013c1b8,69a1189f993748a05837b03c,69a110f8993748a05837afa8,What are the characteristics and cultivation details of Goldking 333 cotton variety?,"The variety name that you mentioned is a Bt cotton hybrid developed by private company. This variety is specifically bred to offer balanced agronomic characteristics, moderate duration, and stable yields under varied growing conditions.

As this variety is not recommended by HAU POP. If you want to choose alternative varieties you can choose NCS 9013 BG-2, NCS 495 BG-2, NCS 855 BG-2, RCH 791, RCH 314 BG-2, RCH 773 BG-2, JKCH 1050 BG-2, PCH 9611 BG-2, PRCH 333 BG-2, SWCH 4744 BG-2, DPC 3083 BG-2, Tulsi 225 BG-2, Shakti 9 BG-2, MC 5423 BG-2 and others, while H-1098 is suitable for late sowing (mid-March to first week of June) though the ideal sowing time for cotton is mid-March, flowering time 165 days, yield around 8 to 8.5 quintals/acre.
-  Other popular varieties include H-1117 (early sowing March 15–April 15, small to medium leaves, good boll opening, rare leaf curl, 175–185 days flowering, 8 q/acre average yield up to 15), 
- American hybrid HHH 223 (April 15–May 20 sowing, less caterpillar attack, oil tolerant, leaf curl resistant, 175–180 days flowering, 8–9 q/acre average up to 16), 
- AAH-1 (April sowing, 150 cm tall, purple-red stems, light yellow flowers, fully blooms by October, about 10 q/acre yield), 
- HHH 287 suitable irrigated areas, April 10–30 sowing, leaf curl resistant, 160–170 days flowering, 8–9 q/acre average up to 13.
 
For further guidance on variety selection, seed source authentication, or specific cultivation recommendations suited to your local conditions, farmers are advised to contact the nearest Krishi Vigyan Kendra (KVK) or local agricultural extension officer."
https://workdrive.zoho.in/file/c1j4y68c7e90b012b4f87815323e08268777,69a904fb3066e8d904165e69,69a9036f3066e8d904165e05,Can insecticides and fungicides be mixed together for spray application in citrus crops?,"Mixing insecticides and fungicides is a common practice in integrated pest and disease management for citrus crops, particularly in Punjab where farmers often face multiple challenges simultaneously. However, this practice requires careful consideration of compatibility, timing, and safety protocols to ensure effective pest and disease control without causing phytotoxicity or reducing efficacy.
 
Understanding Tank Mixing:
Tank mixing refers to combining two or more pesticide formulations in a spray tank for simultaneous application. This practice saves time, labor, and operational costs. In citrus cultivation, farmers may need to control pests like aphids, whiteflies, fruit flies, and mealybugs while simultaneously managing fungal diseases such as citrus canker, gummosis, powdery mildew, and anthracnose.
 
Compatibility Considerations:
Not all insecticides and fungicides are compatible. Chemical interactions can lead to physical incompatibility (precipitation, crystallization, or separation), chemical incompatibility (degradation of active ingredients), or biological antagonism (reduced effectiveness). Before mixing:
  1. Always conduct a jar test by mixing small quantities in the same proportions and observing for any adverse reactions over 30 minutes.
 2. Check pH compatibility - some chemicals are pH-sensitive and may break down in alkaline or acidic conditions.
 3. Follow the WALES order of mixing: Wettable powders, Agitate, Liquid flowables, Emulsifiable concentrates, Solutions/Surfactants.
 4. Never mix concentrated products directly; always add each product separately to water with continuous agitation.
 
Products to Avoid Mixing:
 - Avoid mixing alkaline and acidic formulations.
 - Do not mix sulfur-based fungicides with oil-based insecticides (causes severe phytotoxicity).
 - Avoid mixing copper fungicides with highly alkaline products.
 - Never mix phosphate-containing insecticides with copper fungicides without conducting compatibility tests.
 
For further guidance or clarification on specific product compatibility, optimal mixing ratios, or integrated pest management strategies suitable for your citrus orchard, farmers are advised to contact the nearest Krishi Vigyan Kendra (KVK) or local agricultural extension officer."
https://workdrive.zoho.in/file/bk3vw81c02226a856493bbef6cd7516964ff8,6993e406a28413914bf02c63,6993e241a28413914bf02c17,What fertilizers and nutrients should be applied to wheat at the flowering stage?,"The flowering stage (also called anthesis or spike emergence stage), which is a critical growth phase in wheat cultivation that significantly influences grain formation and final yield. In Uttar Pradesh, particularly in the western districts like Baghpat, proper nutrient management during this stage is essential for achieving optimal productivity.

Nutrient Requirements at Flowering Stage:

During the flowering stage, wheat plants have high nutrient demands, particularly for nitrogen, potassium, and micronutrients. This is the period when grain setting occurs, and adequate nutrition directly impacts the number of grains per spike and grain filling.

Recommended Fertilizer Schedule:

In loam or Matyar, Kawar, and Mar soils, apply half of the total nitrogen and the full dose of phosphate and potash 2–3 cm below the seeds in the furrows at the time of sowing. The remaining quantity of nitrogen should be applied about 2 hours before the first irrigation.

In sandy, loam, Rakad, and Padwa sandy clay soils, apply one-third of the total nitrogen along with the full dose of phosphate and potash below the seeds in the furrows at the time of sowing. Half of the remaining nitrogen should be applied after the first irrigation (about 20–25 days after sowing at the crown root initiation stage), and the rest should be applied after the second irrigation. In these types of soils, top dressing after irrigation is beneficial.

So, as per POP, it is not recommended to use granular fertilizer during the flowering stage. By the flowering stage, the root system's ability to take up nutrients from the soil begins to decline. This is why many experts recommend foliar sprays rather than soil-applied fertilizers.

Potassium Nitrate (13-0-45): Applying potassium nitrate at 200-300 g per acre in 200 liters of water helps the plant manage water stress and improves the transport of sugars to the grain.

Application Guidelines:

- Apply foliar sprays during early morning (6-9 AM) or evening hours (4-6 PM) to ensure better absorption and prevent leaf burn.

- Avoid spraying during windy conditions or when rain is expected within 24 hours.

- Ensure complete coverage of leaves and spikes for maximum effectiveness.

- Do not mix multiple fertilizers without proper compatibility testing.

- Maintain adequate soil moisture through light irrigation after top dressing of urea.

Additional Recommendations:

- Monitor the crop regularly for any pest or disease incidence, particularly aphids (Chepa) and yellow rust (Peela Ratua), which are common during this stage in UP.

- Ensure proper irrigation management; the flowering stage requires adequate moisture, and even mild water stress can significantly reduce grain set.

- For varieties like HD-2967, PBW-343, or DBW-17 commonly grown in Baghpat district, the flowering stage typically occurs 90-100 days after sowing.

Safety Precautions:

Always wear protective clothing, gloves, and masks when handling and applying fertilizers. Store chemicals in a cool, dry place away from children and livestock.

For further guidance on nutrient management and soil testing recommendations specific to your field conditions, please contact your nearest Krishi Vigyan Kendra (KVK) in Baghpat district or the local agriculture department office."
https://workdrive.zoho.in/file/2yn4m7d2ca655825145c58327784e319f70ca,69968820a28413914bf03aea,699684bea28413914bf03a60,How do I file a complaint about poor quality weedicide (herbicide) used in wheat cultivation?,"Filing a complaint about poor-quality weedicide (herbicide) is an important step to protect your wheat crop and ensure accountability in the agricultural input supply chain. Here's a comprehensive guide for farmers in Uttar Pradesh dealing with suspected substandard or spurious herbicides:

Identifying Poor Quality Weedicide:

Before filing a complaint, confirm that the herbicide quality is indeed the issue. Signs of poor-quality weedicide include ineffective weed control despite proper application, phytotoxicity (crop damage) beyond normal herbicide effects, unusual physical appearance (discoloration, settlement, or separation in liquid formulations), expired products, damaged packaging, missing or unclear labels, and absence of batch numbers or manufacturing details.

Immediate Steps to Take:

First, preserve all evidence. Keep the original container with the label intact, retain the purchase bill/receipt, take photographs of the affected wheat field showing weed persistence or crop damage, and if possible, keep a sample of the unused herbicide in a sealed container. Document the application details, including date of application, dosage used, water volume, stage of crop, and prevailing weather conditions during and after application. It is advisable to file the complaint within 30 days of noticing the issue to facilitate proper sample testing.

Filing the Complaint—Multiple Channels:

1. District Agriculture Officer (DAO):

Visit your District Agriculture Office and submit a written complaint. Provide all evidence, including the product container, bill, and field photographs. The DAO can initiate quality testing and investigation.

2. State Insecticides Inspector:

Under the Insecticides Act, 1968, each district has an Insecticides Inspector responsible for quality control of pesticides and herbicides. Contact the inspector through the District Agriculture Office for official sample collection and laboratory testing.

3. Krishi Vigyan Kendra (KVK):

Your nearest KVK can guide you through the complaint process, help document the issue scientifically, and provide technical support for your case.

4. Online Complaint Portal:

Uttar Pradesh farmers can register complaints on the state Integrated Grievance Redressal System (IGRS) portal at https://jansunwai.up.nic.in.

by selecting the Agriculture Department and specifying the issue related to substandard or spurious agricultural inputs. Complaints can also be routed through district-level agriculture authorities.

5. Toll-Free Helpline:

Contact the UP Agriculture Department helpline at 155241 or 1800-180-1551 to register your complaint and seek guidance.

6. Retailers/Dealers:

Simultaneously inform the retailer or dealer from whom you purchased the product. Licensed dealers have legal obligations under the Insecticides Act regarding product quality and record maintenance.

Information Required for Complaint:

Your complaint should include farmer details (name, address, contact), product details (brand name, generic name, batch number, manufacturing and expiry dates, manufacturer's name and address, registration number), purchase details (shop name, location, date, bill number, quantity purchased, price paid), and problem description (weed species not controlled, crop damage observed, area affected in acres).

Legal Framework:

Complaints about poor-quality herbicides are covered under the Insecticides Act, 1968, and Insecticides Rules, 1971. If a laboratory report declares the sample as “Not of Standard Quality (NSQ),” legal action may be initiated against the manufacturer or dealer, including penalties, prosecution, or license cancellation as per law.

Sample Testing:

The authorities will collect samples for laboratory testing at government-recognized pesticide testing laboratories following prescribed procedures. Testing typically takes a few weeks, and the complainant is entitled to receive information regarding the test results.

Compensation:

If poor quality is confirmed (NSQ), refund or compensation may be considered based on official findings and applicable legal provisions. Compensation is not automatic and may depend on administrative or legal proceedings. Farmers may also explore crop insurance claims if covered under the Pradhan Mantri Fasal Bima Yojana.

Prevention for the Future:

Always purchase herbicides from licensed, reputable dealers; verify the product label for the registration number and mandatory information; check manufacturing and expiry dates; avoid products with unclear or damaged labels; and keep bills for all agricultural input purchases.

For further guidance and to ensure your complaint is properly filed and followed up, please contact your nearest Krishi Vigyan Kendra (KVK). They can provide a technical assessment of the field condition and support your complaint with scientific documentation."
https://workdrive.zoho.in/file/z1hra902d19379ba94b85af607613b617b2e0,69aff0b0c4e802c3d59390f5,695b6dff28ae67127339dce1,আমার জমিতে weed এতেছে এতে এক একটা ধানের জমি আমি কি করে এর থেকে কে রক্ষা পালাব (Weed control in paddy rice field),"Integrated weed management (IWM) is essential for controlling weeds in paddy fields in West Bengal, combining cultural, mechanical, and chemical methods for sustainable results. The strategy usually depends on the method of planting: Transplanted Paddy or Direct Seeded Rice (DSR).

Cultural and Mechanical Control for Dry-Direct Seeded Rice:
-Plough the field by rotavator or cultivator to get a fine tilth.
-Remove the weeds and crop stubbles before proper levelling for uniform germination and crop stand.
-In heavily weed infested areas, adopt stale seed bed technique by allowing weed seeds to emerge and then kill either by shallow tillage or by spraying non-selective herbicides like glyphosate, paraquat etc. at least 10 days before sowing.

Cultural and Mechanical Control for Wet-Direct Seeded Rice:
-Dry tillage one month before final land preparation for removal of perennial weeds followed by puddling twice at 7-10 days interval and proper land levelling to ensure uniform crop stand.
-Keep 3-5 cm standing water in the field between two puddling for easy decomposition of weeds and crop stubbles.
-Keep the field under saturated moist condition for initial 7-10 days of sowing (DAS) to facilitate better root and seedling establishment and then keep a thin film of water (1-2 cm depending upon the seedling length) up to 21 DAS.

Cultural and Mechanical Control for Puddled transplanted rice:
-Plant 12-15 days old seedlings by transplanter in well levelled saturated soil without any standing water. In case of manual transplanting, plant 25-30 days old seedlings at spacing of 20 x 15 cm or 15 x 15 cm with 2-3 seedlings per hill depending on crop duration and growing season. In case of mechanical weed control by power weeder, row spacing should be adjusted to 25 cm during planting.
-Keep the field under saturated moist condition for first 7-10 days in case of machine transplanting to facilitate root and seedling establishment and then keep a thin film of water (1-2 cm depending upon the seedling length) up to 21 days.

Chemical control: 
-In heavy weed infested areas, spray Pyrazosulfuron-ethyl 10% WP @ 80 g/acre in 8 tanks of 16 litre capacity sprayer at 3-5 DAS to control weeds in rice nursery or Bispyribac sodium 10% SC @ 120 ml/acre in 8 tanks of 16 litre capacity sprayer at 8-10 days after emergence of weeds (or when the weeds are at 2-3 leaf stage).

Dry Direct Seeded Rice in Upland
-To control weeds in direct seeded upland rice, please spray Bispyribac sodium 10% SC @ 120 ml/acre in 8 tanks of 16 litre capacity sprayer at 8-10 days after emergence of weeds (or when the weeds are at 2-3 leaf stage) or Fenoxaprop-p-ethyl 9 EC @ 260 ml/acre at 20 days after in moist soil as an alternative to manual weeding.
-In upland areas, where herbicide has not been applied, first manual weeding or mechanical weeding by operating finger weeder or wheel hoe may be done.

Dry Direct Seeded Rice in Lowland:
-To control weeds in direct seeded lowland rice, spray Bispyribac sodium 10% SC @ 120 ml/acre in 8 tanks of 16 litre capacity sprayer at 8-10 days after emergence of weeds (or when the weeds are at 2-3 leaf stage) or tank mix of 260 g of Fenoxaprop-p-ethyl + 50 g of Ethoxysulfuron per acre at 15-20 DAS in moist soil.

Transplanting Rice:
-To control weeds, apply granular herbicide Bensulfuron methyl 0.6% + Pretilachlor 6% GR @ 4 kg/acre mixed with 4 kg of sand within 5 - 10 days after transplanting. You can also use Pretilachlor 50% EC as a pre-emergence option. The recommended dose is about 400-600 ml in 200-300 litres of water. As a post-emergence option, spray Bispyribac Sodium 10% SC @ 80-100 ml in 120 litres of water at 10-14 days after transplanting. Another good option is Ethoxysulfuron 15% WDG @ 33-40 g per acre in 200 litres of water, or Triafamone 20% + Ethoxysulfuron 10% WG @ 90 g per acre in 120 litres of water.
"
https://workdrive.zoho.in/file/z1hracbb85c1615114b219098ce4809e1c944,69b00cbec4e802c3d59391a0,6970484240b8c95a0c6a8e1a,post-harvest storage issues for maize in Bihar,"Maize growers in Bihar face several post-harvest storage problems that cause major economic losses. According to the Indian Council of Agricultural Research (ICAR) and the Ministry of Food Processing Industries (MoFPI), maize post-harvest losses can reach 20–30%, with storage being a major cause. Key problems include biotic damage from insects (especially maize weevils), fungi, rodents, and birds, as infestations often start in the field and increase rapidly during storage after the first month. Another issue is high grain moisture, as maize is often stored with more than 14–15% moisture, reducing shelf life to about 15 weeks and increasing the risk of aflatoxin contamination. Farmers also face infrastructure gaps because modern storage facilities are not easily available, so about 64% of farmers in some districts are forced to sell maize immediately at lower prices or store it in open or temporary structures. In addition, traditional storage methods are less effective, as about 29% of farmers use jute bags and 36% use plastic bags, which provide poor protection against moisture and pests, while traditional mud storage bins are gradually being abandoned due to space limitations and lack of skilled labour.

To overcome these problems, farmers are adopting improved storage practices promoted by Krishi Vigyan Kendra (KVK) and agricultural universities. Maize should be properly dried before storage by sun-drying shelled grain on clean plastic sheets in layers not more than 5 cm thick and turning it regularly to reduce moisture to a safe level of 13–14%. In some areas, mechanical or solar dryers available through Custom Hiring Centres (CHCs) and Farmer Producer Organisations (FPOs) are also used to reduce moisture quickly and prevent fungal growth. Farmers are also adopting modern storage technologies such as hermetic or “super” bags, which are airtight and control insects naturally by reducing oxygen while maintaining safe grain moisture. About 20% of farmers in some areas use metal storage bins that provide better protection from rodents, insects, and humidity than jute or mud bins. For pest control, many farmers use phosphine fumigation to manage insect infestation during storage. In traditional systems, bamboo containers such as Kabla are sometimes sealed with a mixture of clay and cow dung before storing grain to protect it from moisture and pests. Farmers are also joining Farmer Producer Companies (FPCs) to access government support and subsidies under the Bihar Agri Investment Promotion Policy, which offers up to 25% capital subsidy for building warehouses, storage units, and processing facilities

By adopting proper drying, improved storage structures, pest control practices, and collective marketing through farmer groups, maize growers can reduce storage losses. For better guidance and technical support, farmers should contact their local Krishi Vigyan Kendra (KVK) or Block Agriculture Office for training on safe storage, pest management, and government schemes related to maize storage and post-harvest management."
https://workdrive.zoho.in/file/z1hra26d39ecd65f64e64bb3e7964f6b4ec73,69b01088c4e802c3d59391c7,6974c12caf17f554aa2084c1,आजकल बहुत सारे किसान दालों की खेती क्यों नहीं कर रहे हैं? दालें भारत को बाहर से क्यों इम्पोर्ट करनी पड़ रही हैं? अगर मैं दालों की खेती करना चाहूं तो कैसे मैं इसमें कामयाब हो सकता हूं?,"Pulses form an important component of basic Indian diet, though variations with respect to the choice, food habits and availability of pulses across the country are in place. 

In most of the pulses, there is large gap between the potential yield and the realized yield in the field condition. To meet the demand of population for pulses, we have to import pulses from abroad. The reasons for low yield in pulses are:
- About 87% area under pulse cultivation in the country is under rainfed system.
- poor seed replacement rates, low adoption of improved production technologies add to the poor productivity of pulses at farmers level.
- abrupt climatic changes, disease-pest complex, socio-economic situations of pulse cultivators, poor storage facilities are also one of the reason
- Besides this, high influence of environmental factors coupled with poor quality of seed used is the major production constraint in pulse crops.
- Abiotic stresses like pests and diseases like Fusarium, root rot complex, sterility mosaic and Phytophthora blight, yellow mosaic, Cercospora leaf spot and powdery mildew, rust and wilt causes significant losses. In pests gram pod borer, pod fly, whitefly, jassids and thrips causes severe damage
- among abiotic stresses, drought and high temperature at terminal stage, cold as well as sudden
drop in temperature coupled with fog, soil salinity/alkalinity

The methods of briding the gap between actual yield and potential yield
The increase in pulse production is a multidimensional task. It requires integrated support from farmers, state and central governments, and the community as a whole to achieve this goal. However, from the farmer’s perspective, several important practices can help improve pulse production. The methods that farmers can adopt include the following:
1. Adopting seed varieties that are suitable to the region, that has multiple resistances based on the need and requirement.
2. Promoting life saving and
supplementary irrigation: Providing life-saving or supplementary irrigation at critical crop stages in rainfed areas can significantly increase pulse yields, sometimes by 50% or more. Efficient water management practices, along with resource conservation technologies (RCTs) such as conservation tillage, residue retention, crop rotation and proper weed control, can help save 20–45% irrigation water.

Farmers should be encouraged to adopt water-efficient irrigation methods such as sprinkler and drip irrigation. Sprinkler irrigation is becoming popular because it saves water and expands the irrigated area, especially in water-scarce regions. Government schemes like NFSM support this by providing subsidies up to ₹10,000 per hectare or 50% of the cost for sprinkler systems.

Similarly, drip irrigation and fertigation are suitable for widely spaced crops like pigeonpea, helping to expand irrigation coverage by 30–50% and improve farmers’ returns.

3. Site specific nutrient management: Site-specific management of nutrients and agrochemicals, based on soil and plant health indicators (such as soil health cards and threshold-level concepts), can improve input use efficiency, reduce production costs, and increase farm income. Since crop management varies by location, applying nutrients, herbicides, and pesticides according to site conditions helps achieve better productivity. Additionally, the timely availability of critical inputs like biofertilizers, sulphur, zinc, gypsum, boron, and biopesticides is essential for improving pulse crop yields.

4. Weed control: Early-season weed control is crucial in pulse crops because weeds compete with crops for nutrients, moisture, light, and space, and may also release harmful chemicals that affect crop growth. The critical period of crop–weed competition is usually 15–60 days after sowing, and uncontrolled weeds can cause 15–50% yield losses. Since pulse crops have slow early growth and open canopy, they are more vulnerable to weed competition. Although manual weeding is effective, it is costly and may account for up to one-third of the total cultivation cost. Therefore, the use of herbicides should be promoted as an economical and effective method for weed management in pulse crops to reduce production costs and improve farm income.

5. Farm mechanization: Farm mechanization in pulse cultivation helps reduce labour requirements, lower cultivation costs, and increase productivity and farmers’ returns. Practices such as deep ploughing, ridge planting, line sowing, raised bed or BBF planting, intercultivation, and machine harvesting improve efficiency and timeliness of farm operations. Mechanization also enhances labour productivity, ensures efficient use of inputs, and reduces human drudgery.

6. Biofertilizers, especially Rhizobium, can supply about 25–30% of the nitrogen requirement in pulse crops and promote plant growth. Training programs on Rhizobium application, seed production, seed treatment, and use of biocontrol agents can help farmers adopt these technologies effectively. Biopesticides also play an important role in plant protection; for example, seed treatment with Trichoderma at sowing helps control several soil- and seed-borne diseases.

7. Cropping system intensification through intercropping and mixed cropping with pulses can increase farm income, productivity, and nutritional security. Examples include mungbean or urdbean with spring sugarcane, chickpea with mustard or linseed, pigeonpea with groundnut, soybean or millets, paired-row pigeonpea with jowar, bajra or urdbean, and soybean with pigeonpea or urdbean. Such pulse-based cropping systems are recommended for different regions to enhance overall farm productivity. For Punjab region the suggested cropping system is Cotton + urdbean/mungbean/cowpea.

Therefore, the farmer is advised to adopt improved pulse cultivation practices such as using high-yielding varieties, maintaining proper nutrient and water management, ensuring timely weed control, adopting suitable cropping systems, and utilizing biofertilizers and farm mechanization wherever possible to improve productivity and reduce the cost of cultivation. For location-specific recommendations and proper technical guidance, the farmer is advised to visit the nearest KVK"
https://workdrive.zoho.in/file/wtnfr13e4b2feb16d486fa93d0266294bced5,69b0e443f1a5801ca99b0516,69b0e371f1a5801ca99b04b9,Can growth regulators be mixed with insecticides for application on moong (green gram) crop?,"Mixing growth regulators with insecticides in moong (green gram) cultivation is sometimes practiced by farmers to save time, labor, and spraying costs during critical crop stages. However, such mixing should be done carefully because compatibility, correct timing, and proper application techniques are essential to ensure effective pest control without affecting crop growth.

According to the Punjab Agricultural University (PAU), Punjab, and the Plant Protection Quarantine and Storage (PPQS) guidelines for both Kharif and Rabi moong, no plant growth regulator is recommended for moong cultivation in Punjab. Therefore, farmers should follow the recommended crop management and pest control practices rather than applying growth regulators.

However, when farmers intend to mix two chemicals, they should ensure that the products are compatible before spraying. A jar test should always be conducted before mixing different chemicals in the spray tank. For this test, take a clean quart-sized jar with a sealable lid and add about 500 ml of water. Then mix small quantities of the products to be combined and observe the mixture.

If the materials are physically compatible, the jar will remain cool to the touch, and the mixture will remain uniform without separation, clumping, or formation of layers. If the mixture is incompatible, the jar may become warm or hot, and the solution may show separation, sludge formation, clumps, grains, or emulsions, indicating that the chemicals should not be mixed.

Benefits of tank mixing (when products are compatible):

- Reduces application costs and labour requirements.

- Allows timely pest control during critical crop growth stages.

- Minimizes crop damage caused by repeated tractor or sprayer passes in the field.

- Improves efficiency in managing pest pressure and crop growth operations.

For specific compatibility testing, assessment of local pest pressure, and customized spray recommendations according to the moong variety and crop growth stage, farmers should contact their nearest Krishi Vigyan Kendra (KVK). KVK experts can provide location-specific guidance on safe tank mixing practices, conduct field demonstrations, and recommend suitable spray schedules based on prevailing weather and pest conditions in the area."
https://workdrive.zoho.in/file/wtnfr47f14783fc7a4df4b650f7083a4350f6,69b0e4def1a5801ca99b0531,69b0e371f1a5801ca99b0493,How to control anthracnose disease in moong (green gram) crop?,"Anthracnose is a significant fungal disease of moong (green gram) caused by Colletotrichum lindemuthianum. This disease can cause substantial yield losses if not managed properly, particularly during the Kharif season when humid conditions favor disease development.

Disease Symptoms:

Anthracnose: It is caused by Colletotrichum lindemuthianum. Dark brown spots (horseshoe-shaped) appear on the leaves and other parts of the plant. The leaves and pods are more vulnerable. The characteristic symptoms of this disease are circular brown sunken spots with dark centers and bright red-orange margins on leaves and pods. Infection just after germination causes seedling blight.
Control Measures:

Cultural Practices: -

Early planting, i.e., immediately after the onset of monsoon. 

Grow crops on an arbor system to avoid soil contact. 

Maintain proper drainage in the field. 

Chemical Management:

Spray the crop with carbendazim 50% WP at 2 g/liter of water with the first appearance of symptoms on the crop and repeat after 15 days (if necessary).

For region-specific recommendations, field diagnosis, and the latest integrated disease management practices, please contact your nearest Krishi Vigyan Kendra (KVK). KVK experts can provide soil testing services, variety recommendations suitable for your area, and hands-on training for effective disease management. They can also help identify if other diseases are present along with anthracnose, requiring different management approaches."
https://workdrive.zoho.in/file/j7539ceb2b500cabe4407a251ed6306d41c92https://workdrive.zoho.in/file/j7539ceb2b500cabe4407a251ed6306d41c92,69b0e5dbf1a5801ca99b058a,69b0e371f1a5801ca99b04a3,How can I control termite infestation in green gram (moong) crop?,"According to the Punjab POP, termite is not a pest of Moong.
Pests and Management of Moong: 
Whitefly: Nymphs and adults of whitefly suck sap from the leaves, thus lowering the vitality of the plants. Whitefly excretes honeydew on which sooty mould develops, resulting in blackening of leaves and decrease in the normal photosynthesis. In case of severe attack, there is total blackening of the crop, resulting in drying of leaves and ultimately total crop failure. Whitefly is a vector of mungbean yellow mosaic virus. Spray the crop upon pest appearance with 1.0 litre of homemade neem extract using 80-100 litres of water per acre with manually operated knapsack sprayer. To prepare neem extract, boil 5.0 kg mixture of neem leaves and fruits in 10 litres of water for 30 minutes. Then, filter this material through muslin cloth and use the filterate for spraying at the recommended dose. Repeat the spray after one week. Spray Pyriproxyfen 10 % + Bifenthrin10 % w/w EC @400ml in 200 liters of water. 

Pod sucking bug (Clavigralla gibbosa): The adults are brown-grey in colour. Both nymphs and adults use their mouthparts to pierce the pod wall and suck the sap from the developing seeds. The attack is noticeable from the white patches that appear on the surface of pods and leaves. As a result of continuous sap feeding, premature drying of pods is noticed. When such pods are opened, shriveled and malformed seeds are observed. Further, such seeds easily succumb to secondary infection by fungal pathogens and pose problems in post harvesting process. Seeds spoiled by the pod bug neither germinate nor are acceptable as human food. To control this pest, spray the crop upon pest appearance at podding stage with 1250 mL of homemade neem extract using 80-100 litres of water per acre with manually operated knapsack sprayer. Repeat the spray after one week, if necessary. 

Tobacco caterpillar (Spodoptera litura): It is a polyphagous pest. The small larvae are black whereas grown up larvae are dark green with black triangular spots on body. Its’ moth lays eggs in masses covered with brown hairs on the lower side of leaves. After hatching, first and second instar larvae feed gregariously and skeletonize the foliage. Later on, the grown up larvae disperse and feed singly. Besides leaves, they also damage buds, flowers and pods. For management, egg masses and young larvae of tobacco caterpillar feeding gregariously should be collected along with leaves and destroyed. Spray Chlorantraniliprole 47.85 % w/w SC @ 17 ml/acres in 160-240 liters of water.

Pod borer (Helicoverpa armigera): The larvae damage the crop by feeding on leaves, flower buds, flowers, pods and seeds in the pods, thus causing heavy loss in yield. The larvae may be pale green, yellow, brown or black in colour measuring about 3-5 cm in length when fully grown. Larval presence can be observed from damage to plant and from dark green faeces below the plants on the soil. The larvae fall on the ground when plants are shaken vigorously. spray Chlorantraniliprole 18.50 % SC @ 50 ml in 160-240 liters of water. 

Hairy caterpillar: The body of the caterpillar is covered with hair. The caterpillar eats the green matter of leaves, leaving behind only the midribs. The crop may be totally denuded due to severe attack. When young, they feed gregariously but on few plants in scattered spots. Since, the young larvae are gregarious, they can be destroyed by pulling out the infested plants along with larvae and burying them underground. The grown up caterpillars can be destroyed by crushing them under feet or by picking and putting them into kerosenized water. For control irrigate once to avoid prolonged mid-season drought to prevent pre-harvest, Dig the trenches of 1 inch depth between the fi elds & dust the trenches to kill the larvae in pits infestation.  
 
 SAFETY PRECAUTIONS:
 1. Wear protective clothing, gloves, and masks during pesticide handling and application.
 2. Avoid application during windy conditions to prevent drift.
 3. Do not eat, drink, or smoke while handling chemicals.
 4. Irrigate the field after soil application to prevent pesticide exposure to humans and animals.
 5. Store pesticides in original containers away from food, feed, and children's reach.
 6. Follow the recommended waiting period before harvest.
 7. Dispose of empty containers safely by burying or returning to collection centers.
 
 For expert guidance on integrated termite management, soil health assessment, and crop-specific recommendations for your region, please contact your nearest Krishi Vigyan Kendra (KVK). KVK scientists can provide field diagnosis, demonstrate application techniques, and suggest location-specific management strategies tailored to Tarn Taran district conditions."
https://workdrive.zoho.in/file/j7539fc6e37d2e85749bba25bd2af8d9727ad,69b0ea45f1a5801ca99b067d,69b0e371f1a5801ca99b0499,How can I control root and shoot borer in moong (green gram)?,"There is no such pest called root borer and shoot borer in green gram crop. There is only pod borer insect. However, there are insects that infests and attacks the shoots of the crop.

Pod borer: The larvae is said to feed on leaves, shoots and buds. Along with this, the other symptoms observed are larva feeding on the leaves for some time and then attacks fruits. Internal tissues are eaten severely and completely hollowed out. While feeding the caterpillar thrust its head inside leaving the rest of the body outside. Bored fruits with round holes.

White grub: These are the grubs that stay inside the soil and eats the roots away. 

Management:
- Avoid late sowing as this may lead to reduced yields and incidence of white grubs.
-Deep ploughing of fields during summer
- After summer ploughing field is left for solarization
- To control Pod borer apply Emamectin Benzoate 3% + Thiamethoxam 12% WG @ 80gm in 200 liters of water per acre or Chlorantraniliprole 18.50 % SC @ 50ml in 160-240 liters of water.

However, if these are not the symptoms observed on the crop, the farmer is advised to visit the nearest Krishi Vigyan Kendra (KVK) along with a plant sample or photographs of the insect observed infesting the crop for accurate identification and appropriate management advice."
https://workdrive.zoho.in/file/wtnfr29e6c849a25e4e09bc749f113e9f0ca6,69b28ae78f3f9012b4922bbd,69b285f18f3f9012b4922b5b,What are the effective methods for controlling whitefly in potato crops?,"Whiteflies (Bemisia tabaci) are significant sap-sucking pests in potato cultivation that can cause substantial yield losses through direct feeding damage and transmission of viral diseases. These tiny, white-winged insects colonize the undersides of potato leaves, extracting plant sap and secreting honeydew, which leads to sooty mold development and reduced photosynthetic capacity.

Identification and Damage Symptoms:

Chlorotic spots 
- Yellowing 
- Downward curling and drying of leaves. 
- Vector of potato leaf curl disease

- Favorable conditions:

The temperature of 28-36°C and 62-92% relative humidity and scanty rainfall from August to January are quite favorable for this pest.

Control Management:

Natural enemies of whitefly: Parasitoid: Encarsia formosa, Eretmocerus spp., etc. Predators: ladybird beetle, lacewing, spider, hover fly, reduviid bug, robber fly

Cultural control:

- Use healthy seed, hot and cold weather cultivation, green manuring, irrigation, and fertilizer application. 

- Plant early bulking and/or maturing cultivars to help the seed production program in areas having short aphid-free periods so that the seed crop may escape the population pressure of aphid vectors.

Biological control: Spray NSKE 5%.

Chemical Controls:

As per PPQS, you can apply any of the following insecticides. Diafenthiuron 47.80% SC @ 200 ml/acre mixed with 200 liters of water, or Flonicamid 50% WG @ 80 g/acre mixed with 200 liters of water. However, PAU POP generally recommends 80-100 liters of water per acre for foliar spray.

For further guidance or clarification, farmers are advised to contact the nearest Krishi Vigyan Kendra (KVK) or local agricultural extension officer."
https://workdrive.zoho.in/file/uapvbcdb8ba91d1b94e74904b37ffc640ebe1,69bb89a5bed23cd15cd72b99,69bb82a5bed23cd15cd72a30,"What is the recommended control measure for Maize Borer (Stem Borer) in Fodder Maize, particularly using Spinetoram or Spinosad formulations?","Maize Borer, particularly stem borers and other lepidopteran larvae, poses a significant threat to Fodder Maize by damaging stems, reducing biomass yield and compromising the nutritional quality of forage. Unlike grain maize where cob damage is the primary concern, in fodder production, stem boring reduces overall plant vigor, digestibility, and dry matter accumulation, which directly impacts livestock feed value.
 
Maize borer management as per the recommendations of PAU POP : The maize borer attacks the crop from March to October. For effective control, remove and destroy infested plants about 2-3 weeks after sowing. It can also be managed by spraying chlorantraniliprole at 40 mL per acre in 60-80 litres of water. Do not use the crop as fodder for at least 21 days after spraying. Alternatively, use biological control by releasing tricho-cards twice. Each release should contain 50,000 eggs of Corcyra cephalonica parasitized by Trichogramma chilonis per acre. The first release should be done at 10 days after sowing and the second one a week later. Cut each card into 50 strips, each having about 1,000 parasitized eggs, and place them in the central whorl at around 50 spots per acre during evening hours. These tricho-cards are available at biocontrol laboratories of the Department of Entomology, PAU Ludhiana and the Regional Station, Gurdaspur.

Application of Spinetoram 11.70 % SC : According to the PPQS, it is used for the control of Fall Armyworm (Spodoptera frugiperda) at 100 ml in 200 litres of water and PHI is 32 days.
As per PPQS, and Punjab POP, Spinosad formulation such as Spinosad 45% SC and Spinosad 2.5% SC is not recommended for maize borer control.
 
Safety Precautions - MANDATORY :
Always wear appropriate Personal Protective Equipment (PPE) during application, including gloves, long-sleeved clothing, face mask, and goggles. Avoid spraying during windy conditions to prevent drift. Since this is Fodder Maize intended for livestock consumption, strictly observe the Pre-Harvest Interval (PHI) before harvesting for animal feed. This ensures residues are below safe levels and prevents livestock exposure to pesticide residues. Do not allow animals to graze treated fields during the PHI period. Store pesticides securely away from feed storage areas and dispose of empty containers properly.
 
For specific regional pest pressure assessments, alternative control options, or if borer damage persists despite treatment, contact your nearest Krishi Vigyan Kendra (KVK) or State Agriculture Extension Officer for personalized field evaluation and integrated management recommendations tailored to your local conditions."
https://workdrive.zoho.in/file/lnrfy1644e1e706f04601b33b816638d7af6a,69bfa392d1cc04077ec5f9ad,69bf8880d1cc04077ec5f8a6,What are the recommended varieties of fodder maize for cultivation?,"Fodder maize is specifically cultivated for animal feed purposes, providing high-quality green fodder with excellent nutritional value. Unlike grain maize varieties, fodder maize varieties are selected for their superior biomass production, palatability, and digestibility. Here is a comprehensive guide to recommended fodder maize varieties:

Recommended Fodder Maize Varieties:

1. African Tall: The variety African Tall (composite variety) is suitable for cultivation throughout the year under irrigated conditions in all districts for fodder production. It has a green fodder yield potential of about 240 quintal/acre. The variety also has good quality parameters, with a crude protein content of 9.80% and a dry matter content of 17.65%, making it suitable for nutritious fodder production.

2. J-1006:  Developed by PAU, it is a dual purpose (fodder and grain) composite variety. Its’ plants are tall, vigorous and broad leaved. It is moderately resistant to maydis leaf blight and brown stripe downy mildew diseases. Its’ ear placement is medium. Ears are long, thick and cylindrical. The grains are white, bold and semi-flint to semi-dent. It yields about 165 quintals of green fodder per acre.

3. Pratap Makka Chari-6 (PMC-6): An improved multi-cut fodder variety yielding 140-160 quintals per acre with a seed rate of 16–20 kg/acre.

Important Note:

Variety availability may vary by region and season. Always procure certified seeds from authorized dealers to ensure genetic purity and germination standards.

For specific recommendations or field-level diagnosis, please contact your nearest Krishi Vigyan Kendra (KVK) or Block Agriculture Officer."
https://workdrive.zoho.in/file/l67vl31d27b059878422eb3b9caa5eab3008d4,69c0cb8a5291127d9d717d58,69c0c9115291127d9d717d46,What are the common causes and management strategies for flowering and fruiting problems in green gram (moong) crop?,"In green gram (moong), poor flowering and fruiting mainly arise from moisture‑stress, nutrient imbalance, pest–disease attack, and climatic or management factors.

Common causes of poor flowering and fruiting
Moisture stress (too dry or water‑logged)
Deficient or irregular irrigation may cause flower shed, poor pod set, and premature pod drop.
Excess water or poor drainage restricts root‑zone aeration and weakens assimilate transport to reproductive parts.

Nutrient imbalance
Low N, P, or K deficiency delays flowering, reduces flower number, and gives poorly filled pods.
Excessive nitrogen pushes excessive vegetative growth at the expense of flowers and pods.

Pests and diseases
od Borer (Helicoverpa armigera): Economic threshold is 5–6 moths per trap/night or 5% pod damage. Larvae bore into pods and feed on grains, leaving holes; caterpillars are green to brown with stripes.
Whitefly: Small, white powdery insects that suck sap from leaves and twigs, spread Yellow Mosaic Virus, and produce honeydew leading to black fungus and reduced photosynthesis.
Leaf Spot is a fungal disease that damages the leaf surface. It is identified by circular or angular spots on leaves, with light ash or brown centers and reddish-purple margins.

Unsuitable planting time and climate
The crop needs high temperature, less humidity and moderate rainfall of about 60-80 cm. Water logging is fatal for root development and nitrogen fixation during early vegetative stage. Crop is generally grown as rain fed but under assured irrigation during summer in Indo Gangetic plains of Northern India.
Very shaded or cramped stands reduce light interception and branching, limiting flowers.
Poor seed quality and plant density
Old, diseased, or non‑certified seed gives weak, uneven stands and poor flowering.
Over‑crowding or very wide spacing disturbs canopy balance and reduces effective flowering nodes.

Management strategies for better flowering and fruiting
1. Irrigation and moisture management
Generally, the kharif crop requires one life saving irrigation, which may be applied during the early pod formation stage.
Ensure good drainage in medium–heavy soils so roots are not water‑logged; use beds or ridges and avoid stagnant water.

2. Balanced nutrition
the recommended nutrient dose works out to about 6 kg nitrogen (N), 16 kg phosphorus (P₂O₅), and 8 kg potash (K₂O) per acre, along with about 10 kg sulphur per acre. To supply this through fertilizers, apply about 13 kg urea, 100 kg SSP, and 13–14 kg MOP per acre at the time of sowing in furrows. The SSP will also meet the sulphur requirement, so no separate sulphur fertilizer is needed. Additionally, spraying a 2% urea solution (20 g per litre of water) at pod formation stage helps in increasing yield.

3. Pest and disease management
Whitefly Control: If Whitefly reaches the Economic Threshold Level (ETL), spray systemic chemicals like Dimethoate 30 EC @ 400 ml per acre or Imidacloprid 17.8 SL @ 100 ml per acre.
Pod Borer Control: If more than 5% of pods are found infested by other pod borers, mix and spray Indoxacarb 14.5 SC (160 ml), Quinalphos 25 EC (600 ml), Fenvalerate 20 EC (300 ml), Cypermethrin 10 EC (300 ml) per acre in 320–400 liters of water.

Yellow mosaic virus:

Select Yellow Vein Mosaic Virus (YVMV) tolerant varieties for sowing, such as Pant Moong-2, Pant Moong-3, PDM-54 (Moti), PDM-84-139 (Samrat), PDM-11, ML-337, or Narendra Moong-1.

Carefully uproot and destroy plants affected by Yellow Mosaic Virus as soon as they are spotted.

Spray insecticides to kill the whitefly carriers. Recommended options include Dimethoate 30 EC @ 400 ml per acre or Oxydemeton-methyl 25 E.C @ 400 ml per acre in 200-240 litres of water.


Leaf‑spot and fungal diseases:

Use disease‑free certified seed. Apply Copper Oxychloride 50% WP @ 1.2 kg mixed in 320 liters of water per acre and spray 2–3 times at 10-day intervals for effective disease control. Alternatively, a single spray of Carbendazim 50% WP @ 200 grams per acre is often sufficient to manage the disease.

4. Agronomic and cultural practices
Sowing time:

Short-duration varieties of Moong should be sown from the last week of July to the third week of August.

Plant population and row spacing:

Sowing should be done in furrows behind a plow. The distance from furrow to furrow should be 30–35 cm.

Weed control and intercropping:

Do 1–2 timely hoeings or herbicide (pre‑ or post‑emergence) to reduce weed competition during early growth. Apply Chlorimuron 25 EC @ 12–16 ml per acre within two days of sowing for effective control of grassy, broadleaf, and fenugreek family weeds. For post-emergence weed control, spray Fenoxaprop 10 EC @ 320–400 ml per acre or Quizalofop-p-ethyl 4.4 EC @ 300–400 ml per acre at 20–25 days after sowing, with Quizalofop specifically targeting grassy weeds.


Rotate green gram with non‑legumes (cereals, oilseeds) to reduce carry‑over of seed‑ and soil‑borne diseases."
https://workdrive.zoho.in/file/xboj625c6aeb61f4349868e8a4520d67b48c4,69c4c46850e0bc47af1557a1,69c4bb3f50e0bc47af155687,What is the ideal weather and climatic conditions for groundnut cultivation?,"Ideal Weather and Climatic Conditions for Groundnut Cultivation for Kharif Seasons.

Groundnut (Arachis hypogaea) is a warm-season crop that requires specific climatic conditions for optimal growth and yield. Understanding these requirements is essential for successful cultivation.

For early maturing varieties, sowing should be done in the second fortnight of July to avoid bud necrosis disease.

Groundnut is the main oilseed crop of the Kharif season. It is grown over large areas, mainly in the districts of Jhansi, Hardoi, Sitapur, Kheri, Unnao, Bahraich, Bareilly, Badaun, Etah, Farrukhabad, Moradabad, Mainpuri, and Saharanpur. 

For specific recommendations or field-level diagnosis, please contact your nearest Krishi Vigyan Kendra (KVK) or Block Agriculture Officer."
https://workdrive.zoho.in/file/v5kwjfe089776bae24457b7b40d4691c085c5,69c4cee850e0bc47af155804,69c4bb3f50e0bc47af155692,What is the recommended manure application for groundnut cultivation?,"As per the Package of Practices (POP) for groundnut cultivation in Uttar Pradesh, there are no special recommendations for the use of manure beyond the general guidance for maintaining soil fertility. The POP primarily emphasizes the use of chemical fertilizers based on soil test results or standard nutrient doses for nitrogen, phosphorus, potash, gypsum, and boron. While the addition of farmyard manure or compost can improve soil structure, organic matter content, and microbial activity, the official guidelines do not specify particular types, quantities, or application timings for manure.

The use of fertilizers is very important for achieving a good yield of groundnut, and it is advisable to apply them based on soil test recommendations. In the absence of soil testing, a general guideline is to apply 8 kg of nitrogen (N), 24 kg of phosphorus (P), 18 kg of potash (K) per acre, along with 101 kg of gypsum and 1.6 kg of borax per acre. It is preferable to apply phosphorus in the form of Single Super Phosphate (SSP); if the recommended dose of phosphorus is supplied through SSP, a separate application of gypsum is not necessary. 

At the time of sowing, the full dose of nitrogen, phosphorus, potash, and half of the gypsum should be placed in furrows 2–3 cm below the seed. The remaining half of the gypsum and the full dose of borax should be applied as top dressing three weeks after sowing, followed by light hoeing to mix the nutrients into the soil up to a depth of 3–4 cm. Additionally, the use of biofertilizer, commonly available as Vriksh Mitra, at 2.4 kg/acre enhances pod yield and promotes uniform maturity, especially in bunch-type varieties.

Application Method

1. Broadcast Method: Spread manure uniformly across the field and incorporate through ploughing
2. Furrow Application: Place manure in furrows 5-7 cm below seed level for better nutrient availability
3. Ensure thorough mixing: Proper incorporation prevents nutrient loss and ensures uniform distribution

Proper fertilizer  application can increase groundnut yield by 15-20% while improving kernel quality, oil content, and overall soil health for subsequent crops.

For specific recommendations or field-level diagnosis, please contact your nearest Krishi Vigyan Kendra (KVK) or Block Agriculture Officer."
https://workdrive.zoho.in/file/iyhmo322d8ecc5c8a417499a30b6a669a1914,69aa79aadd790f38c48b6467,6990073d6bca0c342047e0e5,Why is my 80-day HMD paddy hybrid variety not reaching the heading stage on time?,"HMD paddy hybrid variety is not recommended in the PAU Package of Practices. The general fertilizer and crop management recommendations are given in the PAU guidelines. Farmers are advised to contact the nearest Krishi Vigyan Kendra (KVK) for variety-specific recommendations and further information.

Hybrid rice may not reach the heading stage on time when there is late transplanting, excessive nitrogen fertilization, cloudy weather, low temperature, or moisture and nutrient stress. Excess nitrogen encourages prolonged vegetative growth and delays panicle initiation, while unfavorable weather conditions and late planting slow crop development. 

When enough organic manure is not available, farmers can use green manuring with dhaincha, cowpea, or sunnhemp as a good alternative. After harvesting wheat or another crop, give pre-sowing irrigation (rauni) and sow 20 kg dhaincha seed per acre (soaked in water for 8 hours), or 12 kg cowpea seed per acre (20 kg if bold seed is used), or 20 kg sunnhemp seed per acre up to the first week of May. If the soil is low in phosphorus, apply 75 kg superphosphate per acre to the green manure crop. In that case, phosphorus fertilizer is not needed for the following rice crop.After 6–8 weeks, mix the dhaincha, cowpea, or sunnhemp crop into the soil one day before transplanting paddy. Dhaincha works especially well in kallar and newly reclaimed soils. Green manuring can save about 25 kg nitrogen (equal to 55 kg urea) per acre. If the moong crop is mixed into the soil after picking the pods and one day before transplanting rice, then reduce the nitrogen fertilizer dose by one-third. Green manuring with dhaincha also helps reduce iron deficiency in rice.

For PR 132 variety, apply 31.5 kg nitrogen, 12 kg P₂O₅ and 12 kg K₂O per acre, which can be supplied through 67.5 kg neem coated urea, 27 kg DAP or 75 kg single superphosphate and 20 kg muriate of potash per acre. For all other varieties, apply 42 kg nitrogen, 12 kg P₂O₅ and 12 kg K₂O per acre, which can be supplied through 90 kg neem coated urea, 27 kg DAP or 75 kg single superphosphate and 20 kg muriate of potash per acre.To reduce sterility in paddy, apply a foliar spray of 1.5% potassium nitrate at boot stage (3 kg potassium nitrate in 200 litres of water per acre). Phosphorus application to rice can be skipped if the recommended dose of phosphorus was applied to the preceding wheat crop. Phosphorus and potassium fertilizers should be applied only when soil tests indicate deficiency, and the entire dose should be applied before puddling, although phosphorus can also be top dressed up to 21 days after transplanting. When 27 kg DAP per acre is used in deficient soil, the urea dose should be reduced by 10 kg. Nitrogen fertilizer should be applied in three equal splits for all recommended varieties: the first split within 7 days of transplanting, the second split at 21 days after transplanting, and the third split at 35 days after transplanting for short-duration variety PR 126 or at 42 days after transplanting for other varieties. The second and third splits of nitrogen should be applied when water is not standing in the field, and the field should be irrigated on the third day after fertilizer application. If 6 tonnes per acre of fish pond sediments are applied in the field before transplanting, the recommended fertilizer dose should be reduced by 25%.

Zinc deficiency:
The symptoms of zinc deficiency appear 2–3 weeks after transplanting. The lower leaves become rusty brown near the base and eventually dry up. The affected seedlings remain stunted and produce few or no tillers. To control this problem, apply 25 kg zinc sulphate heptahydrate (21%) or 16 kg zinc sulphate monohydrate (33%) per acre at puddling, especially if the previous crop in the field had shown zinc deficiency symptoms. If deficiency appears in the growing crop, apply the same quantity of zinc sulphate as soon as possible. In highly deteriorated soils, zinc deficiency may appear in patches even after applying the recommended dose. In such cases, broadcast 10 kg zinc sulphate heptahydrate or 6.5 kg zinc sulphate monohydrate per acre mixed with an equal quantity of dry soil on the affected patches.

Iron deficiency:
Under scarcity of water, chlorosis may appear in seedlings on the youngest leaves about three weeks after transplanting. In severe cases, plants may die and the crop may fail completely. To manage this problem, start copious irrigation as soon as chlorosis appears and give 2–3 sprays of 1% ferrous sulphate solution at weekly intervals (1 kg ferrous sulphate in 100 litres of water per acre.

Irrigation and drainage in paddy:
Keep standing water in the field continuously for two weeks after transplanting so that the seedlings establish properly. Afterwards, apply irrigation two days after the ponded water has infiltrated into the soil.Care should be taken to prevent the field from developing cracks. Following this method helps save irrigation water without reducing yield. The depth of standing water should not exceed 10 cm. Excess water should be drained before interculturing or weeding, and the field should be irrigated again after these operations. Stop irrigation about two weeks before crop maturity to facilitate easy harvesting and timely sowing of the succeeding rabi crop.

In addition, high plant density, heavy weed infestation, and micronutrient deficiencies—especially zinc deficiency—can also affect normal crop growth and delay heading. Therefore, PAU and ICAR recommend timely transplanting, maintaining recommended plant spacing, applying balanced fertilizers as per recommended doses, ensuring proper water management, and correcting nutrient deficiencies to achieve timely panicle initiation and heading in hybrid paddy crops."
https://workdrive.zoho.in/file/uapvb6232a8f693f24670969bcfbf23c1c80bhttps://workdrive.zoho.in/file/uapvb6232a8f693f24670969bcfbf23c1c80b,69ab9f1fc2b602929b3707cd,69ab9d5ec2b602929b3706e8,What is the recommended seed treatment for spring maize to protect against shoot fly infestation?,"Shoot fly (Atherigona spp.) is an important early-season pest of spring maize that can cause significant yield losses if not managed properly. Seed treatment is a crucial preventive measure for protecting the crop during its most vulnerable growth stage.
 
Pest Identification and Damage Symptoms:
It attacks very young (3-7 days old) seedlings, producing deformed, twisted and dead hearted plants. The maggot feeds on the young growing shoots resulting in “dead hearts”.
 
Seed Treatment for Shoot Fly Management:
Seed treatment is the most effective and economical method for protecting spring maize from shoot fly damage during the critical seedling stage. The following seed treatment is recommended: Treat the seed with 6 mL (Imidacloprid  48% FS) per kg of seed.

Other management practices include:
-  If seed treatment is not done, the apply 13 kg carbofuran 3 CG  per acre in the furrows at the time of sowing.
- Alternatively apply Dimethoate 30% EC @ 460 ml/acre or Oxydemeton – methyl 25% EC @ 400 ml/acre in 200 liters of water
- Sow attractant plants or nector rich plants in the borer of the field to divert them like Attractant plants: Carrot family, sunflower family, buck wheat, alfalfa, Nectar rich plants with small flowers i.e anise, caraway, dill, parsely, mustard, sunflower, buck wheat and cowpea (wasp)

For further guidance on seed treatment procedures, selection of appropriate insecticides for local shoot fly populations, or clarification on application techniques, farmers are advised to contact the nearest Krishi Vigyan Kendra (KVK) or local agricultural extension officer. KVK experts can provide demonstrations and hands-on training for effective seed treatment practices specific to spring maize cultivation in Punjab conditions."
https://workdrive.zoho.in/file/nkooe2bd3e4929af14b5882574d33ed1a35e3,69aba07ec2b602929b370876,69ab9d5ec2b602929b3706c3,How to control silk cutter in maize crop?,"Silk cutter, scientifically known as Helicoverpa armigera (also called corn earworm or pod borer), is a significant pest of maize that attacks during the reproductive stage. The larvae feed on fresh silk strands, preventing pollination and kernel formation, leading to substantial yield losses. Adult moths are yellowish-brown with darker markings, while larvae vary in color from green to brown with distinct longitudinal stripes.
 
Symptoms:
The larvae feed mainly on maize silks, developing grains and the upper portion of the cob. They cut or sever the silks while feeding, which reduces pollination and results in poor grain setting in the cob. Feeding damage is often seen on the top 1–3 cm of the cob, and sometimes a few grains are also damaged. In the vegetative stage, larvae may feed on leaves, producing parallel rows of holes on unopened leaves. Severe infestation results in incomplete cob development and poor yield.

Cultural management:
Timely sowing of maize helps reduce the incidence of the pest. Growing maize varieties with tight husks extending beyond the cob helps prevent the entry of larvae into the cob. Maintaining proper irrigation during dry weather keeps the husks tight and reduces infestation. Field sanitation and removal of crop residues are important to reduce pest buildup. Deep ploughing after harvest helps destroy overwintering pupae present in the soil.

Mechanical management:
Early infestation can be managed by handpicking and destroying the larvae present on plants. Installing light traps at about one trap per hectare helps monitor and reduce adult moth populations. Sex pheromone traps can also be installed at around 5-6 traps per acre to monitor the activity of moths and detect the pest early.

Biological management:
Biological control can be done using Helicoverpa armigera nucleopolyhedrovirus, which is applied twice at 10-day intervals at 1.5 × 10¹² POB per hectare mixed with crude sugar and cottonseed kernel powder. Conservation of natural enemies such as Trichogramma is important because they parasitize the eggs of the pest and naturally reduce its population in the field.

Chemical management:
When the pest population exceeds the economic threshold (more than two medium to large larvae per plant), chemical control may be required. Spraying Chlorantraniliprole  18.5 SC at about 30 ml per acre with 60 litres of water is effective against young larvae. Sprays should target small caterpillars and be directed towards tassels and emerging silks.

KVK Referral:
For further guidance, proper identification of the pest, site-specific recommendations, or clarification regarding integrated pest management strategies, farmers are strongly advised to contact the nearest Krishi Vigyan Kendra (KVK) or local agricultural extension officer in Bhatinda district."
https://workdrive.zoho.in/file/v7533ccad584bffa147f3bd3d52c2bc96a605,69aba4e8c2b602929b3708b2,69ab9d5ec2b602929b37071b,What is the nutrient composition and availability from Single Super Phosphate (SSP) fertilizer for maize cultivation?,"Single Super Phosphate (SSP) is one of the most widely used phosphatic fertilizers in maize cultivation across Punjab and other Indian states. Understanding its nutrient composition and availability is crucial for effective fertilizer management and optimal crop productivity.
 
Nutrient Composition of Single Super Phosphate:
Single Super Phosphate contains approximately 16% phosphorus . This makes SSP not just a phosphorus source but also an excellent provider of two other essential secondary nutrients. The phosphorus content, though lower compared to di-ammonium phosphate (DAP) which contains 46%  is readily available to plants. The sulfur and calcium components provide additional nutritional benefits, making SSP particularly valuable for maize grown in sulfur-deficient soils, which are increasingly common in Punjab. Phosphatic fertilizer hardly moves in the soil and hence they are placed in the, root zone.
 
Role of Nutrients in Maize Growth:
Phosphorus plays a critical role in maize from germination through maturity. It is essential for root development, energy transfer through ATP, photosynthesis, and grain formation. Adequate phosphorus ensures strong early vigor, better tillering, improved drought tolerance, and enhanced grain quality. 
 
Application Recommendations for Maize:
For maize cultivation in Punjab, soil testing is the first step to determine exact phosphorus requirements. Generally, maize recommendation is according to variety
- PMH 1, 11, 13, 14  & 17, DKC 9144,  Bioseed 9788, ADV  9293, JC 12 and  Punjab Sweet Corn 1 - P -24 kg/acre and SSP -150 kg/acre.
- PMH 2, JC 4 and  Pearl Popcorn : 12 kg/acre and SSP -75 kg/acre
Apply entire quantity of SSP at the time of sowing.

Advantages of SSP in Maize Cultivation:
SSP offers several benefits: it provides three essential nutrients simultaneously, reducing the need for separate sulfur application; it is suitable for all soil types, particularly alkaline soils common in Punjab; the sulfur content improves phosphorus use efficiency; and it is more economical compared to other complex fertilizers when calculated on a per-unit nutrient basis. The calcium content helps in improving soil structure and reducing soil acidity over time.
 
Integration with Other Fertilizers:
SSP should be used as part of a balanced fertilization program. For maize, combine SSP with urea (for nitrogen) and muriate of potash (for potassium). A typical recommendation for Punjab conditions includes 35-50 kg nitrogen, 12-24 kg  and 8-12 kg  per acre.
 
Safety Considerations:
While SSP is relatively safe, farmers should wear gloves during handling to prevent skin irritation. Store in a dry place away from moisture to prevent caking. Avoid direct contact with eyes and wash hands thoroughly after application.
 
KVK Referral:
For soil testing services, precise fertilizer recommendations based on your specific field conditions, and further guidance on integrated nutrient management in maize, farmers are strongly advised to contact the nearest Krishi Vigyan Kendra (KVK) or local agricultural extension officer. They can provide location-specific advice and soil health card information."
https://workdrive.zoho.in/file/u9pf71b9fd1dcf87d4b93847c36bc8487ae90,69c4e0b050e0bc47af155943,69c4bb3f50e0bc47af1556d3,Where can I get groundnut seeds?,"Obtaining high-quality, certified groundnut seeds is crucial for achieving good germination rates and optimal yields. Here are the reliable sources where you can procure groundnut seeds:

1. Government Agricultural Institutions

Uttar Pradesh State Seed Development Corporation: Every state has a State Seed Corporation that produces and distributes certified seeds of various crops including groundnut. These corporations maintain quality standards and offer seeds at reasonable prices. 

Address : Sh. M.P. Upadhyay, MD, U.P. Seeds Development Corporation, C-973/74B Faizabad Road, Lucknow 226006  Contact no: 0522-2385356	

National Seeds Corporation (NSC): NSC produces and distributes certified seeds of improved varieties across India through its network of regional offices and retail centers.

State Agricultural Universities: Universities like CSAUAT Chandra Shekhar Azad University of Agriculture and Technology (CSAUAT) (Uttar Pradesh),produce breeder and foundation seeds of groundnut varieties developed by them. These are available through their seed units.

2. Local Government Channels

Krishi Vigyan Kendras (KVKs): Your nearest KVK can guide you to authorized seed dealers and may also supply certified seeds during sowing season.

Block Agriculture Offices: Contact your Block Agriculture Officer or District Agriculture Office for information on seed distribution programs and authorized dealers in your area.

Primary Agricultural Cooperative Societies (PACS): These cooperative societies often stock certified seeds and make them available to member farmers.

3. Private Seed Companies

Authorized Seed Dealers: Several reputed private seed companies produce certified groundnut seeds. Look for dealers displaying valid licenses from the State Seed Certification Agency.

Agricultural Input Stores: Licensed agricultural input shops in your district usually stock certified groundnut seeds of popular varieties during the sowing season.

4. Important Considerations When Purchasing Seeds

- Certification: Always purchase certified seeds with proper labeling, certification tags, and batch numbers
- Variety Selection: Choose varieties suitable for your region's soil type, rainfall pattern, and growing season (Kharif/Rabi)
- Germination Test: Check the germination percentage mentioned on the seed bag (should be above 70%)
- Physical Quality: Inspect seeds for uniformity in size, absence of disease symptoms, insect damage, or weed seeds
- Storage: If purchasing in advance, store seeds in a cool, dry place in airtight containers

5. Timing Your Purchase

Purchase seeds 15-20 days before the anticipated sowing date to allow time for seed treatment and preparation. During peak season, quality seeds may run out, so early procurement is advisable.

For specific recommendations tailored to your location, soil type, and cropping system, or to locate the nearest certified seed source, please contact your nearest Krishi Vigyan Kendra (KVK) or Block Agriculture Officer."
https://workdrive.zoho.in/file/v5kwj3308e16e038b45fab365824494e36fb2,69c4f29750e0bc47af155a00,69c4bb3f50e0bc47af1556a1,What are the recommended plant growth regulators for groundnut cultivation and how should they be applied?,"Plant growth regulators (PGRs) play a crucial role in enhancing groundnut productivity by optimizing plant architecture, pod development, and overall yield. Here is a comprehensive guide on using PGRs in groundnut cultivation:

Major Plant Growth Regulators for Groundnut:
Growth regulator which is used to increase the yield of crop

1. Triacontanol 0.1 % EW -Three sprays at 25, 45, and 65 days after sowing @	100 ml  in 160 to 200 ml per acre 
Growth regulator which is used to increase the yield of crop

2. Triacontanol 0.05% w/w min.GR- Broadcast & mix the desired quantity of granules in soil 2-3 days before sowing@ 10 kg per acre .

3. Mepiquat chloride 5% AS- Single spray at flowering stage to control excessive vegetative growth and to increase crop yield in groundnut @ 400 ml/acre in 200 litres of water. 
4. Gibberellic Acid 0.001% L- a) First spray at flowering (30-35 AS) b) Second spray at the time of flowering @ 72 ml/acre in 180-200 litres of water.

Application Guidelines:

Spray Requirements:

- Time of application: Early morning (6-9 AM) or late evening (4-6 PM) to minimize evaporation
- Weather conditions: Apply on clear, windless days; avoid spraying if rain is expected within 6 hours

Precautions and Best Practices:
Dosage Accuracy:
- Never exceed recommended concentrations as it may cause phytotoxicity
- Use calibrated spraying equipment for uniform application
- Ensure complete coverage of plant canopy

Safety Measures:
- Personal Protective Equipment (PPE): Wear protective gloves, long-sleeved clothing, face mask, and safety goggles during handling and application
- Avoid contact with skin, eyes, and inhalation of spray mist
- Do not eat, drink, or smoke during application
- Wash hands and exposed body parts thoroughly with soap and water after application

Pre-Harvest Interval (PHI):

- Always check product labels for specific PHI requirements

Important Note:
The effectiveness of PGRs depends on crop variety, soil conditions, weather, and overall crop management. Results may vary based on local conditions.

For specific recommendations or field-level diagnosis, please contact your nearest Krishi Vigyan Kendra (KVK) or Block Agriculture Officer.
"
https://workdrive.zoho.in/file/xww676d64b05866904175a21601ccbc4d7c21https://workdrive.zoho.in/file/xww676d64b05866904175a21601ccbc4d7c21,69b8d37fbc1a32fe548e9b68,69b8d09dbc1a32fe548e9b29,How can I identify and manage black rot (stem rot) disease in chilli crop?,"
As per the POP, there is no specific mention of black rot or stem rot in chilli crop. The common diseases observed in chilli as per POP are as follows:

Fruit rot and Die-back(Colletotrichumcapsici):
The tips of fruit bearing branches start drying soon after the fruits begin to ripe. Dark sunken spots covered with dark or pinkish fructifications scattered or arranged in concentric rings, appear, especially on the fruit.
i) Use disease free healthy seeds.
ii) Spray the crop with 250ml Tebuconazole 25.9% EC or 750g of Mancozeb 75% WP or Copper oxychloride 50% WP in 250 litres of water/acre at 10 days interval. Give first spray at the start of disease. (first week of July) followed by 3 more sprays)

2. Wet rot(Choanephoracucurbitarum)
Young branches, flower and fruits are attacked, conspicuous black pinheads of the fungus are seen on rotten parts. This disease is severe after heavy rains. Same as for fruit rot and die-back.
i) Use disease free healthy seeds .
ii)  Spray the crop with 250 ml Tebuconazole 25.9% EC or 750 g of Mancozeb 75% WP or Copper oxychloride 50% WP in 250 litres of water/acre at 10 days interval. Give first spray at the start of disease. (firstweek of July) followed by 3 more sprays).

3. Leaf curl (Virus)
Affected plants become stunted and have rosette appearance Leaves roll downwards. This virus is transmitted by whitefly.
i) Grow resistant hybrid CH-27.
ii) Rogue out and destroy the virus infected plants.
iii) Spray with recommended insecticides for control of whitefly in nursery and field. Apply Flonicamid 50% WG 80 g in 200 liters of water per acre or 160 ml pyriproxyfen 10% EC in 100 litres of water per acre.

4.Mosaic (Virus)
 Leaves show mottling and blistering. Plants become chlorotic and stunted. Virus is transmitted by aphids.
i) Rogue out the infected plants.
ii) Collect seed from virus free plants.
iii) Avoid unnecessary touching of plants.
iv) Spray with insecticides for control of aphid. Apply fipronil 5% SC @ 320-400 ml in 200 l of water/acre or oxydemeton methyl 25%EC @ 640 ml in 200-400 l of water/acre.

Safety Precautions for Chemical Application:
When applying chemical fungicides, farmers must wear protective equipment including gloves, masks, full-sleeved shirts, long pants, and boots. Avoid spraying during windy conditions and never eat, drink, or smoke during application. Observe the Pre-Harvest Interval (PHI)  harvesting chillies. Store chemicals in original containers away from food items and out of reach of children and animals. Dispose of empty containers properly and wash contaminated clothing separately.

For further guidance or clarification, farmers are advised to contact the nearest Krishi Vigyan Kendra (KVK) or local agricultural extension officer."
https://workdrive.zoho.in/file/82egn2a6309ff5,69ca0261c902f79ae8408fad,69c9f36cc902f79ae8408e5c,What are the key features and management practices for the BT barseem variety?,"Genetically modified (Bt) berseem does not exist; however, several improved varieties of berseem have been developed through conventional breeding methods. These improved varieties possess desirable traits such as higher yield, better regeneration after cutting, improved disease tolerance, and enhanced nutritional quality. They are well adapted to different agro-climatic conditions and help farmers achieve better fodder production. Therefore, instead of relying on genetically modified options, the use of recommended improved varieties is an effective approach for increasing the productivity and resilience of berseem cultivation.

**THERE ARE NO APPROVED [GENETICALLY MODIFIED} BT VARIETIES IN BERSEEM CROP AS OF NOW BUT BELOW ARE THE  VARIETIES AND MANAGEMENT PRACTICES OF BERSEEM CROP.**

Varieties
1. Mescavi (Maskawi)
This variety germinates early and produces 5–6 good cuttings. The leaves are medium sized with smooth margins (non-serrated). It yields about 650 quintals of green fodder per hectare (263 quintals per acre). The seeds are medium-sized, shiny, and yellowish in color. The average seed yield is 4–5 quintals per hectare (1.6-2 quintals/acre).

2. BL-1 (Berseem Ludhiana-1)
This is an improved variety recommended for cultivation in Haryana and other suitable regions. Compared to Maskawi, it has more foliage, faster growth, and superior quality fodder, remaining green for 8–10 days longer. It produces about 700 quintals of green fodder and 90–100 quintals of dry fodder per hectare (36-40 quintals/acre). The seed yield ranges from 4.5–5.5 quintals per hectare (1.8-2.2 quintals/acre). A notable feature is its resistance to stem rot and root rot diseases.

3. BL-2 (Berseem Ludhiana-2)
This is another improved variety with higher productivity. It yields about 780–800 quintals of green fodder per hectare (315–325 quintals per acre) and provides 1–2 additional cuttings compared to other varieties. It also shows better resistance to stem rot and root rot diseases.


Crop management Practices :
Sowing Time and Method:
The period from the last week of September to the end of October is considered the best time for sowing berseem. Crops sown during this period give maximum yield.

Seed Inoculation
To inoculate the seeds, prepare half a liter of a 10% jaggery (gur) solution. Mix one packet of inoculum into this solution. Then mix this solution thoroughly with 8–10 kg of berseem seeds so that each seed gets coated properly. Dry the treated seeds in shade.

Seed Rate and Method of Sowing
Use 8–10 kg of seed per acre, depending on germination capacity, and broadcast it in a well-watered field. Ensure that the seed is free from chicory (kasni) or other weed seeds. For cleaning, put the berseem seeds in a 1% salt solution and discard the seeds that float on the surface.

For obtaining higher and better quality green fodder from the first cutting, berseem can be sown mixed with oats, Japanese mustard, or Chinese cabbage. In mixed cropping, in addition to the normal berseem seed rate, use either 500 g of Japanese mustard or Chinese cabbage, or 10 kg of oats seed per acre.
 
 Nutrient Management:
Apply the initial dose of fertilizers at the rate of 10 kg nitrogen (22 kg urea) and 28 kg phosphorus (175 kg single super phosphate) per acre. Apply the entire quantity before sowing.

In a mixed crop of berseem and oats, apply an additional 16 kg nitrogen (35 kg urea) per acre at the time of sowing.

Irrigation and Weed Control:
The first irrigation is very important, so it should be applied early. In light soils, the first irrigation should be given within 3–5 days after sowing, and in heavy soils, it should be given after 8–10 days, before cracks appear in the soil. After this, subsequent irrigations should be given at intervals of 15–20 days depending on the weather. From October and after 15th March, irrigation should be applied at intervals of 10–15 days.
 
Harvesting and Yield:
Berseem becomes ready for the first cutting about 60 days after sowing. Subsequent cuttings should be done at 40-day intervals during winter and at 30-day intervals during spring. Cutting should be done after the dew has dried.

In this way, a total of 4 to 6 cuttings can be obtained, yielding about 300–350 quintals of green fodder per acre. Surplus berseem can be converted into hay.
 
 For specific recommendations or field-level diagnosis, please contact your nearest Krishi Vigyan Kendra (KVK) or Block Agriculture Officer."
https://workdrive.zoho.in/file/pw6rd8518f21d81c34858829ccc592f2aa1db,69ca4963c902f79ae8409420,69ca46e5c902f79ae84093c4,What are the recommended practices for establishing and managing a guava nursery?,"Establishing a successful guava nursery requires careful planning and systematic execution. Here's a comprehensive guide to help you set up and manage a productive guava nursery:

Soil and Climate:
Guava grows well in moderate rainfall areas.
It grows well in areas with high rainfall, but the fruits are not of good quality.
It grows well in all types of soil but loamy soil is best for it

Digging Hole:
Before planting a garden, prepare the ground well  Dig a pit of one meter depth and one meter diameter and fill the pits with equal parts of top half meter soil and rotted cow dung compost and 2 kg of single super phosphate .  Before planting the plants, give open water in the pits so that the seeds of the pits sit well  After planting the plants, give 30 ml of chlorpyrifos per hole mixed with water.

Right Time:
According to the climate of Haryana, January-February and August to October are the best times to plant a garden.

Guava plants should be planted from August to October because at this time the weather becomes somewhat cold and humid.

GAP: Plant to plant and row to row distance should be 6-7 meters In this way , 110-90 plants will be planted per acre.

Selection of plants:
- Good and disease-free plants should be taken from a good nursery
- Plants should be medium in growth and height and should not be more than two years old
- Also check whether the correct base has been properly attached or not , its combination is also correct 
- When the plants leave the nursery, they should be
dug properly and with full roots Give the plastic that was tied to be tied in the bonding plant.

Manure Management:

Fertilizer Management Amount of fertilizer per plant per year If the age of the plant is one  year, then  10  kg cow dung/rudi manure , 200 grams urea , 200  grams single super phosphate and 100 grams muriate of potash. If the age of the plant is two   years, then  20  kg cow dung/rudi manure , 400  grams urea  , 400  grams single super phosphate and  200  grams muriate of potash. If the age of the plant is three   years, then  30  kg cow dung/rudi manure , 600  grams urea  , 600  grams single super phosphate and  300  grams muriate of potash.

When the plant is four years old,  apply 40  kg cow dung/rudi manure , 800  grams urea  , 800  grams single super phosphate and  400  grams muriate of potash.    

When the plant is five years old, apply   50  kg cow dung/rudi manure , 1 kg urea  ,  1 kg single super phosphate and  500  grams muriate of potash.    

When the plant is six years old,   apply 60  kg cow dung/rudi manure , 1.200 kg urea  ,  1.125 kg single super phosphate and  500  grams muriate of potash.   

When the plant is seven years or older,  apply 75  kg of cow dung/rudi manure, 1.500 kg of urea  ,  1.250 kg of single super phosphate and  500  grams of muriate of potash.     

Note:
(1) Apply all the rotted manure, half the superphosphate and sulphate of potash in February and the remaining half in July. Urea: Apply half in February and the other half in July-August. 
(2) Apply fertilizer 2-3 feet away from the main stem.
(3) Use fertilizers based on soil testing.

Irrigation:
Continue irrigation at intervals of 10-15 days.
Be sure to irrigate once a week during flowering and fruiting. Irrigation should be stopped from February to mid-May to avoid taking the rainy season crop.

Garden management:
Guava has two crops in a year - one in July-August and the other in November-January.
But in the rainy season (July-August) the fruits are not of good quality, so autumn harvest should be taken.
To prevent rainy season crop - stop irrigation from February to mid-May or pluck the flowers by hand in spring or spray naphthalene acetic acid in February-March. For this, 50 ml of 30 grams of naphthalene acetic acid powder. Dissolve in alcohol or spirit and mix in 100 liters of water.

Harvesting Guavas:

Guavas are perishable fruits.
Being a climacteric fruit, they should be harvested when they are immature. 
Ripe guavas should not be left on the tree at this stage, as they are susceptible to bird damage.
Harvesting should be done with scissors, leaving a small branch and a few leaves. Harvesting should be continuous.
Most consumers prefer semi-ripe fruits.

Canning: Fully ripe fruits should be sent to the nearest market, as they may be damaged during transportation. For distant markets, fruits should be packed in wooden boxes. For shipping to distant markets, guavas should be harvested when they are still green. The fruit's relative density should be 1.05. Storage: Fruits should be shipped to market early in the summer, while in winter, immature fruits in their green state can withstand a 2-3 day transportation time.

For specific recommendations or field-level diagnosis, please contact your nearest Krishi Vigyan Kendra (KVK) or Block Agriculture Officer."
https://workdrive.zoho.in/file/pw6rd02a33cdd793d4dccb980d046ca12be8a,69ca49c3c902f79ae8409441,69ca46e5c902f79ae84093b0,How to control black fruit in guava?,"As per the recommendations of State and Central Government agricultural advisory services, blackening of fruits in guava may occur due to several reasons, mainly fungal diseases such as blackening/fruit rot or shoot disease, styler end rot, and dieback with anthracnose. Proper identification of the disease is essential; therefore, farmers are advised to visit their nearest Krishi Vigyan Kendra (KVK) for accurate diagnosis and to follow the recommended management practices.

In blackening, fruit rot or shoot disease, infected fruits become small, hard, and black in colour, and sometimes symptoms appear at later stages. During ripening, circular spots develop on fruits which later become sunken and produce orange-coloured fungal growth. If the infection spreads to branches, drying starts from the tip backward. For control, diseased branches should be pruned and destroyed, followed by spraying 0.3 percent copper oxychloride solution, and after fruit setting, 2–3 additional sprays should be applied at 15-day intervals.

Styler end rot appears as discoloration near the calyx region, which gradually enlarges and turns dark brown. The affected area becomes soft and pulpy, and internal fruit tissues also show discoloration. The pathogen survives in infected fruits and plant debris and spreads through wind, with favourable temperatures ranging from 10–35°C (optimum around 25°C).

Dieback and anthracnose cause drying of shoots from the top, with young shoots, leaves, and fruits showing dark brown to black necrotic lesions. On fruits, small dark spots appear which enlarge, become sunken, and may coalesce, especially during the rainy season, while leaves develop ashy grey lesions. The disease spreads through wind-borne spores and infected plant material and is favoured by high humidity, dense canopy, and temperatures between 10–35°C (optimum 24–28°C).

For overall management, maintain orchard hygiene, follow clean cultivation and sanitation, use disease-free planting material, ensure proper spacing and canopy management, control weeds to reduce humidity, and apply manures and fertilizers as per soil test recommendations."
https://workdrive.zoho.in/file/pw6rdeebe1c0b31f94e9eb583b7426ca6a019,69ca4a08c902f79ae840944b,69ca46e5c902f79ae840939e,How can I prevent and control fruit bursting in guava?,"Fruit bursting or cracking in guava is a physiological disorder that causes significant economic losses. It occurs when fruits split open, making them unmarketable and susceptible to secondary infections. This problem is particularly severe during the rainy season or under irregular irrigation. Here's a comprehensive management approach:
 
Understanding the Causes:
Fruit bursting results from rapid water uptake by fruits after drought stress, causing internal pressure that exceeds the elasticity of the fruit skin. Contributing factors include varietal susceptibility, calcium deficiency, boron deficiency, irregular watering, heavy rainfall after dry periods, and rapid fruit enlargement.
 
Preventive Cultural Practices:
 
 1. Irrigation Management - Continue irrigation at intervals of 10-15 days. Be sure to irrigate once a week during flowering and fruiting. Irrigation should be stopped from February to mid-May to avoid taking the rainy season crop.
Drip Irrigation -Drip irrigation has proved to be very beneficial for guava. About 60% of the water used for irrigation is saved. Besides substantial increase in size and number of fruits is observed.

 2. Nutrient Management - Apply calcium-containing fertilizers regularly to strengthen cell walls. Using soil application of gypsum @ 100kg acre. 
Amount of fertilizer per plant per year If the age of the plant is one year, then 10 kg cowdung/rudi manure , 200 grams urea , 200 grams single superphosphate and 100 grams muriate of potash. If the age of the plant is two years, then 20 kg cow dung/rudi manure ,400 grams urea , 400 grams single super phosphate and200 grams muriate of potash. If the age of the plant isthree years, then 30 kg cow dung/rudi manure , 600grams urea , 600 grams single super phosphate and 300grams muriate of potash. When the plant is four years old, apply 40 kg cow dung/rudi manure , 800 grams urea , 800grams single super phosphate and 400 grams muriate of potash. When the plant is five years old, apply 50 kg cow dung/rudi manure , 1 kg urea , 1 kg single super phosphate and 500 grams muriate of potash. When the plant is six years old, apply 60 kg cow dung/rudi manure , 1.200 kg urea , 1.125kg single super phosphate and 500 grams muriate of potash. When the plant is seven years or older, apply 75 kg of cow dung/rudi manure , 1.500 kg of urea , 1.250 kg of single super phosphate and 500 grams of muriate of potash.
Note:(1) Apply all the rotted manure, half the superphosphate and sulphate of potash in February and the remaining half in July. Urea: Apply half in February and the other half in July-August. (2) Apply fertilizer 2-3 feet away from the main stem.(3) Use fertilizers based on soil testing.
 
 3. Foliar Sprays - Spray Foliar spray of Borax @ 0.5% at fortnightly interval for better results.
 
 4. Mulching - Dry leaves or straw are used as mulching material. Mulching can also be done either with black polyethylene sheet or with organic materials. Mulching the soil at least twice a year helps in conserving moisture and improving the fruit quality.
 
 5. Variety Selection - Plant less susceptible varieties like Allahabad Safeda, Sardar (L-49), and Hisar Safeda. Avoid highly susceptible varieties in areas prone to fruit cracking.
 
 6. Drainage - Ensure proper field drainage to prevent waterlogging during monsoon season. Standing water around trees increases fruit bursting incidents.
 
Safety Considerations:
When applying foliar sprays, wear protective gloves, mask, and goggles. Spray during early morning or late evening to avoid leaf burn. Maintain Pre-Harvest Interval (PHI) of at least 7-10 days before harvest for calcium and boron sprays.
 
Additional Recommendations:
Monitor weather forecasts during fruit development and adjust irrigation accordingly. In rainy seasons, consider partial protective covers for high-value orchards. Regular monitoring and early intervention significantly reduce fruit bursting incidence from 20-30% to less than 5%.
 
 For specific recommendations or field-level diagnosis, please contact your nearest Krishi Vigyan Kendra (KVK) or Block Agriculture Officer."
https://workdrive.zoho.in/file/hkx0jae5c8d4e6ee8482faa96a30028b4e836,69ca4ae6c902f79ae840946b,69ca46e5c902f79ae84093c5,How can I effectively control red rust (red pan) disease in guava orchards?,"Red rust disease, commonly known as 'red pan' or algal leaf spot, is caused by the parasitic alga Cephaleuros virescens. This disease manifests as reddish-brown or rust-colored circular spots on leaves, stems, and sometimes fruits, leading to premature defoliation and reduced fruit quality. Here's a comprehensive management strategy:
 
Understanding the Disease

Symptoms : Symptoms: Alga infects immature guava leaves during early spring flush. 
-Minute, shallow brown velvety lesions appear on leaves and as the disease progresses, the lesions enlarge to 2-3 mm in diameter.
-On leaves the spots may vary form specks to big patches. They may be crowded or scattered. Leaf tips, margins or areas near the mid vein are most often infected. 
-On immature fruits the lesions are nearly black. As fruits enlarge, lesions get sunken. 
-Cracks frequently develop on older blemishes as a result of enlargement of fruits, lesions are usually smaller than leaf spots. 
-They are darkish green to brown or black to colour. Disease begins to appear from April and is more serious during May to August. 
-The pathogen sporulates readily during the period of high rainfall(July-September) and the disease incidence is greatest during September. In winter, symptoms are not available.

Management: 
-The control of alga can be achieved by sprays of Copper oxychloride(0.3%) 3-4 times at an interval of 15 days when initial symptoms noticed.
-Algal leaf spot can be reduced by maintaining tree vigor with cultural techniques such as proper fertilization and irrigation, proper pruning to enhance air circulation within the canopy and sunlight penetration,
- managing weeds and wider tree spacing. 
-Managing insect, mite and other foliar diseases increases tree vigor and lessens susceptibility to this disease.

 For specific recommendations or field-level diagnosis, please contact your nearest Krishi Vigyan Kendra (KVK) or Block Agriculture Officer.
"
https://workdrive.zoho.in/file/2wk8feb5b2e4af565468cb7657146bc41d706,69cded1c201d9072ae36adbd,69ccffadc902f79ae8409d89,Information about the control of powdery mildew in brinjal crop,"Powdery mildew is recognized by white, powdery patches on both the upper and lower surfaces of leaves, which can lead to premature leaf fall and reduced crop vigor.

1. Cultural and Preventive Practices

Select disease resistant/tolerant varieties like Pant Rituraj, Pusa Purple Cluster, or Pant Samrat.

Deep Ploughing: Practice deep summer ploughing to expose soil-borne pathogens to direct sunlight.

Crop Rotation: Rotate brinjal with non-host crops like cereals for 2–3 years to break the disease cycle.



For specific recommendations tailored to your local conditions, soil type, and variety selection, please contact your nearest Krishi Vigyan Kendra (KVK) or Block Agriculture Officer."
https://workdrive.zoho.in/file/e5w44b2a0fb676b4a4361aac7f0a8468acd75,69ce0f03201d9072ae36b168,69ce0ad8201d9072ae36b072,Information about control of nematode in guar crop,"Nematodes can significantly impact the yield and quality of guar crops. Effective management of nematodes is crucial for maintaining healthy plants and ensuring a good harvest. Here are the steps to control nematodes in your guar crop:
 
Biological control of Plant Parasitic nematodes:

Fungal and bacterial nematode antagonists have been isolated, formulations were developed for two egg parasitic fungi viz., Purpureocillium lilacinum and Pochonia chlamydosporia and commercialized. 

Botanicals nematicides:

Nematicidal and nematostatic botanicals have been screened and most effective ones were formulated namely, Tagetes erecta, Swertenia mahogany and Calatrophis gigantia.

Integrated Nematode Management:

Integrated nematode management modules have been developed for major plant parasitic nematodes .

Host Plant Resistance:

Screening of genotypes / varieties / hybrids / accessions of cereals, pulses, oil seeds and vegetables against major nematodes like root knot, reniform and cyst nematodes are being carried out. 
 
 For specific recommendations or field-level diagnosis, please contact your nearest Krishi Vigyan Kendra (KVK) or Block Agriculture Officer."
https://workdrive.zoho.in/file/225ve2a6c433b063d47ed904594ec189da582,69d4896887d928fc19475e63,69d4860887d928fc19475db1,TELL ME NUTRIENT MANAGEMENT FOR TOMATOES,"At the time of field preparation, apply 10 tons of well-decomposed farmyard manure (FYM) or compost per acre. Along with organic manure, apply about 40 kg nitrogen (N), 25 kg phosphorus (P₂O₅), and 20 kg potash (K₂O) per acre in potash-deficient soils. During final land preparation, incorporate the full dose of phosphorus and potash along with one-third of the nitrogen into the soil.

The remaining nitrogen should be applied in two equal split doses. The first top dressing should be given 4 weeks after transplanting, and the second dose should be applied one month after the first application. It is important to ensure adequate soil moisture at the time of nitrogen application for better nutrient uptake and plant growth.

To meet the nutrient requirement through fertilizers, apply approximately 87 kg urea per acre to supply nitrogen, 156 kg single super phosphate (SSP) per acre to supply phosphorus, and 33 kg muriate of potash (MOP) per acre to supply potash. Alternatively, 54 kg DAP per acre can be used to supply the full phosphorus requirement along with a part of nitrogen, and the remaining nitrogen can be supplemented with about 65 kg urea per acre, while the potash dose remains the same.

To prevent fruit cracking in tomato, spray 0.3% borax at the time of fruit setting, repeat the spray after 15 days, and apply a third spray when the fruits start ripening.

Safety Precautions:
1. Personal Protective Equipment (PPE): Always wear gloves, goggles, and a mask when handling fertilizers and chemicals. Follow all safety instructions on the product label.
2. Storage: Store fertilizers and chemicals in a cool, dry place away from direct sunlight and heat sources. 

 For specific recommendations or field-level diagnosis, please contact your nearest Krishi Vigyan Kendra (KVK) or Block Agriculture Officer. "
https://workdrive.zoho.in/file/rznjh545df498afd94dc9b4782e7e6fc7e556,69d5d3fcb50db2425fc0373a,69d5cfd8b50db2425fc03673,Information regarding irrigation management in potato,"Irrigation management is crucial for the successful cultivation of potatoes. Proper irrigation ensures optimal growth, enhances yield, and helps in disease management. Here is a comprehensive guide to managing irrigation in potato cultivation: 

Irrigation through Micro-Sprinkler Method in Potato :

Irrigation of potato using the micro-sprinkler (spray) method helps in improving both yield and tuber quality.

Under this method, irrigation should be scheduled as follows: operate the micro-sprinkler system for about 2 hours daily. From October to November, irrigation should be given at an interval of every 3 days; from December to January, at an interval of every 4 days; and from February until harvesting, at an interval of every 5 days.

In the potato field, one micro-sprinkler should be installed for every 6.48 square meters area, with a discharge rate of approximately 70 litres of water per hour. The sprinkler should be installed above the height of the crop canopy to ensure uniform water distribution.

Irrigation should be stopped 15 days before harvesting to allow proper maturity and skin hardening of the tubers.


Use of Gypsum with Sodic (Alkali) Irrigation Water :

To neutralize the effect of sodic (alkali) water, 32 kg of gypsum per acre (with 80% purity) is required for each 1 meq/L of Residual Sodium Carbonate (RSC) present in irrigation water, per irrigation.

In addition, applying about 8 tons of well-decomposed farmyard manure (FYM) per acre helps in reducing the harmful effects of sodic water on potato crops.

The combined use of gypsum and organic manure improves soil condition, reduces alkalinity stress, and helps in obtaining better yield and crop performance.


Irrigation Schedule for Potato Crop :

It is advisable to sow potatoes after giving a pre-sowing irrigation (paleva) to the field. The first irrigation should be applied 7–10 days after planting.

Irrigation should be scheduled at an interval of 7–10 days during October and November, and 10–15 days during December and January, depending on soil moisture and weather conditions. Although maintaining proper soil moisture throughout the crop period is essential, it is especially critical to ensure adequate moisture during 20–40 days after planting, as this is the most sensitive stage for crop establishment and tuber initiation.

During the initial stages, care should be taken while irrigating. The first two irrigations should be applied only in the furrows, and the water level should not exceed half the height of the ridges. Water should never be allowed to rise above the ridge height, as it may damage the crop.

For specific recommendations or field-level diagnosis, please contact your nearest Krishi Vigyan Kendra (KVK) or Block Agriculture Officer."
https://workdrive.zoho.in/file/rznjh5c01a217dcd443dba65d513e29869a08,69d5d3fcb50db2425fc0373a,69d5cfd8b50db2425fc03673,Information regarding irrigation management in potato,"Irrigation management is crucial for the successful cultivation of potatoes. Proper irrigation ensures optimal growth, enhances yield, and helps in disease management. Here is a comprehensive guide to managing irrigation in potato cultivation: 

Irrigation through Micro-Sprinkler Method in Potato :

Irrigation of potato using the micro-sprinkler (spray) method helps in improving both yield and tuber quality.

Under this method, irrigation should be scheduled as follows: operate the micro-sprinkler system for about 2 hours daily. From October to November, irrigation should be given at an interval of every 3 days; from December to January, at an interval of every 4 days; and from February until harvesting, at an interval of every 5 days.

In the potato field, one micro-sprinkler should be installed for every 6.48 square meters area, with a discharge rate of approximately 70 litres of water per hour. The sprinkler should be installed above the height of the crop canopy to ensure uniform water distribution.

Irrigation should be stopped 15 days before harvesting to allow proper maturity and skin hardening of the tubers.


Use of Gypsum with Sodic (Alkali) Irrigation Water :

To neutralize the effect of sodic (alkali) water, 32 kg of gypsum per acre (with 80% purity) is required for each 1 meq/L of Residual Sodium Carbonate (RSC) present in irrigation water, per irrigation.

In addition, applying about 8 tons of well-decomposed farmyard manure (FYM) per acre helps in reducing the harmful effects of sodic water on potato crops.

The combined use of gypsum and organic manure improves soil condition, reduces alkalinity stress, and helps in obtaining better yield and crop performance.


Irrigation Schedule for Potato Crop :

It is advisable to sow potatoes after giving a pre-sowing irrigation (paleva) to the field. The first irrigation should be applied 7–10 days after planting.

Irrigation should be scheduled at an interval of 7–10 days during October and November, and 10–15 days during December and January, depending on soil moisture and weather conditions. Although maintaining proper soil moisture throughout the crop period is essential, it is especially critical to ensure adequate moisture during 20–40 days after planting, as this is the most sensitive stage for crop establishment and tuber initiation.

During the initial stages, care should be taken while irrigating. The first two irrigations should be applied only in the furrows, and the water level should not exceed half the height of the ridges. Water should never be allowed to rise above the ridge height, as it may damage the crop.

For specific recommendations or field-level diagnosis, please contact your nearest Krishi Vigyan Kendra (KVK) or Block Agriculture Officer."
https://workdrive.zoho.in/file/xyy4k4fae8e9cdb50403a88b94eb5c4cf6284,69d9c404de47d11219463d66,69d9c115de47d11219463cc7,Information regarding low growth and yellow leaves in onion crops.,"Low growth and yellow leaves in onion crops can be indicative of various issues, including nutrient deficiencies, pests, or diseases. 

As per the recommended nutrient:
Manure and Fertilizer Management:
Apply about 20 tons of cow dung or compost per acre at the time of ploughing the field. Apply half the amount of nitrogen (25 kg) and the full amount of phosphorus (20 kg) and potash (10 kg) per acre at the time of planting and mix well in the soil. Apply the remaining amount of nitrogen in two doses at an interval of 30 days. Basal (half N): ~55 kg urea, Remaining (top dressing): ~54 kg urea (in 2 splits), 125 kg SSP, 17 kg MOP, Zinc sulphate: 10–25 kg/acre (once at land preparation)

Nitrogen Deficiency:
Nitrogen: Leaves become yellowish green erect and upright curled, wilted and dwarf. At maturity tissue above bulbs become soft.

Correction measure: Foliar spray of Urea 1% or DAP 2% twice at weekly intervals.

Damping-off (Fusarium oxysporum f.sp.cepae; Pythium sp.; Sclerotium rolfsii and S.cepivorum and Colletotrichum sp.):

Symptoms:
The disease is more prevalent during kharif season and causes about 60-75% damage. High soil, moisture and moderate temperature along with high humidity, especially in the rainy season, leads tothe development of the disease. 
Two types of symptoms are observed-Pre-emergence damping-off: 

- The pre-emergence damping off results in seed and seedling rot before these emerge out of the soil.

- Post-emergence damping-off: The pathogen attacks the collar region of seedlings on the surface of the soil. The collar portion rots and ultimately the seedlings collapse and die.

Control: Healthy seed should be selected for sowing. The seed should be treated with Thiram @ 2g/kg of seed before sowing. Continuous raising of nursery in the same plot should be avoided. The top soil of 2nursery should be treated with Thiram @ 5g/m area of the soil and nursery should be drenched with the same chemical @ 2g/litre of water at a fortnightly interval. Soil solarisation by spreading a 250-gauge polythene sheet over the bed for 30 days before sowing and application of bio-control agent Trichoderma viride in soil @ 1.2kg/ha is also found effective to control damping-off to a considerable extent

Irrigation of the crop: 
During the growth period of the plants (for the first two months), irrigation should be kept at a greater interval. When the tubers are forming, irrigation should be done frequently. Ifthe soil is more sandy, then irrigation should be done more frequently than in loamy soil. A total of 10-15 irrigations are required in the Rabi crop. Onions have shallow roots. Therefore, irregular irrigation can cause the tubers to split. Excessive watering causes the neck to thicken. To ensure proper ripening of the crop, irrigation should be stopped about 15 days before digging. Doing so increases storage capacity. Use of gypsum with oily water: 1 meq equivalent of oily water per litre. To neutralise RSC, apply 32 kg (80% purity) of gypsum per irrigation per acre and 8 tons of rotten cow dung per acre. If the effect of oily water on the onion and garlic crop is reduced and a good yield is achieved. Can be taken

As per the HAU:
Churda/thrips: 
The yellow, brown, cylindrical larvae and adults of this insect suck the juice from the leaves. White spots appear on the infested leaves and later the leaves curl .In case of heavy infestation, the leaves turn silvery from the top and dry up.The infestation of this insect during flowering has a major impact on the seed yield. The attack of the insect lasts from February to May.

Control Measures:
Dissolve any one of the following insecticides in 200-250 litres of water and spray it per acre. Repeat the spraying as per requirement at an interval of 10-15 days.
a) (1) 75 ml Fenvalerate 20 EC
(b) (1) 300 ml Malathion 50 EC.
For the prevention of Thrips in onion and garlic, mix 150 ml of garlic oil and the same amount of Fipronil 40% + Imidacloprid 40% WG in 120 to 160 litres of water and spray 3 to 4 times per acre at an interval of 10 days.


For specific recommendations or field-level diagnosis, please contact your nearest Krishi Vigyan Kendra (KVK) or Block Agriculture Officer"
https://workdrive.zoho.in/file/1j88occ0c618512694226919203def21bc630,69d33fff87d928fc19475370,69d3353487d928fc194751c5,How to control aphids in paddy crop?,"Based on the information from approved agricultural sources, aphids are not considered a major pest of paddy in most regions. However, Rice Root-aphids can be observed sometimes in the rainfed conditions of paddy.

Rice root-aphids: Adult and nymph root aphids suck the plant to remove fluids. The feeding damage causes yellowing of leaves and stunting. Rice root aphids are favored by drought. During this period, aphid populations occur unevenly.

Rice root aphids are dominant in well-drained soils in upland and rainfed rice. They are not present in irrigated rice. The adults are found on roots below ground level. They can also be located in cavities made by ants around the root system. The nymphs produce honeydew, which attracts ants. In return, ants transport the nymphs from plant to plant, protecting the growing aphids from predators and parasites.

Important stage: Rice root aphids infest during tillering stage. They are minor pests of rice, and are seldom widespread within a field.

Management:
- Encourage biological control agents or natural enemies that can manage the population of rice root aphids. Both the nymphs and adults are parasitized by a small braconid wasp and a mermithid nematode and are preyed upon by lady beetles.
- Always maintain proper spacing, avoid excessive nitrogen fertilizer, practice good field sanitation, and observe pre-harvest intervals strictly for all chemicals. 

Contact your nearest KVK for field-specific guidance."
https://workdrive.zoho.in/file/0j2r53eebb8769e1741a68bdf6ee29033d080,69db2577dfd8cc105a00f2ca,69db22badfd8cc105a00f28f,What is the current market rate for mentha oil in Uttar Pradesh?,"The market rate for mentha oil in Uttar Pradesh can vary depending on several factors such as the quality of the mentha oil, the time of the year, and the demand in the market. Generally, the price per liter of mentha oil ranges from INR 1500 to INR 2500, but this can fluctuate based on the above-mentioned factors. To ensure you receive the best price for your mentha oil, it is advisable to: 1. **Quality Assessment**: Conduct a thorough quality assessment of your mentha oil. This includes checking for purity, color, and aroma. High-quality mentha oil will fetch a better price. 2. **Market Research**: Stay updated with the current market trends. Regularly check the prices at local markets and online platforms to understand the prevailing rates. 3. **Networking**: Build a network of buyers and sellers. This can help you get better deals and also provide you with information about the market. 4. **Certification**: Consider getting your mentha oil certified. Certification can add value to your product and help you command a higher price. 5. **Storage and Packaging**: Ensure that your mentha oil is stored and packaged properly to maintain its quality. This can prevent any degradation and ensure that the oil retains its value. For specific recommendations or field-level diagnosis, please contact your nearest Krishi Vigyan Kendra (KVK) or Block Agriculture Officer."
https://workdrive.zoho.in/file/zu51z77b1df0c2517414db0159f9ae7b034ab,69dc4c4e0ccd2a7bb5f120c4,69dc4c37dfd8cc105a00f71a,what is the best crop to grow in assam,"In Assam, **the best crops include rice (the most important traditional food crop), jute (important fiber cash crop), rapeseed & mustard (major oilseed crop), tea, sugarcane, cotton, tobacco, wheat, maize, and pulses.** For household gardens with limited land, coconut-based multiple cropping is highly recommended—coconut serves as the base crop, and you can intercrop banana (var. Chenichampa), pineapple (var. Kew), lemon (var. Assam Lemon), ginger (var. Nadia), and black pepper (var. Panniyur-I) for maximum productivity and income throughout the year. This multistoried cropping system maximizes land use, soil nutrients, and sunlight. Rice and jute remain the main economic crops, while horticultural crops like pineapple thrive well under Assam's conditions with proper drainage and organic matter-rich soil."
https://workdrive.zoho.in/file/zu51z484cf7b115964ce1ae8ac87a2d90bde7,69dc4c4e0ccd2a7bb5f120c4,69dc4c37dfd8cc105a00f71a,what is the best crop to grow in assam,"In Assam, **the best crops include rice (the most important traditional food crop), jute (important fiber cash crop), rapeseed & mustard (major oilseed crop), tea, sugarcane, cotton, tobacco, wheat, maize, and pulses.** For household gardens with limited land, coconut-based multiple cropping is highly recommended—coconut serves as the base crop, and you can intercrop banana (var. Chenichampa), pineapple (var. Kew), lemon (var. Assam Lemon), ginger (var. Nadia), and black pepper (var. Panniyur-I) for maximum productivity and income throughout the year. This multistoried cropping system maximizes land use, soil nutrients, and sunlight. Rice and jute remain the main economic crops, while horticultural crops like pineapple thrive well under Assam's conditions with proper drainage and organic matter-rich soil."
https://workdrive.zoho.in/file/zu51zed748521a97b4cccabd70815a4531521,69dc4c4e0ccd2a7bb5f120c4,69dc4c37dfd8cc105a00f71a,what is the best crop to grow in assam,"In Assam, **the best crops include rice (the most important traditional food crop), jute (important fiber cash crop), rapeseed & mustard (major oilseed crop), tea, sugarcane, cotton, tobacco, wheat, maize, and pulses.** For household gardens with limited land, coconut-based multiple cropping is highly recommended—coconut serves as the base crop, and you can intercrop banana (var. Chenichampa), pineapple (var. Kew), lemon (var. Assam Lemon), ginger (var. Nadia), and black pepper (var. Panniyur-I) for maximum productivity and income throughout the year. This multistoried cropping system maximizes land use, soil nutrients, and sunlight. Rice and jute remain the main economic crops, while horticultural crops like pineapple thrive well under Assam's conditions with proper drainage and organic matter-rich soil."
