_id,text,metadata_state,metadata_page_no,metadata_headings,metadata_source,metadata__node_type,metadata_document_id,metadata_doc_id,metadata_ref_doc_id,metadata__node_content,metadata_pop_name,created_at,metadata_anchor_id,metadata_subchunk_index,metadata_subchunk_total
c583c9f3-00c4-463b-b661-ef375dfd5540,"Under nutrition research activities the department has worked out suitable agro-wastes and their quantities for use as the supplementary diet of fish.
- ix. Designed a simple device for measuring live weight of aquatic invertebrates under field conditions.
- x. The college has so far screened herbs safed and kali musli, mulethi, Chandrasoor, Shatavari, Ashwagandha, Bala, Lotus  root,  Gokhru  and  Makhana  for  ascertaining  their  utility  as  growth enhancer and stimulant for gonadal development for the fish encouraging results.
- xi. Department  of  Aquaculture  has  Successfully  organized  a  user's  Workshop  DST  project  on Limnology of Berach River system sponsored by the DST, Govt. of Rajasthan, Jaipur.

- xii. A training programme for the PHED engineers on water quality assessment was organized.
- xiii. Eleventh  National  Symposium on Environment was organized at Udaipur (5-7 June, 2002) in collaboration with BARC &amp; RAPS which was sponsored by Department of Atomic Energy, Govt. of India.
- xiv. A  short  course  sponsored  by  ICAR,  New  Delhi  on  Advances  in  Applied  Limnology  for  the Management of Inland waters was organized during February 5-14. 2003.
- xv. A 21 days winter school on Advances in Culture and Breeding of Freshwater Ornamental Fish and Aquarium Management was organized during February 8-28, 2005 sponsored by ICAR, New Delhi.
- xvi. For  the  eradication  of  water  hyacinth  from  Udaipur  lakes,  College  of  Fisheries  designed  a conveyor belt which successfully harvested ten thousand MT of the weed in record period of 15 days to clear 33 hectare infestation.
- xvii. Cage  culture  of  Indian  Major  Carps  in  Lake  Jaisamand  in  association  with  state  Fisheries Department and Rajasthan Tribal Area Development Cooperative Federation Ltd. Udaipur was successfully attempted with encouraging results.",Rajasthan,,[],https://workdrive.zohoexternal.in/file/2bmyq909a0e6785724641a926d9e2bd8f453e,TextNode,65273fb0-085a-4e9a-a573-14c666d70831,65273fb0-085a-4e9a-a573-14c666d70831,65273fb0-085a-4e9a-a573-14c666d70831,"{""id_"": ""c583c9f3-00c4-463b-b661-ef375dfd5540"", ""embedding"": null, ""metadata"": {""page_no"": null, ""headings"": [], ""source"": ""https://workdrive.zohoexternal.in/file/2bmyq909a0e6785724641a926d9e2bd8f453e""}, ""excluded_embed_metadata_keys"": [], ""excluded_llm_metadata_keys"": [], ""relationships"": {}, ""metadata_template"": ""{key}: {value}"", ""metadata_separator"": ""\n"", ""text"": """", ""mimetype"": ""text/plain"", ""start_char_idx"": 0, ""end_char_idx"": 0, ""metadata_seperator"": ""\n"", ""text_template"": ""{metadata_str}\n\n{content}"", ""class_name"": ""TextNode""}",Revised Foundation Day Booklet (Coloured) pg 1- 84-min,2025-10-31T08:26:02.313000,,,
52281acb-2086-4bcf-a5fa-346d2edfe1d7,"B. Diseases
Brown stripe downy mildew ( Sclerophthora rayssiae var zeae ): It is characterized by the presence of long, narrow, brownish, interveinal stripes on leaves. Whitish downy fungal growth may be observed on close examination on underside of the stripes. Destroy the collateral host Takri grass (Digitaria sanguinalis) from the maize field. Keep the fields well drained. Spray 200 g Indofil M-45 (mancozeb*) in100 litres of water after about a fortnight of sowing. Give two more sprays at 10-day intervals. Grow recommended varieties.
Post  flowering  stalk  rots  ( Fusarium spp., Macrophomina spp., Cephalosporium spp.): Plants wilt after flowering. The  rind  and basal internodes become discoloured. On splitting, the discolouration of the pith progressing upward is also seen. Grow improved varieties such as PMH 13, PMH 11 and PMH 1).",Punjab,48,"[""B. Diseases""]",https://storage.googleapis.com/annam-dataset/pops/Punjab_Kharif_2025.pdf,TextNode,d03f843d-3619-4c08-990e-cd72496435d5,d03f843d-3619-4c08-990e-cd72496435d5,d03f843d-3619-4c08-990e-cd72496435d5,"{""id_"": ""52281acb-2086-4bcf-a5fa-346d2edfe1d7"", ""embedding"": null, ""metadata"": {""page_no"": 48, ""headings"": [""B. Diseases""], ""source"": ""https://storage.googleapis.com/annam-dataset/pops/Punjab_Kharif_2025.pdf""}, ""excluded_embed_metadata_keys"": [], ""excluded_llm_metadata_keys"": [], ""relationships"": {""1"": {""node_id"": ""d03f843d-3619-4c08-990e-cd72496435d5"", ""node_type"": ""4"", ""metadata"": {""page_no"": 48, ""headings"": [""B. Diseases""], ""source"": ""https://storage.googleapis.com/annam-dataset/pops/Punjab_Kharif_2025.pdf""}, ""hash"": ""1634e000f439cd2b446844e5e780bbcc6924e6ca06df7b1ed1409bed5e3dd5f8"", ""class_name"": ""RelatedNodeInfo""}}, ""metadata_template"": ""{key}: {value}"", ""metadata_separator"": ""\n"", ""text"": """", ""mimetype"": ""text/plain"", ""start_char_idx"": 0, ""end_char_idx"": 848, ""metadata_seperator"": ""\n"", ""text_template"": ""{metadata_str}\n\n{content}"", ""class_name"": ""TextNode""}",POP-Package of Practices Kharif 2025_PAU Punjab Agriculture University_Ludhiana,,,,
eebfa2f2-c951-428c-948f-0850e2aab936,"256

<!-- PAGE BREAK -->",Karnataka,299,"[""256""]",https://workdrive.zoho.in/file/0u4ck92141867d7d24f57a6a0f6cc52cda094,TextNode,f98fd64d-f575-48d2-ba9f-965266a61a81,f98fd64d-f575-48d2-ba9f-965266a61a81,f98fd64d-f575-48d2-ba9f-965266a61a81,(populate LlamaIndex JSON string in production),"Compressive Horticultural -POP-Package of Practice _ University of Horticultural Science,Bagalkot(UHSB)_Udyanagiri, Navanagar, Bagalkot - 587104, Karnataka",2026-04-07T08:49:01.885000,,,
2b7e8184-c0bb-401b-b7c8-6de184c6f28d,"In light soils that do not have high water retention, i.e. red loam and sandy soil
Only during the rainy season does the soil retain moisture.So
Fast growing legumes like groundnuts, maize etc
Crops can be cultivated.Green grass in rainfed gardens viz
Land by cultivating Janumu, Pillipesara, Jeeluga etc
Fertilize and water can do anything else.Using fertilizers for coconut,
For inter-crops also, additional crop-wise fertilizers should be provided.
Farmers should follow this precaution.Or the possibility of reduced yield in coconut
will be



Ownership of coconut aphids



Cocoanut blackworm:



Blackberry borer attacks coconut trees of all ages, orchards (Narumadi,
mature plantations, rice paddies, fishpond ridges).step row
Goki feeds on coconut leaves and leafy greens.Like saw blades
They build nests with drops and mouth threads and stick leaves in those nests
will be



9



Symptoms of Blackberry:

* Dry spots are formed on the leaves where this pest is expected.
* When the intensity of the insect increases, all the spots merge and the entire leaf dries up.In this way all the leaves on the tree become dry and withered.
* The entire garden looks burnt.Nuts can also be damaged when overheated.



Loss:
* When small plants are expected, the plants are stunted and mature late.
* If large plants are desired, eating the leafy green particles that can make food in the leaves will reduce the supply of nutrients to the plant and not only will reduce the size of the pods but also reduce the pod size.
* As the leaves dry up, the pods fall off.Without alliances, yields will decrease.It takes 2-3 years for the tree to recover.



Biography:

The gray-winged mother moth lays eggs near old nests in the lower row of leaves.The eggs hatch in 5 days and the young larvae grow to feed on the leaf.The caterpillars feed in the leaf folds and grow for about a month.After nesting in the leaves, the dormant stage is completed in 10-12 days and emerges as a winged insect.Thus the life cycle is completed in six weeks.",Andhra Pradesh,,[],https://workdrive.zoho.in/file/zu51z1eeda9ef86634334b465922f4857c007,TextNode,d112b270-d105-4f38-b31b-5864b23f2a31,d112b270-d105-4f38-b31b-5864b23f2a31,d112b270-d105-4f38-b31b-5864b23f2a31,"{""id_"": ""2b7e8184-c0bb-401b-b7c8-6de184c6f28d"", ""embedding"": null, ""metadata"": {""page_no"": null, ""headings"": [], ""source"": ""https://workdrive.zoho.in/file/zu51z1eeda9ef86634334b465922f4857c007""}, ""excluded_embed_metadata_keys"": [], ""excluded_llm_metadata_keys"": [], ""relationships"": {}, ""metadata_template"": ""{key}: {value}"", ""metadata_separator"": ""\n"", ""text"": """", ""mimetype"": ""text/plain"", ""start_char_idx"": 0, ""end_char_idx"": 0, ""metadata_seperator"": ""\n"", ""text_template"": ""{metadata_str}\n\n{content}"", ""class_name"": ""TextNode""}",POP- Coconut,2025-10-31T08:26:02.346000,,,
4e9ab7e0-76d3-411f-9396-d02849c07154,"<::logo: Unknown
264
A blue rectangular shape with slanted sides, featuring the number ""264"" in white, with several thin blue lines extending horizontally from both sides of the rectangle.::>

<!-- PAGE BREAK -->",Karnataka,272,"[""264""]",https://workdrive.zoho.in/file/0u4ck598c81fd38fa46d2b168b78abddaed42,TextNode,69e68b29-6a66-4ada-a276-aa5dd50f2a72,69e68b29-6a66-4ada-a276-aa5dd50f2a72,69e68b29-6a66-4ada-a276-aa5dd50f2a72,(populate LlamaIndex JSON string in production),"ICAR Kharif Agro-Advisories for Farmers 2025_Indian Council of Agricultural Research, Krishi Bhawan, New Delhi",2026-04-07T08:48:27.059000,,,
f197ad6c-8ef7-4b33-8acf-a30cd219303f,"## c.Method of fertilizer application

-  Make circular basin at a radius of 1.8 - 2.0 m from the base of the palm and 25 cm deep
-  Apply 1 Kg lime/dolomite prior to fertilizer application to neutralize soil pH.
-  Apply organic manure - 10 kg/pit in the fi  rst three years &amp; 15-25 kg after 3 years of planting
-  Rainfed  conditions  -  apply  fertilizers  in  two  split  doses,  1/3rd  at  the time  of  early  southwest  monsoon  showers  in  April-June  and  2/3rd  in September-October
-  Irrigated conditions - apply fertilizers in three or four equal doses in AprilMay, august-September, December and February-March.

## Irrigation

-  Irrigate palms during summer months
-  600  -  1600  litres  of  water/irrigation/palm  in  a
- basin of 1.8 m radius based on soil texture
-  Drip  irrigation  in  case  of  scarcity  of water
-  3-4 drippers are given per palm in drip irrigation
-  It  saves  water,  energy,  labour  and increase plant growth and yield

<!-- image -->

**Image Description:** a picture of a pipe and a pipe




## Drought management

Coconut Development Board

<!-- image -->

**Image Description:** a tree with lots of leaves in it




<!-- image -->

**Image Description:** the logo for the coutt technology center",Kerala,,[],https://workdrive.zohoexternal.in/file/2bmyq083e3fc6b8e44fa58dbb0242e3516d93,TextNode,40ae66a3-fc9b-410d-9641-661ae469f7c6,40ae66a3-fc9b-410d-9641-661ae469f7c6,40ae66a3-fc9b-410d-9641-661ae469f7c6,"{""id_"": ""f197ad6c-8ef7-4b33-8acf-a30cd219303f"", ""embedding"": null, ""metadata"": {""page_no"": null, ""headings"": [], ""source"": ""https://workdrive.zohoexternal.in/file/2bmyq083e3fc6b8e44fa58dbb0242e3516d93""}, ""excluded_embed_metadata_keys"": [], ""excluded_llm_metadata_keys"": [], ""relationships"": {}, ""metadata_template"": ""{key}: {value}"", ""metadata_separator"": ""\n"", ""text"": """", ""mimetype"": ""text/plain"", ""start_char_idx"": 0, ""end_char_idx"": 0, ""metadata_seperator"": ""\n"", ""text_template"": ""{metadata_str}\n\n{content}"", ""class_name"": ""TextNode""}",Packageofpractice,2025-10-31T08:26:02.331000,,,
81a20d66-9248-4ca3-8d85-3d6a80fbd775,"Citrus blackfly; (a) Eggs (in spiral form) and black pupae, (b) Adults

<!-- image -->

**Image Description:** four photos of black mold mold mold mold mold mold mold mold mold mold mold mold mold mold mold mold",Punjab,,[],https://workdrive.zoho.in/file/c1j4y8bdb025545034515bb42b0feacf4a8df,TextNode,9ca08a70-809b-4026-ae8b-6aac6dea35bb,9ca08a70-809b-4026-ae8b-6aac6dea35bb,9ca08a70-809b-4026-ae8b-6aac6dea35bb,"{""id_"": ""81a20d66-9248-4ca3-8d85-3d6a80fbd775"", ""embedding"": null, ""metadata"": {""page_no"": null, ""headings"": [], ""source"": ""https://workdrive.zoho.in/file/c1j4y8bdb025545034515bb42b0feacf4a8df""}, ""excluded_embed_metadata_keys"": [], ""excluded_llm_metadata_keys"": [], ""relationships"": {}, ""metadata_template"": ""{key}: {value}"", ""metadata_separator"": ""\n"", ""text"": """", ""mimetype"": ""text/plain"", ""start_char_idx"": 0, ""end_char_idx"": 0, ""metadata_seperator"": ""\n"", ""text_template"": ""{metadata_str}\n\n{content}"", ""class_name"": ""TextNode""}",Citrus_Cultivation,2025-10-31T08:26:02.343000,,,
492fb9e7-aaca-4db5-8780-f04189ba670b,"<::A field of tall, golden-brown cereal crops, possibly millet or sorghum, under a bright sky. The text ""Haryana & Delhi"" is overlaid in blue font across the upper part of the image.
: photo::>
CEREAL CROPS",Karnataka,71,"["": photo::>""]",https://workdrive.zoho.in/file/0u4ck598c81fd38fa46d2b168b78abddaed42,TextNode,69e68b29-6a66-4ada-a276-aa5dd50f2a72,69e68b29-6a66-4ada-a276-aa5dd50f2a72,69e68b29-6a66-4ada-a276-aa5dd50f2a72,(populate LlamaIndex JSON string in production),"ICAR Kharif Agro-Advisories for Farmers 2025_Indian Council of Agricultural Research, Krishi Bhawan, New Delhi",2026-04-07T08:48:24.068000,,,
2e89bcb1-eafc-4904-a664-00fef824d494,"No. | Title                                                        | Associated Teacher                    | Status     |
|-----------|--------------------------------------------------------------|---------------------------------------|------------|
|         1 | Development of pineapple varietal                            | blockN. Bhowmick                      | Continuing |
|         2 | Collection and maintenance of different strawberry cultivars | N. Bhowmick Dr. A. Chakraborty        | Continuing |
|         3 | Establishment of litchi orchard var                          | Bedana N. Bhowmick Dr. M. Preema Devi | Continuing |
|         4 | Maintenance of mother block of                               | litchi N. Bhowmick Dr. A. Chakraborty | Continuing |
|         5 | Maintenance of citrus rootstock, water orchard               | apple Dr. M. Preema Devi              | Continuing |

## FORESTRY

|    | Title of the research Project                                                        | Associated Teacher                                                                               | Status   |
|----|--------------------------------------------------------------------------------------|--------------------------------------------------------------------------------------------------|----------|
|  1 | Rejuvenation, gap filling and intercropping Albizia lebbeck agroforestry stand       | in PI-Dr Gopal Shukla Dr. SubhamoySikder                                                         | Running  |
|  2 | Rejuvenation, gap filling and intercropping Terminalia arjuna agroforestry stand     | in Dr. Nazir A. Pala Dr. SubhamoySikder                                                          | Running  |
|  3 | Rejuvenation, gap filling and intercropping agroforestry stand                       | in Jarul Miss. Vineeta Mr.Shibnath Basfore                                                       | Running  |
|  4 | Moringa based agroforestry system for terai of West Bengal                           | zone PI-Dr Gopal Shukla Dr. Nazir A. Pala Miss. Vineeta Mr. Shibnath Basfore Dr. Subhamoy Sikder | Running  |
|  5 | Standardisation of nursery technology on Mimusops elengi and Elaeocarpus floribundus | Dr. A. N. Dey                                                                                    | Running  |
|  6 | Standardisation of macropropagation of Elaeocarpus floribundus and E.gannitrus       | Dr.",West Bengal,,[],https://workdrive.zoho.in/file/zu51zaac7743be0b84f5292ab04cf7fedf69a,TextNode,c631651e-ad1a-4a39-9b6b-a9bd89e52090,c631651e-ad1a-4a39-9b6b-a9bd89e52090,c631651e-ad1a-4a39-9b6b-a9bd89e52090,"{""id_"": ""2e89bcb1-eafc-4904-a664-00fef824d494"", ""embedding"": null, ""metadata"": {""page_no"": null, ""headings"": [], ""source"": ""https://workdrive.zoho.in/file/zu51zaac7743be0b84f5292ab04cf7fedf69a""}, ""excluded_embed_metadata_keys"": [], ""excluded_llm_metadata_keys"": [], ""relationships"": {}, ""metadata_template"": ""{key}: {value}"", ""metadata_separator"": ""\n"", ""text"": """", ""mimetype"": ""text/plain"", ""start_char_idx"": 0, ""end_char_idx"": 0, ""metadata_seperator"": ""\n"", ""text_template"": ""{metadata_str}\n\n{content}"", ""class_name"": ""TextNode""}",Annual-Report-Faculty-of-Horticulture-UBKV-2016-17,2025-10-31T08:26:02.331000,,,
bf8a2b6b-4171-4952-9fa2-2c3281ee5afa,"## 12. Carnation

This flower is second only to rose and sevantige in the world market.A flower that is getting a lot of demand in our country.Carnation flowers are used for arranging in vases and making bouquets.This crop should be grown in a green house to get good quality flowers.

**Greenhouse Environment** : This crop thrives in cool climates with a day temperature of 20-25°C in the greenhouse.And 15-18° C at night.And if there is enough light, good humidity percent.Should be 50-60.",Karnataka,247,"[""## 12. Carnation""]",https://workdrive.zoho.in/file/0u4ck92141867d7d24f57a6a0f6cc52cda094,TextNode,f98fd64d-f575-48d2-ba9f-965266a61a81,f98fd64d-f575-48d2-ba9f-965266a61a81,f98fd64d-f575-48d2-ba9f-965266a61a81,(populate LlamaIndex JSON string in production),"Compressive Horticultural -POP-Package of Practice _ University of Horticultural Science,Bagalkot(UHSB)_Udyanagiri, Navanagar, Bagalkot - 587104, Karnataka",2026-04-07T08:48:59.809000,,,
67ee9691-6740-4eeb-945a-74792cd33396,"After  completion,  it  should  have  to  be  approved  by  the  State  Govt.  In  1990,  Govt.  of  West Bengal handed over six Regional Stations and Sub-Stations were handed over to BCKV and Two Associate Director of Research at Hill Zone and Jhargram were officiating.  In 1996, BCKV was bifurcated  and  separate  university,  West  Bengal  University  of  Animal  and  Fishery  sciences (WBUAFS)  was  established.  Later,  in  2001  Pundibari  Campus  of  BCKV  was  emerged  as separate  Uttarbanga  Krishi  Viswavidyalaya  (UBKV)  and  the  physical  jurisdiction  of  two Regional Stations and Sub-Stations in North Bengal came under UBKV and the BCKV Act was amended and Faculty of Horticulture and Faculty of Agricultural Engineering was established.

1. In  2014,  terms  of  selection  of  Vice  Chancellor  of  BCKV  amended  through  Search Committee.
2. University authority has repeatedly communicated to the Agriculture Department, Govt. of West Bengal for getting necessary approval to appoint the officers. The resolution of

<!-- image -->

**Image Description:** the logo for the new school




- the  Executive  Council  unanimously  confirmed  the  immediate  need  of  filling  up  the vacant posts under various categories and the authority sent the letter to the Govt. of West Bengal  to  obtain  approval,  vide  letter  Nos.  VC/BCKV/24/65/188  dated  25/9/2017; VC/BCKV/24/65/49 dated 22/5/2018; VC/BCKV/24/359 dated 08/01/2019.; VC/BCKV/24/65/39 dated 01/02/2019; VC/BCKV/24/541 dated 16/10/2020.
3. The Act in 1974, by virtue of which the BCKV came into existence, has been amended many times in 1996, 2001, 2014 and likewise.",West Bengal,,[],https://workdrive.zoho.in/file/zu51z9aeffe706b6046de935de55227460c0e,TextNode,cbc9e93e-67e6-438d-b426-db1830010c77,cbc9e93e-67e6-438d-b426-db1830010c77,cbc9e93e-67e6-438d-b426-db1830010c77,"{""id_"": ""67ee9691-6740-4eeb-945a-74792cd33396"", ""embedding"": null, ""metadata"": {""page_no"": null, ""headings"": [], ""source"": ""https://workdrive.zoho.in/file/zu51z9aeffe706b6046de935de55227460c0e""}, ""excluded_embed_metadata_keys"": [], ""excluded_llm_metadata_keys"": [], ""relationships"": {}, ""metadata_template"": ""{key}: {value}"", ""metadata_separator"": ""\n"", ""text"": """", ""mimetype"": ""text/plain"", ""start_char_idx"": 0, ""end_char_idx"": 0, ""metadata_seperator"": ""\n"", ""text_template"": ""{metadata_str}\n\n{content}"", ""class_name"": ""TextNode""}",SSR-University_bckv (1),2025-10-31T08:26:02.331000,,,
d2fe9e30-1dbf-44ca-9b2f-6777de19b67e,"17.

HARVESTING

i.

Cut the capitula (flower heads)  only ii.

Thresh and clean a.

Immediately after harvest, dry the heads in the sun for 3  days.

b.

Spread the heads in thin layer and give turning once in 3 hours.

NOTE:  Do  not  heap  or  store  the  heads  before  drying  properly    as  mould  fungi  will develop and spoil   the grain quality.

c.

Thresh  using  a  mechanical  thresher,  or  beat  with  a  stick  and  separate  the grains.

d.

Winnow and clean the seeds e.

Dry the seeds again in the sun for another two days f.

Store in gunny bags

219

CROP PROTECTION

A.

Pest management

Weevil

Myllocerus spp.

Tobacco cutworm

Spodoptera litura

Gram podborer

Helicoverpa armigera

Leafhopper

Amrasca devastans

Whitefly,

B.tabaci, A.dispersus

Thrips

B.

Disease management

Alternaria leaf

spot:

Alternaria helianthi

Rust:

Puccinia helianthi

Charcoal rot:

Macrophomina phaseolina

(Rhizoctonia bataticola)

Powdery mildew:

Golovinomyces cichoracearum

Head rot:

Rhizopus sp

Necrosis virus disease:

streak virus

(Ilarvirus)

(Vector: Thrips)

Tobacco



















Hand pick the

Helicoverpa larvae and destroy.

Spray Azadirachtin 5% W/W 0.5 ml/lit

Treat  seed  with  imidacloprid  70  WS  at  7  g/kg protection upto 7 weeks.",Tamil Nadu,,[],https://workdrive.zohoexternal.in/file/2bmyq9d676ab8baf74386bf8078b151fa9f4f,TextNode,d21eac9e-acdb-40a0-ab91-3830aa8154ba,d21eac9e-acdb-40a0-ab91-3830aa8154ba,d21eac9e-acdb-40a0-ab91-3830aa8154ba,"{""id_"": ""d2fe9e30-1dbf-44ca-9b2f-6777de19b67e"", ""embedding"": null, ""metadata"": {""page_no"": null, ""headings"": [], ""source"": ""https://workdrive.zohoexternal.in/file/2bmyq9d676ab8baf74386bf8078b151fa9f4f""}, ""excluded_embed_metadata_keys"": [], ""excluded_llm_metadata_keys"": [], ""relationships"": {}, ""metadata_template"": ""{key}: {value}"", ""metadata_separator"": ""\n"", ""text"": """", ""mimetype"": ""text/plain"", ""start_char_idx"": 0, ""end_char_idx"": 0, ""metadata_seperator"": ""\n"", ""text_template"": ""{metadata_str}\n\n{content}"", ""class_name"": ""TextNode""}",Agriculture-CPG-2020,2025-10-31T08:26:02.337000,,,
b73c98b8-2cf5-458b-8301-5fa3ca4b114d,Method of Transplanting: Transplant two seedlings per hill in lines at 20 x 15 cm (33 hills/sq. metre) during the optimum period in a well puddled field.,Karnataka,201,"[""Method of Transplanting: Transplant two seedlings per hill in lines at 20 x 15 cm (33 hills/sq. metre) during the optimum period in a well puddled field.""]",https://workdrive.zoho.in/file/0u4ck598c81fd38fa46d2b168b78abddaed42,TextNode,69e68b29-6a66-4ada-a276-aa5dd50f2a72,69e68b29-6a66-4ada-a276-aa5dd50f2a72,69e68b29-6a66-4ada-a276-aa5dd50f2a72,(populate LlamaIndex JSON string in production),"ICAR Kharif Agro-Advisories for Farmers 2025_Indian Council of Agricultural Research, Krishi Bhawan, New Delhi",2026-04-07T08:48:26.059000,,,
8fb7589c-9325-4670-a6fc-0cf8b63e29d3,"SPACING

In a pure crop of cotton, adopt the spacing as below for the different varieties.

Spacing  ( cm)

Between rows

75

45

90

60 or 75 *

Between plants

30

15

45

30

Quantity of seed (Kg/ha)

With fuzz

Delinted

15.00

15.00

20.00

..

7.50

..

15.00

..

Naked

..

..

..

6.00

b.

Varieties / hybrids

MCU 5, MCU 12, MCU 13

LRA 5166, SVPR 2

KC 2

SUVIN

MCU 7, SVPR 3

* Fertile soils a.

If  cotton intercropped with other crops, one paired row of cotton is alternated with  three  rows  of  intercrop  and  the  total  population  of  cotton  crop  is

maintained at the same level as in the case of pure crop.

For  intercropping  with  Greengram  /  Soyabean,  complete  the  sowing  and irrigation 20 days prior to cotton sowing on one side of the ridge.

259

Spacing for cotton crop ( cm)

Within

Between Paired

Paired row

60

80

Varieties/hybrid

MCU 5, MCU 12,MCU13

SUVIN

Plant two rows of intercrop between each paired row of cotton

Intercrop

Blackgram

Greengram

Cowpea

Soyabean

Seed rate(kg/ha)

12.5

12.5

7.5

20.0

Spacing (cm)

Rows

30

30

30

30

Plants

10

10

20

10

For higher returns, advance sowing of either greengram or soyabean  20 days before sowing  of cotton in winter  season.

1.2.3.ACID-DELINTING OF COTTON SEEDS

i)

ii)

iii)

iv)

v)

vi)

vii)

Choose plastic bucket bucket for acid delinting of seeds.

Do not use earthen wares, metal vessels, porcelain wares or wooden drum for acid delinting as concentrated sulphuric acid will corrode them.",Tamil Nadu,,[],https://workdrive.zohoexternal.in/file/2bmyq9d676ab8baf74386bf8078b151fa9f4f,TextNode,c20ed78a-a2d6-4ea8-b0da-57d5b4f6f28c,c20ed78a-a2d6-4ea8-b0da-57d5b4f6f28c,c20ed78a-a2d6-4ea8-b0da-57d5b4f6f28c,"{""id_"": ""8fb7589c-9325-4670-a6fc-0cf8b63e29d3"", ""embedding"": null, ""metadata"": {""page_no"": null, ""headings"": [], ""source"": ""https://workdrive.zohoexternal.in/file/2bmyq9d676ab8baf74386bf8078b151fa9f4f""}, ""excluded_embed_metadata_keys"": [], ""excluded_llm_metadata_keys"": [], ""relationships"": {}, ""metadata_template"": ""{key}: {value}"", ""metadata_separator"": ""\n"", ""text"": """", ""mimetype"": ""text/plain"", ""start_char_idx"": 0, ""end_char_idx"": 0, ""metadata_seperator"": ""\n"", ""text_template"": ""{metadata_str}\n\n{content}"", ""class_name"": ""TextNode""}",Agriculture-CPG-2020,2025-10-31T08:26:02.338000,,,
122b9b8f-d460-4ca4-86fe-3490c26a2d5d,"<table id=""41-o"">
<tr><td id=""41-p"" colspan=""3"">Farming Materials</td></tr>
<tr><td id=""41-q"">No.No.</td><td id=""41-r"">Details</td><td id=""41-s"">per hectare</td></tr>
<tr><td id=""41-t"">1.</td><td id=""41-u"">Tumors: lump pieces</td><td id=""41-v"">5-6 tons</td></tr>
<tr><td id=""41-w""></td><td id=""41-x"">(Each beard should weigh at least 500 grams)</td><td id=""41-y""></td></tr>
<tr><td id=""41-z"">2.</td><td id=""41-A"">Manure for manger</td><td id=""41-B"">25 ton</td></tr>
<tr><td id=""41-C"">3.</td><td id=""41-D"">Chemical fertilizers</td><td id=""41-E""></td></tr>
<tr><td id=""41-F""></td><td id=""41-G"">Nitrogen</td><td id=""41-H"">80 %.gram</td></tr>
<tr><td id=""41-I""></td><td id=""41-J"">ರಂಜಕ</td><td id=""41-K"">60 %. ಗ್ರಾಂ</td></tr>
<tr><td id=""41-L""></td><td id=""41-M"">Potash</td><td id=""41-N"">100 %.gram</td></tr>
</table>",Karnataka,141,[],https://workdrive.zoho.in/file/0u4ck92141867d7d24f57a6a0f6cc52cda094,TextNode,f98fd64d-f575-48d2-ba9f-965266a61a81,f98fd64d-f575-48d2-ba9f-965266a61a81,f98fd64d-f575-48d2-ba9f-965266a61a81,(populate LlamaIndex JSON string in production),"Compressive Horticultural -POP-Package of Practice _ University of Horticultural Science,Bagalkot(UHSB)_Udyanagiri, Navanagar, Bagalkot - 587104, Karnataka",2026-04-07T08:48:57.800000,,,
9596aefa-f870-442b-a180-49eee587c5f8,"14 | Bridging the Gaps for Realizing the Castor Crop Vision                                            |     39 |
|        3.1  | Global Castor Production during 2016-17 to 2020-21                                                |     42 |
|        3.2  | Castor Domestic Supply & Demand (in lakh tonnes)                                                  |     43 |
|        3.3  | Growth and Instability in Export of Castor oil from India                                         |     45 |
|        3.4  | Major Export destinations for Indian Castor Oil (2020-21)                                         |     45 |
|        3.5  | India's share (%) in major export markets of castor oil -2021                                     |     46 |
|        3.6  | Major Importers of Castor Oil from India during 2017 to 2021                                      |     47 |
|        3.7  | County-wise analysis of castor oil export from India and NPC values 2014-15                       |     48 |
|        3.8  | County-wise analysis of castor oil export from India and NPC values 2020-21                       |     49 |

|   3.9 | Export specifications of castor oil                                               |   51 |
|-------|-----------------------------------------------------------------------------------|------|
|  3.1  | Castor Seed Spot Market Prices in Gujarat for February 25, 2022                   |   54 |
|  3.11 | Seasonal Indices of monthly Arrivals of Castor seed in Major Market of Gujarat    |   59 |
|  3.12 | Seasonal Indices of monthly Prices of Castor seed in Major Market of Gujarat      |   59 |
|  3.13 | ADF unit root test for prices of Castor                                           |   64 |
|  3.14 | VAR Lag Order Selection Criteria for Castor Price                                 |   65 |
|  3.15 | Results of multiple co-integration analysis for Castor                            |   66 |
|  3.16 | Results of vector error correction model for domestic castor markets              |   67 |
|  3.17 | Pair-wise Granger causality tests result for castor seed wholesale prices.        |   68 |
|  4.",Gujarat,,[],https://workdrive.zoho.in/file/zu51z95f13886191242d4b6b47a6366aaed87,TextNode,23843d17-0ad8-4468-a8bb-49c6523bf033,23843d17-0ad8-4468-a8bb-49c6523bf033,23843d17-0ad8-4468-a8bb-49c6523bf033,"{""id_"": ""9596aefa-f870-442b-a180-49eee587c5f8"", ""embedding"": null, ""metadata"": {""page_no"": null, ""headings"": [], ""source"": ""https://workdrive.zoho.in/file/zu51z95f13886191242d4b6b47a6366aaed87""}, ""excluded_embed_metadata_keys"": [], ""excluded_llm_metadata_keys"": [], ""relationships"": {}, ""metadata_template"": ""{key}: {value}"", ""metadata_separator"": ""\n"", ""text"": """", ""mimetype"": ""text/plain"", ""start_char_idx"": 0, ""end_char_idx"": 0, ""metadata_seperator"": ""\n"", ""text_template"": ""{metadata_str}\n\n{content}"", ""class_name"": ""TextNode""}",2021-22-Castor-Crop-Cultivation-in-Gujarat,2025-10-31T08:26:02.342000,,,
abd8b273-b816-4772-b9df-13c0f02ab053,"N top dressing    |                                                               | Not common                        |
| Vegetable pea   |                                                                                         | Sprinkler irrigation, hormone spray |                                                               | do                                |
| Potato          |                                                                                         | Light irrigation, N top dressing    |                                                               | do                                |
| Mustard         |                                                                                         | Light irrigation                    |                                                               | do                                |
| Horticulture    |                                                                                         |                                     |                                                               |                                   |
| Mango           | Planting of wind breaks on east and west sides (pre- planning) Smudging/smoking         | Smudging/smoki ng                   | Smudging/smoking                                              |                                   |
| Litchi          | Planting of wind breaks on east and west sides (pre- planning) Smudging/smoking         | Smudging/smoki ng                   | Smudging/smoking                                              |                                   |
| Guava           | Planting of wind breaks on east and west sides (pre-                                    | Smudging/smoki                      | Smudging/smoking                                              |                                   |

|               | planning) Smudging/smoking                                                                                                        | ng                                                                |                                           |                                           |
|---------------|-----------------------------------------------------------------------------------------------------------------------------------|-------------------------------------------------------------------|-------------------------------------------|-------------------------------------------|
| Frost         | Frost                                                                                                                             | Frost                                                             | Frost                                     | Frost                                     |
| Wheat         | Not common                                                                                                                        | Light irrigation, smoke                                           | Not common                                | Not common                                |
| Potato        | do                                                                                                                                | Light irrigation, smoke                                           | do                                        | do                                        |
| Vegetable pea | do                                                                                                                                | Sprinkler irrigation,",Uttarakhand,,[],https://workdrive.zoho.in/file/zu51z1ef7544e55de43e4991bbd8413a80d6e,TextNode,c7d61838-fb06-4578-b454-542eea3a6f9c,c7d61838-fb06-4578-b454-542eea3a6f9c,c7d61838-fb06-4578-b454-542eea3a6f9c,"{""id_"": ""abd8b273-b816-4772-b9df-13c0f02ab053"", ""embedding"": null, ""metadata"": {""page_no"": null, ""headings"": [], ""source"": ""https://workdrive.zoho.in/file/zu51z1ef7544e55de43e4991bbd8413a80d6e""}, ""excluded_embed_metadata_keys"": [], ""excluded_llm_metadata_keys"": [], ""relationships"": {}, ""metadata_template"": ""{key}: {value}"", ""metadata_separator"": ""\n"", ""text"": """", ""mimetype"": ""text/plain"", ""start_char_idx"": 0, ""end_char_idx"": 0, ""metadata_seperator"": ""\n"", ""text_template"": ""{metadata_str}\n\n{content}"", ""class_name"": ""TextNode""}",UKD7-Dehradun-10.07.14,2025-10-31T08:26:02.342000,,,
436d598c-e9a9-4508-95fa-49c7c94a4325,...,Karnataka,9,"[""...""]",https://workdrive.zoho.in/file/0u4ckd9bb462e40f347a7bee995604567f4a0,TextNode,4c16440b-4e73-43c1-b3b8-2d2212b74353,4c16440b-4e73-43c1-b3b8-2d2212b74353,4c16440b-4e73-43c1-b3b8-2d2212b74353,(populate LlamaIndex JSON string in production),"Improved farming pratices _University of Agricultural Science, Dharward (UASD)_Krishinagar, Dharwad - 580005, Karnataka",2026-04-07T08:49:06.506000,,,
e2150866-da9a-4f6f-a1f5-46de12d2ff65,"## Manure and fertilizer:

FYM @ 25 t, N 50 kg, P 2 O 5 45 kg and K 2 O 80 kg/ha. Half of N with full doses of FYM, P 2 O 5 and K 2 O should be applied as basal and the remaining half of N to be top dressed at 30 days after emergence.

Irrigation:

Occasionally in case of summer season crop when there is no rain.

Harvesting:

Fruits should be picked while green and tender.

Yield: 50-60 q/ha.

## RIDGE GOURD

Luffa acutangula (Roxb.) L.

Variety :

Pusa Nasdar, selected local varieties, viz. AAUJ-1.

## Description:

Pusa Nasdar : Bears 15-20 fruits/vine, fruit ridged, club shaped, light green; flesh yellow with firm texture, good flavour; flowers in about 60 days; maturity 70-75 days.

AAUJ-1 : Bears 15 to 20 fruits/vine, fruit long ridged, green in colour. Days for fruit setting are 60 days and for first picking of 68 days, good as early variety. Average yield is 110 q/ha.

Soil

: Well drained loamy soils rich in organic matter with pH 6.0-7.0.

Seed rate

: 3.5 - 4.5 kg/ha.

Sowing time

:  January-May

Spacing

:  (Row to Row x Plant to Plant)

1.5-2.5m x 60cm - 1.2m

## Manure and fertilizer :

FYM @ 10t, N 20 kg, P 2 0 5 30kg and K 2 0 30 kg/ha. Half of N with full doses of FYM, P 2 0 5 and K 2 0 should be applied as basal and the remaining half of N to be top dressed at vining.

Irrigation

: At 8-10 days interval during dry spell.

Harvesting

: Fruits should be picked while green soft and tender.",Assam,,[],https://workdrive.zoho.in/file/zu51zed748521a97b4cccabd70815a4531521,TextNode,93dfcdab-f699-44a5-94ab-ddad70d85235,93dfcdab-f699-44a5-94ab-ddad70d85235,93dfcdab-f699-44a5-94ab-ddad70d85235,"{""id_"": ""e2150866-da9a-4f6f-a1f5-46de12d2ff65"", ""embedding"": null, ""metadata"": {""page_no"": null, ""headings"": [], ""source"": ""https://workdrive.zoho.in/file/zu51zed748521a97b4cccabd70815a4531521""}, ""excluded_embed_metadata_keys"": [], ""excluded_llm_metadata_keys"": [], ""relationships"": {}, ""metadata_template"": ""{key}: {value}"", ""metadata_separator"": ""\n"", ""text"": """", ""mimetype"": ""text/plain"", ""start_char_idx"": 0, ""end_char_idx"": 0, ""metadata_seperator"": ""\n"", ""text_template"": ""{metadata_str}\n\n{content}"", ""class_name"": ""TextNode""}",11(A).1,2025-10-31T08:26:02.346000,,,
66b1715d-049b-41bb-bc52-8f442efcb990,"| 47    |
| 7                     | Pandu                 | 58    |
| RAKTAVAHASROTASROGA   | RAKTAVAHASROTASROGA   |       |
| 8                     | Ekakushtha            | 65    |
| 9                     | Kamala                | 69    |
| MEDOVAHASROTASROGA    | MEDOVAHASROTASROGA    |       |
| 10                    | Hypothyroidism        | 75    |
| 11                    | Madhumeha             | 79    |
| 12                    | Sthoulya              | 86    |
| PURISHAVAHASROTASROGA | PURISHAVAHASROTASROGA |       |
| 13                    | Arsha                 | 93    |
| 14                    | Atisara               | 99    |

| 15                   | Bhagandara",Tamil Nadu,,[],https://workdrive.zohoexternal.in/file/2bmyq9e40fac2070647a9a6ec2795eb040074,TextNode,b73d5075-6556-46e8-9cf6-f3598c864275,b73d5075-6556-46e8-9cf6-f3598c864275,b73d5075-6556-46e8-9cf6-f3598c864275,"{""id_"": ""66b1715d-049b-41bb-bc52-8f442efcb990"", ""embedding"": null, ""metadata"": {""page_no"": null, ""headings"": [], ""source"": ""https://workdrive.zohoexternal.in/file/2bmyq9e40fac2070647a9a6ec2795eb040074""}, ""excluded_embed_metadata_keys"": [], ""excluded_llm_metadata_keys"": [], ""relationships"": {}, ""metadata_template"": ""{key}: {value}"", ""metadata_separator"": ""\n"", ""text"": """", ""mimetype"": ""text/plain"", ""start_char_idx"": 0, ""end_char_idx"": 0, ""metadata_seperator"": ""\n"", ""text_template"": ""{metadata_str}\n\n{content}"", ""class_name"": ""TextNode""}",Downloads_17012023_Ayurvedic Standard Treatment Guildelines,2025-10-31T08:26:02.334000,,,
0b777682-fb4a-44e5-8f75-71ea19dfac6e,"Mr. Dandinayak as guests, J.30 July when open in the afternoon some can do.",Karnataka,256,"[""Mr. Dandinayak as guests, J.30 July when open in the afternoon some can do.""]",https://workdrive.zoho.in/file/0u4ck92141867d7d24f57a6a0f6cc52cda094,TextNode,f98fd64d-f575-48d2-ba9f-965266a61a81,f98fd64d-f575-48d2-ba9f-965266a61a81,f98fd64d-f575-48d2-ba9f-965266a61a81,(populate LlamaIndex JSON string in production),"Compressive Horticultural -POP-Package of Practice _ University of Horticultural Science,Bagalkot(UHSB)_Udyanagiri, Navanagar, Bagalkot - 587104, Karnataka",2026-04-07T08:49:00.842000,,,
67475773-4c95-48aa-bed6-cc9c50eaa0dd,A comprehensive gardening manual,Karnataka,308,"[""A comprehensive gardening manual""]",https://workdrive.zoho.in/file/0u4ck92141867d7d24f57a6a0f6cc52cda094,TextNode,f98fd64d-f575-48d2-ba9f-965266a61a81,f98fd64d-f575-48d2-ba9f-965266a61a81,f98fd64d-f575-48d2-ba9f-965266a61a81,(populate LlamaIndex JSON string in production),"Compressive Horticultural -POP-Package of Practice _ University of Horticultural Science,Bagalkot(UHSB)_Udyanagiri, Navanagar, Bagalkot - 587104, Karnataka",2026-04-07T08:49:01.885000,,,
6777dcc0-5c19-4e45-a2fc-f5b076374338,"Meghalaya, Shillong.

| 1.12   | Sowing window 5 major   | Rice                         | Rice                                          | Rice                      | Maize                                                               | Maize               | 3: Rabi                          |                                       |                                      |
|--------|-------------------------|------------------------------|-----------------------------------------------|---------------------------|---------------------------------------------------------------------|---------------------|----------------------------------|---------------------------------------|--------------------------------------|
| 1.12   | for field crops         | High altitude                | Mid altitude                                  | Lower altitude            | High altitude                                                       | Mid& Lower altitude | pulses                           | 4: Millets                            | 5: Soyabean                          |
|        | Kharif- Rainfed upland  | Mid April - 1 st week of May | Last week of April April to 1 st week of July | June to 1 st week of July | Mid March -mid April                                                | April - May         |                                  | 1 st week of April - 3 rd week of May | May -June                            |
|        | Kharif- Irrigated       |                              |                                               |                           |                                                                     |                     |                                  |                                       |                                      |
|        | Rabi- Rainfed           |                              | -                                             |                           | 1 st week Oct - 1 st week of Nov till March 2 nd wk - april 2 nd wk |                     | 2 st week Oct - 1 st week of Nov | 1 st week Oct - 1 st week of Nov      |                                      |
|        | Rabi- Irrigated         |                              |                                               |                           |                                                                     | Oct to Nov          |                                  |                                       |                                      |
|        | Summer- irrigated       |                              |                                               |                           |                                                                     |                     |                                  |                                       |                                      |
|        | Summer- rainfed         |                              |                                               |                           |                                                                     |                     |                                  |                                       | 1 st week of June- 1 st week of july |

| 1.13   | What is the major contingency the district is prone to?",Meghalaya,,[],https://workdrive.zoho.in/file/zu51z9f72cc4feb5f4b0398a57c81a98f86d1,TextNode,f29eb5a5-179b-4b35-a75a-172f9c32c144,f29eb5a5-179b-4b35-a75a-172f9c32c144,f29eb5a5-179b-4b35-a75a-172f9c32c144,"{""id_"": ""6777dcc0-5c19-4e45-a2fc-f5b076374338"", ""embedding"": null, ""metadata"": {""page_no"": null, ""headings"": [], ""source"": ""https://workdrive.zoho.in/file/zu51z9f72cc4feb5f4b0398a57c81a98f86d1""}, ""excluded_embed_metadata_keys"": [], ""excluded_llm_metadata_keys"": [], ""relationships"": {}, ""metadata_template"": ""{key}: {value}"", ""metadata_separator"": ""\n"", ""text"": """", ""mimetype"": ""text/plain"", ""start_char_idx"": 0, ""end_char_idx"": 0, ""metadata_seperator"": ""\n"", ""text_template"": ""{metadata_str}\n\n{content}"", ""class_name"": ""TextNode""}",ML6-West Khasi Hills-05.09.14,2025-10-31T08:26:02.322000,,,
f4877346-8f2a-4212-808b-02dde2e1b662,"Coconut Chips: Dehydrate matured coconut oil, asphotic using sugar solution.
'Coconut Chips' is the feathery substance prepared by the method.Oil the well-ripened nuts so as not to spoil
Crack and remove the thin brown layer on the coconut.Then the remaining white ghee is 0.5-
0.75 mm.Cut into thin slices and soak in water.Sugar solution prepared and purified
Slices are subjected to asphotic reaction for one hour.Due to this, the water content in coconut comes out
More concentrated sugar content goes in.Thus the solution containing the flakes should be stirred frequently.Sugar
75 grams per coconut flakes as the potency of the solution decreases after each use.like
Sugar should be added to the solution.Dip the slices in sugar solution for 15 minutes on absorbent paper
It should be spread and then dried in an electric dryer for six hours and packed.",Karnataka,167,"[""Coconut Chips: Dehydrate matured coconut oil, asphotic using sugar solution.""]",https://workdrive.zoho.in/file/0u4ck92141867d7d24f57a6a0f6cc52cda094,TextNode,f98fd64d-f575-48d2-ba9f-965266a61a81,f98fd64d-f575-48d2-ba9f-965266a61a81,f98fd64d-f575-48d2-ba9f-965266a61a81,(populate LlamaIndex JSON string in production),"Compressive Horticultural -POP-Package of Practice _ University of Horticultural Science,Bagalkot(UHSB)_Udyanagiri, Navanagar, Bagalkot - 587104, Karnataka",2026-04-07T08:48:59.025000,,,
686a7dc7-9e30-4d90-82d7-e7e42df7c80b,"## Primary and secondary nurseries

For obtaining good germination, the seed nuts should be sown as whole fruits. The nuts should be sown immediately after the harvest in soil or sand and watered daily to get early and good germination. The nuts should be sown at 15 cm distance in vertical position with calyx end just covered. The beds may be mulched lightly using areca leaf or paddy straw.",Karnataka,5,"[""## Primary and secondary nurseries""]",https://workdrive.zoho.in/file/4yumaa2420862ad6a42dc85e3eafbbb1d47c9,TextNode,c597e735-8115-4ec8-ba19-1ebc8880fab5,c597e735-8115-4ec8-ba19-1ebc8880fab5,c597e735-8115-4ec8-ba19-1ebc8880fab5,(populate LlamaIndex JSON string in production),"Methods of Arecanut Cultivation_Keladi Shivappa Nayaka University of Agricultural & Horticultural Sciences, Iruvakki, Shivamogga , Karnataka, -577 412",2026-04-07T08:49:04.864000,,,
73e96e06-ec2e-4dc2-a651-b83945b5720b,ICAR Kharif Agro-Advisory 2025,Karnataka,218,"[""ICAR Kharif Agro-Advisory 2025""]",https://workdrive.zoho.in/file/0u4ck598c81fd38fa46d2b168b78abddaed42,TextNode,69e68b29-6a66-4ada-a276-aa5dd50f2a72,69e68b29-6a66-4ada-a276-aa5dd50f2a72,69e68b29-6a66-4ada-a276-aa5dd50f2a72,(populate LlamaIndex JSON string in production),"ICAR Kharif Agro-Advisories for Farmers 2025_Indian Council of Agricultural Research, Krishi Bhawan, New Delhi",2026-04-07T08:48:26.060000,,,
d943af71-2c63-44a3-af49-451cba0ac963,"Berseem
* Due to higher production potential, succulence, palatability, nutritive value, and continuous supply of fodder over a long period of seven months. It is popularly known as king of fodders. Apart from supplying protein, calcium, phosphorus, and other minerals it enriches the fertility of the soil and improves its productivity. In repeated cuttings from November to May end it yields about 400 quintal highly nutritious and palatable fodder.
* Mescawi, Wardan, JB-1, BL-10, BL-22, and BL-42 are important varieties. BL- 22 and BL-42 supply green fodder upto Mid-June.
* It grows well on loam to clay loam soils, rich in lime and having good drainage facilities. For growing of berseem land should be properly levelled and has good drainage. To prepare a good seed bed give three to four ploughings, each followed by planking.",Karnataka,139,"[""Berseem""]",https://workdrive.zoho.in/file/0u4ck6f0f0e3687024b74917489a52fcd6683,TextNode,c9f53148-1553-4abd-b80f-d987641fae4d,c9f53148-1553-4abd-b80f-d987641fae4d,c9f53148-1553-4abd-b80f-d987641fae4d,(populate LlamaIndex JSON string in production),"ICAR Rabi Agro-Advisories for Farmers 2021-2022_Indian Council of Agricultural Research, Krishi Bhawan, New Delhi",2026-04-07T08:48:33.599000,,,
6391d671-2322-4ad7-a920-af9bf307d77f,"| 25   | AICR on Agrometeorology- NICRA   | Kalyani   | 2011   |
|------|----------------------------------|-----------|--------|

<!-- image -->

**Image Description:** the pyramid of the world




## Status of Sanction post, Existing and Vacant Man Power in AICRP/AINP

1.

2.

3.

4.

5.

6.

7.

8.

9.

| Sl. No .   | Name of the AICRP/AINP                | Sanction Post       | Sanction Post   | Man in Position   | Man in Position   | Vacant Position   | Vacant Position   |
|------------|---------------------------------------|---------------------|-----------------|-------------------|-------------------|-------------------|-------------------|
| Sl. No .   | Name of the AICRP/AINP                | Teaching/ Research* | Non- Teaching   | Teaching /Res*    | Non- Teaching     | Teaching /Res*    | Non- Teaching     |
| 1          | AICRP on Fruits                       | 7                   | 15              | 7                 | 10                | 0                 | 5                 |
| 2          | AICRP on Wheat &Barley                | 3                   | 2               | 1                 | 1                 | 2",West Bengal,,[],https://workdrive.zoho.in/file/zu51z9aeffe706b6046de935de55227460c0e,TextNode,d1ffc884-73e5-43f6-a77a-393b44b71ffb,d1ffc884-73e5-43f6-a77a-393b44b71ffb,d1ffc884-73e5-43f6-a77a-393b44b71ffb,"{""id_"": ""6391d671-2322-4ad7-a920-af9bf307d77f"", ""embedding"": null, ""metadata"": {""page_no"": null, ""headings"": [], ""source"": ""https://workdrive.zoho.in/file/zu51z9aeffe706b6046de935de55227460c0e""}, ""excluded_embed_metadata_keys"": [], ""excluded_llm_metadata_keys"": [], ""relationships"": {}, ""metadata_template"": ""{key}: {value}"", ""metadata_separator"": ""\n"", ""text"": """", ""mimetype"": ""text/plain"", ""start_char_idx"": 0, ""end_char_idx"": 0, ""metadata_seperator"": ""\n"", ""text_template"": ""{metadata_str}\n\n{content}"", ""class_name"": ""TextNode""}",SSR-University_bckv (1),2025-10-31T08:26:02.331000,,,
fb302725-eddb-4a27-9ada-2a7cad4744ba,"308

<!-- PAGE BREAK -->",Karnataka,353,"[""308""]",https://workdrive.zoho.in/file/0u4ck92141867d7d24f57a6a0f6cc52cda094,TextNode,f98fd64d-f575-48d2-ba9f-965266a61a81,f98fd64d-f575-48d2-ba9f-965266a61a81,f98fd64d-f575-48d2-ba9f-965266a61a81,(populate LlamaIndex JSON string in production),"Compressive Horticultural -POP-Package of Practice _ University of Horticultural Science,Bagalkot(UHSB)_Udyanagiri, Navanagar, Bagalkot - 587104, Karnataka",2026-04-07T08:49:01.887000,,,
f636bc2e-2132-45e2-ba6a-07a5b58f01d8,"3.Haylage of Low Moisture Crops

Haylage is the type of fodder prepared by filling cereal fodder with low moisture content (40-50 percent) in air-tight pits.Low-moisture rasames can be made from low-rainfall, low-moisture crops or green fodder that remains after harvest.

*****",Karnataka,87,"[""3.Haylage of Low Moisture Crops""]",https://workdrive.zoho.in/file/0u4ck5a35d75559e44204a8b5c8dc6af6b8f7,TextNode,09f41b33-a79e-460b-810e-7d99825d02a2,09f41b33-a79e-460b-810e-7d99825d02a2,09f41b33-a79e-460b-810e-7d99825d02a2,(populate LlamaIndex JSON string in production),"Advanced animal husbandary practice_University of Agricultural Science, Dharward (UASD)_Krishinagar, Dharwad - 580005, Karnataka",2026-04-07T08:48:43.738000,,,
901a2ae6-8495-49aa-91c2-774227140fa0,"|
| 2                                                | Dinocap                                          | The registration, import, manufacture, formulation, transport, sale is prohibited and its use is completely banned from the date of publication of this order. |
| 3                                                | Methomyl                                         | The registration, import, manufacture, formulation, transport, sale is prohibited and its use is completely banned from the date of publication of this order. |
| Names of crops to be omitted from approved usage | Names of crops to be omitted from approved usage | Names of crops to be omitted from approved usage                                                                                                               |
| 1                                                | Carbofuran                                       | All other formulations of Carbofuran except Carbofuran three percent Encapsulated granule (CG) along with the crop labels may be stopped from use.             |
| 2                                                | Malathion                                        | Sorghum, Pea, Soybean, Castor, Sunflower, Bhindi, Brinjal, Cauliflower, Radish, Turnip, Tomato, Apple, Mango and Grape.                                        |
| 3                                                | Monocrotophos                                    | All other formulations of this pesticide except Monocrotophos fifteen percent Water soluble granules (SG) may be stopped from use in respective label crops.   |
| 4                                                | Quinalphos                                       | Jute, Cardamom and Sorghum.                                                                                                                                    |
| 5                                                | Mancozeb                                         | Guava, Jowar and Tapioca.                                                                                                                                      |
| 6                                                | Oxyfluorfen                                      | Potato and Groundnut                                                                                                                                           |
| 7                                                | Dimethoate                                       | Label deletion of fruits and vegetables that are consumed as raw food items.                                                                                   |
| 8                                                | Chlorpyriphos                                    | Ber, Citrus and Tobacco.                                                                                                                                       |

APPENDIX VI

## Technical and Trades Names of Insecticides &amp; Acaricides, Rodenticides and biopesticide formulation

| Technical Name           | Trade name                                                                                                                                                 |
|--------------------------|------------------------------------------------------------------------------------------------------------------------------------------------------------|
| A. Insecticides          |                                                                                                                                                            |
| 1.",Assam,,[],https://workdrive.zoho.in/file/zu51z77b1df0c2517414db0159f9ae7b034ab,TextNode,72b71501-7c0c-452d-8516-6c55bcc7d09b,72b71501-7c0c-452d-8516-6c55bcc7d09b,72b71501-7c0c-452d-8516-6c55bcc7d09b,"{""id_"": ""901a2ae6-8495-49aa-91c2-774227140fa0"", ""embedding"": null, ""metadata"": {""page_no"": null, ""headings"": [], ""source"": ""https://workdrive.zoho.in/file/zu51z77b1df0c2517414db0159f9ae7b034ab""}, ""excluded_embed_metadata_keys"": [], ""excluded_llm_metadata_keys"": [], ""relationships"": {}, ""metadata_template"": ""{key}: {value}"", ""metadata_separator"": ""\n"", ""text"": """", ""mimetype"": ""text/plain"", ""start_char_idx"": 0, ""end_char_idx"": 0, ""metadata_seperator"": ""\n"", ""text_template"": ""{metadata_str}\n\n{content}"", ""class_name"": ""TextNode""}",POP Horticulture Crops,2025-10-31T08:26:02.345000,,,
5d55cd28-8350-46b0-91aa-9cdc606607f2,"295

<!-- PAGE BREAK -->",Karnataka,715,"[""295""]",https://workdrive.zoho.in/file/0u4ck6f0f0e3687024b74917489a52fcd6683,TextNode,c9f53148-1553-4abd-b80f-d987641fae4d,c9f53148-1553-4abd-b80f-d987641fae4d,c9f53148-1553-4abd-b80f-d987641fae4d,(populate LlamaIndex JSON string in production),"ICAR Rabi Agro-Advisories for Farmers 2021-2022_Indian Council of Agricultural Research, Krishi Bhawan, New Delhi",2026-04-07T08:48:39.721000,,,
684cae15-8580-4049-b13c-be2a493cfc35_p1,"<tr><td id=""23-24"">ಬಿಸಿಲಿನ ಅವಧಿ (ಘಂಟೆ)</td><td id=""23-25"">9.0</td><td id=""23-26"">9.9</td><td id=""23-27"">8.5</td><td id=""23-28"">8.7</td><td id=""23-29"">6.8</td><td id=""23-2a"">3.0</td><td id=""23-2b"">2.2</td><td id=""23-2c"">3.3</td><td id=""23-2d"">6.1</td><td id=""23-2e"">5.6</td><td id=""23-2f"">7.6</td><td id=""23-2g"">8.0</td><td id=""23-2h"">6.6</td></tr>
<tr><td id=""23-2i"">ಗಾಳಿಯ ವೇಗ (ಕಿ.ಮೀ/ಘಂಟೆ)</td><td id=""23-2j"">4.2</td><td id=""23-2k"">4.6</td><td id=""23-2l"">4.8</td><td id=""23-2m"">5.7</td><td id=""23-2n"">7.7</td><td id=""23-2o"">9.5</td><td id=""23-2p"">9.8</td><td id=""23-2q"">8.3</td><td id=""23-2r"">5.7</td><td id=""23-2s"">4.5</td><td id=""23-2t"">4.4</td><td id=""23-2u"">4.2</td><td id=""23-2v"">6.1</td></tr>
<tr><td id=""23-2w"">ಮೋಡದ ಪ್ರಮಾಣ (ಅಕ್ಷ)</td><td id=""23-2x"">1.0</td><td id=""23-2y"">1.2</td><td id=""23-2z"">1.2</td><td id=""23-2A"">2.2</td><td id=""23-2B"">3.3</td><td id=""23-2C"">5.2</td><td id=""23-2D"">5.9</td><td id=""23-2E"">5.7</td><td id=""23-2F"">4.0</td><td id=""23-2G"">3.9</td><td id=""23-2H"">3.0</td><td id=""23-2I"">1.9</td><td id=""23-2J"">3.2</td></tr>
</table>",Karnataka,23,"[""Table 4 : Routine average weather data for Agricultural Zone-7 (Southern Semi-Hills).""]",https://workdrive.zoho.in/file/0u4ck6f4a43531b7f4cb6b3c57c6167c7ca73,TextNode,6ba235a5-505d-442f-b2fe-09c4d7ee6b14,6ba235a5-505d-442f-b2fe-09c4d7ee6b14,6ba235a5-505d-442f-b2fe-09c4d7ee6b14,(populate LlamaIndex JSON string in production),"Compressive POP-Package of Practice_University of Agricultural Science, Bangalore_ The Gandhi Krishi Vignana Kendra (GKVK) Yelahanka, North Bengaluru, Karnataka",2026-04-07T08:48:48.948000,684cae15-8580-4049-b13c-be2a493cfc35,1,2
f315f5ca-c246-4f1c-8f03-414ff09614b1,"Harvesting and yield: The crop is ready for harvesting in 5 1/2 to 6 months after planting.If flowers are found during growth, plucking them will give more yield.The top of the plant should be cut off and the earth should be dug or plowed and the roots should be separated and washed, cut into pieces and dried.An average of 1500 kg.Dried roots can be obtained from each hectare.",Karnataka,266,[],https://workdrive.zoho.in/file/0u4ck92141867d7d24f57a6a0f6cc52cda094,TextNode,f98fd64d-f575-48d2-ba9f-965266a61a81,f98fd64d-f575-48d2-ba9f-965266a61a81,f98fd64d-f575-48d2-ba9f-965266a61a81,(populate LlamaIndex JSON string in production),"Compressive Horticultural -POP-Package of Practice _ University of Horticultural Science,Bagalkot(UHSB)_Udyanagiri, Navanagar, Bagalkot - 587104, Karnataka",2026-04-07T08:49:00.843000,,,
387edbd0-bfcf-446f-83d6-aed4b04b09cb,"<table id=""2-h"">
<tr><td id=""2-i"" colspan=""2"">Kodvada : Plant Protection Practices</td></tr>
<tr><td id=""2-j"">Pests</td><td id=""2-k"">Symptoms of damage</td></tr>
<tr><td id=""2-l"">2</td><td id=""2-m"">3</td></tr>
<tr><td id=""2-n"">Drips nusi,</td><td id=""2-o"">Both these insects suck sap from leaves.Honey causes the leaves to curl upwards.or 0.5 ml.Pastamidon 85 W.S.C.The young parts of the buds become stiff and deformed.When the aphid infestation increases, black mold develops.Drips also transmit the virus that causes warts.</td></tr>
</table>",Karnataka,3,[],https://workdrive.zoho.in/file/k8yew900689da2a3f4635a234b2cb98340cd9,TextNode,d44b07c6-4460-44b5-b8de-8b40c1eb1591,d44b07c6-4460-44b5-b8de-8b40c1eb1591,d44b07c6-4460-44b5-b8de-8b40c1eb1591,(populate LlamaIndex JSON string in production),"Chilli-POP -Package of Practice _University of Agricultural Science, Raichur(UASR), UAS Campus, Main Agricultural Research Station, Maddipet, Raichur - 584102, Karnataka",2026-04-07T08:48:17.118000,,,
3aeed4bd-e33c-4de4-8631-a425ba1380d1,"Live mulching (raising diverse legume intercrops with cereals for supplying phosphorus,  potassium,  and  sulphur  to  monocotyledons,  such  as  rice, wheat, ragi, etc.).

Crop residue mulching should be applied immediately after sowing of the crops to  reduce germination of weeds in the field. Depending upon the crop residues, generally 5 to 7 tonnes are required to cover one ha area for all the crops except rice in which Azolla can be used as mulching material. Mulching should be done in all the seasons. Some of the leguminous cover crops which can be introduced in natural farming are spreading type cowpea, horse gram and calopogonium.

## 9. Weed Management:

Weed management in natural farming is effectively achieved through diversified cropping  systems  like  intercropping or multi-cropping, which reduce space and resources available for weeds. Fast-growing or dense-canopy crops help shade the  soil,  preventing  weed  seed  germination.  Maintaining  rich,  healthy  soil with abundant organic matter supports vigorous crop growth that naturally outcompetes  weeds.  Organic  matter,  like  crop  residues  or  compost,  acts  as mulch, further preventing weed growth by blocking sunlight.

First  weeding  is  done  two  weeks  after  seed sowing or after transplanting. For early  weeding  use  weeder  or  cone-weeder  or  cycle  weeder  at  every  15  days intervals for three times. It will reduce labour cost, allow soil for aeration, luxuriant root growth and easy access of soil nutrient and water.

## 10. Plant Protection:

Plant protection relies on creating a balanced ecosystem to manage pests and diseases.  Diversified  cropping  systems,  such  as intercropping and polyculture, help disrupt pest  life  cycles  by  offering  habitats  for  natural  predators  like ladybugs, birds, and spiders, which control pest populations and disease causing organisms. These systems also make it harder for pests to target multiple crops at  once.  Seed  treatments  strengthen  seedlings,  enhancing  their  resistance  to pests  and  diseases.",Pops_Multiple_States,,[],https://workdrive.zoho.in/file/zu51zd898177264804b4d83d01ce98b768a7b,TextNode,acc9a7ff-11cd-4a3e-aad0-8f52db1c369c,acc9a7ff-11cd-4a3e-aad0-8f52db1c369c,acc9a7ff-11cd-4a3e-aad0-8f52db1c369c,"{""id_"": ""3aeed4bd-e33c-4de4-8631-a425ba1380d1"", ""embedding"": null, ""metadata"": {""page_no"": null, ""headings"": [], ""source"": ""https://workdrive.zoho.in/file/zu51zd898177264804b4d83d01ce98b768a7b""}, ""excluded_embed_metadata_keys"": [], ""excluded_llm_metadata_keys"": [], ""relationships"": {}, ""metadata_template"": ""{key}: {value}"", ""metadata_separator"": ""\n"", ""text"": """", ""mimetype"": ""text/plain"", ""start_char_idx"": 0, ""end_char_idx"": 0, ""metadata_seperator"": ""\n"", ""text_template"": ""{metadata_str}\n\n{content}"", ""class_name"": ""TextNode""}",POP- Natural Farming Practices,2025-10-31T08:26:02.344000,,,
42d17f49-5dca-4362-94ee-7faaf5e64b3e,"The full moon occurs when the moon is fully visible: The full moon phase is associated with  a  peak  in  energy  and  light.  It  is  believed  that  the  full  moon  encourages  plant maturation and seed setting. This phase is considered ideal for harvesting mature crops that are ready for seed saving. Seeds collected during the full moon are believed to be more  potent  and  have  better germination rates. Additionally, this phase is associated with the collection of medicinal herbs and crops that need to be harvested at their peak vitality.  The waning moon occurs after the full moon, as the moon decreases in size.

Impact on Seed Selection: The waning moon is believed to slow down plant growth and encourage the focus to shift below ground, improving root health and soil fertility. This is a  good  time  for  seed  selection  that requires less above-ground growth, such as root vegetables (carrots, potatoes, etc.) or perennials. It is also a phase for maintaining the soil,  applying  compost,  and  ensuring  that  the  land  is  in  good  condition  for  future

planting. The waning moon is not typically considered an ideal time for planting seeds, but it's used for other important agricultural activities like weeding, soil preparation, and harvesting crops that are meant to be stored.

## iv. Protocol to be followed:

1.  Obtain  seeds  from  community  seed  banks,  traditional  farmers,  or  indigenous knowledge  holders.  Use  seeds  saved  from  previous  harvests  of  traditional  varieties grown on the farm. Prevent cross-pollination by isolating indigenous varieties from other crops or hybrids during flowering. Regularly monitor fields to rogue out plants that do not conform to the desired characteristics. Dry seeds thoroughly after harvest to reduce moisture  content  and  prevent  spoilage.  Store  seeds  in  cool,  dark,  and  pest-free conditions,  using  breathable  containers  such  as  cloth  bags  or  clay  pots.  Conduct germination tests before planting to ensure seed viability. This can be done by sprouting a small sample in moist conditions and observing the germination rate.
2.  Choose fields practicing natural farming methods to ensure the seeds are free from synthetic  chemical  contamination.",Pops_Multiple_States,,[],https://workdrive.zoho.in/file/zu51zd898177264804b4d83d01ce98b768a7b,TextNode,85efb850-c0e2-4c14-8a0e-51c133714829,85efb850-c0e2-4c14-8a0e-51c133714829,85efb850-c0e2-4c14-8a0e-51c133714829,"{""id_"": ""42d17f49-5dca-4362-94ee-7faaf5e64b3e"", ""embedding"": null, ""metadata"": {""page_no"": null, ""headings"": [], ""source"": ""https://workdrive.zoho.in/file/zu51zd898177264804b4d83d01ce98b768a7b""}, ""excluded_embed_metadata_keys"": [], ""excluded_llm_metadata_keys"": [], ""relationships"": {}, ""metadata_template"": ""{key}: {value}"", ""metadata_separator"": ""\n"", ""text"": """", ""mimetype"": ""text/plain"", ""start_char_idx"": 0, ""end_char_idx"": 0, ""metadata_seperator"": ""\n"", ""text_template"": ""{metadata_str}\n\n{content}"", ""class_name"": ""TextNode""}",POP- Natural Farming Practices,2025-10-31T08:26:02.344000,,,
2af37178-8f91-4d0c-8d30-4102a1b542dc,"- In  the  cases  where  complications arise.
- If further investigations are needed.
- In  case  of Kshataja (blood  stained sputum) and Kshayaja Kaasa

## LEVEL 2: CHC'S OR SMALL HOSPITALS WITH BASIC FACILITIES

If patient is not responding to level-1 treatment,  following  investigations  should be carried out.

- Hemogram with ESR
- Sputum
- X-Ray Chest PA View

Treatment: Treatment given in level -1 may be  continued.  Following  medicines  may  be added.

## Table 1.6: Common medicines at level 2 for all type of Kasa

| Drugs                  | Dosage form      | Dose        | Time of administration   | Anupana                                                                      |
|------------------------|------------------|-------------|--------------------------|------------------------------------------------------------------------------|
| Chandramrut Rasa 35    | Vati             | 1 Tab       | Twice a day              | Ajadugdha in Vata , Gojihvadi Kwatha 36 in Kapha , Draksharishta 37 in Pitta |
| Bhagottara Gutika 38   | Two tabs         | 2 Tab       | Thrice a day             | Luke warm water                                                              |
| Lavangadi Vati 39      | Vati as lozenges | 6 pills/day | Six time a day           | -                                                                            |
| Khadiradi Vati 40      | Vati as lozenges | 6 pills/day | Six time a day           | -                                                                            |
| Samasharkara Churna 41 | Powder           | 2-4 gm      | Twice a day              | Honey                                                                        |

## Table 1.7: Medicines at level 2 for different type of Kasa

| Drug                        | Dosage          | Dose            | Time of Administration   | Duration     | Anupana                      |
|-----------------------------|-----------------|-----------------|--------------------------|--------------|------------------------------|
| Vataja Kasa",Tamil Nadu,,[],https://workdrive.zohoexternal.in/file/2bmyq9e40fac2070647a9a6ec2795eb040074,TextNode,ab3b2aae-0172-4547-95b9-c1774d0da9cd,ab3b2aae-0172-4547-95b9-c1774d0da9cd,ab3b2aae-0172-4547-95b9-c1774d0da9cd,"{""id_"": ""2af37178-8f91-4d0c-8d30-4102a1b542dc"", ""embedding"": null, ""metadata"": {""page_no"": null, ""headings"": [], ""source"": ""https://workdrive.zohoexternal.in/file/2bmyq9e40fac2070647a9a6ec2795eb040074""}, ""excluded_embed_metadata_keys"": [], ""excluded_llm_metadata_keys"": [], ""relationships"": {}, ""metadata_template"": ""{key}: {value}"", ""metadata_separator"": ""\n"", ""text"": """", ""mimetype"": ""text/plain"", ""start_char_idx"": 0, ""end_char_idx"": 0, ""metadata_seperator"": ""\n"", ""text_template"": ""{metadata_str}\n\n{content}"", ""class_name"": ""TextNode""}",Downloads_17012023_Ayurvedic Standard Treatment Guildelines,2025-10-31T08:26:02.334000,,,
4c8c72bc-77f0-440f-8fdd-f911057b83cd,819,Karnataka,7,"[""819""]",https://workdrive.zoho.in/file/k8yew61ef8e28fba04c7fb9133e30f90217dc,TextNode,b73b1dd8-af79-4446-a0cf-6da41be6510c,b73b1dd8-af79-4446-a0cf-6da41be6510c,b73b1dd8-af79-4446-a0cf-6da41be6510c,(populate LlamaIndex JSON string in production),"Chick Pea-Green gram-POP -Package of Practice _University of Agricultural Science, Raichur(UASR), UAS Campus, Main Agricultural Research Station, Maddipet, Raichur - 584102, Karnataka",2026-04-07T08:48:15.570000,,,
92478bed-e41e-4b8f-b980-c0dfd2ece107,"Grading: As there are no specified grades, generally flowers are classified by length of flower,
Classification is done on the basis of factors such as the length of the chanti.
Packing of flowers",Karnataka,331,"[""Grading: As there are no specified grades, generally flowers are classified by length of flower,""]",https://workdrive.zoho.in/file/0u4ck92141867d7d24f57a6a0f6cc52cda094,TextNode,f98fd64d-f575-48d2-ba9f-965266a61a81,f98fd64d-f575-48d2-ba9f-965266a61a81,f98fd64d-f575-48d2-ba9f-965266a61a81,(populate LlamaIndex JSON string in production),"Compressive Horticultural -POP-Package of Practice _ University of Horticultural Science,Bagalkot(UHSB)_Udyanagiri, Navanagar, Bagalkot - 587104, Karnataka",2026-04-07T08:49:01.886000,,,
a4b03285-80d9-4779-91ab-06c27d447ad8,"Cowpea
Sow cowpea as a rainy season crop in June-July using the variety Cowpea 263 with a spacing of 45 x 15 cm, applying 45 kg Urea, 100 kg SSP, and 16 kg MOP per acre at sowing, along with seed inoculation using Bavistin and Rhizobium culture. Control sucking pests like aphids and whitefly with alternate sprays of Neem-based pesticide 1500 ppm at 600 ml/acre and Imidacloprid 17.8 at 70 ml/acre. Manage fungal diseases by treating seeds with Carbendazim at 0.2%, Thiram at 0.3%, or Captan at 0.3%.",Karnataka,210,"[""Cowpea""]",https://workdrive.zoho.in/file/0u4ck598c81fd38fa46d2b168b78abddaed42,TextNode,69e68b29-6a66-4ada-a276-aa5dd50f2a72,69e68b29-6a66-4ada-a276-aa5dd50f2a72,69e68b29-6a66-4ada-a276-aa5dd50f2a72,(populate LlamaIndex JSON string in production),"ICAR Kharif Agro-Advisories for Farmers 2025_Indian Council of Agricultural Research, Krishi Bhawan, New Delhi",2026-04-07T08:48:26.059000,,,
5d88247c-3ada-4783-8744-a9d544e712d0,"xi)

xii)

269

3.2.11. GAP FILLING

Dibble 3 to 4 seeds in each gap if sufficient moisture is available.

3.2.12. THINNING SEEDLINGS

xix)

Allow  two  seedlings  per  hole  and  thin  out  on  15th  day  of  sowing,  adopting proper spacing between plants.

Thin the pulse crop on the 20th day of sowing, adopting a spacing of 15 cm between plants for cowpea and 10 cm for other pulse crop.

3.2.13. FOLIAR FERTILIZATION

Spray 0.5% urea and 1% KCl on the 45th and 65th day of sowing if sufficient moisture is available.

In site water harvesting and crop resident addition for rainfed cotton in black soil.

Brand  Bed  Furrow  (BBF)  system  wth  coirpith  application  @  5  t/ha  for  higher  soil moisture retension, seed cotton yield and enhanced the carbon storage under vermisols.

3.2.14. INTERCULTIVATION WITH DHANTHULU/BLADE HARROW

Work dhanthulu or blade harrow on the 30th and 45th day of sowing.

NOTE: Other cultivation practices, plant protection measures, harvest etc., are the same as for the irrigated crop.

CROP PHYSIOLOGY

Foliar spray of TNAU Cotton Plus @ 2.5 kg/acre in 200 litres of water at flowering and  at  boll  formation  stages  reduces  flower  and  square  shedding,  improves  boll

bursting, increases seed cotton yield and imparts drought  tolerance.

CROP PROTECTION

B.

xx)

PEST MANAGEMENT



Remove the cotton crop and dispose off the crop residues as soon as harvest is over.





















Avoid stacking of stalks in the field.

Avoid ratoon and double cotton crop.

Adopt proper crop rotation.

Use optimum irrigation and fertilizers.

Grow one variety throughout the village as far as possible.",Tamil Nadu,,[],https://workdrive.zohoexternal.in/file/2bmyq9d676ab8baf74386bf8078b151fa9f4f,TextNode,04e23b2a-599e-4ba1-adff-78402a074e7f,04e23b2a-599e-4ba1-adff-78402a074e7f,04e23b2a-599e-4ba1-adff-78402a074e7f,"{""id_"": ""5d88247c-3ada-4783-8744-a9d544e712d0"", ""embedding"": null, ""metadata"": {""page_no"": null, ""headings"": [], ""source"": ""https://workdrive.zohoexternal.in/file/2bmyq9d676ab8baf74386bf8078b151fa9f4f""}, ""excluded_embed_metadata_keys"": [], ""excluded_llm_metadata_keys"": [], ""relationships"": {}, ""metadata_template"": ""{key}: {value}"", ""metadata_separator"": ""\n"", ""text"": """", ""mimetype"": ""text/plain"", ""start_char_idx"": 0, ""end_char_idx"": 0, ""metadata_seperator"": ""\n"", ""text_template"": ""{metadata_str}\n\n{content}"", ""class_name"": ""TextNode""}",Agriculture-CPG-2020,2025-10-31T08:26:02.338000,,,
f6c0a2b6-0251-4672-bc32-bce563029f78,"Urh                   | 'kqØokj              | 14-04-2023                  |
|      10 | ij'kqjke t;Urh                               | 'kfuokj              | 22-04-2023                  |
|      11 | bZnqy fQrj ¼pk¡n ls½                         | 'kfuokj              | 22-04-2023                  |
|      12 | egkjk.kk izrki t;Urh                         | lkseokj              | 22-05-2023                  |
|      13 | bZny tqgk                                    | xq:okj               | 29-06-2023                  |
|      14 | eqgjZe ¼rkft;k pk¡n ls½                      | 'kfuokj              | 29-07-2023                  |
|      15 | fo'o vkfnoklh fnol                           | cq/kokj              | 09-08-2023                  |
|      16 | Lora=rk fnol                                 | eaxyokj              | 15-08-2023                  |
|      17 | j{kk ca/ku                                   | cq/kokj              | 30-08-2023                  |
|      18 | Ñ"".k tUek'Veh                                | xq:okj               | 07-09-2023                  |
|      19 | jkenso t;Urh@rstk n'keh@ [kstM+yh@'kghn fnol | lkseokj              | 25-09-2023                  |
|      20 | ckjkoQkr ¼pk¡n ls½                           | xq:okj               | 29-09-2023                  |
|      21 | egkRek xka/kh t;Urh                          | lkseokj              | 02-10+-2023                 |
|      22 | uojkf= LFkkiuk ,oa egkjktk vxzlsu t;Urh      | jfookj               | 15-10-2023                  |
|      23 | nqXkkZ'Veh                                   | jfookj               | 22-10-2023                  |
|      24 | fot;",Rajasthan,,[],https://workdrive.zohoexternal.in/file/2bmyq265c359ce2234846b4701f7c492dc6e6,TextNode,fa66b5ee-357d-4f58-8ea9-1197933f60af,fa66b5ee-357d-4f58-8ea9-1197933f60af,fa66b5ee-357d-4f58-8ea9-1197933f60af,"{""id_"": ""f6c0a2b6-0251-4672-bc32-bce563029f78"", ""embedding"": null, ""metadata"": {""page_no"": null, ""headings"": [], ""source"": ""https://workdrive.zohoexternal.in/file/2bmyq265c359ce2234846b4701f7c492dc6e6""}, ""excluded_embed_metadata_keys"": [], ""excluded_llm_metadata_keys"": [], ""relationships"": {}, ""metadata_template"": ""{key}: {value}"", ""metadata_separator"": ""\n"", ""text"": """", ""mimetype"": ""text/plain"", ""start_char_idx"": 0, ""end_char_idx"": 0, ""metadata_seperator"": ""\n"", ""text_template"": ""{metadata_str}\n\n{content}"", ""class_name"": ""TextNode""}",Prospectus 2023-24 (Final),2025-10-31T08:26:02.313000,,,
965cd08a-ef-43fc-82ed-5f1648d67957,"296

<!-- PAGE BREAK -->",Karnataka,303,"[""296""]",https://workdrive.zoho.in/file/0u4ck6f0f0e3687024b74917489a52fcd6683,TextNode,c9f53148-1553-4abd-b80f-d987641fae4d,c9f53148-1553-4abd-b80f-d987641fae4d,c9f53148-1553-4abd-b80f-d987641fae4d,(populate LlamaIndex JSON string in production),"ICAR Rabi Agro-Advisories for Farmers 2021-2022_Indian Council of Agricultural Research, Krishi Bhawan, New Delhi",2026-04-07T08:48:35.736000,,,
4328f2fb-f80a-4189-afa7-013bac38223a,"Sapling preparation: 7.5 m for preparing saplings required for one hectare area.Length 1.2 m.wide and 10 cm.m.Prepare tall saplings 30 km.gram (3-4 basket) of barnyard manure and half a kg.Apply 15:15:15 gram of compound chemical fertilizer to each layer and mix it well into the soil, treat sowing seeds with 2 grams of mercury compound.8 cmm.Sow the seed in spaced rows or spread the seed thinly in the furrows, cover the barn with manure or soil, provide a dry grass cover during summer days until the seedlings emerge and water daily in the evening.10 days before transplanting reduce the amount of water to the seedlings so that the seedlings become hard.Sown seeds germinate in one week and seedlings are ready for transplanting in six weeks.",Karnataka,95,[],https://workdrive.zoho.in/file/0u4ck92141867d7d24f57a6a0f6cc52cda094,TextNode,f98fd64d-f575-48d2-ba9f-965266a61a81,f98fd64d-f575-48d2-ba9f-965266a61a81,f98fd64d-f575-48d2-ba9f-965266a61a81,(populate LlamaIndex JSON string in production),"Compressive Horticultural -POP-Package of Practice _ University of Horticultural Science,Bagalkot(UHSB)_Udyanagiri, Navanagar, Bagalkot - 587104, Karnataka",2026-04-07T08:48:57.798000,,,
90237cc2-2331-4dac-882a-e0995e86d1bc,"2.Animal nutrition

I found in food components and their deficiency
Errors encountered and troubleshooting... 52
II Balanced animal feed ... 59
III Method of preparation of donor mixture ... 65
Dosage of IV Donor Mixture to Cattle ... 66
V Livestock maintenance in case of natural calamity ... 67
VI Non-conventional food ingredients in animal feed ... 69
VII Nutrient of low grade fodder
Methods of increasing ... 70",Karnataka,7,"[""2.Animal nutrition""]",https://workdrive.zoho.in/file/0u4ck5a35d75559e44204a8b5c8dc6af6b8f7,TextNode,09f41b33-a79e-460b-810e-7d99825d02a2,09f41b33-a79e-460b-810e-7d99825d02a2,09f41b33-a79e-460b-810e-7d99825d02a2,(populate LlamaIndex JSON string in production),"Advanced animal husbandary practice_University of Agricultural Science, Dharward (UASD)_Krishinagar, Dharwad - 580005, Karnataka",2026-04-07T08:48:42.401000,,,
f328c8cc-e512-4e5b-a650-083da6785d61,"Andaman and Nicobar Islands
ANDAMAN & NICOBAR ISLANDS",Karnataka,583,"[""Andaman and Nicobar Islands""]",https://workdrive.zoho.in/file/0u4ck6f0f0e3687024b74917489a52fcd6683,TextNode,c9f53148-1553-4abd-b80f-d987641fae4d,c9f53148-1553-4abd-b80f-d987641fae4d,c9f53148-1553-4abd-b80f-d987641fae4d,(populate LlamaIndex JSON string in production),"ICAR Rabi Agro-Advisories for Farmers 2021-2022_Indian Council of Agricultural Research, Krishi Bhawan, New Delhi",2026-04-07T08:48:38.730000,,,
079b7837-7063-4b68-9436-8f42b420b6b0,"Agronomic Practices
Sub-soiling: Cross sub-soiling at 1.0 m spacing should be done once in three to four years, before preparing the field. This is done by tractor drawn sub-soiler, upto a depth of 45-50 cm. Do planking to break the clods and then prepare seed bed. This will help in breaking the hard pan, increase water infiltration rate and better penetration of roots.
Land Preparation: Give three to four ploughings, each followed by planking. Use a furrow turning plough for the first ploughing. If the crop is to be sown after harvesting of senji (fodder), 3 to 4 ploughing are enough for seed bed preparation.
Time of Planting: Mid-February to the end of March is the optimum time for planting sugarcane in the Punjab. Do not plant early maturing varieties after March. Avoid late planting. If late planting has to be done, adopt the following practices:
- In case of late planting, any mid late maturing variety should be preferred.
- Use higher seed-rate, viz. 30 thousand three-budded sets per acre.
- Control the early shoot-borer effectively as it is particularly serious in the late-planted crop.
Seed Selection: The seed should be free from red-rot, wilt, smut, ratoon-stunting and grassy shoot diseases. Use only the top two-third portion of the selected canes for planting.
Seed Rate: Use 20 thousand three-budded setts or 15 thousand four-budded sets or 12  thousand  five-budded  setts  per  acre.  Longer  setts  are  particularly  good  for  rain-fed conditions. In other words, 30-35 quintal of seed, depending upon the variety, is required for sowing one acre. Due to thick canes, seed rate of Co 118 and CoJ 85 should be kept about 10% higher (on weight basis).
Seed  Treatment: To  improve  the  germination,  soak  the  setts  in  ethrel  solution overnight. To prepare the solution, dissolve 25 mL  of Ethrel 39 SL in 100 liters of water. Alternatively,  soak the setts in water for 24 hours before planting.",Punjab,87,"[""Agronomic Practices""]",https://storage.googleapis.com/annam-dataset/pops/Punjab_Kharif_2025.pdf,TextNode,9e19440e-b749-4b69-b442-5f0940975305,9e19440e-b749-4b69-b442-5f0940975305,9e19440e-b749-4b69-b442-5f0940975305,"{""id_"": ""079b7837-7063-4b68-9436-8f42b420b6b0"", ""embedding"": null, ""metadata"": {""page_no"": 87, ""headings"": [""Agronomic Practices""], ""source"": ""https://storage.googleapis.com/annam-dataset/pops/Punjab_Kharif_2025.pdf""}, ""excluded_embed_metadata_keys"": [], ""excluded_llm_metadata_keys"": [], ""relationships"": {""1"": {""node_id"": ""9e19440e-b749-4b69-b442-5f0940975305"", ""node_type"": ""4"", ""metadata"": {""page_no"": 87, ""headings"": [""Agronomic Practices""], ""source"": ""https://storage.googleapis.com/annam-dataset/pops/Punjab_Kharif_2025.pdf""}, ""hash"": ""e1a44165482da1b1d7fd1fd9670bc72ab00026e9c990f89faad3baa923fba1ae"", ""class_name"": ""RelatedNodeInfo""}}, ""metadata_template"": ""{key}: {value}"", ""metadata_separator"": ""\n"", ""text"": """", ""mimetype"": ""text/plain"", ""start_char_idx"": 0, ""end_char_idx"": 1935, ""metadata_seperator"": ""\n"", ""text_template"": ""{metadata_str}\n\n{content}"", ""class_name"": ""TextNode""}",POP-Package of Practices Kharif 2025_PAU Punjab Agriculture University_Ludhiana,,,,
66a84d01-7829-4dfc-8415-0b55fa64257c,"The yield of crop varies due to soil fertility and different operation involve in agriculture. The yield gaps are mainly caused by socio-economic, credit institutional/policy related factors, extension services and lack of improved technology. Different strategies, such as integrated crop management (ICM) practices, timely supply of inputs including credit to farmers,  research  and  extension  collaboration  to  transfer  the  new  technologies  have  been discussed as strategies to minimize yield gaps. Suggestions have been made to make credit available to resource-poor small farmers to buy necessary inputs. Efforts should be made to update farmers' knowledge on the causes of yield gaps in crops and measures to narrow the gaps  through  training,  demonstrations,  field  visits  and  monitoring  by  extension  agencies  to achieve high yield. The adoption of various improved technology that helpful in reduce the yield gap if the farmer utilizes it properly.

Title:

Yield Gap Analysis of Vegetable Crops in Ranchi District of Jharkhand

Scholar

: Anupama Mahato

Supervisor: Dr. Deep Narayan Mukherjee

The yield gap of various vegetables crops was studied. Although the state Jharkhand grows huge quantities of green vegetables every year but still there are some gap in the yields of the crops. The major vegetable crops grown are potato, cauliflower, cabbage, onions, tomato, chillies, brinjal, bhindi, and leafy vegetables. The purpose of the study was to study existing yield level and the extent of yield gaps of different crops and to suggest measures for reducing the present level of yield gaps. The relationship of yield gap with variables of yield gap were studied. The study also described about the factors that cause yield gaps and strategies for minimising yield

gaps. The study revealed a total yield gaps of various vegetable crops. The yields gap are mainly caused by socio economic, credit policy related factors, extension services and lack of improved technology.  Different  strategies  such  as  Integrated  Nutrient  Management  practices,  timely supply of inputs including credit to farmer's research and extension collaboration to transfer the new technologies have been discussed as strategies to minimise yield gaps. Suggestions have been made to make credit available to resource poor small farmers to buy necessary inputs.",Jharkhand,,[],https://workdrive.zoho.in/file/zu51zff748074894248ef97603869510eef7d,TextNode,6802dd25-ac13-47ed-97c8-14e04b2acf98,6802dd25-ac13-47ed-97c8-14e04b2acf98,6802dd25-ac13-47ed-97c8-14e04b2acf98,"{""id_"": ""66a84d01-7829-4dfc-8415-0b55fa64257c"", ""embedding"": null, ""metadata"": {""page_no"": null, ""headings"": [], ""source"": ""https://workdrive.zoho.in/file/zu51zff748074894248ef97603869510eef7d""}, ""excluded_embed_metadata_keys"": [], ""excluded_llm_metadata_keys"": [], ""relationships"": {}, ""metadata_template"": ""{key}: {value}"", ""metadata_separator"": ""\n"", ""text"": """", ""mimetype"": ""text/plain"", ""start_char_idx"": 0, ""end_char_idx"": 0, ""metadata_seperator"": ""\n"", ""text_template"": ""{metadata_str}\n\n{content}"", ""class_name"": ""TextNode""}",RKMVERI-Ranchi-Campus-Compendium-2006-2022,2025-10-31T08:26:02.327000,,,
1b041c87-b662-4aca-94af-1b1c17731370,"<table><thead><tr><th>12</th><th>Variety Photographs</th></tr></thead><tbody></tbody></table>



<::A close-up photograph of a plant with numerous long, slender green pods, likely a type of bean or pea. The pods are intertwined with green leaves and stems. In the upper central part of the image, there is a yellow rectangular label with the text ""BM 2002-1"". In the bottom right corner, a faint timestamp ""99 10:48"" is visible.
: figure::>",Maharashtra,,[],https://workdrive.zohoexternal.in/file/2bmyq32578a7457e9417f9945b421ffe8d9a7,TextNode,6c41a081-e2d5-4f69-9d52-8a53555fe40a,6c41a081-e2d5-4f69-9d52-8a53555fe40a,6c41a081-e2d5-4f69-9d52-8a53555fe40a,"{""id_"": ""1b041c87-b662-4aca-94af-1b1c17731370"", ""embedding"": null, ""metadata"": {""page_no"": null, ""headings"": [], ""source"": ""https://workdrive.zohoexternal.in/file/2bmyq32578a7457e9417f9945b421ffe8d9a7""}, ""excluded_embed_metadata_keys"": [], ""excluded_llm_metadata_keys"": [], ""relationships"": {}, ""metadata_template"": ""{key}: {value}"", ""metadata_separator"": ""\n"", ""text"": """", ""mimetype"": ""text/plain"", ""start_char_idx"": 0, ""end_char_idx"": 0, ""metadata_seperator"": ""\n"", ""text_template"": ""{metadata_str}\n\n{content}"", ""class_name"": ""TextNode""}",BM-2002-1,2025-10-31T08:26:02.346000,,,
17c1fb27-5728-4a9d-9454-5b300f7148f3,"Weed control: 1.0 kg Metaclor 50 EC per hectare on the day of sowing or the day after sowing.Mix it with 1000 L of water and spray it on the soil, the soil should be moist while spraying.Also there should be enough moisture in the soil.Other weeds can be controlled with this, except for garike and jake.",Karnataka,148,[],https://workdrive.zoho.in/file/0u4ck92141867d7d24f57a6a0f6cc52cda094,TextNode,f98fd64d-f575-48d2-ba9f-965266a61a81,f98fd64d-f575-48d2-ba9f-965266a61a81,f98fd64d-f575-48d2-ba9f-965266a61a81,(populate LlamaIndex JSON string in production),"Compressive Horticultural -POP-Package of Practice _ University of Horticultural Science,Bagalkot(UHSB)_Udyanagiri, Navanagar, Bagalkot - 587104, Karnataka",2026-04-07T08:48:59.024000,,,
004334c6-924d-4ec2-a5a7-b4b91864d5f3,"**Pregnancy Care:** Ensure that pregnant animals receive exceptional care, which includes a diet rich in nutrients and an environment free from stress.",Karnataka,216,"[""**Pregnancy Care:** Ensure that pregnant animals receive exceptional care, which includes a diet rich in nutrients and an environment free from stress.""]",https://workdrive.zoho.in/file/0u4ck598c81fd38fa46d2b168b78abddaed42,TextNode,69e68b29-6a66-4ada-a276-aa5dd50f2a72,69e68b29-6a66-4ada-a276-aa5dd50f2a72,69e68b29-6a66-4ada-a276-aa5dd50f2a72,(populate LlamaIndex JSON string in production),"ICAR Kharif Agro-Advisories for Farmers 2025_Indian Council of Agricultural Research, Krishi Bhawan, New Delhi",2026-04-07T08:48:26.060000,,,
d8efce2e-28e7-4014-916b-a8ee13afe615,"Gunda (Lasoda)

* Gunda (Lasoda) orchards should be cleaned and leaves should be removed for early fruiting.",Karnataka,493,"[""Gunda (Lasoda)""]",https://workdrive.zoho.in/file/0u4ck6f0f0e3687024b74917489a52fcd6683,TextNode,c9f53148-1553-4abd-b80f-d987641fae4d,c9f53148-1553-4abd-b80f-d987641fae4d,c9f53148-1553-4abd-b80f-d987641fae4d,(populate LlamaIndex JSON string in production),"ICAR Rabi Agro-Advisories for Farmers 2021-2022_Indian Council of Agricultural Research, Krishi Bhawan, New Delhi",2026-04-07T08:48:37.691000,,,
44fc7026-0535-4565-9959-65baa2570449,"<tr><td id=""0-e"">4</td><td id=""0-f"" colspan=""2"">Soil</td><td id=""0-g"">A medium to heavy, moisture retentive, well-drained soil is suitable.The ratio should be 6.5 to 8.0.</td></tr>
<tr><td id=""0-h"">5</td><td id=""0-i"" colspan=""2"">Climate</td><td id=""0-j"">Being a subtropical crop, it requires cool weather for seed germination and plant growth.Clear light and high temperatures are essential from flowering to harvest.20 to 25 degrees Celsius.Temperatures are good for sunflower growth.500 mm rainfall is required for good growth and production of sunflower.Kharif, Rabi, Summer</td></tr>
<tr><td id=""0-k"">6</td><td id=""0-l"" colspan=""2"">Sowing/planting period</td><td id=""0-m"">Kharip : June 15 to July 15 Rabi : September 15 to October 15 Summer : January 15 to January 30</td></tr>
<tr><td id=""0-n"">7</td><td=""0-o"" chospan=""2"">Ple Ekkar Biasen</td><td=""0-p"">Commerceed Around 02 kg</td>
<tr><td id=""0-q"" rowspan=""2"">C (handwritten)</td><td id=""0-r"" colspan=""3"">Peak Arrangement</td></tr>
<tr><td id=""0-s"">1</td><td id=""0-t"">Management of planting/sowing</td><td id=""0-u"">Seed treatment – ​​Carbendazim fungicide 3 g per kg of seed should be applied before sowing.After that, 250 grams of Azotobacter and 250 grams of phosphorus dissolving bacteria should be applied per 10 kg of seeds.Planting- For sowing in heavy soil, the distance between two rows should be 60 cm and the distance between two plants should be 30 cm.",Maharashtra,,[],https://workdrive.zohoexternal.in/file/2bmyqaa11ee30a2874bb983ad342fb638cab6,TextNode,194fb868-9a26-4a28-aebd-dcc6fa8316f4,194fb868-9a26-4a28-aebd-dcc6fa8316f4,194fb868-9a26-4a28-aebd-dcc6fa8316f4,"{""id_"": ""44fc7026-0535-4565-9959-65baa2570449"", ""embedding"": null, ""metadata"": {""page_no"": null, ""headings"": [], ""source"": ""https://workdrive.zohoexternal.in/file/2bmyqaa11ee30a2874bb983ad342fb638cab6""}, ""excluded_embed_metadata_keys"": [], ""excluded_llm_metadata_keys"": [], ""relationships"": {}, ""metadata_template"": ""{key}: {value}"", ""metadata_separator"": ""\n"", ""text"": """", ""mimetype"": ""text/plain"", ""start_char_idx"": 0, ""end_char_idx"": 0, ""metadata_seperator"": ""\n"", ""text_template"": ""{metadata_str}\n\n{content}"", ""class_name"": ""TextNode""}",Sunflower-171,2025-10-31T08:26:02.347000,,,
5965589c-65bb-4e34-a66c-7039ddbd7e39,"The chain starts with farmers procuring the necessary materials from various input providers to start the cultivation of a crop. A farmer has to make a complex, multivariate analysis of when to prepare  his  land,  which  crop  to  plant,  when  to  plant,  grow  or  source  seedlings, irrigate or not, etc. Depending on whether the crop is annual such as tomato or perennial like orange, a farmer also has to assess the investment needed versus the time taken to recoup the money factoring in the total gestation period (pre-bearing period, applicable in perennial crops)  cost  and  income  streams,  average  payback  period,  etc.  Even  during  cultivation,  a farmer must constantly monitor her or his crop to ensure s/he gets the best possible yield. Once harvested, the crop is passed on further down the value chain to traders or processors or  both.  Traders  may  take  the  crops  from  farmers  to  processors  or  directly  to  the  fresh markets. There may also be traders who take processed products from the processors to the consumers. As found in the mushroom value chain study conducted by this same organization

<!-- image -->

**Image Description:** makki foundation logo




<!-- image -->

**Image Description:** nabard group logo",Manipur,,[],https://workdrive.zoho.in/file/zu51zfad0dc4ed0fc40ffb282e25ee0fcd42e,TextNode,c4968f95-a064-4f4a-941a-d7c0962495f7,c4968f95-a064-4f4a-941a-d7c0962495f7,c4968f95-a064-4f4a-941a-d7c0962495f7,"{""id_"": ""5965589c-65bb-4e34-a66c-7039ddbd7e39"", ""embedding"": null, ""metadata"": {""page_no"": null, ""headings"": [], ""source"": ""https://workdrive.zoho.in/file/zu51zfad0dc4ed0fc40ffb282e25ee0fcd42e""}, ""excluded_embed_metadata_keys"": [], ""excluded_llm_metadata_keys"": [], ""relationships"": {}, ""metadata_template"": ""{key}: {value}"", ""metadata_separator"": ""\n"", ""text"": """", ""mimetype"": ""text/plain"", ""start_char_idx"": 0, ""end_char_idx"": 0, ""metadata_seperator"": ""\n"", ""text_template"": ""{metadata_str}\n\n{content}"", ""class_name"": ""TextNode""}",1112235721nrs30-one-district-one-product,2025-10-31T08:26:02.344000,,,
0855388c-f251-4cb2-b27f-3f489d128b12,"Trichoderma viridi @ 2.5 kg/ha. To address iron chlorosis, use a foliar spray of ferrous sulfate @ 0.5%. For Heliothis and leaf-eating caterpillars, apply a foliar spray of Neem seed extract 5%, Chlorpyriphos 20 EC 20 ml, Spinosad 45 SC 3 ml, Flubendiamide 48 SC 3 ml, or Novaluron 10 EC 20 ml per 10 litres of water.",Karnataka,69,[],https://workdrive.zoho.in/file/0u4ck598c81fd38fa46d2b168b78abddaed42,TextNode,69e68b29-6a66-4ada-a276-aa5dd50f2a72,69e68b29-6a66-4ada-a276-aa5dd50f2a72,69e68b29-6a66-4ada-a276-aa5dd50f2a72,(populate LlamaIndex JSON string in production),"ICAR Kharif Agro-Advisories for Farmers 2025_Indian Council of Agricultural Research, Krishi Bhawan, New Delhi",2026-04-07T08:48:24.068000,,,
d07407bc-81cd-4589-a9f7-f71b3e494d2d,Uttarakhand,Karnataka,285,"[""Uttarakhand""]",https://workdrive.zoho.in/file/0u4ck598c81fd38fa46d2b168b78abddaed42,TextNode,69e68b29-6a66-4ada-a276-aa5dd50f2a72,69e68b29-6a66-4ada-a276-aa5dd50f2a72,69e68b29-6a66-4ada-a276-aa5dd50f2a72,(populate LlamaIndex JSON string in production),"ICAR Kharif Agro-Advisories for Farmers 2025_Indian Council of Agricultural Research, Krishi Bhawan, New Delhi",2026-04-07T08:48:27.060000,,,
ee6acba6-415f-42db-b683-e36cc7df4da3,"The  University  has  been  adopting  decentralized,  participatory,  adaptive  and  multifarious demand-supply side extension research- academics approach; involving public, private and third sector  (civil  society)  in  research  and  extension  programmes  and  strengthening  capacity  of framers,  researchers  and  extension  workers.  Provide  a  note  on  interdepartmental  linkages  the University is currently having in practice.

The university has been maintaining close linkage with the farming community who are the major stake holders of the technologies developed by the university through its Krishi Vigyan Kendras  at  different  places.  At  the  same  time  the  university  is  having  linkage  with  the  State Department of Agriculture as well as other line departments. Thus, the overall policies of the university show the reflection of the need of all stake holders.

## Is the University cultivating the collaborative culture within subject and across subjects? Yes.

1. Twenty-five ICAR- AICRPs are running under multi-disciplinary subjects.
2. Several  ad-hoc  projects  under  collaboration  mode  and  multi-disciplines  funded  by  the Govt. (Central/Sate), NGOs are running at BCKV
3. Several  courses  at  undergraduate  level  are  also  conducted  in  collaborative  mode involving the teachers from different departments.

## 6.6.1.9. Monitoring Mechanism:

The teaching activities and outcomes are being closely monitored at the department level by the Heads of the respective departments. There are Board of studies (CC/Departmental Committee) for each department which is responsible for ensuring effective deliberation of theory and practical classes and timely completion of course

The Deans of the faculties are looking after smooth functioning of teaching activities in all the departments under their purviews.

The Faculty Council (Academic Council) takes care of regular monitoring, resolving any issue related to teaching and examination as well as recommending for policy framing

## 6.6.1.10. Institute Quality Assurance Cell /PME Cell:

<!-- image -->

**Image Description:** the logo for the new school




The  Director  of  Research  is  in  charge  of  monitoring  and  supervising  all  research  projects operating in the university.",West Bengal,,[],https://workdrive.zoho.in/file/zu51z9aeffe706b6046de935de55227460c0e,TextNode,ec8ec512-e4a6-4c0c-b441-e552571b134b,ec8ec512-e4a6-4c0c-b441-e552571b134b,ec8ec512-e4a6-4c0c-b441-e552571b134b,"{""id_"": ""ee6acba6-415f-42db-b683-e36cc7df4da3"", ""embedding"": null, ""metadata"": {""page_no"": null, ""headings"": [], ""source"": ""https://workdrive.zoho.in/file/zu51z9aeffe706b6046de935de55227460c0e""}, ""excluded_embed_metadata_keys"": [], ""excluded_llm_metadata_keys"": [], ""relationships"": {}, ""metadata_template"": ""{key}: {value}"", ""metadata_separator"": ""\n"", ""text"": """", ""mimetype"": ""text/plain"", ""start_char_idx"": 0, ""end_char_idx"": 0, ""metadata_seperator"": ""\n"", ""text_template"": ""{metadata_str}\n\n{content}"", ""class_name"": ""TextNode""}",SSR-University_bckv (1),2025-10-31T08:26:02.331000,,,
7bcebb78-2914-4b62-88d2-bf10b4042d1f,"|           |           |          |           |             |              |         |             |
| HOH             |         |                    |       |                   |        | C               |                          |       |       |           |           |           |          |           |             |              |         |             |
| Isofenphos      |         |                    |       |                   | C      |                 |                          |       |       |           |           |           |          |",Jammu & Kashmir,,[],https://workdrive.zohoexternal.in/file/2bmyq79e1104b34714380844162736d84274d,TextNode,cccc4ac0-1f81-49b6-88f6-22d6c5de5022,cccc4ac0-1f81-49b6-88f6-22d6c5de5022,cccc4ac0-1f81-49b6-88f6-22d6c5de5022,"{""id_"": ""7bcebb78-2914-4b62-88d2-bf10b4042d1f"", ""embedding"": null, ""metadata"": {""page_no"": null, ""headings"": [], ""source"": ""https://workdrive.zohoexternal.in/file/2bmyq79e1104b34714380844162736d84274d""}, ""excluded_embed_metadata_keys"": [], ""excluded_llm_metadata_keys"": [], ""relationships"": {}, ""metadata_template"": ""{key}: {value}"", ""metadata_separator"": ""\n"", ""text"": """", ""mimetype"": ""text/plain"", ""start_char_idx"": 0, ""end_char_idx"": 0, ""metadata_seperator"": ""\n"", ""text_template"": ""{metadata_str}\n\n{content}"", ""class_name"": ""TextNode""}",1646993885pop-kharif.pdf,2025-10-31T08:26:02.318000,,,
0ffef85a-8d8e-4b22-9494-b5fb84462372,"Plant Protection: Whitefly can be managed by growing barrier crops (maize, sorghum), using 10 sticky traps/acre, removing weed hosts (Parthenium, Croton), and spraying Thiamethoxam 25 WG (100 g/ha) or Imidacloprid 17.8 SL (0.3 ml/litre) at early infestation. Aphids' population can be minimised by spraying with Neem oil 2% as a preventive bio-insecticide or Dimethoate 30 EC @ 1 ml/litre. Jassids/leafhoppers control by spray with Acetamiprid 20 SP @ 0.2 g/litre or Imidacloprid 17.8 SL @ 0.3 ml/litre at ETL. Thrips managed by avoiding dense sowing and spraying Spinosad 45 SC (0.3 ml/litre) or Fipronil 5 SC (1.5 ml/litre). For pod borer management use of pheromone traps (5/acre for adult moths), spray of Emamectin benzoate 5 SG @ 0.4 g/litre or Spinosad 45 SC @ 0.3 ml/litre at flowering to pod formation stage is recommended.",Karnataka,223,[],https://workdrive.zoho.in/file/0u4ck598c81fd38fa46d2b168b78abddaed42,TextNode,69e68b29-6a66-4ada-a276-aa5dd50f2a72,69e68b29-6a66-4ada-a276-aa5dd50f2a72,69e68b29-6a66-4ada-a276-aa5dd50f2a72,(populate LlamaIndex JSON string in production),"ICAR Kharif Agro-Advisories for Farmers 2025_Indian Council of Agricultural Research, Krishi Bhawan, New Delhi",2026-04-07T08:48:26.060000,,,
859859da-40e1-4dd1-8fcf-786a87d78279,"142

<!-- PAGE BREAK -->",Karnataka,151,"[""142""]",https://workdrive.zoho.in/file/0u4ck6f0f0e3687024b74917489a52fcd6683,TextNode,c9f53148-1553-4abd-b80f-d987641fae4d,c9f53148-1553-4abd-b80f-d987641fae4d,c9f53148-1553-4abd-b80f-d987641fae4d,(populate LlamaIndex JSON string in production),"ICAR Rabi Agro-Advisories for Farmers 2021-2022_Indian Council of Agricultural Research, Krishi Bhawan, New Delhi",2026-04-07T08:48:33.815000,,,
377b4b5b-89a7-4d7c-b058-433cd53bd4f1,"* In this month, cucurbit crops like ridge gourd, kattu, gourd, watermelon, melon, cucumber are the main vegetable crops sown.
* Transplant the seedlings of bottle gourd and bitter gourd prepared in the nursery in January-February.Planting of bottle gourd plants 200 x100 cm.Do this at a distance of 150x60 cm, while bitter gourd plants are planted at a distance of 150x60 cm.Do it at a distance of.
* For preparing nursery, good quality seedlings can be prepared from low tunnel poly house.For rainy season brinjal crop, seeds can also be sown in the nursery.
* Keep irrigating and weeding the tomato crop as per requirement.
* To prevent mango fruits from falling, spray the plants with two percent solution of urea.
* Irrigation of newly planted Amla orchards should be done at an interval of 10-12 days in summer.When the plants grow, it is necessary to water the gardens once in May-June.The gardens should not be watered in any way during flowering.
* It is very important to pay attention to irrigation in the production of mango, guava, grapes, plum, lemon and papaya.In summer, irrigation should be done at an interval of 7-8 days.
* Among the improved varieties of papaya, this is the right time to plant Sunrise, Honeydew, Pusa Delicious, Pusa Dwarf and Pusa Giant.
* In banana, add 25 grams of nitrogen, 25 grams of phosphorus and 100 grams of potash per plant to the soil after hoeing.The suckers emerging from all sides of the banana plants are removed.
* Keep irrigating litchi gardens as per requirement.Litchi-Apply 100 grams urea per tree per year of age.Stop irrigation 15 days before digging gladiolus tubers and dig corms 40-45 days after cutting the spike.
* There is an infestation of aphids, caterpillars and mites in the marigold crop, to overcome which, 0.2 percent Metasystox or 0.25 percent Kerathane or 0.2 percent Rogor should be sprayed at least twice every week.",Karnataka,543,"[""* In this month, cucurbit crops like ridge gourd, kattu, gourd, watermelon, melon, cucumber are the main vegetable crops sown.""]",https://workdrive.zoho.in/file/0u4ck6f0f0e3687024b74917489a52fcd6683,TextNode,c9f53148-1553-4abd-b80f-d987641fae4d,c9f53148-1553-4abd-b80f-d987641fae4d,c9f53148-1553-4abd-b80f-d987641fae4d,(populate LlamaIndex JSON string in production),"ICAR Rabi Agro-Advisories for Farmers 2021-2022_Indian Council of Agricultural Research, Krishi Bhawan, New Delhi",2026-04-07T08:48:38.730000,,,
f167246f-107f-4ee3-8d51-da651e891b62,"Evaluation of breeding materials (AVT-II entries) for resistant donors(s): On  three  years (2014, 2015 &amp; 2016) basis, KDS 869 (HR in 2014,  2015 &amp; 2016) was most promising as donor against soybean YMV followed by DS 3101(HR in 2014 , 2015 &amp; R in 2016); MACS 1460 (MR in 2014 ,HR in  2015 &amp; R in 2016) and RVS 2008-24(MR in 2014, HR in 2015 &amp; MR in 2016) were promising donors against soybean YMV.

## SESAME

Maintenance of working germplasm collection: A  total  of  100  germplasm  lines  representing white, black, brown, ash and dark brown seeded type collections were maintained, evaluated and characterized for different traits.

Coordinated  trial  Initial  Varietal  Trial  (IVT)  &amp;  AVT :  In  Initial  Varietal  Trial  (IVT), significant differences were found among the entries for seed yield (g/plot). None of The entries were  found  higher  yielder  then  local  check  RT-54  (383.33  g/plot).  The  incidence  of  Phyllody disease appeared in traces.

## SMALL MILLETS

Maintanance of germplasm: 177 germplasm of finger millet, 50 germplasm of foxtail millet and 180 germplasm of proso millet maintained.

Advance Varietal Trial  of  Foxtail  Millet: Among thirteen  genotypes,  two  genotypes  namely, SiA3164 (26.48q/ha) and SiA3163 (24.63q/ha) were at par to Rajendra Kauni-1(25.56q/ha).

Initial Varietal Trial of Finger Millet: Among 20 genotypes only one genotype (GPU67) was significantly superior (45.93q/ha.) than RAU 8 (38.34q/ha).",Bihar,,[],https://workdrive.zoho.in/file/zu51z79c58ec1375d41cf8d2262770e49d9ab,TextNode,8a8e1c4d-c96c-4f06-af79-1e32b97ed916,8a8e1c4d-c96c-4f06-af79-1e32b97ed916,8a8e1c4d-c96c-4f06-af79-1e32b97ed916,"{""id_"": ""f167246f-107f-4ee3-8d51-da651e891b62"", ""embedding"": null, ""metadata"": {""page_no"": null, ""headings"": [], ""source"": ""https://workdrive.zoho.in/file/zu51z79c58ec1375d41cf8d2262770e49d9ab""}, ""excluded_embed_metadata_keys"": [], ""excluded_llm_metadata_keys"": [], ""relationships"": {}, ""metadata_template"": ""{key}: {value}"", ""metadata_separator"": ""\n"", ""text"": """", ""mimetype"": ""text/plain"", ""start_char_idx"": 0, ""end_char_idx"": 0, ""metadata_seperator"": ""\n"", ""text_template"": ""{metadata_str}\n\n{content}"", ""class_name"": ""TextNode""}",Detail-Annual-Report-2017-18,2025-10-31T08:26:02.327000,,,
3fa8afe5-14eb-44e7-95a6-c340a331ae11,"Trap crops                                                                    | 1. Destroy the infected parts 2. Spraying of Cow urine+Dung+ Asfoetida solution                                                                                                              |                                                 | 1. Destroy the infected parts 2. Spraying of Cow urine+Dung+ Asfoetida          |

| solution   |
|------------|

| Mango crop - Insect Pest Management in Natural Farming                                                                                                                                                                                                                                                              | Mango crop - Insect Pest Management in Natural Farming                                                                                                                                                                                                                                                              | Mango crop - Insect Pest Management in Natural Farming                                                                                                                                                                                                                                                              | Mango crop - Insect Pest Management in Natural Farming                                                                                                                                                                                                                                                              | Mango crop - Insect Pest Management in Natural Farming                                                                                                                                                                                                                                                              | Mango crop - Insect Pest Management in Natural Farming                                                                                                                                                                                                                                                              | Mango crop - Insect Pest Management in Natural Farming                                                                                                                                                                                                                                                              | Mango crop - Insect Pest Management in Natural Farming                                                                                                                                                                                                                                                              | Mango crop - Insect Pest Management in Natural Farming                                                                                                                                                                                                                                                              |
|---------------------------------------------------------------------------------------------------------------------------------------------------------------------------------------------------------------------------------------------------------------------------------------------------------------------|---------------------------------------------------------------------------------------------------------------------------------------------------------------------------------------------------------------------------------------------------------------------------------------------------------------------|---------------------------------------------------------------------------------------------------------------------------------------------------------------------------------------------------------------------------------------------------------------------------------------------------------------------|---------------------------------------------------------------------------------------------------------------------------------------------------------------------------------------------------------------------------------------------------------------------------------------------------------------------|---------------------------------------------------------------------------------------------------------------------------------------------------------------------------------------------------------------------------------------------------------------------------------------------------------------------|---------------------------------------------------------------------------------------------------------------------------------------------------------------------------------------------------------------------------------------------------------------------------------------------------------------------|---------------------------------------------------------------------------------------------------------------------------------------------------------------------------------------------------------------------------------------------------------------------------------------------------------------------|---------------------------------------------------------------------------------------------------------------------------------------------------------------------------------------------------------------------------------------------------------------------------------------------------------------------|---------------------------------------------------------------------------------------------------------------------------------------------------------------------------------------------------------------------------------------------------------------------------------------------------------------------|
| Background - Mango, the 'king of fruits,' is cultivated extensively in tropical and subtropical regions. Fruit flies, hoppers, and mealybugs are common pests. The pests mentioned are having national and regional importance.The assumption here is that the resources are readily available and easy to practice | Background - Mango, the 'king of fruits,' is cultivated extensively in tropical and subtropical regions. Fruit flies, hoppers, and mealybugs are common pests. The pests mentioned are having national and regional importance.The assumption here is that the resources are readily available and easy to practice | Background - Mango, the 'king of fruits,' is cultivated extensively in tropical and subtropical regions. Fruit flies, hoppers, and mealybugs are common pests. The pests mentioned are having national and regional importance.The assumption here is that the resources are readily available and easy to practice | Background - Mango, the 'king of fruits,' is cultivated extensively in tropical and subtropical regions. Fruit flies, hoppers, and mealybugs are common pests.",Pops_Multiple_States,,[],https://workdrive.zoho.in/file/zu51zd898177264804b4d83d01ce98b768a7b,TextNode,598c7829-feb3-4af2-9603-eedfd0482dae,598c7829-feb3-4af2-9603-eedfd0482dae,598c7829-feb3-4af2-9603-eedfd0482dae,"{""id_"": ""3fa8afe5-14eb-44e7-95a6-c340a331ae11"", ""embedding"": null, ""metadata"": {""page_no"": null, ""headings"": [], ""source"": ""https://workdrive.zoho.in/file/zu51zd898177264804b4d83d01ce98b768a7b""}, ""excluded_embed_metadata_keys"": [], ""excluded_llm_metadata_keys"": [], ""relationships"": {}, ""metadata_template"": ""{key}: {value}"", ""metadata_separator"": ""\n"", ""text"": """", ""mimetype"": ""text/plain"", ""start_char_idx"": 0, ""end_char_idx"": 0, ""metadata_seperator"": ""\n"", ""text_template"": ""{metadata_str}\n\n{content}"", ""class_name"": ""TextNode""}",POP- Natural Farming Practices,2025-10-31T08:26:02.345000,,,
e2b022a2-506a-405b-bdac-fe70abd81431,"౨
౩
౫
౬
౭
౮
౯
౦
౧
౨

<!-- PAGE BREAK -->",Karnataka,79,"[""\u0c68""]",https://workdrive.zoho.in/file/0u4ckd9bb462e40f347a7bee995604567f4a0,TextNode,4c16440b-4e73-43c1-b3b8-2d2212b74353,4c16440b-4e73-43c1-b3b8-2d2212b74353,4c16440b-4e73-43c1-b3b8-2d2212b74353,(populate LlamaIndex JSON string in production),"Improved farming pratices _University of Agricultural Science, Dharward (UASD)_Krishinagar, Dharwad - 580005, Karnataka",2026-04-07T08:49:08.830000,,,
4b8e6afc-1301-49c1-890e-67352e6235a7,"Liquid manure prepared from fresh cow dung should be applied at flower bud formation until flower opening and then discontinued.

## Aftercare:

Regular weeding, watering and stirring of the plant with a khurpi

## Plant Protection

Insect Pest: White fly at the early growth stage sucks cell sap and acts as a vector for many viral diseases.

Disease

: Leaf smut, leaf mottling and bud blast

## : Seed

## CALENDULA

## Calendula officinalis L.

## CARNATION

## Dianthus caryophyllus L

Variety:

Marguerite, Chhabaud, Riviera Giant, Margaret, Malaga, Empire, Lipstick,etc.

Propagation

: Seed (for annuals) and commercially carnation is propagated by cuttings.

Soil:

Light Soil incorporated with well-decayed leaf mould

Sowing Time

: October

Method of sowing

: Seeds sown in seed pans and covered with sieved leaf mould.

Stage of Transplanting

: Transplanted at 4-leaf stage.

## Spacing:

In 20 cm pots:

3 seedlings per pot.

In beds: 30 cm between plants and 45 cm between rows, 15 cm x 10 cm for cutting production.

Blooming Time

: 3-4 months after transplanting

## Manure and Fertilizer:

Complete chemical fertilizer @ 38 g per sqm after pinching the tops of shoots and fertilizer should be mixed well at the base of the plants. Alternatively, liquid manure may be applied just before emergence of flower buds.

## After care:

- i) In open beds, the top should be pinched off above the second and third node at least twice before the buds appear to induce side shoots.
2. ii) Bamboo or wire stakes, about 60 cm. high should be fixed to the soil in the pot to form the triangle.
3. iii) Calyx splitting can be prevented by tying the calyx with strings or rubber bands just before flower buds open.

## Harvesting and post-harvest handling:

For distance markets, standards are harvested when outer petals are just unfolding and sprayed when buds show colour (at Paintbrush stage). Harvesting is done by snapping the stem off at a node. Flowers are grouped into bundles of 20 flowers and kept in corrugated cardboard boxes for transportation.

## Plant protection:

- a).",Assam,,[],https://workdrive.zoho.in/file/zu51z77b1df0c2517414db0159f9ae7b034ab,TextNode,a92bea8b-d4c8-4a4a-b5aa-8927e4a531f8,a92bea8b-d4c8-4a4a-b5aa-8927e4a531f8,a92bea8b-d4c8-4a4a-b5aa-8927e4a531f8,"{""id_"": ""4b8e6afc-1301-49c1-890e-67352e6235a7"", ""embedding"": null, ""metadata"": {""page_no"": null, ""headings"": [], ""source"": ""https://workdrive.zoho.in/file/zu51z77b1df0c2517414db0159f9ae7b034ab""}, ""excluded_embed_metadata_keys"": [], ""excluded_llm_metadata_keys"": [], ""relationships"": {}, ""metadata_template"": ""{key}: {value}"", ""metadata_separator"": ""\n"", ""text"": """", ""mimetype"": ""text/plain"", ""start_char_idx"": 0, ""end_char_idx"": 0, ""metadata_seperator"": ""\n"", ""text_template"": ""{metadata_str}\n\n{content}"", ""class_name"": ""TextNode""}",POP Horticulture Crops,2025-10-31T08:26:02.345000,,,
c269fbb6-9874-466a-9bdd-314b02cc24c3,"IV.

SYMPTOMS OF MATURITY

i.

Leaves will turn yellow and present a dried appearance.

ii.

Grains will be hardened.

HARVESTING

i.

ii.

Cut the earheads separately.

Cut the straw after a week, allowing it to dry and stack it in the field till it can be transported.

THRESHING, CLEANING, DRYING AND STORING

i.

ii.

iii.

Dry the earheads

Thresh in a mechanical thresher or

Spread it and drag a stone roller over it or

HARVESTING THE CROP

87

iv.

v.

vi.

vii.

Cattle thresh.

Dry the seeds below 10 per cent and mix 100 kg of grains with 1kg of activated kaolin to reduce the rice weevil and rice moth incidence.

Spray  Malathion  50EC  10  ml/  lit  @  3  lit  of  spray  fluid/100  m during storage godowns,

For grain purpose the grain should be dried well below 10% moisture and stored in gunny bags.

CROP PROTECTION

Protection of seedlings in the nursery from pest attack

If seed bed is not treated before sowing, protect the nursery by applying any one of the insecticides given below on the 7

th and 14 th

day of sowing by mixing in 6 litres of water;

Methyl  demeton 25 EC 12 ml, Dimethoate 30 EC 12 ml.

Note:

1.

2.

2

over  the  bags

The seedlings should not be kept in nursery for more than 18 days. Otherwise the establishment and yield will be affected adversely.

Ensure that cracks should not develop in the nursery. This can be avoided by properly adjusting the quantity of irrigation water.

A. PEST MANAGEMENT

Pest management strategies

Management strategies

Use seeds pelleted with insecticides (see sorghum)

Seed treatment with imidacloprid 70 WS 10 g/kg of seeds

Plough soon after harvest, remove and destroy the stubbles.

Set up the TNAU low cost fish meal trap 12/ha till the crop is 30 days old.",Tamil Nadu,,[],https://workdrive.zohoexternal.in/file/2bmyq9d676ab8baf74386bf8078b151fa9f4f,TextNode,aed1b596-2dbd-4e3c-9771-f3035bcaf1ce,aed1b596-2dbd-4e3c-9771-f3035bcaf1ce,aed1b596-2dbd-4e3c-9771-f3035bcaf1ce,"{""id_"": ""c269fbb6-9874-466a-9bdd-314b02cc24c3"", ""embedding"": null, ""metadata"": {""page_no"": null, ""headings"": [], ""source"": ""https://workdrive.zohoexternal.in/file/2bmyq9d676ab8baf74386bf8078b151fa9f4f""}, ""excluded_embed_metadata_keys"": [], ""excluded_llm_metadata_keys"": [], ""relationships"": {}, ""metadata_template"": ""{key}: {value}"", ""metadata_separator"": ""\n"", ""text"": """", ""mimetype"": ""text/plain"", ""start_char_idx"": 0, ""end_char_idx"": 0, ""metadata_seperator"": ""\n"", ""text_template"": ""{metadata_str}\n\n{content}"", ""class_name"": ""TextNode""}",Agriculture-CPG-2020,2025-10-31T08:26:02.337000,,,
837f892d-91f9-4191-8bfb-bb33b9498cf7,"The total number of irrigations will be 7-8. In light textures soils, poor quality tubewell water can be used for irrigation in cyclic mode with good quality canal water for optimum tuber yield.  Application of  paddy  straw  mulch  @  25  q/acre  improves  tuber  yield,  soil health  and  saves  two  irrigation  irrespective  of  water  quality.

2) Drip Irrigation : Drip irrigation in potato results not only increase in yield but also saves 38% of water over conventional method  of  irrigation.  Under  this  system,  irrigation  should  be

applied at two days interval. The potato crop should be irrigated with a lateral pipe having dripper discharge of 2.2 litre per hour and dripper placed at 30 cm apart the following schedule :-

| Month    |   Time of irrigation (min) |
|----------|----------------------------|
| October  |                         20 |
| November |                         25 |
| December |                         45 |
| January  |                         20 |

*If discharge rate is less than 2.2 litre/ hour, time of irrigation may be adjusted proportionally by the formula :-

## 2.2 × Time of irrigation

=   --------------------------------

## Discharge of dripper

Fertigation saves 20% fertilizer.  Apply 24.50 kg Urea, 6.6 kg  Mono  ammonium  Phosphate  and  6.7  kg  Muriate  of  Potash (white)  per  acre  during  昀椀rst  month  of  the  growing  period  of the  crop  in  7  equal  doses  with  every  second  irrigation  (4  days interval). The 昀椀rst fertigation should be started after germination of the crop. The remaining amount of fertilizer 97.5 kg Urea, 26.2 kg Mono ammonium Phosphate and 26.7 kg Muriate of Potash (white) should be applied in equal doses during rest of the crop season (before last irrigation) in 13 equal doses with every second irrigation (4 days interval).",Punjab,,[],https://workdrive.zoho.in/file/dixwu58d3909e94ec46609c797c45f50c66a5,TextNode,d3bdce85-111c-4ec4-aea3-b56086c0da61,d3bdce85-111c-4ec4-aea3-b56086c0da61,d3bdce85-111c-4ec4-aea3-b56086c0da61,"{""id_"": ""837f892d-91f9-4191-8bfb-bb33b9498cf7"", ""embedding"": null, ""metadata"": {""page_no"": null, ""headings"": [], ""source"": ""https://workdrive.zoho.in/file/dixwu58d3909e94ec46609c797c45f50c66a5""}, ""excluded_embed_metadata_keys"": [], ""excluded_llm_metadata_keys"": [], ""relationships"": {}, ""metadata_template"": ""{key}: {value}"", ""metadata_separator"": ""\n"", ""text"": """", ""mimetype"": ""text/plain"", ""start_char_idx"": 0, ""end_char_idx"": 0, ""metadata_seperator"": ""\n"", ""text_template"": ""{metadata_str}\n\n{content}"", ""class_name"": ""TextNode""}",pp_veg,2025-10-31T08:26:02.343000,,,
0963474b-1feb-453a-bc34-17f1409c93c1,"District-wise Area, Production and Yield of Various Kharif Crops in Punjab during 2023-24
Amritsar, Moong.A = 0.3. Amritsar, Moong.P = 0.3. Amritsar, Moong.Y = 1079. Amritsar, Mash.A = -. Amritsar, Mash.P = -. Amritsar, Mash.Y = -. Amritsar, Arhar.A = 0.1. Amritsar, Arhar.P = 0.1. Amritsar, Arhar.Y = 1158. Amritsar, Total Kharif Pulses.A = 0.4. Amritsar, Total Kharif Pulses.P = 0.4. Barnala, Moong.A = 0.4. Barnala, Moong.P = 0.3. Barnala, Moong.Y = 759. Barnala, Mash.A = -. Barnala, Mash.P = -. Barnala, Mash.Y = -. Barnala, Arhar.A = -. Barnala, Arhar.P = -. Barnala, Arhar.Y = -. Barnala, Total Kharif Pulses.A = 0.4. Barnala, Total Kharif Pulses.P = 0.3. Bathinda, Moong.A = 0.5. Bathinda, Moong.P = 0.5. Bathinda, Moong.Y = 1007. Bathinda, Mash.A = -. Bathinda, Mash.P = -. Bathinda, Mash.Y = -. Bathinda, Arhar.A = -. Bathinda, Arhar.P = -. Bathinda, Arhar.Y = -. Bathinda, Total Kharif Pulses.A = 0.5. Bathinda, Total Kharif Pulses.P = 0.5. Faridkot, Moong.A = 0.1. Faridkot, Moong.P = 0.1. Faridkot, Moong.Y = 1214. Faridkot, Mash.A = -. Faridkot, Mash.P = -. Faridkot, Mash.Y = -. Faridkot, Arhar.A = -. Faridkot, Arhar.P = -. Faridkot,",Punjab,173,"[""District-wise Area, Production and Yield of Various Kharif Crops in Punjab during 2023-24""]",https://storage.googleapis.com/annam-dataset/pops/Punjab_Kharif_2025.pdf,TextNode,41bb8021-81a4-4669-aee2-62a7bcd416b8,41bb8021-81a4-4669-aee2-62a7bcd416b8,41bb8021-81a4-4669-aee2-62a7bcd416b8,"{""id_"": ""0963474b-1feb-453a-bc34-17f1409c93c1"", ""embedding"": null, ""metadata"": {""page_no"": 173, ""headings"": [""District-wise Area, Production and Yield of Various Kharif Crops in Punjab during 2023-24""], ""source"": ""https://storage.googleapis.com/annam-dataset/pops/Punjab_Kharif_2025.pdf""}, ""excluded_embed_metadata_keys"": [], ""excluded_llm_metadata_keys"": [], ""relationships"": {""1"": {""node_id"": ""41bb8021-81a4-4669-aee2-62a7bcd416b8"", ""node_type"": ""4"", ""metadata"": {""page_no"": 173, ""headings"": [""District-wise Area, Production and Yield of Various Kharif Crops in Punjab during 2023-24""], ""source"": ""https://storage.googleapis.com/annam-dataset/pops/Punjab_Kharif_2025.pdf""}, ""hash"": ""cf03cbcd1447d445d2ec4a7c7dfb5031e0eda41fefdb5380ff0d0791177a83be"", ""class_name"": ""RelatedNodeInfo""}}, ""metadata_template"": ""{key}: {value}"", ""metadata_separator"": ""\n"", ""text"": """", ""mimetype"": ""text/plain"", ""start_char_idx"": 0, ""end_char_idx"": 1149, ""metadata_seperator"": ""\n"", ""text_template"": ""{metadata_str}\n\n{content}"", ""class_name"": ""TextNode""}",POP-Package of Practices Kharif 2025_PAU Punjab Agriculture University_Ludhiana,,,,
6d940a09-500c-4ae2-8915-3432c4bebc35,In the green house,Karnataka,161,"[""In the green house""]",https://workdrive.zoho.in/file/0u4ck92141867d7d24f57a6a0f6cc52cda094,TextNode,f98fd64d-f575-48d2-ba9f-965266a61a81,f98fd64d-f575-48d2-ba9f-965266a61a81,f98fd64d-f575-48d2-ba9f-965266a61a81,(populate LlamaIndex JSON string in production),"Compressive Horticultural -POP-Package of Practice _ University of Horticultural Science,Bagalkot(UHSB)_Udyanagiri, Navanagar, Bagalkot - 587104, Karnataka",2026-04-07T08:48:59.025000,,,
a6521523-74af-441d-9c3d-b5a953db9ad7,"- A plant with a large number of increments is required.

## Cultivation
- Weeding machine, rotovator, to reduce the cost of cultivation.
Use earthmoving and earthmoving machines.
- Weed one month after transplanting.
- Do the prick planting.

## Banana
- Bacillus supplies 2 g per plant when the tissue culture case is not established
Plant.
- 2 grams of banana per tree from 4th month after planting
Seedling production in new method of nematode management.
- New method of nematode management by producing seedlings
Cut the leaves and use coir waste.
- Cultivate marigolds around the marigolds.One for three months
Mix 2 grams of neem seeds and quarter kg of neem seeds per month
place
- 2 per liter at the time of flowering to control Devilalakolla
Spray by gram ratio.

## Crop protection
- Plant after spraying insecticide.
- At 2 day intervals to control vocal or wilt disease
Spray 2 times.",Karnataka,709,"[""- A plant with a large number of increments is required.""]",https://workdrive.zoho.in/file/0u4ck6f0f0e3687024b74917489a52fcd6683,TextNode,c9f53148-1553-4abd-b80f-d987641fae4d,c9f53148-1553-4abd-b80f-d987641fae4d,c9f53148-1553-4abd-b80f-d987641fae4d,(populate LlamaIndex JSON string in production),"ICAR Rabi Agro-Advisories for Farmers 2021-2022_Indian Council of Agricultural Research, Krishi Bhawan, New Delhi",2026-04-07T08:48:39.720000,,,
8fa7b014-8a48-41e5-8a24-260628a8529a,"## Stocking management

* Always purchase good quality fish seeds from certified hatchery.
* Condition the fishes by loosening the mouth of plastic bag and",Karnataka,194,"[""## Stocking management""]",https://workdrive.zoho.in/file/0u4ck6f0f0e3687024b74917489a52fcd6683,TextNode,c9f53148-1553-4abd-b80f-d987641fae4d,c9f53148-1553-4abd-b80f-d987641fae4d,c9f53148-1553-4abd-b80f-d987641fae4d,(populate LlamaIndex JSON string in production),"ICAR Rabi Agro-Advisories for Farmers 2021-2022_Indian Council of Agricultural Research, Krishi Bhawan, New Delhi",2026-04-07T08:48:34.069000,,,
bd05bf90-2f38-41da-a1dc-dba63af66b12,ICAR RABI AGRO-ADVISORY FOR FARMERS,Karnataka,424,"[""ICAR RABI AGRO-ADVISORY FOR FARMERS""]",https://workdrive.zoho.in/file/0u4ck6f0f0e3687024b74917489a52fcd6683,TextNode,c9f53148-1553-4abd-b80f-d987641fae4d,c9f53148-1553-4abd-b80f-d987641fae4d,c9f53148-1553-4abd-b80f-d987641fae4d,(populate LlamaIndex JSON string in production),"ICAR Rabi Agro-Advisories for Farmers 2021-2022_Indian Council of Agricultural Research, Krishi Bhawan, New Delhi",2026-04-07T08:48:36.702000,,,
8d700e94-eb03-4590-8ce4-8c17c9251cf1,"* Varieties: Varuna, Rohini, Vaibhav, Vardan, Basanti, Urvashi, Kanti, Maya and Ashirvad
* Optimum sowing time for rapeseed and mustard is last week of September to mid of October.
* Seed rate of 5-6 kg/ha is sown in rows of 30-40 cm and plant to plant distance of 10-15 cm apart.
* Thinning should be done 25-30 days after sowing to maintain proper plant population.
* A fertilizer dose of 50:60:30 kg NPK/ha for rainfed crop is optimum. Application of 20kg Sulphur and 1 kg Boron improves the seed quality and oil yield.
* Two important diseases of rapeseed and mustard are white rust and Alternaria Blight. For controlling these diseases, spray of Blitox-50 (0.3%) or Diethane M 45 @ 2 g/l of water at 10 days interval is found to be effective. Mustard aphid is a key pest of rapeseed and mustard causing 35-40% reduction in yield and 5-6 % reduction in oil content. Spraying of Dimecron 0.25 ml/lit of water 2-3 times. Early sown crop escapes the aphid incidence.
* Rapeseed and mustards are sown on residual soil moisture hence no irrigation is required in rapeseed and mustard. Irrigation increases the yield of rapeseed and mustard significantly.
* Mulching with rice straw @ 4 ton/ha results in increase of mustard seed yield significantly.
* It should be harvested when the pods turn yellowish. The crop is liable to shattering, hence should be harvested just before the pods open to avoid losses.
* With the use of improved varieties and other agronomic practices a yield of 10-12 q/ha of rapeseed and 15-20 q/ha of mustard can be obtained easily.",Karnataka,156,"[""* Varieties: Varuna, Rohini, Vaibhav, Vardan, Basanti, Urvashi, Kanti, Maya and Ashirvad""]",https://workdrive.zoho.in/file/0u4ck6f0f0e3687024b74917489a52fcd6683,TextNode,c9f53148-1553-4abd-b80f-d987641fae4d,c9f53148-1553-4abd-b80f-d987641fae4d,c9f53148-1553-4abd-b80f-d987641fae4d,(populate LlamaIndex JSON string in production),"ICAR Rabi Agro-Advisories for Farmers 2021-2022_Indian Council of Agricultural Research, Krishi Bhawan, New Delhi",2026-04-07T08:48:33.815000,,,
0c82f418-6105-4641-9504-d2c8d581ef2c,Hot humid climate is suitable for this crop.Maximum 29-33°C.Temperature and minimum 22-24°C.Areas are better.2000-3000 mm in equal distribution throughout the year.Areas above 800 meters above sea level where rain falls and areas with more light are best for this crop.,Karnataka,172,[],https://workdrive.zoho.in/file/0u4ck92141867d7d24f57a6a0f6cc52cda094,TextNode,f98fd64d-f575-48d2-ba9f-965266a61a81,f98fd64d-f575-48d2-ba9f-965266a61a81,f98fd64d-f575-48d2-ba9f-965266a61a81,(populate LlamaIndex JSON string in production),"Compressive Horticultural -POP-Package of Practice _ University of Horticultural Science,Bagalkot(UHSB)_Udyanagiri, Navanagar, Bagalkot - 587104, Karnataka",2026-04-07T08:48:59.025000,,,
b42871c6-b04b-45e3-a059-ffe63e31a19a,"<table id=""4-1"">
<tr><td id=""4-2"">Diseases</td><td id=""4-3"">Disease Symptoms</td><td id=""4-4""></td><td id=""4-5"">Management Measures</td></tr>
</table>",Karnataka,5,[],https://workdrive.zoho.in/file/k8yew900689da2a3f4635a234b2cb98340cd9,TextNode,d44b07c6-4460-44b5-b8de-8b40c1eb1591,d44b07c6-4460-44b5-b8de-8b40c1eb1591,d44b07c6-4460-44b5-b8de-8b40c1eb1591,(populate LlamaIndex JSON string in production),"Chilli-POP -Package of Practice _University of Agricultural Science, Raichur(UASR), UAS Campus, Main Agricultural Research Station, Maddipet, Raichur - 584102, Karnataka",2026-04-07T08:48:17.118000,,,
e9b0b188-aec1-4ebe-a7af-020bee75ebbb,"Adopt the developed triple resistant (resistant to leaf curl virus, bacterial blight and early blight diseases) variety 'Arka Rakshak'.]
* Brinjal: Pusa Purple Long, Pusa Purple Cluster, Pusa Purple Round, Pusa Snowball-1, Pusa Snowball-2
* Peas: Bonneville, Arkell
* Carrots: Pusa Kesar, Pusa Meghali, Pusa Rudhira
* Radish: Pusa Chetki",Karnataka,497,"[""Adopt the developed triple resistant (resistant to leaf curl virus, bacterial blight and early blight diseases) variety 'Arka Rakshak'.]""]",https://workdrive.zoho.in/file/0u4ck6f0f0e3687024b74917489a52fcd6683,TextNode,c9f53148-1553-4abd-b80f-d987641fae4d,c9f53148-1553-4abd-b80f-d987641fae4d,c9f53148-1553-4abd-b80f-d987641fae4d,(populate LlamaIndex JSON string in production),"ICAR Rabi Agro-Advisories for Farmers 2021-2022_Indian Council of Agricultural Research, Krishi Bhawan, New Delhi",2026-04-07T08:48:37.691000,,,
533622fd-2051-4e84-a487-80732f8d2ab4,"(1996).  Nitrogen  use  efficiency  in tropical  lowland  rice  systems:  contributions  from indigenous and applied nitrogen. Field Crops Research , 47 (1), 1-12. doi:10.1016/03784290(95)00101-8

- Cecchi, H.M. (1999). Theoretical and practical fundamentals in food analysis (p. 211-212). Campinas: Unicamp Publishing House.
- Chatterjee,  A.K.,  Barik,  A.  K.,  De,  G.C.,  Dolui,  A.K., .Seal, A. (2014).  Adoption  of  Inhana Rational Farming (IRF) Technology as an Organic Package of  Practice  towards  Improvement  of  Nutrient  Use Efficiency of Camellia sinensis through Energization  of  Plant  Physiological  Functioning. The International Journal of Science &amp; Technology, 2 (6), 377-395.
- Chaboussou, F. (2004). Healthy crops: A new agricultural  revolution (p.  244).  Oxford,  England: Jon Carpenter Publishing.
- Chitarra, M.I.F., Chitarra, A.B. (1990). Pós-colheita de frutos  e  hortaliças:fisiologia  e  manuseio.  [ Post  harvest  of  Fruits  and  Vegetables:Physiology  and Handling ] (p. 320). Lavras: FAEPE.
- Dias,  M.C.  (2012).  Phytotoxicity:  An  Overview  of  the Physiological Responses of Plants Exposed to Fungicides. Journal of Botany , 2012 , 1-4. doi:10.1155/2012/135479
- Dilly O, Munch JC. (1998). Ratios between estimates of microbial biomass content and microbial activity in soils. Biology  and  Fertility  of  Soils, 27 ,  374-379. doi:10.1007/s003740050446
- Epstein, E. (1997). The science of composting (p. 383 415).",West Bengal,,[],https://workdrive.zoho.in/file/zu51z8e0d09187e2d4e54b5cbba0b4a25c23c,TextNode,5be21441-7831-4e81-9f21-08e03ddc3222,5be21441-7831-4e81-9f21-08e03ddc3222,5be21441-7831-4e81-9f21-08e03ddc3222,"{""id_"": ""533622fd-2051-4e84-a487-80732f8d2ab4"", ""embedding"": null, ""metadata"": {""page_no"": null, ""headings"": [], ""source"": ""https://workdrive.zoho.in/file/zu51z8e0d09187e2d4e54b5cbba0b4a25c23c""}, ""excluded_embed_metadata_keys"": [], ""excluded_llm_metadata_keys"": [], ""relationships"": {}, ""metadata_template"": ""{key}: {value}"", ""metadata_separator"": ""\n"", ""text"": """", ""mimetype"": ""text/plain"", ""start_char_idx"": 0, ""end_char_idx"": 0, ""metadata_seperator"": ""\n"", ""text_template"": ""{metadata_str}\n\n{content}"", ""class_name"": ""TextNode""}",Evaluation_of_an_organic_package_of_practice_towar,2025-10-31T08:26:02.333000,,,
b2a24130-aa69-4415-884b-be543314e586,"Pruning is  not  generally  required  every  year  however,  terminal  shoots  may  be  headed back to stop overcrowding of trees.

## Manure and Fertilizers

Although, guava is grown without application of any manure and fertilizer, it  responds  well  in  their  application  by  giving  higher  yield  and  better  quality fruit. For fully matured eight year guava tree, the fertilizer requirement of NPK is  572:207:265 g tree -1 where application of poultry manure @ 19 kg tree -1 in combination with urea @ 620 g tree -1 and Azotobacter @  200  g  tree -1 or  well rotten FYM @ 29 kg tree -1 integrated with urea @ 933 g tree -1 and Azotobacter @  200  g  tree -1 can  replace  the  application  of  nitrogen  by  50  %  and  25  % respectively.

| Age of tree (Year)   | FYM       | Fertilizer requirement (g / tree)   | Fertilizer requirement (g / tree)   | Fertilizer requirement (g / tree)   |
|----------------------|-----------|-------------------------------------|-------------------------------------|-------------------------------------|
| Age of tree (Year)   | (Kg/tree) | Urea                                | DAP                                 | MOP                                 |
| 1                    | 5         | 55                                  | 35                                  | 15                                  |
| 2                    | 10        | 115                                 | 70                                  | 35                                  |
| 3                    | 15        | 170                                 | 105                                 | 50                                  |
| 4                    | 20        | 225                                 | 140                                 | 65                                  |
| 5                    | 25        | 345                                 | 170                                 | 85                                  |
| 6                    | 30        | 415                                 | 205                                 | 100                                 |
| 7                    | 35        | 565                                 | 240                                 | 115                                 |
| 8 &onwards           | 40        | 700                                 | 275                                 | 135                                 |

Note: 1) The fertilizer should be applied in two split doses i.e.",Jammu & Kashmir,,[],https://workdrive.zohoexternal.in/file/2bmyqed7a5bc1772e4e89865123bd18b6e11f,TextNode,fcbd21e7-8dfd-4332-9487-74926a8ee428,fcbd21e7-8dfd-4332-9487-74926a8ee428,fcbd21e7-8dfd-4332-9487-74926a8ee428,"{""id_"": ""b2a24130-aa69-4415-884b-be543314e586"", ""embedding"": null, ""metadata"": {""page_no"": null, ""headings"": [], ""source"": ""https://workdrive.zohoexternal.in/file/2bmyqed7a5bc1772e4e89865123bd18b6e11f""}, ""excluded_embed_metadata_keys"": [], ""excluded_llm_metadata_keys"": [], ""relationships"": {}, ""metadata_template"": ""{key}: {value}"", ""metadata_separator"": ""\n"", ""text"": """", ""mimetype"": ""text/plain"", ""start_char_idx"": 0, ""end_char_idx"": 0, ""metadata_seperator"": ""\n"", ""text_template"": ""{metadata_str}\n\n{content}"", ""class_name"": ""TextNode""}",Package of practices for Fruit Crops,2025-10-31T08:26:02.319000,,,
2906d569-dc9d-4d0d-91a6-f226c64d0f71,"IMPORTANT NATURAL RESOURCE CONSERVATION TECHNOLOGIES
Water Conservation, Other Important Crops = . Rice: Discontinuation of ponding water (1981), Other Important Crops = -. Maize: Mulching (1989), Other Important Crops = Sugarcane (1980), Potato (2007), Summer moong (2013). Sunflower: Ridge/Bed Sowing (1992), Other Important Crops = Wheat (2003-04), Soybean (2006), Rice (2007), Summer moong (2009-10), Spring maize (2012-13), Lentil (2024). All crops: Laser Leveller (2005), Other Important Crops = -. Rice: Tensiometer (2005), Other Important Crops = -. Rice: Direct Seeding Normal wattar (2010) Tar wattar (2020), Other Important Crops = -. Potato: Drip irrigation (2011), Other Important Crops = Potato (2011), Wheat (2013), Spring maize (2015), Sunflower (2015), Peas (2016), Turmeric (2016), Cotton (2017), Gobhi sarson (2018), Raya (2018), Kinnow (2019), Sugarcane (2019), Guava (2020) Sub surface drip irrigation system in cropping system: Maize-wheat-summer moong (2018), Rice (DSR)-Wheat (2018), Cotton-wheat (2018), Maize-Pea- Spring maize (2022), Cotton-Gobhi sarson (transplanted) (2024). Rice: Short duration variety PR 121 (2013), Other Important Crops = PR 122 (2013), PR 123 (2014), PR 124 (2015), PR 126 (29017), PR 127 (2018), PR 128 (2020), PR 129 (2020), HKR 47 (2020), PR 130 (2022), PR 131 (2022), PR 132 (2025). Rice, Wheat: Use of brackish water (1989), Other Important Crops = Cotton (2010), Potato (2016), Eucalyptus (2016), Kinnow (2019). Soil Health Management and Fertilizer Application, Other Important Crops = Soil Health Management and Fertilizer Application. All crops: Soil Test based fertilizer (1962), Other Important Crops = -. All crops: Kallar reclamation (1969), Other Important Crops = -. Rice: No P after",Punjab,209,"[""IMPORTANT NATURAL RESOURCE CONSERVATION TECHNOLOGIES""]",https://storage.googleapis.com/annam-dataset/pops/Punjab_Kharif_2025.pdf,TextNode,d3bd398a-58bc-4ccd-a520-5173c3c2f00e,d3bd398a-58bc-4ccd-a520-5173c3c2f00e,d3bd398a-58bc-4ccd-a520-5173c3c2f00e,"{""id_"": ""2906d569-dc9d-4d0d-91a6-f226c64d0f71"", ""embedding"": null, ""metadata"": {""page_no"": 209, ""headings"": [""IMPORTANT NATURAL RESOURCE CONSERVATION TECHNOLOGIES""], ""source"": ""https://storage.googleapis.com/annam-dataset/pops/Punjab_Kharif_2025.pdf""}, ""excluded_embed_metadata_keys"": [], ""excluded_llm_metadata_keys"": [], ""relationships"": {""1"": {""node_id"": ""d3bd398a-58bc-4ccd-a520-5173c3c2f00e"", ""node_type"": ""4"", ""metadata"": {""page_no"": 209, ""headings"": [""IMPORTANT NATURAL RESOURCE CONSERVATION TECHNOLOGIES""], ""source"": ""https://storage.googleapis.com/annam-dataset/pops/Punjab_Kharif_2025.pdf""}, ""hash"": ""63659aaf815659d6bb6a216aaa2d761f2f511e7cadcf6699a444d87340d0bf89"", ""class_name"": ""RelatedNodeInfo""}}, ""metadata_template"": ""{key}: {value}"", ""metadata_separator"": ""\n"", ""text"": """", ""mimetype"": ""text/plain"", ""start_char_idx"": 0, ""end_char_idx"": 1749, ""metadata_seperator"": ""\n"", ""text_template"": ""{metadata_str}\n\n{content}"", ""class_name"": ""TextNode""}",POP-Package of Practices Kharif 2025_PAU Punjab Agriculture University_Ludhiana,,,,
cd47b2c5-d614-4051-9528-4fc0fe04729d,"Saline - Alkaline soils: CoT 8201, Co 7219, 97A 85, 93A 145, 99 V 30, 2005T 16 46, 2009V 127, 2009A 107 and 2009A 252.",Karnataka,21,"[""Saline - Alkaline soils: CoT 8201, Co 7219, 97A 85, 93A 145, 99 V 30, 2005T 16 46, 2009V 127, 2009A 107 and 2009A 252.""]",https://workdrive.zoho.in/file/0u4ck598c81fd38fa46d2b168b78abddaed42,TextNode,69e68b29-6a66-4ada-a276-aa5dd50f2a72,69e68b29-6a66-4ada-a276-aa5dd50f2a72,69e68b29-6a66-4ada-a276-aa5dd50f2a72,(populate LlamaIndex JSON string in production),"ICAR Kharif Agro-Advisories for Farmers 2025_Indian Council of Agricultural Research, Krishi Bhawan, New Delhi",2026-04-07T08:48:23.169000,,,
8bba0359-a277-4653-94f3-3e54c29aba10,"For  perennial  trees,  use  approximately  5  kg  of  straw  as  mulch around the base of each tree.

b.  Sow  7-10  kg  per  hectare  of  spreading  leguminous  crops  such  as cowpea, horse gram,  or  soybean  between  the  rows  of the main crop and around the base of trees. These  crops  produce  abundant  foliage,  helping  to  suppress  weeds  and improve soil fertility.

c.  In  light  textured  soils  cycle  weeder  can be passed. Now - a days power operated / solar  operated  cycle  weeders  are  available  in  the  market  and  can  be  utilized  for effective weed management followed by better aeration to crops.

d.  Age-old practice of hand weeding can be practiced for weed management and the uprooted weeds can be again used for mulching in between crop rows.

Fig.7.  Mulching in basins to avoid weeds.

<!-- image -->

**Image Description:** a palm tree with a large trunk in the middle




Fig.8.  Live - mulching with pulses to avoid weeds.

<!-- image -->

**Image Description:** a forest with many trees and plants




- e. Seed selection, treatment and sowing process
- i.  Name of the practice : Selection of local / desi varieties, Beejamrutha, use of seed drill for sowing, manual seed dibbling / transplanting
- ii.  Brief  description of the practice : Farmers can select the bold, good filled, disese and  pest-resistant,  drought  resistant  seeds  with  their  own  expertise  and  experience. This helps in getting virulent and vigorous seedlings. Beejamrutha can be prepared at farmers level using desi cowdung and lime. Sowing is done using seed drill / dibbling of seeds / transplanting of seedlings.

## iii. Benefits of the practices (lmpacts):

- GLYPH&lt;c=0,font=/AAAAAA+ArialMT&gt; Selection of desi / local varieties ensures better response to applied jeevamrutha, ghanajeevamrutha.",Pops_Multiple_States,,[],https://workdrive.zoho.in/file/zu51zd898177264804b4d83d01ce98b768a7b,TextNode,5359095d-d476-4882-a5b1-0b6a88cd42d5,5359095d-d476-4882-a5b1-0b6a88cd42d5,5359095d-d476-4882-a5b1-0b6a88cd42d5,"{""id_"": ""8bba0359-a277-4653-94f3-3e54c29aba10"", ""embedding"": null, ""metadata"": {""page_no"": null, ""headings"": [], ""source"": ""https://workdrive.zoho.in/file/zu51zd898177264804b4d83d01ce98b768a7b""}, ""excluded_embed_metadata_keys"": [], ""excluded_llm_metadata_keys"": [], ""relationships"": {}, ""metadata_template"": ""{key}: {value}"", ""metadata_separator"": ""\n"", ""text"": """", ""mimetype"": ""text/plain"", ""start_char_idx"": 0, ""end_char_idx"": 0, ""metadata_seperator"": ""\n"", ""text_template"": ""{metadata_str}\n\n{content}"", ""class_name"": ""TextNode""}",POP- Natural Farming Practices,2025-10-31T08:26:02.344000,,,
f9a522e5-76b7-41c4-b719-1ce8bb82bcdc,"RATOON SORGHUM CROP

day after

73

1.

2.

3.

4.

5.

6.

RAINFALL

Average and well distributed rainfall of 250-300 mm is optimum for rainfed sorghum.

DISTRIBUTION

Madurai,

Dindigul,  Theni,

Ramanathapuram, Tirunelveli,  Thoothukudi,

Virudhunagar,  Sivagangai,  Tiruchirapalli,  Erode,  Salem,  Namakkal,  Coimbatore  and

Dharmapuri Districts.

SEASON

The  crop  can  be  grown  in  South  West  and  North  East  monsoon    seasons provided  the rainfall is evenly distributed.

FIELD PREPARATION

i         Field has to be prepared well in advance taking advantage of early showers.

FYM application  should  be  done  @  12.5  t  /  ha  and  well  incorporated  at  the time  of  ploughing.

Chiseling for soils with hard pan

Chisel the soils having hard pan formation at shallow depths with chisel plough at 0.5 m interval, first in one direction and then in the direction perpendicular

to the previous  one  once in three years. Apply 12.5 t FYM or composted  Coir pith/ha  besides  chiseling  to get  an additional yield of about 30% over control.

To  conserve  the  soil  moisture  sow  the  seeds  in  flat  beds  and  form  furrows ii.

iii.

between crop rows during inter cultivation or during third week after  sowing.

SEED RATE

15 kg/ha

SEED TREATMENT Direct sown crop

Seed  hardening  ensures  high  germination.  The  seeds  are  pre-soaked  in  2%

potassium dihydrogen phosphate solution for 6 hours in equal volume and then  dried back  to  its  original  moisture content in shade and are used for sowing.",Tamil Nadu,,[],https://workdrive.zohoexternal.in/file/2bmyq9d676ab8baf74386bf8078b151fa9f4f,TextNode,caed04e1-c6dc-4562-85cb-1bc2f21c8b44,caed04e1-c6dc-4562-85cb-1bc2f21c8b44,caed04e1-c6dc-4562-85cb-1bc2f21c8b44,"{""id_"": ""f9a522e5-76b7-41c4-b719-1ce8bb82bcdc"", ""embedding"": null, ""metadata"": {""page_no"": null, ""headings"": [], ""source"": ""https://workdrive.zohoexternal.in/file/2bmyq9d676ab8baf74386bf8078b151fa9f4f""}, ""excluded_embed_metadata_keys"": [], ""excluded_llm_metadata_keys"": [], ""relationships"": {}, ""metadata_template"": ""{key}: {value}"", ""metadata_separator"": ""\n"", ""text"": """", ""mimetype"": ""text/plain"", ""start_char_idx"": 0, ""end_char_idx"": 0, ""metadata_seperator"": ""\n"", ""text_template"": ""{metadata_str}\n\n{content}"", ""class_name"": ""TextNode""}",Agriculture-CPG-2020,2025-10-31T08:26:02.337000,,,
c4fc3f1e-7da8-41d5-a046-07b741572e85,"Any interested  fabricator  /  entrepreneur  can  obtain  the  drawing  of  the  cook  stove  from  Head, Department of Agricultural Engineering, AAU, Jorhat.

## Maintenance :

- 1) Ash is to be removed by rotating the lower movable grate of the stove while cooking.
- 2) Ash is to be removed by inverting the chullah 1 hour after cooking activity.
- 3) Nut and the bolt of the grate need periodic tightening.
- 4) Inner smaller cylinder is required to be replaced after one year of use.
5. Raised bed planter: Mechanical seed placement in raised bed having bed width 600-700 mm and bed height 150-220 mm by tractor drawn raised bed planter with either fluted roller type or cell type seed metering can be used for growing green gram and black gram in Kharif season.

Tuh Chullah

<!-- image -->

**Image Description:** a blue bucket filled with food next to a metal pot




in operation         Portable cook stove in use at the backyard of the household

<!-- image -->

**Image Description:** a woman cooking food in a pot




Normal Pulse cultivation in Kharif is difficult in Assam due to water logging. In Summer season irrigation &amp; drainage pose problem in the cultivation of pulse crop. Raised bed planting facilitates both irrigation as well as drainage.

Conical shaped hopper with stand

<!-- image -->

**Image Description:** a blue bucket with a handle on top




<!-- image -->

**Image Description:** a man is pling a field with a tractor




Tractor  Drawn  raised  bed  planter  irrespective  of  make  gives  much  better  results  than manual line sowing (without bed). This technology of raised bed planting can provide a much desired solution for growing kharif pulse which otherwise is a risky crop because of higher rainfall and subsequent water logging.

## Raised bed planter for pulse

<!-- image -->

**Image Description:** a diagram of the different types of plants",Assam,,[],https://workdrive.zoho.in/file/zu51z157a5a6aa0ac4c0782134cdb30e18b09,TextNode,5c7cce1d-b795-4665-a3f0-fe5b3edee77a,5c7cce1d-b795-4665-a3f0-fe5b3edee77a,5c7cce1d-b795-4665-a3f0-fe5b3edee77a,"{""id_"": ""c4fc3f1e-7da8-41d5-a046-07b741572e85"", ""embedding"": null, ""metadata"": {""page_no"": null, ""headings"": [], ""source"": ""https://workdrive.zoho.in/file/zu51z157a5a6aa0ac4c0782134cdb30e18b09""}, ""excluded_embed_metadata_keys"": [], ""excluded_llm_metadata_keys"": [], ""relationships"": {}, ""metadata_template"": ""{key}: {value}"", ""metadata_separator"": ""\n"", ""text"": """", ""mimetype"": ""text/plain"", ""start_char_idx"": 0, ""end_char_idx"": 0, ""metadata_seperator"": ""\n"", ""text_template"": ""{metadata_str}\n\n{content}"", ""class_name"": ""TextNode""}",PoP_(Kharif)_2023,2025-10-31T08:26:02.345000,,,
b3dc052e-5834-4efe-a402-3f26c386e4d7,"Plant protection measures:
Insect : Noise",Karnataka,280,"[""Plant protection measures:""]",https://workdrive.zoho.in/file/0u4ck92141867d7d24f57a6a0f6cc52cda094,TextNode,f98fd64d-f575-48d2-ba9f-965266a61a81,f98fd64d-f575-48d2-ba9f-965266a61a81,f98fd64d-f575-48d2-ba9f-965266a61a81,(populate LlamaIndex JSON string in production),"Compressive Horticultural -POP-Package of Practice _ University of Horticultural Science,Bagalkot(UHSB)_Udyanagiri, Navanagar, Bagalkot - 587104, Karnataka",2026-04-07T08:49:00.843000,,,
6a7c9f67-63c9-4d33-a0f0-2a7db458375a,"<table id=""30-1"">
<tr><td id=""30-2"">Breed Details</td><td id=""30-3""></td><td id=""30-4""></td></tr>
<tr><td id=""30-5"">Varieties</td><td id=""30-6"">Period (months)</td><td id=""30-7"">Season of Planting</td></tr>
<tr><td id=""30-8"">CD-671</td><td id=""30-9"">Short term (10-11)</td><td id=""30-a"">October - November</td></tr>
<tr><td id=""30-b"">CD-92005</td><td id=""30-c"">Mid Term (12-14)</td><td id=""30-d"">October - November</td></tr>
<tr><td id=""30-e"">CD-S.S.K.7632</td><td id=""30-f"">Mid Term (12-14)</td><td id=""30-g"">July- August</td></tr>
<tr><td id=""30-h"">CO-SNK7680</td><td id=""30-i"">Medium (12-14)</td><td id=""30-j"">October – November</td></tr>
<tr><td id=""30-k""></td><td id=""30-l""></td><td id=""30-m"">July- August</td></tr>
<tr><td id=""30-n"">CO-SNK7337</td><td id=""30-o"">Medium (12-14)</td><td id=""30-p"">October - November</td></tr>
<tr><td id=""30-q""></td><td id=""30-r""></td><td id=""30-s"">ಜುಲೈ- ಆಗಸ್ಟ್</td></tr>
</table>",Karnataka,31,[],https://workdrive.zoho.in/file/0u4ck4c69cecb0f6144798820c10dfbe5e29d,TextNode,79eb893d-848e-4813-9d8b-2593d4348cad,79eb893d-848e-4813-9d8b-2593d4348cad,79eb893d-848e-4813-9d8b-2593d4348cad,(populate LlamaIndex JSON string in production),"Oragnic farming practice_University of Agricultural Science, Dharward (UASD)_Krishinagar, Dharwad - 580005, Karnataka",2026-04-07T08:48:47.818000,,,
fda973f7-4dd5-45ec-b0ad-c7eaff4366b8,"Poultry
To maintain optimal conditions for poultry during the monsoon season, it is crucial
to prevent litter wetness by using fresh litter or applying lime to absorb excess
moisture.
<::A photograph showing a woman farmer and a KVK scientist in a backyard poultry rearing setting, surrounded by chickens.
Back yard poultry rearing by
Woman farmer with KVK scientist: photo::>
Clean the waterers and feeders
daily to avoid contamination and ensure
the birds have access to clean drinking
water. Adding 5% fat to the feed during
rains can help maintain energy levels and
support egg production. Use artificial
lighting to maintain consistent egg
production during shorter daylight
hours. Adhere to the vaccination
schedule to prevent diseases like Fowl
Pox and Infectious Bursal Disease (IBD).
Ensure the poultry house is well-",Karnataka,57,"[""Poultry""]",https://workdrive.zoho.in/file/0u4ck598c81fd38fa46d2b168b78abddaed42,TextNode,69e68b29-6a66-4ada-a276-aa5dd50f2a72,69e68b29-6a66-4ada-a276-aa5dd50f2a72,69e68b29-6a66-4ada-a276-aa5dd50f2a72,(populate LlamaIndex JSON string in production),"ICAR Kharif Agro-Advisories for Farmers 2025_Indian Council of Agricultural Research, Krishi Bhawan, New Delhi",2026-04-07T08:48:24.068000,,,
36f6e389-01bc-466b-a84d-caf7b48ce3cd,A higher net profit can be obtained by intercropping groundnut crop with other crops.The following intercropping practices can be adopted.,Karnataka,90,"[""A higher net profit can be obtained by intercropping groundnut crop with other crops.The following intercropping practices can be adopted.""]",https://workdrive.zoho.in/file/0u4ckd9bb462e40f347a7bee995604567f4a0,TextNode,4c16440b-4e73-43c1-b3b8-2d2212b74353,4c16440b-4e73-43c1-b3b8-2d2212b74353,4c16440b-4e73-43c1-b3b8-2d2212b74353,(populate LlamaIndex JSON string in production),"Improved farming pratices _University of Agricultural Science, Dharward (UASD)_Krishinagar, Dharwad - 580005, Karnataka",2026-04-07T08:49:08.831000,,,
9971393a-bdb0-47ab-aa52-b44fbd20b308,"<!-- image -->

**Image Description:** a col of images showing the process of the project




<!-- image -->

**Image Description:** the logo for the indian government




GOVERNMENT OF INDIA MINISTRY OF AGRICULTURE &amp; FARMERS WELFARE (DEPARTMENT OF AGRICULTURE, COOPERATION&amp; FARMERS WELFARE) DIRECTORATE OF PULSES DEVELOPMENT BHOPAL (M.P.)

(Email: dpd.mp@nic.in,Web: dpd.gov.in)

## CONTENTS

| S.NO.   | PARTICULARS                                                                     | PAGE NO.                                              |
|---------|---------------------------------------------------------------------------------|-------------------------------------------------------|
| S.NO.   | Preface                                                                         | iv                                                    |
| S.NO.   | Summary of All Schemes in Chhattisgarh                                          | v-vii                                                 |
| 1.      | Background                                                                      | 1-3                                                   |
| 2.      | Area of Operation                                                               | 3                                                     |
| 3.      | Monitoring Mechanism /Mission Structure                                         | 4                                                     |
| 4.      | NLMT: Composition                                                               | 5                                                     |
| 5.      | State Profile                                                                   | 5                                                     |
| 6.      | Crop Coverage (Kharif &Rabi)                                                    | 6                                                     |
| A.      | Crop Achievement/Target : 2018-19                                               | 6                                                     |
| 7.      | Major Crop: XII th Plan &Post Five Year Plan Analysis                           | Major Crop: XII th Plan &Post Five Year Plan Analysis |
| 7.1     | Kharif Crops                                                                    | 7                                                     |
| 7.2     | Rabi Crops                                                                      | 8                                                     |
| 7.3     | Spring/Summer Crop Coverage: 2018-19                                            | 9                                                     |
| 8.",Chattisgarh,,[],https://workdrive.zoho.in/file/zu51zffffce3aaf26484aaa5d03bedb476be6,TextNode,d086f9e3-2c19-4b28-8681-0c5b004b7973,d086f9e3-2c19-4b28-8681-0c5b004b7973,d086f9e3-2c19-4b28-8681-0c5b004b7973,"{""id_"": ""9971393a-bdb0-47ab-aa52-b44fbd20b308"", ""embedding"": null, ""metadata"": {""page_no"": null, ""headings"": [], ""source"": ""https://workdrive.zoho.in/file/zu51zffffce3aaf26484aaa5d03bedb476be6""}, ""excluded_embed_metadata_keys"": [], ""excluded_llm_metadata_keys"": [], ""relationships"": {}, ""metadata_template"": ""{key}: {value}"", ""metadata_separator"": ""\n"", ""text"": """", ""mimetype"": ""text/plain"", ""start_char_idx"": 0, ""end_char_idx"": 0, ""metadata_seperator"": ""\n"", ""text_template"": ""{metadata_str}\n\n{content}"", ""class_name"": ""TextNode""}",CG- NLMT Rabi-2018-19,2025-10-31T08:26:02.341000,,,
23f98a71-d42a-4eb7-b67f-0638bfb62e77,"<table id=""59-1"">
<tr><td id=""59-2"" colspan=""3"">Growth Materials</td></tr>
<tr><td id=""59-3"">1.Saplings</td><td id=""59-4""></td><td id=""59-5"">per hectare</td></tr>
<tr><td id=""59-6"">ಕಸಿಗಿಡಗಳು</td><td id=""59-7"" colspan=""2""></td></tr>
<tr><td id=""59-8"">ಅಂತರ 10 ಮಿ. X 10 ಮಿ.</td><td id=""59-9""></td><td id=""59-a"">100</td></tr>
<tr><td id=""59-b"">2.Barn fertilizer</td><td id=""59-c"">per plant</td><td id=""59-d"">per hectare</td></tr>
<tr><td id=""59-e""></td><td id=""59-f"">50 kg</td><td id=""59-g"">5 ton</td></tr>
<tr><td id=""59-h"" colspan=""3"">3.Chemical Fertilizers</td></tr>
<tr><td id=""59-i"">(kg)</td><td id=""59-j"">per plant (kg)</td><td id=""59-k"">per hectare (g)</td></tr>
<tr><td id=""59-l"">1-3 years of nitrogen</td><td id=""59-m"">200</td><td id=""59-n"">20</td></tr>
<tr><td id=""59-o"">ರಂಜಕ</td><td id=""59-p"">120</td><td id=""59-q"">12</td></tr>
<tr><td id=""59-r"">ಪೊಟ್ಯಾಷ್</td><td id=""59-s"">60</td><td id=""59-t"">6</td></tr>
<tr><td id=""59-u"">4-7 years</td><td id=""59-v"">twice the first year</td><td id=""59-w""></td></tr>
<tr><td id=""59-x"">Nitrogen above 7 years</td><td id=""59-y"">600</td><td id=""59-z"">60</td></tr>
<tr><td id=""59-A"">ರಂಜಕ</td><td id=""59-B"">300</td><td id=""59-C"">30</td></tr>
<tr><td id=""59-D"">ಪೊಟ್ಯಾಷ್</td><td id=""59-E"">180</td><td id=""59-F"">18</td></tr>
</table>
Belava measures",Karnataka,60,"[""Belava measures""]",https://workdrive.zoho.in/file/0u4ck92141867d7d24f57a6a0f6cc52cda094,TextNode,f98fd64d-f575-48d2-ba9f-965266a61a81,f98fd64d-f575-48d2-ba9f-965266a61a81,f98fd64d-f575-48d2-ba9f-965266a61a81,(populate LlamaIndex JSON string in production),"Compressive Horticultural -POP-Package of Practice _ University of Horticultural Science,Bagalkot(UHSB)_Udyanagiri, Navanagar, Bagalkot - 587104, Karnataka",2026-04-07T08:48:56.817000,,,
35c0a6e1-6b8d-45ff-9ee0-4f4fcb43b85c,"(Aquaculture) #                                                                                                             | 2               | --              | --              | 8               |
| Dairy&Food                 | M. Tech. (Dairy Engineering)                                                                                                          | --              | --              | --              | --              |
| Technology                 | M. Tech. (Dairy Technology)                                                                                                           | --              | --              | --              | --              |
| Technology                 | M. Tech. (Dairy Chemistry)                                                                                                            | --              | 4               | --              | --              |
|                            | M. Tech. (Dairy Microbiology )                                                                                                        | --              | 4               | --              | --              |



# Zero session in the current year (2023-2024)

## 3.3 Ph. D. Degree Courses

| Name of Faculty/ College   | Name of Ph. D. Degree Courses                                                                                                                                   | Nominal Seats   | Nominal Seats   | Nominal Seats   | SFS   | Payment Seats   |
|----------------------------|-----------------------------------------------------------------------------------------------------------------------------------------------------------------|-----------------|-----------------|-----------------|-------|-----------------|
| Name of Faculty/ College   | Name of Ph. D. Degree Courses                                                                                                                                   | University      | University      | ICAR            | Seats | Payment Seats   |
| Name of Faculty/ College   | Name of Ph. D. Degree Courses                                                                                                                                   | GAS             | SFS             | ICAR            | Seats | Payment Seats   |
| Agriculture                | Ph.D. (Soil Science)                                                                                                                                            | 3               | -               | 2               | -     | 3               |
| Agriculture                | Ph.D. (Agricultural Economics &Management)                                                                                                                      | 2               | -               | 1               | -     | 2               |
| Agriculture                | Ph.D. (Agronomy)                                                                                                                                                | 6               | -               | 2               | -     | 4               |
| Agriculture                | Ph.D. (Molecular Biology and Biotechnology)                                                                                                                     | 4               | -               | 1               | -     | -               |
| Agriculture                | Ph.D. (Extension Education)                                                                                                                                     | 3               | -               | 1               | -     | 2               |
| Agriculture                | Ph.D.",Rajasthan,,[],https://workdrive.zohoexternal.in/file/2bmyq265c359ce2234846b4701f7c492dc6e6,TextNode,524401e0-8c26-4bad-8eee-e12e19e687de,524401e0-8c26-4bad-8eee-e12e19e687de,524401e0-8c26-4bad-8eee-e12e19e687de,"{""id_"": ""35c0a6e1-6b8d-45ff-9ee0-4f4fcb43b85c"", ""embedding"": null, ""metadata"": {""page_no"": null, ""headings"": [], ""source"": ""https://workdrive.zohoexternal.in/file/2bmyq265c359ce2234846b4701f7c492dc6e6""}, ""excluded_embed_metadata_keys"": [], ""excluded_llm_metadata_keys"": [], ""relationships"": {}, ""metadata_template"": ""{key}: {value}"", ""metadata_separator"": ""\n"", ""text"": """", ""mimetype"": ""text/plain"", ""start_char_idx"": 0, ""end_char_idx"": 0, ""metadata_seperator"": ""\n"", ""text_template"": ""{metadata_str}\n\n{content}"", ""class_name"": ""TextNode""}",Prospectus 2023-24 (Final),2025-10-31T08:26:02.312000,,,
c96c1b4f-b93f-4f31-b8ad-36ff83e2a9fa,"30,000/- per farmer | Combination - 2 : Livestock based farming system (Goattery/ piggery etc) @ Rs. 25000/- + Green fodder Unit @ Rs. 5,000/- per unit + Fishery@ Own Cost) = Rs. 30,000/- per farmer | Combination - 2 : Livestock based farming system (Goattery/ piggery etc) @ Rs. 25000/- + Green fodder Unit @ Rs. 5,000/- per unit + Fishery@ Own Cost) = Rs. 30,000/- per farmer | Combination - 2 : Livestock based farming system (Goattery/ piggery etc) @ Rs. 25000/- + Green fodder Unit @ Rs. 5,000/- per unit + Fishery@ Own Cost) = Rs. 30,000/- per farmer |
| 1                   | IFS (Integrated Farming System)                                                                                                                                                  | IFS (Integrated Farming System)                                                                                                                                                  | IFS (Integrated Farming System)                                                                                                                                                  | IFS (Integrated Farming System)                                                                                                                                                  | IFS (Integrated Farming System)                                                                                                                                                  | IFS (Integrated Farming System)                                                                                                                                                  | IFS (Integrated Farming System)                                                                                                                                                  | IFS (Integrated Farming System)                                                                                                                                                  | IFS (Integrated Farming System)                                                                                                                                                  |
|                     | Livestock based farming system (Small ruminant- goattery/ piggery etc) (Input costs limited to Rs. 25,000/- per Ha.)                                                             | Ha.                                                                                                                                                                              | 0.50                                                                                                                                                                             | 0.25                                                                                                                                                                             | 0.25                                                                                                                                                                             | 864                                                                                                                                                                              | 194.40                                                                                                                                                                           | 21.60                                                                                                                                                                            | 216.00                                                                                                                                                                           |
| 2                   | Green Fodder unit (@ Rs. 5,000 per farmer per unit)                                                                                                                              | No.                                                                                                                                                                              | 1.25                                                                                                                                                                             | 1.25                                                                                                                                                                             | 0.05                                                                                                                                                                             | 864                                                                                                                                                                              | 38.88                                                                                                                                                                            | 4.32                                                                                                                                                                             | 43.20                                                                                                                                                                            |
| 3                   | Organic Input Production Unit (@ Own cost of farmer)                                                                                                                             | No.",Tripura,,[],https://workdrive.zoho.in/file/zu51z23ab00d2b5e5411ca3a1159bb13d4226,TextNode,c30f64ca-9483-467d-9a78-f58fee28f3e8,c30f64ca-9483-467d-9a78-f58fee28f3e8,c30f64ca-9483-467d-9a78-f58fee28f3e8,"{""id_"": ""c96c1b4f-b93f-4f31-b8ad-36ff83e2a9fa"", ""embedding"": null, ""metadata"": {""page_no"": null, ""headings"": [], ""source"": ""https://workdrive.zoho.in/file/zu51z23ab00d2b5e5411ca3a1159bb13d4226""}, ""excluded_embed_metadata_keys"": [], ""excluded_llm_metadata_keys"": [], ""relationships"": {}, ""metadata_template"": ""{key}: {value}"", ""metadata_separator"": ""\n"", ""text"": """", ""mimetype"": ""text/plain"", ""start_char_idx"": 0, ""end_char_idx"": 0, ""metadata_seperator"": ""\n"", ""text_template"": ""{metadata_str}\n\n{content}"", ""class_name"": ""TextNode""}",Annual Plan 24-25_agri-230924,2025-10-31T08:26:02.252000,,,
6cfe0cea-ffdb-46fa-90fe-de6d10b529bb,"Paddy
Under low land area farmers are advised for selection of paddy varieties of long duration like Swarna sub-1, Rajendra Mahsuri, Rajendra Bhagwati, Rajendra Rajshree, Rajendra Neelum, Swarna Samridhi, Sabour Deep, Sabour Sampan and for medium duration varieties like Rajendra Sweta, Sonam, SS-1, DRR Dhan 44 DBW-187, Swarn Shakti, BPT-5204, Arize -6444, Rupali, MTU-1001, MTU-1001, Sabour Harshit. Farmers. Under upland condition the short duration paddy varieties like Sabour Ardhjal, Sahbhagi, CR Dhaan-40, Turanta, Sabour Sri, Shushk Samrat, Swarn Shreya etc. can be selected and sown directly through DSR method. Raise nursery sowing 25 May to 10 June and transplanting during 15 June to 20 June is advised. Seedling age at transplanting is 20-25 days and spacing is 20 x 15 cm (line transplanting preferred).",Karnataka,42,"[""Paddy""]",https://workdrive.zoho.in/file/0u4ck598c81fd38fa46d2b168b78abddaed42,TextNode,69e68b29-6a66-4ada-a276-aa5dd50f2a72,69e68b29-6a66-4ada-a276-aa5dd50f2a72,69e68b29-6a66-4ada-a276-aa5dd50f2a72,(populate LlamaIndex JSON string in production),"ICAR Kharif Agro-Advisories for Farmers 2025_Indian Council of Agricultural Research, Krishi Bhawan, New Delhi",2026-04-07T08:48:24.065000,,,
f0f63fcf-d11e-4c53-8ce9-1a894ada8216,"Kerasree (West Coast Tall x Malayan Yellow Dwarf)
7. Kerasoubaghya (WCT x SSA)
8. Chowghat Green Dwarf x West Coast Tall
9. Chandralaksha (Lakshadweep Ordinary x Chowghat Orange Dwarf)

## Tender nut variety : Chowghat Orange Dwarf

## Note:

- (1) Hybrids  Anandaganga,  Keraganga  and  Kerasankara  are  recommended  for general cultivation both under rainfed and irrigated conditions.
- (2) Other hybrids especially Chandrasankara are recommended for ideal situations and where good management practices are adopted.
- (3) Since the performance of Chandrasankara is markedly superior to that of WCT in root (wilt) affected areas, cultivation of Chandrasankara is preferred in such areas.
- (4) Chandralaksha, Lakshaganga and Chandrakalpa are recommended for cultivation under drought prone areas.

## Selection of mother palms

Select mother palms having the following characters:

1. Regular bearing habit and yielding not less than 80 nuts / annum.
2. Age 20 years or more (5 years after reaching full bearing capacity).

If  the  mother  palms  are  the  progeny  of  elite  planting  material  and  gives consistently higher yields for a period of not less than 6 years, seed nuts can be collected from such palms. There is no need for insisting 20 years as minimum age for mother palms in such conditions.

3. More than 30 fully opened leaves with short strong petioles and wide leaf base firmlyattached to the stem.
4. Bearing at least 12 bunches of nuts with strong bunch stalks.
5. Bearing nuts of medium size and oblong shape.
6. Husked nuts should weigh not less than 600 g.
7. Mean copra content of 150 g per nut or more.

## Avoid palms which

- (i) have long, thin and pendulous inflorescence stalks
- (ii) produce long, narrow, small sized or barren nuts
- (iii) show shedding of immature nuts in large numbers and
- (iv) are grown under favourable environmental conditions.",Uttar Pradesh,,[],https://workdrive.zohoexternal.in/file/2bmyqd05fdda052a94b2faa737746bd425861,TextNode,4cc70349-af65-4402-8d5a-2a98dafc49ed,4cc70349-af65-4402-8d5a-2a98dafc49ed,4cc70349-af65-4402-8d5a-2a98dafc49ed,"{""id_"": ""f0f63fcf-d11e-4c53-8ce9-1a894ada8216"", ""embedding"": null, ""metadata"": {""page_no"": null, ""headings"": [], ""source"": ""https://workdrive.zohoexternal.in/file/2bmyqd05fdda052a94b2faa737746bd425861""}, ""excluded_embed_metadata_keys"": [], ""excluded_llm_metadata_keys"": [], ""relationships"": {}, ""metadata_template"": ""{key}: {value}"", ""metadata_separator"": ""\n"", ""text"": """", ""mimetype"": ""text/plain"", ""start_char_idx"": 0, ""end_char_idx"": 0, ""metadata_seperator"": ""\n"", ""text_template"": ""{metadata_str}\n\n{content}"", ""class_name"": ""TextNode""}",Horticulture_Crop_Annual_Report,2025-10-31T08:26:02.314000,,,
1b5d3a0f-53ba-402e-87e2-f43f8c05487e,"# **PULSE CROPS**

## **Pea Pegeon**

Deep summer ploughing should be carried out two months before sowing of pulses. Apply FYM and compost at 8-10 t/ha and mix them well. Pigeon pea and other pulse crops should be sown by treating the seeds with _Rhizobium_ culture and _PSB_ each at 10 g/kg seed. Improved Varieties for Early duration: ICPL-88039, Pusa Arhar 16 and medium duration: Asha, Rajeev Lochan (suitable for Chhattisgarh), LRG-41 to be used. Pigeon pea seeds should be treated with _Carbendazim 50% WP_ at 3 g/kg of seed, as preventive measure against soil borne diseases. Sowing of pigeon pea should be completed by the end of June, with rows spaced 60-90 cm apart and 15-20 cm between plants with seed rate @ 12-15 kg/ha. The fertilizer dose should be scheduled based on soil test results. In general, a basal dose of 20-25 kg of nitrogen, 45-50 kg of phosphorus, 15-20 kg of potassium, and 20 kg of sulfur should be applied.",Karnataka,51,"[""# **PULSE CROPS**""]",https://workdrive.zoho.in/file/0u4ck598c81fd38fa46d2b168b78abddaed42,TextNode,69e68b29-6a66-4ada-a276-aa5dd50f2a72,69e68b29-6a66-4ada-a276-aa5dd50f2a72,69e68b29-6a66-4ada-a276-aa5dd50f2a72,(populate LlamaIndex JSON string in production),"ICAR Kharif Agro-Advisories for Farmers 2025_Indian Council of Agricultural Research, Krishi Bhawan, New Delhi",2026-04-07T08:48:24.068000,,,
ad48b02e-0285-444a-b226-b15d6dd5ff25,"It is suitable for sowing in the 昀椀rst week of October under the irrigated conditions.  Plants  are  dwarf  (30-45  cm).  Pods  are  borne  both in  double  and  single  and  are  attractive,  dark  green,  well  昀椀lled, 8-10 cm long and each contains 7 to 8 dark green grains with a shelling percentage of 40. Dry seeds are light green and wrinkled. It is good for dehydration.  Its green pod yield is 18 to 20 q/acre and seed yield is 3.5 q/ acre.

## Main Season

Punjab 89 (2007) : The plants  of  this  variety  are  medium dwarf, vigorous, having more number of well 昀椀lled pods  (28-30 per plant). The pods borne in doubles and are dark green, long, very attractive having 9-10 grains per pod. It takes about 85-90 days for 昀椀rst picking. Shelled peas are very sweet and the shelling out  turn  is  more  than  55  per  cent. Average  green  pod  yield  is 60 q/acre.

Mithi  Phali  (1994): It  is  an  edible  podded  variety  and  its shelling is not required. Plants are tall (140 cm) with green foliage. The 昀椀rst picking takes place 90 days after sowing and subsequent pickings at 15 days interval. Pods are light green and 12-13 cm long. Its consumable yield is double than that of standard shelled pea varieties. It is rich in protein and total sugar. Average green pod yield is 47 q/acre.

## Agronomic Practices

Sowing and Seed Rate : Since the incidence of wilt in September is very high, some what late sowing from mid-October to mid-November give the best crop in the plains.  Seed rate is 45 kg for early maturing varieties and 30 kg for main season varieties per acre. Line×Plant spacing should be 30×7.5 cm for early and 30×10 cm for main season varieties.",Punjab,,[],https://workdrive.zoho.in/file/dixwu58d3909e94ec46609c797c45f50c66a5,TextNode,b35bef70-0ce1-4dd4-96c1-f7eb4e94f8a1,b35bef70-0ce1-4dd4-96c1-f7eb4e94f8a1,b35bef70-0ce1-4dd4-96c1-f7eb4e94f8a1,"{""id_"": ""ad48b02e-0285-444a-b226-b15d6dd5ff25"", ""embedding"": null, ""metadata"": {""page_no"": null, ""headings"": [], ""source"": ""https://workdrive.zoho.in/file/dixwu58d3909e94ec46609c797c45f50c66a5""}, ""excluded_embed_metadata_keys"": [], ""excluded_llm_metadata_keys"": [], ""relationships"": {}, ""metadata_template"": ""{key}: {value}"", ""metadata_separator"": ""\n"", ""text"": """", ""mimetype"": ""text/plain"", ""start_char_idx"": 0, ""end_char_idx"": 0, ""metadata_seperator"": ""\n"", ""text_template"": ""{metadata_str}\n\n{content}"", ""class_name"": ""TextNode""}",pp_veg,2025-10-31T08:26:02.343000,,,
9b342187-0f32-483e-aafb-3fe28ebbccec,"| These are as reported by the farmers and could not always be validated with photos as some were not issues at the time of the data collection.   |
|----------------------------------|--------------------------------------------------------------------------------------------------------------------------------------------------|--------------------------------------------------------------------------------------------------------------------------------------------------|--------------------------------------------------------------------------------------------------------------------------------------------------|--------------------------------------------------------------------------------------------------------------------------------------------------|--------------------------------------------------------------------------------------------------------------------------------------------------|--------------------------------------------------------------------------------------------------------------------------------------------------|--------------------------------------------------------------------------------------------------------------------------------------------------|--------------------------------------------------------------------------------------------------------------------------------------------------|--------------------------------------------------------------------------------------------------------------------------------------------------|
| Crop                             | Top Pests                                                                                                                                        | Top Pests                                                                                                                                        | Top Pests                                                                                                                                        | Top Pests                                                                                                                                        | Top Pests                                                                                                                                        | Top Diseases                                                                                                                                     | Top Diseases                                                                                                                                     | Top Diseases                                                                                                                                     | Others                                                                                                                                           |
| Banana                           | Banana pseudostem borer Banana                                                                                                                   | root borer Banana skipper/ caterpillar                                                                                                           | leaf                                                                                                                                             | Banana aphid                                                                                                                                     | Banana lacebug                                                                                                                                   | Panama Wilt                                                                                                                                      |                                                                                                                                                  |                                                                                                                                                  |                                                                                                                                                  |
| Black_Rice Rice aphid            | Rice hopper                                                                                                                                      |                                                                                                                                                  |                                                                                                                                                  |                                                                                                                                                  |                                                                                                                                                  |                                                                                                                                                  |                                                                                                                                                  |                                                                                                                                                  |                                                                                                                                                  |
| Cabbage Caterpillar (likely DBM) | Leaf Webber                                                                                                                                      |                                                                                                                                                  |                                                                                                                                                  |                                                                                                                                                  |                                                                                                                                                  |                                                                                                                                                  |                                                                                                                                                  |                                                                                                                                                  |                                                                                                                                                  |
| Cauliflower Aphids               | Thrips                                                                                                                                           | Cauliflower whitefly                                                                                                                             | Cabbage leafminer                                                                                                                                | moth                                                                                                                                             | Diamondback                                                                                                                                      | Black rot Xanthomonas Club root disease                                                                                                          | cruisers/fingers and toe                                                                                                                         | Alternaria leaf spot                                                                                                                             | Nutrient deficiency disease: Browning, internal tip burn, whiptial.                                                                              |
| Chives Root grub                 | Hopper                                                                                                                                           | Whitefly                                                                                                                                         |                                                                                                                                                  |                                                                                                                                                  |                                                                                                                                                  | Fusarium                                                                                                                                         | Pink root                                                                                                                                        |                                                                                                                                                  |                                                                                                                                                  |
| Cucumber Thrips                  | Hopper                                                                                                                                           | Whitefly                                                                                                                                         |                                                                                                                                                  |                                                                                                                                                  |                                                                                                                                                  | Downy mildew                                                                                                                                     | Powdery mildew                                                                                                                                   |                                                                                                                                                  |                                                                                                                                                  |
| King_Chilly Brown stink bug      | Coried bug                                                                                                                                       |                                                                                                                                                  |                                                                                                                                                  |                                                                                                                                                  |                                                                                                                                                  | Leaf and fruit curl (?)",Manipur,,[],https://workdrive.zoho.in/file/zu51zfad0dc4ed0fc40ffb282e25ee0fcd42e,TextNode,037ae9e6-424a-47b2-a472-9e03350ed4f3,037ae9e6-424a-47b2-a472-9e03350ed4f3,037ae9e6-424a-47b2-a472-9e03350ed4f3,"{""id_"": ""9b342187-0f32-483e-aafb-3fe28ebbccec"", ""embedding"": null, ""metadata"": {""page_no"": null, ""headings"": [], ""source"": ""https://workdrive.zoho.in/file/zu51zfad0dc4ed0fc40ffb282e25ee0fcd42e""}, ""excluded_embed_metadata_keys"": [], ""excluded_llm_metadata_keys"": [], ""relationships"": {}, ""metadata_template"": ""{key}: {value}"", ""metadata_separator"": ""\n"", ""text"": """", ""mimetype"": ""text/plain"", ""start_char_idx"": 0, ""end_char_idx"": 0, ""metadata_seperator"": ""\n"", ""text_template"": ""{metadata_str}\n\n{content}"", ""class_name"": ""TextNode""}",1112235721nrs30-one-district-one-product,2025-10-31T08:26:02.344000,,,
05ca165f-6707-43cf-b063-881754c54104,"4. SUGARCANE
Sugarcane occupied 90.2 thousand hectares in Punjab during 2023-24. The average cane  yield  was  832.5  quintals  per  hectare  (337  quintals  per  acre).  The  average  sugar recovery was 9.38 per cent.",Punjab,84,"[""4. SUGARCANE""]",https://storage.googleapis.com/annam-dataset/pops/Punjab_Kharif_2025.pdf,TextNode,cede59f4-72b9-43c7-b852-ab4fed01c212,cede59f4-72b9-43c7-b852-ab4fed01c212,cede59f4-72b9-43c7-b852-ab4fed01c212,"{""id_"": ""05ca165f-6707-43cf-b063-881754c54104"", ""embedding"": null, ""metadata"": {""page_no"": 84, ""headings"": [""4. SUGARCANE""], ""source"": ""https://storage.googleapis.com/annam-dataset/pops/Punjab_Kharif_2025.pdf""}, ""excluded_embed_metadata_keys"": [], ""excluded_llm_metadata_keys"": [], ""relationships"": {""1"": {""node_id"": ""cede59f4-72b9-43c7-b852-ab4fed01c212"", ""node_type"": ""4"", ""metadata"": {""page_no"": 84, ""headings"": [""4. SUGARCANE""], ""source"": ""https://storage.googleapis.com/annam-dataset/pops/Punjab_Kharif_2025.pdf""}, ""hash"": ""8a91b222a07c962c41dcb617ee419d3cd9502c197c7da7e57fa8d9075e57413b"", ""class_name"": ""RelatedNodeInfo""}}, ""metadata_template"": ""{key}: {value}"", ""metadata_separator"": ""\n"", ""text"": """", ""mimetype"": ""text/plain"", ""start_char_idx"": 0, ""end_char_idx"": 218, ""metadata_seperator"": ""\n"", ""text_template"": ""{metadata_str}\n\n{content}"", ""class_name"": ""TextNode""}",POP-Package of Practices Kharif 2025_PAU Punjab Agriculture University_Ludhiana,,,,
7a42a19c-405c-4cd6-8b04-f6119d81b9d4,"If  high  volume  sprayers  are  not  available,

375 litres of spray fluid may be used per hectare for application in the low volume motorized knapsack mist blower.





The use of synthetic pyrethroids should be discouraged in cotton  to  avoid  the  problem  of  white  fly.  Cypermethrin,

fenvalerte and deltamethrin cause resurgence of whiteflies.

So avoid repeated spraying of pyrethroids.

The  plant  protection  measures  should  be  adopted  on  a community basis in specified cotton areas.

Biological control:





Verticillium lecanii

1.15%WP  2500g/ha

Seed treatment with imidacloprid 70WS at 7g / kg protect the crop from aphids, leafhoppers and thrips upto 8 weeks.",Tamil Nadu,,[],https://workdrive.zohoexternal.in/file/2bmyq9d676ab8baf74386bf8078b151fa9f4f,TextNode,f47d2179-fa1a-4f83-bd2a-ffec3e8229fa,f47d2179-fa1a-4f83-bd2a-ffec3e8229fa,f47d2179-fa1a-4f83-bd2a-ffec3e8229fa,"{""id_"": ""7a42a19c-405c-4cd6-8b04-f6119d81b9d4"", ""embedding"": null, ""metadata"": {""page_no"": null, ""headings"": [], ""source"": ""https://workdrive.zohoexternal.in/file/2bmyq9d676ab8baf74386bf8078b151fa9f4f""}, ""excluded_embed_metadata_keys"": [], ""excluded_llm_metadata_keys"": [], ""relationships"": {}, ""metadata_template"": ""{key}: {value}"", ""metadata_separator"": ""\n"", ""text"": """", ""mimetype"": ""text/plain"", ""start_char_idx"": 0, ""end_char_idx"": 0, ""metadata_seperator"": ""\n"", ""text_template"": ""{metadata_str}\n\n{content}"", ""class_name"": ""TextNode""}",Agriculture-CPG-2020,2025-10-31T08:26:02.338000,,,
c6edaccc-9767-4d45-9bd0-2fb527291fce,"## Livestock:
* Animal growers are advised to avoid water logging near livestock farms including poultry sheds.
* For livestock keep the hooves away from water to avoid hoof rotting disease.
* It is advised to take measures to reduce the tick and flies' problem. It is always to be kept in mind that the farm area must be disinfected using disinfectants regularly.
* All animal growers should make sure that the feed is stored in a dry place.
* Vaccinate animals against foot & mouth disease and haemorrhagic septicaemia
* If fever, shivering, brown coloured urine, off feed etc. are noticed, consult veterinary doctor immediately",Karnataka,431,"[""## Livestock:""]",https://workdrive.zoho.in/file/0u4ck6f0f0e3687024b74917489a52fcd6683,TextNode,c9f53148-1553-4abd-b80f-d987641fae4d,c9f53148-1553-4abd-b80f-d987641fae4d,c9f53148-1553-4abd-b80f-d987641fae4d,(populate LlamaIndex JSON string in production),"ICAR Rabi Agro-Advisories for Farmers 2021-2022_Indian Council of Agricultural Research, Krishi Bhawan, New Delhi",2026-04-07T08:48:36.702000,,,
fdeb92bf-6854-46fb-8d87-e476a69a3e83,"DESCRIPTION OF BLACKGRAM VARIETIES

VBN 8

2018

SO.1379(E)/ 27.03.2018

Vamban 3 x VBG 04-008

65-70

-

988

871

35-40

Hairy

4.5 - 5.0

Resistant to Mungbean

Yellow Mosaic Virus

(MYMV), leaf crinkle and moderately resistant to

powdery mildew diseases

VBN 9

2019

SO.3220(E)/

05.09.2019

Mash 114 x

Vamban 3

70-75

1230

-

35-40

Hairy

4.0-5.0

Moderately resistant to

Mungbean

Yellow Mosaic

Virus, Urdben

Leaf Crinkle

Virus, Leaf Curl

Virus and

Powdery mildew diseases

VBN 10

2019

SO.3220(E)/

05.09.2019

Vamban 1 x UH 04-

04

70-75

-

1130

35-40

Hairy

4.0-5.0

Resistant to

Mungbean Yellow

Mosaic Virus, Urdbean

Leaf Crinkle Virus, Leaf

Curl Virus diseases

135

Particulars

Year of

Release

Year of

Notificatio

n

Parentage

Maturity duration

(days)

Grain yield

(kg/ha)

Rainfed

Irrigated

Height

(cm)

Hairiness of pods

100 grain wt (g)

Special features

VBN 6

2011

SO.1708(E)/

26.07.2012

Vamban 1 x

Vigna mungo silvestris

65-70

-

850

890

18.6

Hairy

3.8-4.0

Resistant to

Yellow

Mosaic, synchronized

pod maturity

Particulars

Year of

Release

Year of

Notification

Parentage

Maturity duration

(days)

Grain yield

(kg/ha)

Rainfed

Irrigated

Height (cm)

Hairiness of pods

100 grain wt (g)

Special features

CO 6

2010

SO.632(E)/25.",Tamil Nadu,,[],https://workdrive.zohoexternal.in/file/2bmyq9d676ab8baf74386bf8078b151fa9f4f,TextNode,b473f5a9-ffcb-4a59-b5fe-c88777acab6d,b473f5a9-ffcb-4a59-b5fe-c88777acab6d,b473f5a9-ffcb-4a59-b5fe-c88777acab6d,"{""id_"": ""fdeb92bf-6854-46fb-8d87-e476a69a3e83"", ""embedding"": null, ""metadata"": {""page_no"": null, ""headings"": [], ""source"": ""https://workdrive.zohoexternal.in/file/2bmyq9d676ab8baf74386bf8078b151fa9f4f""}, ""excluded_embed_metadata_keys"": [], ""excluded_llm_metadata_keys"": [], ""relationships"": {}, ""metadata_template"": ""{key}: {value}"", ""metadata_separator"": ""\n"", ""text"": """", ""mimetype"": ""text/plain"", ""start_char_idx"": 0, ""end_char_idx"": 0, ""metadata_seperator"": ""\n"", ""text_template"": ""{metadata_str}\n\n{content}"", ""class_name"": ""TextNode""}",Agriculture-CPG-2020,2025-10-31T08:26:02.337000,,,
c7660b70-6555-4c9d-b3bf-bec8638fe0d4,"Symptoms:
Symptoms appear on the exposed (South West sun) portions of the stem as golden yellow patches. Fissures develop at these patches later. Further colonization by saprophytic organisms and insects cause decay of the stem and such palms breaks during heavy wind.",Karnataka,19,"[""Symptoms:""]",https://workdrive.zoho.in/file/4yumaa2420862ad6a42dc85e3eafbbb1d47c9,TextNode,c597e735-8115-4ec8-ba19-1ebc8880fab5,c597e735-8115-4ec8-ba19-1ebc8880fab5,c597e735-8115-4ec8-ba19-1ebc8880fab5,(populate LlamaIndex JSON string in production),"Methods of Arecanut Cultivation_Keladi Shivappa Nayaka University of Agricultural & Horticultural Sciences, Iruvakki, Shivamogga , Karnataka, -577 412",2026-04-07T08:49:04.865000,,,
ff505ddc-cbbb-470d-9635-4eda44a6787a,"Overseas technology

Stage of harvest : Standard specimen flowers should be harvested at hard bud stage (hard bud, size 15 mm diameter) or cross bud stage (when petals appear, size 15 to 20 mm) with stem.Later stages such as paint brush stage or full bloom stage should be harvested for local market.",Karnataka,248,"[""Overseas technology""]",https://workdrive.zoho.in/file/0u4ck92141867d7d24f57a6a0f6cc52cda094,TextNode,f98fd64d-f575-48d2-ba9f-965266a61a81,f98fd64d-f575-48d2-ba9f-965266a61a81,f98fd64d-f575-48d2-ba9f-965266a61a81,(populate LlamaIndex JSON string in production),"Compressive Horticultural -POP-Package of Practice _ University of Horticultural Science,Bagalkot(UHSB)_Udyanagiri, Navanagar, Bagalkot - 587104, Karnataka",2026-04-07T08:48:59.809000,,,
e55df2ba-c56a-4ee2-8951-bfa94790d454,20,Karnataka,30,"[""20""]",https://workdrive.zoho.in/file/0u4ck598c81fd38fa46d2b168b78abddaed42,TextNode,69e68b29-6a66-4ada-a276-aa5dd50f2a72,69e68b29-6a66-4ada-a276-aa5dd50f2a72,69e68b29-6a66-4ada-a276-aa5dd50f2a72,(populate LlamaIndex JSON string in production),"ICAR Kharif Agro-Advisories for Farmers 2025_Indian Council of Agricultural Research, Krishi Bhawan, New Delhi",2026-04-07T08:48:23.170000,,,
03e33762-a0b5-4cad-8228-a78723104b60,"Crop rotation is the practice of growing different crops sequentially on the same plot to improve soil health, optimize nutrients in the soil, and combat pest and weed pressure.                                                                                            |

| Benefits of the practice (Impacts)   | :                             | Intercropping improves the crop equivalent yield (CEY), fertility status and microbial properties of the soil. Whereas, crop rotation improves water use efficiency by increasing the amount of organic matter in the soil, which improve soil structure and water-holding capacity. It also helps in preserving moisture in deep soil layers, which plants can use during droughts.         |
|--------------------------------------|-------------------------------|----------------------------------------------------------------------------------------------------------------------------------------------------------------------------------------------------------------------------------------------------------------------------------------------------------------------------------------------------------------------------------------------|
| Protocols to be followed             | :                             | Suitable legumes should be planted following the additive series or replacement series.                                                                                                                                                                                                                                                                                                      |
| g. Water management practices        | g. Water management practices | g. Water management practices                                                                                                                                                                                                                                                                                                                                                                |
| Name of the practice                 | :                             | Whapsa (Moisture)                                                                                                                                                                                                                                                                                                                                                                            |
| Brief description of the practice    | :                             | Growing crops on raised bed not more than 1.5-2.0 m width and forming a channel of 10-15 cm deep, facilitates the availability of air and moisture to the roots as well as microorganisms living in the soil. Besides, crop rotation also improves the water use efficiency by increasing the amount of organic matter in the soil, which improve soil structure and water-holding capacity. |
| Benefits of the practice (Impacts)   | :                             | This condition favours better roots' growth and ultimately efficient utilization of resources resulting in better crop growth and yield.                                                                                                                                                                                                                                                     |
| Protocols to be followed             | :                             | Care must be taken to drain out the excess water through constructed drains around raised bed in kharif season as plenty of rainfall is there.                                                                                                                                                                                                                                               |

## h.  Any other practices being followed

Instead  of  single crop, suitable cropping system should be followed to increase the production per unit area and to improve the soil health.

## University of Agricultural Sciences, GKVK, Bangalore

- 1.Name of the State :

Karnataka

2.",Pops_Multiple_States,,[],https://workdrive.zoho.in/file/zu51zd898177264804b4d83d01ce98b768a7b,TextNode,656ddfe0-ca79-4099-866b-6132f4338ef1,656ddfe0-ca79-4099-866b-6132f4338ef1,656ddfe0-ca79-4099-866b-6132f4338ef1,"{""id_"": ""03e33762-a0b5-4cad-8228-a78723104b60"", ""embedding"": null, ""metadata"": {""page_no"": null, ""headings"": [], ""source"": ""https://workdrive.zoho.in/file/zu51zd898177264804b4d83d01ce98b768a7b""}, ""excluded_embed_metadata_keys"": [], ""excluded_llm_metadata_keys"": [], ""relationships"": {}, ""metadata_template"": ""{key}: {value}"", ""metadata_separator"": ""\n"", ""text"": """", ""mimetype"": ""text/plain"", ""start_char_idx"": 0, ""end_char_idx"": 0, ""metadata_seperator"": ""\n"", ""text_template"": ""{metadata_str}\n\n{content}"", ""class_name"": ""TextNode""}",POP- Natural Farming Practices,2025-10-31T08:26:02.344000,,,
39947999-6d12-4c03-9122-16dbe71b8f9d,"- Apply 20 kaji of Nitrogen, 40 kaji of Phosphorous P205 and K2O per hectare of soil before sowing and mix well the soil which cannot come in direct contact with the fruit seed fertilizer.
- Spray 80 ml of Spinosad 45% SC in 2000 liters of water per acre to control the leaf blight of cinnamon crop.
- To control aphids of cinnamon crop, sprinkle 400 ml of Fipronil 5% SC in 2000 liters of water per acre.

Onion",Karnataka,579,"[""- Apply 20 kaji of Nitrogen, 40 kaji of Phosphorous P205 and K2O per hectare of soil before sowing and mix well the soil which cannot come in direct contact with the fruit seed fertilizer.""]",https://workdrive.zoho.in/file/0u4ck6f0f0e3687024b74917489a52fcd6683,TextNode,c9f53148-1553-4abd-b80f-d987641fae4d,c9f53148-1553-4abd-b80f-d987641fae4d,c9f53148-1553-4abd-b80f-d987641fae4d,(populate LlamaIndex JSON string in production),"ICAR Rabi Agro-Advisories for Farmers 2021-2022_Indian Council of Agricultural Research, Krishi Bhawan, New Delhi",2026-04-07T08:48:38.730000,,,
c4db7b5d-1982-4187-ade0-acf808275902,"Albizia lucida, Albizia odoratissima, Derris robusta, Albizzia lebbek, etc.
- Shade tree pit : 90 cm deep and 60 cm wide

- Mix 5-6 kg well decomposed cattle manure 0.5 kg SSP, 1 kg slaked lime / Dolomite and 0.5 kg wood ash in a pit mixture.
- Protect the seedlings by bamboo basket

## Bringing up of Young Tea

- Debudding in nursery one week before planting
- Centering at 15-22 cm from ground level leaving below at least 3 laterals.
- Thumb break the single stemmers/ plants with less than three laterals below 22 cm from ground level
- Centering below 10cm from ground level affects frame formation.",Assam,,[],https://workdrive.zoho.in/file/zu51z77b1df0c2517414db0159f9ae7b034ab,TextNode,96ebb9c3-45c5-4147-a551-c0795dd2787a,96ebb9c3-45c5-4147-a551-c0795dd2787a,96ebb9c3-45c5-4147-a551-c0795dd2787a,"{""id_"": ""c4db7b5d-1982-4187-ade0-acf808275902"", ""embedding"": null, ""metadata"": {""page_no"": null, ""headings"": [], ""source"": ""https://workdrive.zoho.in/file/zu51z77b1df0c2517414db0159f9ae7b034ab""}, ""excluded_embed_metadata_keys"": [], ""excluded_llm_metadata_keys"": [], ""relationships"": {}, ""metadata_template"": ""{key}: {value}"", ""metadata_separator"": ""\n"", ""text"": """", ""mimetype"": ""text/plain"", ""start_char_idx"": 0, ""end_char_idx"": 0, ""metadata_seperator"": ""\n"", ""text_template"": ""{metadata_str}\n\n{content}"", ""class_name"": ""TextNode""}",POP Horticulture Crops,2025-10-31T08:26:02.345000,,,
ef0d9326-ae97-40d3-b214-b9fb7056da8b_p3,"<tr><td id=""2-6C"">19</td><td id=""2-6D"">ಕುಸುಬೆ (ಖುಷಿ)</td><td id=""2-6E"">16</td><td id=""2-6F"">16</td><td id=""2-6G"">5.0</td><td id=""2-6H"">16</td><td id=""2-6I"">16</td><td id=""2-6J"">5</td><td id=""2-6K"">–</td><td id=""2-6L"">34</td><td id=""2-6M"">100</td><td id=""2-6N"">8</td><td id=""2-6O"">28</td><td id=""2-6P"">24</td><td id=""2-6Q"">70</td><td id=""2-6R"">–</td><td id=""2-6S"">35.2</td><td id=""2-6T"">24</td><td id=""2-6U"">70</td><td id=""2-6V"">–</td></tr>
<tr><td id=""2-6W"">20</td><td id=""2-6X"">ಸೂರ್ಯಕಾಂತಿ (ನೀರಾವರಿ)</td><td id=""2-6Y"">24</td><td id=""2-6Z"">30</td><td id=""2-70"">24</td><td id=""2-71"">18</td><td id=""2-72"">30</td><td id=""2-73"">24</td><td id=""2-74"">06</td><td id=""2-75"">40</td><td id=""2-76"">188</td><td id=""2-77"">40</td><td id=""2-78"">106</td><td id=""2-79"">–</td><td id=""2-7a"">76</td><td id=""2-7b"">10</td><td id=""2-7c"">120</td><td id=""2-7d"">–</td><td id=""2-7e"">76</td><td id=""2-7f"">10</td></tr>
<tr><td id=""2-7g"">21</td><td id=""2-7h"">ಸೂರ್ಯಕಾಂತಿ (ಖುಷ್ಠಿ)</td><td id=""2-7i"">14</td>id=""2-7j"">20</td><td id=""2-7k"">14</td><td id=""2-7l"">14</td><td id=""2-7m"">20</td><td id=""2-7n"">14</td><td id=""2-7o"">–</td><td id=""2-7p"">30</td><tdid=""2-7q"">124</td><td id=""2-7r"">12</td><td id=""2-7s"">82</td><td id=""2-7t"">–</td><td id=""2-7u"">36</td><td id=""2-7v"">–</td><td id=""2-7w"">92</td><tdid=""2-7x"">–</td><td id=""2-7y"">36</td><td id=""2-7z"">–</td></tr>
<tr><td id=""2-7A"">22</td><td id=""2-7B"">ಔಡಲ (ನೀರಾವರಿ)</td><td id=""2-7C"">30</td><td id=""2-7D"">20</td><tdid=""2-7E"">10</td><td id=""2-7F"">14</td><td id=""2-7G"">20</td><td id=""2-7H"">10</td><td id=""2-7I"">16</td><td id=""2-7J"">30</td><tdid=""2-7K"">124</td><td id=""2-7L"">16</td><td id=""2-7M"">58</td><td id=""2-7N"">16</td><td id=""2-7O"">82</td><td id=""2-7P"">–</td><tdid=""2-7Q"">65</td><td id=""2-7R"">18</td><td id=""2-7S"">88</td><td id=""2-7T"">–</td></tr>
<tr><td id=""2-7U"">23</td><td id=""2-7V"">ಔಡಲ (ಖುಷಿ)</td><td id=""2-7W"">16</td><td id=""2-7X"">16</td><td id=""2-7Y"">8</td><td id=""2-7Z"">08</td><td id=""2-80"">16</td><td id=""2-81"">8</td><td id=""2-82"">06</td><td id=""2-83"">16</td><td id=""2-84"">100</td><td id=""2-85"">8</td><td id=""2-86"">46</td><td id=""2-87"">–</td><td id=""2-88"">50</td><td id=""2-89"">–</td><td id=""2-8a"">52</td><td id=""2-8b"">–</td><td id=""2-8c"">50</td><td id=""2-8d"">–</td></tr>
<tr><td id=""2-8e"">24</td><td id=""2-8f"">ಹತ್ತಿ (ನೀರಾವರಿ)</td><td id=""2-8g"">32</td><td id=""2-8h"">16</td><td id=""2-8i"">16</td><td id=""2-8j"">16</td><td id=""2-8k"">16</td><td id=""2-8l"">16</td><td id=""2-8m"">16</td><td id=""2-8n"">34</td><td id=""2-8o"">100</td><td id=""2-8p"">26</td><td id=""2-8q"">94</td><td id=""2-8r"">–</td><td id=""2-8s"">–</td><td id=""2-8t"">–</td><td id=""2-8u"">106</td><td id=""2-8v"">–</td><td id=""2-8w"">–</td><td id=""2-8x"">–</td></tr>
<tr><td id=""2-8y"">25</td><td id=""2-8z"">ಹತ್ತಿ (ಖುಷ್ಕ)</td><td id=""2-8A"">12</td><td id=""2-8B"">6</td><td id=""2-8C"">6</td><td id=""2-8D"">12</td><td id=""2-8E"">6</td><td id=""2-8F"">6</td><td id=""2-8G"">–</td><td id=""2-8H"">26</td><td id=""2-8I"">38</td><td id=""2-8J"">10</td><td id=""2-8K"">36</td><td id=""2-8L"">12</td><td id=""2-8M"">–</td><td id=""2-8N"">–</td><td id=""2-8O"">40</td><td id=""2-8P"">12</td><td id=""2-8Q"">–</td><td id=""2-8R"">–</td></tr>",Karnataka,3,[],https://workdrive.zoho.in/file/k8yew3029bcb8e227424eb5ec77eda0628b2f,TextNode,e6350268-8de4-4aa2-8fd1-b6317d746a97,e6350268-8de4-4aa2-8fd1-b6317d746a97,e6350268-8de4-4aa2-8fd1-b6317d746a97,(populate LlamaIndex JSON string in production),"Recommended fertilizer dose-_University of Agricultural Science, Raichur(UASR), UAS Campus, Main Agricultural Research Station, Maddipet, Raichur - 584102, Karnataka",2026-04-07T08:48:18.959000,ef0d9326-ae97-40d3-b214-b9fb7056da8b,3,5
cafdda72-3619-4c53-a8da-da5c3233be82,"243

<!-- PAGE BREAK -->",Karnataka,1,"[""243""]",https://workdrive.zoho.in/file/k8yew1a17a3b9b7bf4f548d8dca1378faf21c,TextNode,b402e1fb-a933-4185-929c-088e07ffbad3,b402e1fb-a933-4185-929c-088e07ffbad3,b402e1fb-a933-4185-929c-088e07ffbad3,(populate LlamaIndex JSON string in production),"Tobacco-POP -Package of Practice _University of Agricultural Science, Raichur(UASR), UAS Campus, Main Agricultural Research Station, Maddipet, Raichur - 584102, Karnataka",2026-04-07T08:48:17.056000,,,
5890000a-5005-4893-ad8c-089f7ee61ad1,"Plant protection: For control of leaf spot, spray copper oxychloride @0.3% (1.8- 2.0 kg/ha in 600-700 liters of water) at an interval of 7-10 days. Alternatively, tebuconazole 25 EC @ 600-700 ml (0.1%) mixed with 600-700 liter of water/ha (80-90 ml in 80 - 90 liters of water/bigha) should be applied. For web blight, spray tebuconazole 25 EC @ 0.1% (600 ml -700 ml mixed with 600-700 liters of water/ha) three times starting from the appearance of the disease at 10 - 15 days interval. Against aphids, jassids, flea beetle, pod borers, pod bug sand leaf folder, spray chlorantraniliprole 18.5 SC @ 20 g a.i./ha in 500-700 liters of water. The spread of yellow mosaic virus (YVM) can be checked by controlling white fly by applying thaimethoxam 25 WG @ 0.3g/l.",Karnataka,37,[],https://workdrive.zoho.in/file/0u4ck598c81fd38fa46d2b168b78abddaed42,TextNode,69e68b29-6a66-4ada-a276-aa5dd50f2a72,69e68b29-6a66-4ada-a276-aa5dd50f2a72,69e68b29-6a66-4ada-a276-aa5dd50f2a72,(populate LlamaIndex JSON string in production),"ICAR Kharif Agro-Advisories for Farmers 2025_Indian Council of Agricultural Research, Krishi Bhawan, New Delhi",2026-04-07T08:48:23.170000,,,
506f5f96-5f6f-4404-b1c5-2c40e66e2887,"| Products                         | District                                |
|---------|----------------------------------|-----------------------------------------|
|       1 | Peda                             | Deoghar, Dumka                          |
|       2 | Tomato based products            | East Singhbhum, Giridih, Chatra, Palamu |
|       3 | Jaggery                          | Hazaribagh                              |
|       4 | Chilly based products            | Jamtara, Gumla                          |
|       5 | Minor Forest Produce (Tamarind)  | Khunti                                  |
|       6 | Lime based products              | Koderma                                 |
|       7 | Minor Forest Produce (Mahua)     | Latehar                                 |
|       8 | Honey                            | Lohardaga                               |
|       9 | Mango based products             | Pakur, Simdega, Godda, Sahebganj        |
|      10 | Guava based products             | Ranchi                                  |
|      11 | Custard Apple based products     | West Singhbhum                          |
|      12 | Jackfruit based products         | Bokaro                                  |
|      13 | Potato based products            | Dhanbad, Garhwa                         |
|      14 | Papaya based products            | Ramgarh                                 |
|      15 | Minor Forest Produce (Chironjee) | SaraiKela-Kharsawan                     |

Table 8: Production clusters in Operation Greens under Pradhan Mantri Kisan Sampada Yojana (PMKSY) 30

|   S.no. | Products   | District                                                                   |
|---------|------------|----------------------------------------------------------------------------|
|       1 | Beans      | Cluster-1 Ranchi, Gumla, Khunti, Simdega, Lohardaga                        |
|       2 | Green Peas | Cluster-1 - Koderma. Cluster-2 - Gumla, Ranchi, Lohardaga, Khunti, Simdega |

29  ONE DISTRICT ONE PRODUCT- MoFPI

30  https://www.pib.gov.in/PressReleaseIframePage.aspx?PRID=2115787&amp;utm

## 5. Agricultural Marketing

Jharkhand has implemented a system of regulated markets and direct market connections to facilitate the marketing of agricultural produce.",Jharkhand,,[],https://workdrive.zoho.in/file/zu51zac77cc66082547e2964ec1f076ff2d73,TextNode,5d914b59-8854-4567-bede-08af4c5d03c9,5d914b59-8854-4567-bede-08af4c5d03c9,5d914b59-8854-4567-bede-08af4c5d03c9,"{""id_"": ""506f5f96-5f6f-4404-b1c5-2c40e66e2887"", ""embedding"": null, ""metadata"": {""page_no"": null, ""headings"": [], ""source"": ""https://workdrive.zoho.in/file/zu51zac77cc66082547e2964ec1f076ff2d73""}, ""excluded_embed_metadata_keys"": [], ""excluded_llm_metadata_keys"": [], ""relationships"": {}, ""metadata_template"": ""{key}: {value}"", ""metadata_separator"": ""\n"", ""text"": """", ""mimetype"": ""text/plain"", ""start_char_idx"": 0, ""end_char_idx"": 0, ""metadata_seperator"": ""\n"", ""text_template"": ""{metadata_str}\n\n{content}"", ""class_name"": ""TextNode""}",Jharkhand,2025-10-31T08:26:02.325000,,,
a7fda43a-0f02-4000-ad86-b0d35fe10fd6,"# HARYANA AND DELHI

Wheat, chickpea, barley, and mustard are main *Rabi* season crops grown by farmers in Haryana and Delhi States. Though, there has been Substantive increase in the productivity of these crops, yet gap persists between the yield realized by the farmers and average yield of the improved varieties of these crops. For instance, productivity of wheat in Haryana and Delhi is, less than average yield of wheat varieties recommended for the states. Similar gaps have been registered for mustard and chickpea crops. Several factors have been identified which are responsible for this gap. Farmer's reluctance in adoption of improved practices of crop production is one of the main factors. The crop advisory prepared for the *Rabi* season crops of Haryana and Delhi States will be helpful for farmers in getting better crop harvest by adoption of improved practices of crop production.",Karnataka,125,"[""# HARYANA AND DELHI""]",https://workdrive.zoho.in/file/0u4ck6f0f0e3687024b74917489a52fcd6683,TextNode,c9f53148-1553-4abd-b80f-d987641fae4d,c9f53148-1553-4abd-b80f-d987641fae4d,c9f53148-1553-4abd-b80f-d987641fae4d,(populate LlamaIndex JSON string in production),"ICAR Rabi Agro-Advisories for Farmers 2021-2022_Indian Council of Agricultural Research, Krishi Bhawan, New Delhi",2026-04-07T08:48:33.599000,,,
b7db3081-beb4-46ce-8005-9bce5f5f3898,"Supply of plant nutrients by spraying

* After 80 days of sowing, once in 20 days, twice per cent.2 of urea or sh.1.0 potassium nitrate solution should be sprayed.
* % of EDTA form.0.5 zinc solvate, per cent.0.5 iron solvate, per cent.0.5 Manganese solvate and Sh.Two sprays (ten days apart) should be carried out at the flowering stage with a mixture of 1.0 magnesium solvate.
* 0.25 ml per liter of water when the crop starts to flower and when the flower is fully flowered.Lee.Alpha-Naphthalene Acetic Acid 4.5% S.L.Mix and sprinkle.320 to 400 L per acre.Solution should be used.This reduces bud, flower and nut shedding.Or 0.35 ml per liter of water after 50-55 days of sowing and after 80-85 days.",Karnataka,5,"[""Supply of plant nutrients by spraying""]",https://workdrive.zoho.in/file/k8yewa7a6d0c3cd1e4858b722b4dd03a807dd,TextNode,7840a91b-7f23-4718-9533-089759d5f209,7840a91b-7f23-4718-9533-089759d5f209,7840a91b-7f23-4718-9533-089759d5f209,(populate LlamaIndex JSON string in production),"Cotton-POP -Package of Practice _University of Agricultural Science, Raichur(UASR), UAS Campus, Main Agricultural Research Station, Maddipet, Raichur - 584102, Karnataka",2026-04-07T08:48:16.948000,,,
2f6fbfbe-1d99-4af5-bf34-9700f3cb6235,"Under the leadership of Honorable Prime Minister Shri Narendra Modi, the Central Government is running many schemes for the prosperity of farmers, among which Pradhan Mantri Kisan Samman Nidhi, Pradhan Mantri Fasal Bima Yojana, National Natural Agriculture Mission, e-NAM, National Food Security Mission, Soil Health Card, Kisan Drone Yojana, Digital Agriculture Mission etc. are prominent.Through these schemes, the government is not only engaged in increasing the income of farmers, but is also transforming agriculture into a self-reliant, modern and eco-sensitive sector.",Karnataka,4,[],https://workdrive.zoho.in/file/0u4ck598c81fd38fa46d2b168b78abddaed42,TextNode,69e68b29-6a66-4ada-a276-aa5dd50f2a72,69e68b29-6a66-4ada-a276-aa5dd50f2a72,69e68b29-6a66-4ada-a276-aa5dd50f2a72,(populate LlamaIndex JSON string in production),"ICAR Kharif Agro-Advisories for Farmers 2025_Indian Council of Agricultural Research, Krishi Bhawan, New Delhi",2026-04-07T08:48:23.169000,,,
667b85f0-07e0-47e8-a73d-a24060f83174,"<::A photograph showing an indoor farming setup, likely a greenhouse, filled with rows of young green plants growing in reddish-brown soil. The plants are supported by vertical strings or poles. The translucent roof and side netting of the greenhouse are visible in the background.
: photo::>
Green Homemade Donne Chili",Karnataka,161,"["": photo::>""]",https://workdrive.zoho.in/file/0u4ck92141867d7d24f57a6a0f6cc52cda094,TextNode,f98fd64d-f575-48d2-ba9f-965266a61a81,f98fd64d-f575-48d2-ba9f-965266a61a81,f98fd64d-f575-48d2-ba9f-965266a61a81,(populate LlamaIndex JSON string in production),"Compressive Horticultural -POP-Package of Practice _ University of Horticultural Science,Bagalkot(UHSB)_Udyanagiri, Navanagar, Bagalkot - 587104, Karnataka",2026-04-07T08:48:59.025000,,,
1543e073-dfa0-44b7-8345-1f218862eebd,"February

* Give yog medicine to relieve malapp rahti to all infants and two month olds.
* After cleaning the delivery room, leave the straw and wash the udders with red medicinal water and leave them in the delivery room about 10 days before milking.
* After feeding, dry the babies with a clean cloth and take them to Suri's teats for abundant milk.
* Place a light bulb at a height of about two feet to keep the children warm.
* Cut the baby teeth within the first two days of birth and give an injection on the third and thirteenth day to deal with anemia.
* Start giving solid food in the second week.",Karnataka,452,"[""February""]",https://workdrive.zoho.in/file/0u4ck6f0f0e3687024b74917489a52fcd6683,TextNode,c9f53148-1553-4abd-b80f-d987641fae4d,c9f53148-1553-4abd-b80f-d987641fae4d,c9f53148-1553-4abd-b80f-d987641fae4d,(populate LlamaIndex JSON string in production),"ICAR Rabi Agro-Advisories for Farmers 2021-2022_Indian Council of Agricultural Research, Krishi Bhawan, New Delhi",2026-04-07T08:48:37.690000,,,
367ba3fb-8f23-44d6-b325-1820c68bb6e2,"Finally, Non-Governmental Organisations (NGOs) and international agencies have also actively promoted the use of GAPs. The Integrated Pest  Management and the Better Banana project are programmes promoted by NGOs that encourage the use of GAPs.

## Applications of GAP

- Governments, international agencies and NGOs promote sustainable agricultural methods such as integrated pest management, integrated nutrient management and conservation agriculture, among others, aimed at mitigating specific environmental and societal risks in a range of production and farming systems. IPM is specified as a recommended practice in the Code of Conduct on Pesticides and in Chapter 14 of Agenda 21. These methods are especially appropriate for small- or medium-scale farmers in developing countries, contribute to increased local food production and food security, and conserve natural resources.
- National agencies have also promoted GAP for both quality assurance and environmental management.

These include the government agencies of Canada, France,  Malaysia,  New  Zealand,  Uruguay,  the United  Kingdom  and  the  United  States.  Latvia, Lithuania and Poland have adopted good practices with respect to the Baltic agricultural runoff programme. The national agricultural research organization of Brazil, EMBRAPA, in collaboration with FAO, is developing a series of specific technical guidelines for melons, mangoes, fruit and vegetables, field crops, dairy, beef, swine and poultry, based on GAP to be tested by small, medium and large-scale producers.

- The private sector, in particular industrial processors and retailers, uses GAP with a view to attaining  quality  assurance,  consumer  satisfaction  and profit in the production of safe and high quality food along the food chain. These efforts increasingly incorporate sustainability criteria in response to consumer demand. Examples include the EUREPGAP generic Codes of Practice for fresh produce, combinable crops and livestock; the Sustainable Agriculture Initiative (Unilever, Nestlé, Danone and others); and, the EISA Common Codex for Integrated Farming.  Unilever  has  developed  more  specific 'sustainable agriculture indicators' of achievement for specific crops and locations. The promotion of GAP by food processors and retailers can facilitate the adoption of sustainable agricultural practices by creating incentives through potential value-added opportunities for farmers.
- NGOs are also working to address good practices, in particular for food crops.",Tamil Nadu,,[],https://workdrive.zohoexternal.in/file/2bmyqae246e5ae16342929b85f9e8fbfb45d0,TextNode,03ea5c55-0436-4e7a-82ff-a503f40615e9,03ea5c55-0436-4e7a-82ff-a503f40615e9,03ea5c55-0436-4e7a-82ff-a503f40615e9,"{""id_"": ""367ba3fb-8f23-44d6-b325-1820c68bb6e2"", ""embedding"": null, ""metadata"": {""page_no"": null, ""headings"": [], ""source"": ""https://workdrive.zohoexternal.in/file/2bmyqae246e5ae16342929b85f9e8fbfb45d0""}, ""excluded_embed_metadata_keys"": [], ""excluded_llm_metadata_keys"": [], ""relationships"": {}, ""metadata_template"": ""{key}: {value}"", ""metadata_separator"": ""\n"", ""text"": """", ""mimetype"": ""text/plain"", ""start_char_idx"": 0, ""end_char_idx"": 0, ""metadata_seperator"": ""\n"", ""text_template"": ""{metadata_str}\n\n{content}"", ""class_name"": ""TextNode""}",Management of Production Problems in Tropical Fruit Crops,2025-10-31T08:26:02.335000,,,
828b24df-94d8-4c1e-bd5e-a21f9f938125,"2.

3.

4.

5.

will  mitigate the ill effects.

HARVESTING AND PROCESSING

i.

ii.

iii.

iv.

v.

vi.

vii.

1. RATOONING TECHNIQUE

i.

ii.

Harvest the main crop leaving 15 cm stubbles.

Remove the first formed two sprouts from the main crop and allow only the later formed two sprouts to grow. Allow two tillers per hill.

HOEING AND WEEDING

i.

Remove the weeds immediately after harvest of the main crop.

ii.

Hoe and weed twice on 15 th  and 30 th

APPLICATION OF FERTILIZERS

i.

Apply 100 kg N/ha in two split  doses.

ii.

iii.

Apply the first dose on 15

cutting.

Apply 50 kg P2 O5 /ha along with the application of N on 45

WATER MANAGEMENT

i.

ii.

iii.

iv.

Irrigate immediately after cutting the main crop.

Irrigation should not be delayed for more than 24 hours after cutting.

Irrigate on 3

rd or 4

th day after  cutting.

Subsequently irrigate once in 7 - 10 days.

v.

Stop irrigation on 70 - 80 days after ratooning.

HARVEST

Harvest the crop when the grains turn yellow.

NOTE: The duration of the ratoon crop is about 15 days less than the main crop.

th day after cutting and the second on 45 th

th day.

day after cutting.

Consider the average duration of the crop and observe  the crop. When  the crop matures  the leaves turn yellow and present a dried up appearance.

The grains are hard and  firm.

At this stage, harvest the crop by cutting the earheads separately.

Cut the stalk after a week, allow it to dry and then stack.

In the case of tall varieties, cut the stem at 10 to 15 cm above ground level and afterwards separate the earheads and stack the stalk.

Dry the earheads.

Thresh using a mechanical thresher or by drawing a stone roller over the earheads or by using cattle and dry the produce and store.

RATOON SORGHUM CROP

day after

73

1.

2.

3.

4.

5.

6.",Tamil Nadu,,[],https://workdrive.zohoexternal.in/file/2bmyq9d676ab8baf74386bf8078b151fa9f4f,TextNode,966caef6-02bd-47d1-9835-978a84d8eeb8,966caef6-02bd-47d1-9835-978a84d8eeb8,966caef6-02bd-47d1-9835-978a84d8eeb8,"{""id_"": ""828b24df-94d8-4c1e-bd5e-a21f9f938125"", ""embedding"": null, ""metadata"": {""page_no"": null, ""headings"": [], ""source"": ""https://workdrive.zohoexternal.in/file/2bmyq9d676ab8baf74386bf8078b151fa9f4f""}, ""excluded_embed_metadata_keys"": [], ""excluded_llm_metadata_keys"": [], ""relationships"": {}, ""metadata_template"": ""{key}: {value}"", ""metadata_separator"": ""\n"", ""text"": """", ""mimetype"": ""text/plain"", ""start_char_idx"": 0, ""end_char_idx"": 0, ""metadata_seperator"": ""\n"", ""text_template"": ""{metadata_str}\n\n{content}"", ""class_name"": ""TextNode""}",Agriculture-CPG-2020,2025-10-31T08:26:02.337000,,,
eaa4ced2-ae8e-43fa-afb6-d385816c8bf6,"It is a monsoon crop and is grown in India mostly in low rainfall and low moisture holding soils.The grain of this crop has high quality protein content.It is also known as 'Mookani' and 'Matti' in Uttaraka Rnataka.It is mostly grown by farmers in 'Akkadi' grain/Akkadi line.In Karnataka, this crop is mainly grown in Kaligi, Vijayapur/Gadag/Bagalakote districts.In India it is grown in 9.26 lakh hectares and the production is 2.77 lakh tonnes with an average yield of 120 kg per acre.There are grams.",Karnataka,1,[],https://workdrive.zoho.in/file/k8yewbcae6eeff4704218ad07a6952bf1eae8,TextNode,6c861e86-6259-462b-a6c7-b7695291c087,6c861e86-6259-462b-a6c7-b7695291c087,6c861e86-6259-462b-a6c7-b7695291c087,(populate LlamaIndex JSON string in production),"Moth Bean-POP -Package of Practice _University of Agricultural Science, Raichur(UASR), UAS Campus, Main Agricultural Research Station, Maddipet, Raichur - 584102, Karnataka",2026-04-07T08:48:15.607000,,,
7c8b4c6c-d437-47ce-a58d-1bd5bf309156,"SUB SURFACE DRIP IRRIGATION AND FERTIGATION
34. Kharif maize-Peas-Spring maize: Install drip inlines having emitter spacing of 30 cm at 20 cm depth keeping lateral to lateral spacing of 60 cm. One drip lateral will serve one row of kharif maize, two rows of peas and one row of spring maize during respective seasons. Use 80% of the recommended dose of nutrients in all the crops. Irrigate the kharif maize at 3 days interval. Apply 1/5 dose of NPK at sowing and fertigate the remaining P and K in 5 splits, and N in 7 splits at 9 days interval starting from 15 DAS.
For peas, apply irrigation at 3 days interval. Apply 1/5 dose of N and P at sowing as basal and fertigate the remaining N and P in 9 splits at 6 days interval starting from 25 DAS. Use SSP fertilizer for basal application of P.
Irrigate the spring maize at 3 days interval starting from 12 DAS. Apply 1/5th dose of  N  and  P  at  sowing  and  fertigate  the  remaining  amount  in  10  equal  splits  at  6  days interval starting from 30 DAS. Use urea, MAP and MOP as a source of N, P 2 O 5 and K 2 O, respectively for fertigation. If emitter discharge is 2.2 litre per hour, the following schedule should be adopted:",Punjab,153,"[""SUB SURFACE DRIP IRRIGATION AND FERTIGATION""]",https://storage.googleapis.com/annam-dataset/pops/Punjab_Kharif_2025.pdf,TextNode,8c4b5932-1c4d-43c7-974c-92423fd49a76,8c4b5932-1c4d-43c7-974c-92423fd49a76,8c4b5932-1c4d-43c7-974c-92423fd49a76,"{""id_"": ""7c8b4c6c-d437-47ce-a58d-1bd5bf309156"", ""embedding"": null, ""metadata"": {""page_no"": 153, ""headings"": [""SUB SURFACE DRIP IRRIGATION AND FERTIGATION""], ""source"": ""https://storage.googleapis.com/annam-dataset/pops/Punjab_Kharif_2025.pdf""}, ""excluded_embed_metadata_keys"": [], ""excluded_llm_metadata_keys"": [], ""relationships"": {""1"": {""node_id"": ""8c4b5932-1c4d-43c7-974c-92423fd49a76"", ""node_type"": ""4"", ""metadata"": {""page_no"": 153, ""headings"": [""SUB SURFACE DRIP IRRIGATION AND FERTIGATION""], ""source"": ""https://storage.googleapis.com/annam-dataset/pops/Punjab_Kharif_2025.pdf""}, ""hash"": ""79e1ca77cd0251cd98491a75b31974db9db42140d02651934de6f025986195fe"", ""class_name"": ""RelatedNodeInfo""}}, ""metadata_template"": ""{key}: {value}"", ""metadata_separator"": ""\n"", ""text"": """", ""mimetype"": ""text/plain"", ""start_char_idx"": 0, ""end_char_idx"": 1186, ""metadata_seperator"": ""\n"", ""text_template"": ""{metadata_str}\n\n{content}"", ""class_name"": ""TextNode""}",POP-Package of Practices Kharif 2025_PAU Punjab Agriculture University_Ludhiana,,,,
6e502178-b541-4b18-a82f-bb19b9992375,"## Brown Sarson

*   Recommended varieties are Shalimar Brown Sarson-1, Shalimar Brown Sarson-2, Shalimar Brown Sarson-3.
*   Apply well decomposed compost or FYM uniformly @ 10-15 t/ha. Application of vermicompost @ 2.5 t /ha will replace 5 t FYM/ha and 25% NPK from recommended dose of fertilizers.
*   For brown sarson urea @ 2.2 kg/kanal, DAP @ 5.5 kg/kanal, MOP 3.35 kg/kanal, Gypsum @ 6.25-7.5 kg/kanal and Borex @ 0.5 kg/ kanal should be applied as basal dose before sowing of seeds.",Karnataka,66,"[""## Brown Sarson""]",https://workdrive.zoho.in/file/0u4ck6f0f0e3687024b74917489a52fcd6683,TextNode,c9f53148-1553-4abd-b80f-d987641fae4d,c9f53148-1553-4abd-b80f-d987641fae4d,c9f53148-1553-4abd-b80f-d987641fae4d,(populate LlamaIndex JSON string in production),"ICAR Rabi Agro-Advisories for Farmers 2021-2022_Indian Council of Agricultural Research, Krishi Bhawan, New Delhi",2026-04-07T08:48:32.050000,,,
62f5d8e3-6e24-4140-b4c5-bf605db4fb3e,"| -           | 3       |
| 14 Ridge gourd    | 1             | 2                     | -           | 3       |
| 15 Ash gourd      | 3             | 2                     | -           | 5       |
| 16 Cucumber       | 1             | 2                     | -           | 3       |
| 17 Pumpkin        | 1             | -                     | -           | 1       |
| 18 Long           | melon         | 1 -                   | -           | 1       |
| 19 Okra           | -             | 4                     | 4           | 8       |
| 20 Cabbage        | 1             | 1                     |",Uttar Pradesh,,[],https://workdrive.zohoexternal.in/file/2bmyq68ac190ef60649f5abf757449d6e4315,TextNode,69e14aee-d868-47f0-8eac-55e4a04fc422,69e14aee-d868-47f0-8eac-55e4a04fc422,69e14aee-d868-47f0-8eac-55e4a04fc422,"{""id_"": ""62f5d8e3-6e24-4140-b4c5-bf605db4fb3e"", ""embedding"": null, ""metadata"": {""page_no"": null, ""headings"": [], ""source"": ""https://workdrive.zohoexternal.in/file/2bmyq68ac190ef60649f5abf757449d6e4315""}, ""excluded_embed_metadata_keys"": [], ""excluded_llm_metadata_keys"": [], ""relationships"": {}, ""metadata_template"": ""{key}: {value}"", ""metadata_separator"": ""\n"", ""text"": """", ""mimetype"": ""text/plain"", ""start_char_idx"": 0, ""end_char_idx"": 0, ""metadata_seperator"": ""\n"", ""text_template"": ""{metadata_str}\n\n{content}"", ""class_name"": ""TextNode""}",list of new varieity of vegetaple crops,2025-10-31T08:26:02.316000,,,
128fd3f5-25f0-4514-861d-e146fd2ea399,"Potato

* Varieties: Kufri Ashoka, Kufri Fukhraj, Kufri Jyoti, Kufri Lalima, Kufri Chipsona, Kufri Sindoori.
* Tuber for Planting should be at least 15-20gm at least.
* Planting of tuber between 1-15 Nov.
* Planting Distance Row to Row 30 cm and Plant to plant 15 cm.
* During Final land preparation apply 10 t of well rotten FYM.
* Apply NPK @ 48:24:48kg/Ac. Half of Nitrogen Full P2O5 and half K2O at the time of final Land preparation.
* Second hoeing and fertilizer application should be done 3 weeks after first hoeing.",Karnataka,227,"[""Potato""]",https://workdrive.zoho.in/file/0u4ck6f0f0e3687024b74917489a52fcd6683,TextNode,c9f53148-1553-4abd-b80f-d987641fae4d,c9f53148-1553-4abd-b80f-d987641fae4d,c9f53148-1553-4abd-b80f-d987641fae4d,(populate LlamaIndex JSON string in production),"ICAR Rabi Agro-Advisories for Farmers 2021-2022_Indian Council of Agricultural Research, Krishi Bhawan, New Delhi",2026-04-07T08:48:35.734000,,,
5d629a54-8ca8-4e48-8822-434a486185dc,"## 27. MUSHROOM  CULTIVATION

Five  mu shrooms,  three  in  winter  season  namely,  Button, Dhingri  and  Shiitake  and  two  in  summer  namely,  Paddy  and Milky are suited for indoor cultivation under natural conditions of the Punjab and adjoining areas. The mushroom house should have pucca 昀氀oor with a provision of cross ventilation.

## BUTTON MUSHROOM ( Agaricus bisporus )

This is also known as White button or European mushroom. This variety can be cultivated from September to March to get two crops.

Compost Preparation : It starts from mid September.

Ingredients : Wheat straw (turi) 300 kg, Wheat bran (Chokar) 15  kg,  Calcium  ammonium  nitrate  (CAN)  9  kg,  Urea  3  kg, Superphosphate 3 kg, Muriate of potash or potassium sulphate 3 kg, Molasses 5 kg, Gypsum 30 kg and Lindane (20%) 60 ml or Lindane dust (5%) 250 g, Furadan (3G) 150 g. Instead of Calcium ammonium nitrate (CAN) 9 kg and Superphosphate 3 kg, one can use Urea 6.5 kg and Diammonium phosphate (DAP) 1.0 kg.

Stacking : Spread dry wheat straw on pucca 昀氀oor and wet it thoroughly for 48 hours. Fertilizers and wheat bran are moistened separately for 24 hours and then mixed with the wetted wheat straw. Prepare a stack by using wooden boards of 5' × 5' × 5' dimensions. The length of stack can be increased depending upon the amount of compost to be prepared.

Turning :  Turn  the  stack  seven  times  by  giving  昀椀rst  three turnings on every fourth day and rest four turnings on every third day. Add molasses, gypsum, furadan and lindane at the 昀椀rst, third, sixth  and  seventh  turning,  respectively.  The  compost  is  ready in 24 days of stacking.",Punjab,,[],https://workdrive.zoho.in/file/e3a7e85475bad3a8c4bf483b4227b7058ef7b,TextNode,c724956b-09f7-4ee6-b160-3345a9a6454b,c724956b-09f7-4ee6-b160-3345a9a6454b,c724956b-09f7-4ee6-b160-3345a9a6454b,"{""id_"": ""5d629a54-8ca8-4e48-8822-434a486185dc"", ""embedding"": null, ""metadata"": {""page_no"": null, ""headings"": [], ""source"": ""https://workdrive.zoho.in/file/e3a7e85475bad3a8c4bf483b4227b7058ef7b""}, ""excluded_embed_metadata_keys"": [], ""excluded_llm_metadata_keys"": [], ""relationships"": {}, ""metadata_template"": ""{key}: {value}"", ""metadata_separator"": ""\n"", ""text"": """", ""mimetype"": ""text/plain"", ""start_char_idx"": 0, ""end_char_idx"": 0, ""metadata_seperator"": ""\n"", ""text_template"": ""{metadata_str}\n\n{content}"", ""class_name"": ""TextNode""}",pp_fruits,2025-10-31T08:26:02.344000,,,
771d483d-36eb-4819-8283-54a8edc178bc,"**Seed Rate:** Use about 4-5 kg of seed per hectare. Adjust the rate upward on light, sandy soils or with late sowing to ensure an adequate plant population.",Karnataka,219,"[""**Seed Rate:** Use about 4-5 kg of seed per hectare. Adjust the rate upward on light, sandy soils or with late sowing to ensure an adequate plant population.""]",https://workdrive.zoho.in/file/0u4ck598c81fd38fa46d2b168b78abddaed42,TextNode,69e68b29-6a66-4ada-a276-aa5dd50f2a72,69e68b29-6a66-4ada-a276-aa5dd50f2a72,69e68b29-6a66-4ada-a276-aa5dd50f2a72,(populate LlamaIndex JSON string in production),"ICAR Kharif Agro-Advisories for Farmers 2025_Indian Council of Agricultural Research, Krishi Bhawan, New Delhi",2026-04-07T08:48:26.060000,,,
5e880274-bdae-4b9b-8bb7-84eafb82b343,"ALR (183.72 q/ha).

Advance Varietal Trial-II (AVT-II) Rabi Onion: Ten entries were evaluated including check var. ALR. Three entries viz: ON14-01, ON14-11, and ON14-25, were significantly higher yielder and entry ON16-01 with 246.83 q/ha total bulb yield was better one as compared to check var. ALR (191.77 q/ha).

Collection,  maintenance  and  evaluation  of  Garlic  Germplasm: The  best  entry  RAU  G-12 planting material has been submitted to DOGR Rajgurunagar Pune for evaluation at national level.

Initial Evaluation Trial (IET) Garlic :  Ten entries were evaluated including check var. G-323.

Four entries viz: GN15-71, GN15-68, GN15-63, and GN15-65 were significantly higher yielder and entry GN15-68 with 64.17 q/ha total bulb yield was better one as compared to check var. G323 (47.67 q/ha).

Advance Varietal Trial-II (AVT-II) Garlic. : Ten entries were evaluated including check var. G323. Two entries viz: GN14-27 and GN14-17 were significantly higher yielder and entry GN14-27 with 70.00 q/ha total bulb yield was better one as compared to check var. G-323 (48.33 q/ha).

## 3.32.2 CROP PRODUCTION

Effect of sulphur on yield and quality of garlic: Yield of garlic significantly affected by Sulphur application.   Increasing dose of S up to 45 kg /ha increased total yield of Garlic. Decline in yield were recorded with 60 kg and 75 kg S/ha. Highest bulb yield (68.96 q/ha) was recorded with @ 45 kg S/ha followed by 60 kg S/ha (62.50 q/ha) and 30 kg S /ha (66.67 q/ha).

## 3.32.3 PLANT PATHOLOGY

Screening of Kharif onion (AVT-2 entries) against Stemphylium Blight (SB) &amp; Purple Blotch (PB)  disease :  Nine  entries  were  screened.",Bihar,,[],https://workdrive.zoho.in/file/zu51z79c58ec1375d41cf8d2262770e49d9ab,TextNode,f96f48dd-0d73-4a7a-b8c1-6f9d97bd8ba8,f96f48dd-0d73-4a7a-b8c1-6f9d97bd8ba8,f96f48dd-0d73-4a7a-b8c1-6f9d97bd8ba8,"{""id_"": ""5e880274-bdae-4b9b-8bb7-84eafb82b343"", ""embedding"": null, ""metadata"": {""page_no"": null, ""headings"": [], ""source"": ""https://workdrive.zoho.in/file/zu51z79c58ec1375d41cf8d2262770e49d9ab""}, ""excluded_embed_metadata_keys"": [], ""excluded_llm_metadata_keys"": [], ""relationships"": {}, ""metadata_template"": ""{key}: {value}"", ""metadata_separator"": ""\n"", ""text"": """", ""mimetype"": ""text/plain"", ""start_char_idx"": 0, ""end_char_idx"": 0, ""metadata_seperator"": ""\n"", ""text_template"": ""{metadata_str}\n\n{content}"", ""class_name"": ""TextNode""}",Detail-Annual-Report-2017-18,2025-10-31T08:26:02.327000,,,
fb9fcd31-cb50-49fd-a56f-360a74b26f92,1-2 ml to control germs in wash water.1 L per chlorine beach powder.The resulting mixture can be used when water is added.,Karnataka,324,"[""1-2 ml to control germs in wash water.1 L per chlorine beach powder.The resulting mixture can be used when water is added.""]",https://workdrive.zoho.in/file/0u4ck92141867d7d24f57a6a0f6cc52cda094,TextNode,f98fd64d-f575-48d2-ba9f-965266a61a81,f98fd64d-f575-48d2-ba9f-965266a61a81,f98fd64d-f575-48d2-ba9f-965266a61a81,(populate LlamaIndex JSON string in production),"Compressive Horticultural -POP-Package of Practice _ University of Horticultural Science,Bagalkot(UHSB)_Udyanagiri, Navanagar, Bagalkot - 587104, Karnataka",2026-04-07T08:49:01.886000,,,
cf5ac675-f9a8-4977-8f9b-1d0de7ffbb7b,"Fertilizer application: Raya, cabbage sorghum and African sorghum use 90 kg of urea and 75 kg of SSP per acre while for Toria 55 kg of urea and 50 kg of SSP.per acre is",Karnataka,446,"[""Fertilizer application: Raya, cabbage sorghum and African sorghum use 90 kg of urea and 75 kg of SSP per acre while for Toria 55 kg of urea and 50 kg of SSP.per acre is""]",https://workdrive.zoho.in/file/0u4ck6f0f0e3687024b74917489a52fcd6683,TextNode,c9f53148-1553-4abd-b80f-d987641fae4d,c9f53148-1553-4abd-b80f-d987641fae4d,c9f53148-1553-4abd-b80f-d987641fae4d,(populate LlamaIndex JSON string in production),"ICAR Rabi Agro-Advisories for Farmers 2021-2022_Indian Council of Agricultural Research, Krishi Bhawan, New Delhi",2026-04-07T08:48:37.690000,,,
f0f88cd5-5f97-42be-b011-175e0946e1d8,"Non-availability of various modern technology/information to be implemented in farming practices and development of many highly precise tools required for precision farming are curtailing the adoption and development of precision farming in India.In its further implementation, the unity of scientists, farmers and the government is very important.However, as mentioned earlier, this system is in its infancy in some areas, so with the important information available in the future, the chances of adoption of precision farming system in India are high.",Karnataka,372,[],https://workdrive.zoho.in/file/0u4ck92141867d7d24f57a6a0f6cc52cda094,TextNode,f98fd64d-f575-48d2-ba9f-965266a61a81,f98fd64d-f575-48d2-ba9f-965266a61a81,f98fd64d-f575-48d2-ba9f-965266a61a81,(populate LlamaIndex JSON string in production),"Compressive Horticultural -POP-Package of Practice _ University of Horticultural Science,Bagalkot(UHSB)_Udyanagiri, Navanagar, Bagalkot - 587104, Karnataka",2026-04-07T08:49:02.878000,,,
9490d1e8-eab4-4a48-9e8c-eb0f259f7d7f,"*   **Seed rate:** 16,000 three budded setts @ 4 tonnes per acre. Seed from short crop of 6-7 months age ensures good germination and improve cane yield by 2-3 tonnes/acre.
*   **Seed sett treatment:** Dip the setts in carbendazim (0.5 g/l) and chlorpyriphos 20 EC (2 ml/l) or dimethoate (2ml/l) or imidacloprid 48% FS @ 1 ml/l for 15 minutes to eliminate pineapple disease and scale insect.
*   **Spacing:** 80 cm between rows for early varieties and 90 cm for mid-late varieties. Adopt paired row planting (60cm x 120 cm) to promote mechanization and drip irrigation.
*   **Time of planting:**
*   Early varieties: December - January
*   Mid varieties: February
*   Late varieties: March
*   **Fertilizer management:**
*   **Plant crop:** 100 kg P₂O₅ and 120 kg K₂O/ha as basal and 168 kg N/ha in two equal split doses at 45ᵗʰ and 90ᵗʰ day after planting by pocketing.
*   **Ratoon crop:** 100 kg P₂O₅ and 168 kg K₂O and 280 kg N/ha. Entire dose of P₂O₅ and K₂O with 140 kg N at the time of ratooning and the remaining 140 kg N at 45 days after ratooning. Zinc sulphate (2g / l) and ferrous sulphate (10-20 g/l) as foliar spray at 45-60 days after planting where zinc and iron deficiencies are observed.
*   **Weed management:** Spray Atrazine @ 2 kg/acre or metribuzine @ 600 g/acre in 450 l of water on the third or fourth day after planting, depending on soil moisture. Spray 2,4-D (1.8 kg) + Gramoxone (1.0 l) in 450 l/ac at 20 & 60 DAP between cane rows with hood to protect the crop or spray metribuzine @ 400 g + 2,4-D Sodium salt @ 800 g /acre at 25-30 DAP as blanket application. For the control of creeper weeds spray metsulfuran methyl + chlorimuron ethyl (Almix) @ 8.0 g/acre at 75 days after planting.",Karnataka,365,"[""*   **Seed rate:** 16,000 three budded setts @ 4 tonnes per acre. Seed from short crop of 6-7 months age ensures good germination and improve cane yield by 2-3 tonnes/acre.""]",https://workdrive.zoho.in/file/0u4ck6f0f0e3687024b74917489a52fcd6683,TextNode,c9f53148-1553-4abd-b80f-d987641fae4d,c9f53148-1553-4abd-b80f-d987641fae4d,c9f53148-1553-4abd-b80f-d987641fae4d,(populate LlamaIndex JSON string in production),"ICAR Rabi Agro-Advisories for Farmers 2021-2022_Indian Council of Agricultural Research, Krishi Bhawan, New Delhi",2026-04-07T08:48:36.701000,,,
dcdafb78-01be-41b9-a18d-e1bf32c2ebb8,"36

<!-- PAGE BREAK -->",Karnataka,46,"[""36""]",https://workdrive.zoho.in/file/0u4ck598c81fd38fa46d2b168b78abddaed42,TextNode,69e68b29-6a66-4ada-a276-aa5dd50f2a72,69e68b29-6a66-4ada-a276-aa5dd50f2a72,69e68b29-6a66-4ada-a276-aa5dd50f2a72,(populate LlamaIndex JSON string in production),"ICAR Kharif Agro-Advisories for Farmers 2025_Indian Council of Agricultural Research, Krishi Bhawan, New Delhi",2026-04-07T08:48:24.065000,,,
a1c54a1c-293c-45ba-996d-b7c74ec40280,"Caring for Transplants: Caring for transplants is as important as preparing them.Some of the care methods are mentioned below.
1. Untying the graft knot: After the graft branch or graft eye is attached to the root plant, the knot tied on the graft should be untied.If not loosened, the graft knot can become tight and the graft will not be strong.
2. Pruning of unnecessary shoots : Many shoots may appear in the root plant below the graft and should be pinched as they appear.If left like that, it should be placed on the transplanted part so that it does not fall.
3. Watering: Adequate amount of water should be given to transplanted plants.The water should not fall on the transplanted part.
4. Provision of Nutrients : Adequate nutrients are required for rapid growth of transplanted plants.Therefore, manure soil should be mixed frequently.Chemical fertilizers like urea (2 per cent) can be dissolved in water.
5. Provide shade: Transplants are very sensitive and should be nurtured in a partially shaded area.
6. Providing a support stick: To prevent the transplant branch from breaking or falling when the wind blows, the support stick for the transplanted plants should be tied in the shape of an English eight (8).
7. Removal of flower blight: In young grafted plants, flower appears and the nut is bitten.They use up the nutrients available to the plant parts and stunt the growth of the plants.Therefore, such flowers and fruits should be plucked when they are ripe.
8. Apart from this, the flower and pods of transplanted plants should be removed.
Rejuvenation of Jowari and Old Trees:",Karnataka,362,"[""Caring for Transplants: Caring for transplants is as important as preparing them.Some of the care methods are mentioned below.""]",https://workdrive.zoho.in/file/0u4ck92141867d7d24f57a6a0f6cc52cda094,TextNode,f98fd64d-f575-48d2-ba9f-965266a61a81,f98fd64d-f575-48d2-ba9f-965266a61a81,f98fd64d-f575-48d2-ba9f-965266a61a81,(populate LlamaIndex JSON string in production),"Compressive Horticultural -POP-Package of Practice _ University of Horticultural Science,Bagalkot(UHSB)_Udyanagiri, Navanagar, Bagalkot - 587104, Karnataka",2026-04-07T08:49:02.878000,,,
1e2965a1-a99a-4935-953a-79084a70797c,"Nut processing: Both young (green nut) and well-ripened nuts are used for processing.It takes 10 to 11 months for the nuts to ripen.

1. Chali : Harvest the ripe nut and dry it in the sun for 35-40 days.Then the peel should be separated.The nut prepared in this way is called chali.

2. Rashi / Redness : Young nuts (6-7 months) should be used for this type of nut.After peeling the nuts, they are cut into edi or many pieces and cooked.Different shaped pieces have different names.Thus the chopped or lumpy nut should be boiled in water.Nuts should be cooked by adding honey or matti bark in boiling water to get better color.After boiling one group of nuts, the same water (chogaru) can be used to boil 2-3 more groups of nuts.Then the nut should be taken out and dried in the sun for a week.If the color is not right, the nut should be treated again with a dull brush and dried again.Boil the water till the curd becomes dull.",Karnataka,172,"[""Nut processing: Both young (green nut) and well-ripened nuts are used for processing.It takes 10 to 11 months for the nuts to ripen.""]",https://workdrive.zoho.in/file/0u4ck92141867d7d24f57a6a0f6cc52cda094,TextNode,f98fd64d-f575-48d2-ba9f-965266a61a81,f98fd64d-f575-48d2-ba9f-965266a61a81,f98fd64d-f575-48d2-ba9f-965266a61a81,(populate LlamaIndex JSON string in production),"Compressive Horticultural -POP-Package of Practice _ University of Horticultural Science,Bagalkot(UHSB)_Udyanagiri, Navanagar, Bagalkot - 587104, Karnataka",2026-04-07T08:48:59.025000,,,
e4b3b7c1-4f7b-4647-94c4-87d6fef303e2,"00               |
| 43 - Suspense Account                                                              | 43 - Suspense Account |
| Suspense Account (103 - Seeds)                                                     | 1500.00               |
| Suspense Account (105 - Fertilizer)                                                | 3500.00               |
| Total: Suspense Account                                                            | 5000.00               |
| 50 - Other Charges                                                                 | 50 - Other Charges    |
| 4401 - Special Assistance for Capital Investment (53 - MW)                         | 2635.00               |
| 2401 - Kisan Sahayata Mobile App (104- Agri Farms)                                 | 50.00                 |
| 2401 - Mukhyamantri Integrated Crop Management Programme (MICMP) (104- Agri Farms) | 1500.00               |
| 4401- Subarna Jayanti Tripura Nirman Scheme (53 - MW)                              | 10.00                 |
| Total: Others                                                                      | 4195.00               |
| Grand Total: Agriculture                                                           | 55739.20              |

AGRICULTURE

## B. SCHEMES UNDER ANNUAL PLAN 2024-25 :

There are 4 nos. of major schemes under the State Plan, which are again sub-divided into sub-schemes. These are as follows:

## SCHEME WISE DETAILS

| Sl. No.   | Name of Scheme                                                      | Object Code                                                         | Sub-Scheme                                                                  | Total Outlay 2024-25 (Rs. in lakh)   |
|-----------|---------------------------------------------------------------------|---------------------------------------------------------------------|-----------------------------------------------------------------------------|--------------------------------------|
| I.        | State Plan                                                          |                                                                     |                                                                             |                                      |
| 1         |                                                                     |                                                                     | Direction & Administration.                                                 | 22141.68                             |
| 1         |                                                                     | 33                                                                  | Bonus for Foundation & Certified Seeds in Govt.",Tripura,,[],https://workdrive.zoho.in/file/zu51z23ab00d2b5e5411ca3a1159bb13d4226,TextNode,36992f09-97ae-41c9-8856-a67ff7d48c13,36992f09-97ae-41c9-8856-a67ff7d48c13,36992f09-97ae-41c9-8856-a67ff7d48c13,"{""id_"": ""e4b3b7c1-4f7b-4647-94c4-87d6fef303e2"", ""embedding"": null, ""metadata"": {""page_no"": null, ""headings"": [], ""source"": ""https://workdrive.zoho.in/file/zu51z23ab00d2b5e5411ca3a1159bb13d4226""}, ""excluded_embed_metadata_keys"": [], ""excluded_llm_metadata_keys"": [], ""relationships"": {}, ""metadata_template"": ""{key}: {value}"", ""metadata_separator"": ""\n"", ""text"": """", ""mimetype"": ""text/plain"", ""start_char_idx"": 0, ""end_char_idx"": 0, ""metadata_seperator"": ""\n"", ""text_template"": ""{metadata_str}\n\n{content}"", ""class_name"": ""TextNode""}",Annual Plan 24-25_agri-230924,2025-10-31T08:26:02.251000,,,
8ccd8445-9199-44ed-8643-a9cdde7ffada,"Cost norms for various treatment measures will be as per Standard Schedule of Rates (SSR) for rural water supply and sanitation | Recommendations of NLUP guidelines, Government of Mizoram. Cost norms for various treatment measures will be as per the SSR |

| III-a,b      | Applicable standards prescribed by NMSA guidelines, Government of India                                  | Recommendations of Ministry of Agriculture Department will be adopted as per NMSA guidelines   |
|--------------|----------------------------------------------------------------------------------------------------------|------------------------------------------------------------------------------------------------|
| IV-a,b,c,d,e | Applicable standards prescribed by National Food Security Mission (NFSM) guidelines, Government of India | Applicable standards prescribed by NFSM guidelines, Government of India                        |
| V-a          | Applicable standards prescribed by NFSM guidelines, Government of India                                  | Applicable standards prescribed by NFSM guidelines, Government of India                        |

## h)  Duplication Check

| Project                                     | Objectives                                                                                                                                                | Complementarity                                                                                                                                                                                                                                                                                                 | Geographical Coverage/Agency          |
|---------------------------------------------|-----------------------------------------------------------------------------------------------------------------------------------------------------------|-----------------------------------------------------------------------------------------------------------------------------------------------------------------------------------------------------------------------------------------------------------------------------------------------------------------|---------------------------------------|
| Rain fed Area Development ( RAD) under NMSA | To make agriculture more productive, sustainable, remunerative and climate resilient by promoting location specific Integrated/Composite Farming Systems; | Integrated Farming System and Value Addition Special attention to Horticulture, Livestock and Fishery sectors including dairy that have not received enough attention in climate change research in the past. In particular, the documentation of adaptive traits in indigenous breeds is the most useful step. | 862 Ha in six districts of the state. |

## i) Details on Stake-holder consultation:

|   Sl No | Particulars                                                                                                                                                                                                                                                                                                                                                                                                                                                   | Date       | Place                                      | Stakeholders participated                                                                                                                                                                                                                                                                                                                     |
|---------|---------------------------------------------------------------------------------------------------------------------------------------------------------------------------------------------------------------------------------------------------------------------------------------------------------------------------------------------------------------------------------------------------------------------------------------------------------------|------------|--------------------------------------------|-----------------------------------------------------------------------------------------------------------------------------------------------------------------------------------------------------------------------------------------------------------------------------------------------------------------------------------------------|
|       1 | Consultation with various stakeholders in Aizawl (Proposal was suggested under Agriculture chapter during the consultation when Mizoram SAPCC was being prepared)                                                                                                                                                                                                                                                                                             | 20.10.2011 | Aijal Club, City Centre, Aizawl, Mizoram   | Dept. of Agriculture,Horticulture, Environment &Forest , Sericulture, AH & Veterinary Fishery, Block Administrative Office, Representatives from different banks, NABARD officials, Scientists etc.",Mizoram,,[],https://workdrive.zoho.in/file/zu51za231f3d920934c118a3bea6bed08c555,TextNode,a0ae1124-58f3-446d-a9b5-340df746bc20,a0ae1124-58f3-446d-a9b5-340df746bc20,a0ae1124-58f3-446d-a9b5-340df746bc20,"{""id_"": ""8ccd8445-9199-44ed-8643-a9cdde7ffada"", ""embedding"": null, ""metadata"": {""page_no"": null, ""headings"": [], ""source"": ""https://workdrive.zoho.in/file/zu51za231f3d920934c118a3bea6bed08c555""}, ""excluded_embed_metadata_keys"": [], ""excluded_llm_metadata_keys"": [], ""relationships"": {}, ""metadata_template"": ""{key}: {value}"", ""metadata_separator"": ""\n"", ""text"": """", ""mimetype"": ""text/plain"", ""start_char_idx"": 0, ""end_char_idx"": 0, ""metadata_seperator"": ""\n"", ""text_template"": ""{metadata_str}\n\n{content}"", ""class_name"": ""TextNode""}",Mizoram,2025-10-31T08:26:02.309000,,,
f5524862-90a8-45f2-b9cc-bd1b03ee5ff4,"Management of Seed Crop
To obtain disease-free seed, a separate seed nursery should be maintained. Do not use the commercial crop for seed, as many pests and diseases go unnoticed in such a crop. Alternatively, tissue culture raised plants can also be used to raise a healthy seed crop. The plants should be spaced 60 cm apart with a row to row spacing of 90 cm, followed by immediate irrigation. The crop thus raised, should be used for raising a subsequent seed crop by planting three budded setts, following conventional practices. For seed production, the following package of practices are recommended:
- Plant the crop in the last week of March.
- Obtain the seed stalks propagated from moist hot-air-treated seed. The treated seed is planted at the Research Stations and is further propagated at the sugar factory farms and the farms of selected cane growers. This seed is supplied to the growers to raise the seed-crop.
- Give a fertilizer dose of 90 kg of N (195 kg urea) per acre. Apply nitrogen in 3 equal doses i.e. at planting, in May and in mid-July. High dose of nitrogen will result in good quality of immature seed cane.
- Follow plant protection schedule strictly, to keep the crop free from insect pests and diseases.
- Frost injury results in low germination of sugarcane. Therefore, protect the seed crop against frost by irrigating it frequently during December and January.",Punjab,103,"[""Management of Seed Crop""]",https://storage.googleapis.com/annam-dataset/pops/Punjab_Kharif_2025.pdf,TextNode,95ea3933-73f1-4795-aaf2-7ffc5773943b,95ea3933-73f1-4795-aaf2-7ffc5773943b,95ea3933-73f1-4795-aaf2-7ffc5773943b,"{""id_"": ""f5524862-90a8-45f2-b9cc-bd1b03ee5ff4"", ""embedding"": null, ""metadata"": {""page_no"": 103, ""headings"": [""Management of Seed Crop""], ""source"": ""https://storage.googleapis.com/annam-dataset/pops/Punjab_Kharif_2025.pdf""}, ""excluded_embed_metadata_keys"": [], ""excluded_llm_metadata_keys"": [], ""relationships"": {""1"": {""node_id"": ""95ea3933-73f1-4795-aaf2-7ffc5773943b"", ""node_type"": ""4"", ""metadata"": {""page_no"": 103, ""headings"": [""Management of Seed Crop""], ""source"": ""https://storage.googleapis.com/annam-dataset/pops/Punjab_Kharif_2025.pdf""}, ""hash"": ""827d7dfdd85d3613affbe0140c692cf5a7f7ced9217f5a51c78c841ea23d2dbc"", ""class_name"": ""RelatedNodeInfo""}}, ""metadata_template"": ""{key}: {value}"", ""metadata_separator"": ""\n"", ""text"": """", ""mimetype"": ""text/plain"", ""start_char_idx"": 0, ""end_char_idx"": 1396, ""metadata_seperator"": ""\n"", ""text_template"": ""{metadata_str}\n\n{content}"", ""class_name"": ""TextNode""}",POP-Package of Practices Kharif 2025_PAU Punjab Agriculture University_Ludhiana,,,,
97339ebb-d778-4ddc-b229-7564febcf9cb,"If older seedlings are used, establishment and yield are adversely affected. Do not allow cracks to develop in

the nursery by properly adjusting the quantity of irrigation water.

MAIN FIELD PREPARATION FOR IRRIGATED  CROP

1.

PLOUGHING

Plough the field with an iron plough once (or) twice.  Sorghum does not require fine tilth since it adversely affects germination and yield in the case of direct sown  crop. To

overcome the subsoil hard pan in Alfisols (deep red soils) chiselling the field at 0.5 m

67

2.

3.

4.

or

intervals  to  a  depth  of  40  cm  on  both  the  directions  of  the  field  followed  by  disc ploughing  once  and  cultivator  ploughing  twice  help  to  increase  the  yield  of  sorghum

and the succeeding crops.

Application of FYM and 100% of recommended N can also be followed. In soils with sub- soil hard pan, chiselling should be done every year at the start of the cropping sequence

to create a favourable physical environment.

APPLICATION OF FYM

Spread

12.5

t/ha

FYM

any compost

along with

2

kg each

Azospirillum,

Phosphobacteria  or    2  kg  of  Azophos  on  the  unploughed  field  and  incorporate  the manure in the soil. Apply  well decomposed  poultry manure  @ 5 t/ha to improve the

grain yield as well as physical properties of  soils.

FORMATION OF RIDGES AND FURROWS

i.

Form ridges and furrows of 6 m length and 45 cm apart ii.

iii.

Form irrigation channels across the furrows

Alternatively form beds of sixe 10 m water.

APPLICATION OF FERTILIZERS Transplanted crop

If soil test recommendations  are not available,  adopt a blanket recommendation  of

90 N, 45 P2 O5 45 K2O kg/ha.",Tamil Nadu,,[],https://workdrive.zohoexternal.in/file/2bmyq9d676ab8baf74386bf8078b151fa9f4f,TextNode,ce0bf3f1-2d8a-4caf-b7cc-950ec45e0dba,ce0bf3f1-2d8a-4caf-b7cc-950ec45e0dba,ce0bf3f1-2d8a-4caf-b7cc-950ec45e0dba,"{""id_"": ""97339ebb-d778-4ddc-b229-7564febcf9cb"", ""embedding"": null, ""metadata"": {""page_no"": null, ""headings"": [], ""source"": ""https://workdrive.zohoexternal.in/file/2bmyq9d676ab8baf74386bf8078b151fa9f4f""}, ""excluded_embed_metadata_keys"": [], ""excluded_llm_metadata_keys"": [], ""relationships"": {}, ""metadata_template"": ""{key}: {value}"", ""metadata_separator"": ""\n"", ""text"": """", ""mimetype"": ""text/plain"", ""start_char_idx"": 0, ""end_char_idx"": 0, ""metadata_seperator"": ""\n"", ""text_template"": ""{metadata_str}\n\n{content}"", ""class_name"": ""TextNode""}",Agriculture-CPG-2020,2025-10-31T08:26:02.337000,,,
a049da39-614b-4003-8f46-2128fff62198,"They  are  planted  to  protect  the  soil  and  enhance  fertility  during off-seasons  or  between  main  crops.  To apply cover crops, choose appropriate species based on specific farm needs, such as legumes for nitrogen fixation or grasses for soil structure improvement. Cover crops are usually planted after the main crop harvest and can be seeded in the fall or during periods when the soil would otherwise be bare. After growth, they can be terminated by mowing, tilling, or  leaving  them  as  mulch.  Cover  crops  improve  soil fertility by fixing nitrogen, adding  organic  matter,  and  reducing  soil erosion with their root systems. They

also  suppress  weeds  by  outcompeting  them  for  sunlight  and  space  and  help conserve moisture in the soil, especially in drought-prone areas.

- III. Ghanajeevamrut  : ghan  jeevamrut is  solid  in  form  and  is  prepared  using ingredients  such as desi cow dung (150 kg), jaggery (1 kg), pulse flour (2 kg), virgin  fertile  soil  for  microbial  culture  (50-100g),  native/desi  cow's  urine  as required.
- IV. Jeevamrut  : Jeevamrut  is  a  liquid  microbial  inoculum,  used  to  improve  soil microbial activity and enhance soil structure. It is made by mixing cow dung, cow urine, jaggery, and pulse flour with water and allowing the mixture to ferment. It can  be  applied  as  a  soil  drench or foliar spray. Jeevamrut can be diluted with water before application. It enhances microbial growth, improves nutrient cycling in  the  soil,  and  supports root development in plants. This practice reduces the need for synthetic fertilizers and pesticides and contributes to the sustainability of the farming system.

## 7. Cropping system

A  diversified  cropping  system  is  key  in  Natural  Farming  because  it  promotes biodiversity, improves soil health, and enhances overall farm resilience.",Pops_Multiple_States,,[],https://workdrive.zoho.in/file/zu51zd898177264804b4d83d01ce98b768a7b,TextNode,d60f0408-7739-4aad-9189-1f811c39d622,d60f0408-7739-4aad-9189-1f811c39d622,d60f0408-7739-4aad-9189-1f811c39d622,"{""id_"": ""a049da39-614b-4003-8f46-2128fff62198"", ""embedding"": null, ""metadata"": {""page_no"": null, ""headings"": [], ""source"": ""https://workdrive.zoho.in/file/zu51zd898177264804b4d83d01ce98b768a7b""}, ""excluded_embed_metadata_keys"": [], ""excluded_llm_metadata_keys"": [], ""relationships"": {}, ""metadata_template"": ""{key}: {value}"", ""metadata_separator"": ""\n"", ""text"": """", ""mimetype"": ""text/plain"", ""start_char_idx"": 0, ""end_char_idx"": 0, ""metadata_seperator"": ""\n"", ""text_template"": ""{metadata_str}\n\n{content}"", ""class_name"": ""TextNode""}",POP- Natural Farming Practices,2025-10-31T08:26:02.344000,,,
56dce4fa-a8b9-4b7d-bef4-8b58a2dcc83a,"Foundation

<!-- image -->

**Image Description:** the logo for the new nabard




NABARD

| Top Disease(s)   | Top Disease(s)   | Top Disease(s)   | Others               | Others        | Treatment                                    | Treatment                                                                                         | Treatment                            | Treatment                                                                         |
|------------------|------------------|------------------|----------------------|---------------|----------------------------------------------|---------------------------------------------------------------------------------------------------|--------------------------------------|-----------------------------------------------------------------------------------|
|                  | Anthracnose      | Powdery Mildew   | Cercospora leaf spot | Fusarium wilt | Sanjeevni (Powder) + Phasal rakshak (Powder) | 2 Kg / Acre Each Preferably At soil Preparation or up to 30 Days after Sowing - Total 4 Kg / Acre | Bactvipe (Liquid) + Bioharz (Liquid) | 1 Ltr Each - Spray after 30 Days of Sowing - Total 2 Ltrs Repeat                  |
|                  |                  |                  |                      |               | Soil Gold -Granule                           | 4 Kg / Acre - Soil Application at Field Preparation                                               | Bactvipe (Liquid) + Mildown (Liquid) | 1 Ltr Each - Spray after 45 Days of Sowing - Total 2 Ltrs Repeat @weekly Interval |
|                  |                  |                  |                      |               | Phoster - Granule                            | 4 Kg / Acre - Soil Application at Field Preparation                                               |                                      |                                                                                   |
|                  |                  |                  |                      |               | Potash Activa ( Granule)                     | 5 Kg / Acre - Soil Application at Field Preparation                                               |                                      |                                                                                   |
|                  |                  |                  |                      |               | Vam Shakti - Granule                         | 4 Kg / Acre - Soil Application at 25- 30 DAS                                                      |                                      |                                                                                   |

Figure 128: Watermelon crop programs

<!-- image -->

**Image Description:** mak kil foundation logo




Foundation

<!-- image -->

**Image Description:** the logo for the napard",Manipur,,[],https://workdrive.zoho.in/file/zu51zfad0dc4ed0fc40ffb282e25ee0fcd42e,TextNode,a7c5ee9f-c39c-4895-a4f4-33c40ced0672,a7c5ee9f-c39c-4895-a4f4-33c40ced0672,a7c5ee9f-c39c-4895-a4f4-33c40ced0672,"{""id_"": ""56dce4fa-a8b9-4b7d-bef4-8b58a2dcc83a"", ""embedding"": null, ""metadata"": {""page_no"": null, ""headings"": [], ""source"": ""https://workdrive.zoho.in/file/zu51zfad0dc4ed0fc40ffb282e25ee0fcd42e""}, ""excluded_embed_metadata_keys"": [], ""excluded_llm_metadata_keys"": [], ""relationships"": {}, ""metadata_template"": ""{key}: {value}"", ""metadata_separator"": ""\n"", ""text"": """", ""mimetype"": ""text/plain"", ""start_char_idx"": 0, ""end_char_idx"": 0, ""metadata_seperator"": ""\n"", ""text_template"": ""{metadata_str}\n\n{content}"", ""class_name"": ""TextNode""}",1112235721nrs30-one-district-one-product,2025-10-31T08:26:02.344000,,,
e5f10c39-277d-4942-b1a3-c84b6ac01778,"Spacing and Planting Techniques
4.  Sugarcane  Cutter  Planter: Use  two-row  tractor  operated  whole  cane  cutter planter. The complete sugarcane which is fed by the labour sitting on the machine is cut automatically into pieces before dropping into the furrows. Fertilizers and chemicals are also applied simultaneously. The seed rate varies from 32 to 35 q per acre. The labour requirement is 33 man-h/2.5 acre. Length of setts varies from 23 to 42 cm. The speed of operation is 1.20 to 1.90 km per hr. The capacity of machine varies from 2-3 acres per day.
The machine can save about 25% cost of operation in comparison to traditional method. Use this machine on custom hiring basis.
Intercropping: Intercrop one row of the recommended varieties of summer moong or summer mash in between two rows of sugarcane to get an additional grain yield of 1.5 to 2 quintals per acre of summer moong/summer mash. This does not affect the cane yield and improves the soil fertility. The details are as under:
Seed rate per acre, Summer moong = 4 kg. Seed rate per acre, Summer mash = 5 kg. Time of sowing, Summer moong = March 20 to April 10. Time of sowing, Summer mash = March 15 to April 7
Mentha can also be grown as an intercrop. Plant one row of mentha between two rows  of  sugarcane.  Mentha  and  sugarcane  can  be  planted  simultaneously  in  the  first fortnight of February. Use one quintal of mentha suckers per acre. In addition to fertilizers recommended for sugarcane, apply 18 kg N (39 kg Urea) and 10 kg P 2 O 5 (62 kg Super Phosphate) per acre. Half N and full phosphorus may be applied at planting and remaining half N about 40 days after planting. Take only one cutting of Mentha.",Punjab,88,"[""Spacing and Planting Techniques""]",https://storage.googleapis.com/annam-dataset/pops/Punjab_Kharif_2025.pdf,TextNode,8e320256-1b84-46b0-b28f-45363719e48b,8e320256-1b84-46b0-b28f-45363719e48b,8e320256-1b84-46b0-b28f-45363719e48b,"{""id_"": ""e5f10c39-277d-4942-b1a3-c84b6ac01778"", ""embedding"": null, ""metadata"": {""page_no"": 88, ""headings"": [""Spacing and Planting Techniques""], ""source"": ""https://storage.googleapis.com/annam-dataset/pops/Punjab_Kharif_2025.pdf""}, ""excluded_embed_metadata_keys"": [], ""excluded_llm_metadata_keys"": [], ""relationships"": {""1"": {""node_id"": ""8e320256-1b84-46b0-b28f-45363719e48b"", ""node_type"": ""4"", ""metadata"": {""page_no"": 88, ""headings"": [""Spacing and Planting Techniques""], ""source"": ""https://storage.googleapis.com/annam-dataset/pops/Punjab_Kharif_2025.pdf""}, ""hash"": ""bc404cf10b48e19ccbdc2350d8cf73a59ce1f92e9883055f536ec40f413b2ac0"", ""class_name"": ""RelatedNodeInfo""}}, ""metadata_template"": ""{key}: {value}"", ""metadata_separator"": ""\n"", ""text"": """", ""mimetype"": ""text/plain"", ""start_char_idx"": 0, ""end_char_idx"": 1697, ""metadata_seperator"": ""\n"", ""text_template"": ""{metadata_str}\n\n{content}"", ""class_name"": ""TextNode""}",POP-Package of Practices Kharif 2025_PAU Punjab Agriculture University_Ludhiana,,,,
246a49f8-e412-49e2-9c01-af14cfbdceaa,"- C. If the student is not eligible to appear in any of the above (as per clause 6.4.7.A and 6.4.7.B) special examinations or does not clear one or more backlog course in  the  special  examination(s), he/she will have to clear the backlog courses by appearing as ex-student in the regular (main) examination of the semesters in which  such  courses  are  regularly  offered within the maximum permissible duration as prescribed under rules.

## 6.4.8 Fee-cum-penalty structure for students crossing maximum permissible semesters limit of the Programme

The  fee-cum-penalty  structure  for  the  students  of  UG  &amp;  PG  Programmes  after  the  maximum permissible limit of semesters will be followed as per details given below:

## 6.4.8.1 UG Programmes

| Normal Duration        | Maximum                 | Fees chargeable up to permissible Semesters                                | Fees chargeable up to permissible Semesters                | Amount chargeable beyond permissible Semesters with                                                                                   |
|------------------------|-------------------------|----------------------------------------------------------------------------|------------------------------------------------------------|---------------------------------------------------------------------------------------------------------------------------------------|
| Normal Duration        | Limit                   | Condition                                                                  | Fee to be charged                                          | Special Permission                                                                                                                    |
| 4 years or 8 Semesters | 6 years or 12 semesters | Semester withdrawn With official permission.                               | Normal applicable fees as chargeable under rules           | Penalty of Rs. 10,000/- & Rs.15, 000/- for 13 th &14 th Semesters respectively. No permission shall be granted beyond 14 th Semester. |
|                        |                         | Semester break withoutprior permission (i.e. cancellation of registration) | Normal fees applicable plus a fine/penalty of Rs. 15000/-. | Penalty of Rs. 10,000/- & Rs.15, 000/- for 13 th &14 th Semesters respectively. No permission shall be granted beyond 14 th Semester.",Rajasthan,,[],https://workdrive.zohoexternal.in/file/2bmyq265c359ce2234846b4701f7c492dc6e6,TextNode,855224d0-3ab2-4e40-b789-f7521e3fac3e,855224d0-3ab2-4e40-b789-f7521e3fac3e,855224d0-3ab2-4e40-b789-f7521e3fac3e,"{""id_"": ""246a49f8-e412-49e2-9c01-af14cfbdceaa"", ""embedding"": null, ""metadata"": {""page_no"": null, ""headings"": [], ""source"": ""https://workdrive.zohoexternal.in/file/2bmyq265c359ce2234846b4701f7c492dc6e6""}, ""excluded_embed_metadata_keys"": [], ""excluded_llm_metadata_keys"": [], ""relationships"": {}, ""metadata_template"": ""{key}: {value}"", ""metadata_separator"": ""\n"", ""text"": """", ""mimetype"": ""text/plain"", ""start_char_idx"": 0, ""end_char_idx"": 0, ""metadata_seperator"": ""\n"", ""text_template"": ""{metadata_str}\n\n{content}"", ""class_name"": ""TextNode""}",Prospectus 2023-24 (Final),2025-10-31T08:26:02.313000,,,
f227ab83-8403-4550-9e68-a740f6885ee1,"5   | 10.56 | 12.33     | 8.11    | 1.4      | 1.6       | 1.1      |
| 2         | 177     | 11      | 105.5   | 10.05 | 10.93     | 6.66    | 1.3      | 1.5       | 0.9      |
| 3         | 179     | 13      | 110.5   | 9.54  | 9.54      | 5.21    | 1.3      | 1.3       | 0.7      |
| 4         | 181     | 15      | 115.5   | 9.03  | 8.14      | 3.76    | 1.2      | 1.1       | 0.5      |
| 5         | 183     | 17      | 120.5   | 8.52  | 6.75      | 2.31    | 1.1      | 0.9       | 0.3      |
| 6         | 185     | 19      | 125.5   | 8.02  | 5.36      | 0.86    | 1.1      | 0.7       | 0.1      |
| 7         | 187     | 21      | 130.5   | 7.51  | 3.96      | 0       | 1.0      | 0.5       | 0.0      |
| 8         | 189     | 23      | 135.5   | 7.00  | 2.57      | 0       | 0.9      | 0.3       | 0.0      |
| 9         | 191     | 25      | 140.5   | 6.49  | 1.17      | 0       | 0.9      | 0.2       | 0.0      |
| 10        | 193     | 27      | 145.5   | 5.98  | 0         | 0       | 0.",Assam,,[],https://workdrive.zoho.in/file/zu51ze99f681c869441fea3cc046095e56313,TextNode,ae6caf29-0e71-40a9-bb19-b251c89b44dc,ae6caf29-0e71-40a9-bb19-b251c89b44dc,ae6caf29-0e71-40a9-bb19-b251c89b44dc,"{""id_"": ""f227ab83-8403-4550-9e68-a740f6885ee1"", ""embedding"": null, ""metadata"": {""page_no"": null, ""headings"": [], ""source"": ""https://workdrive.zoho.in/file/zu51ze99f681c869441fea3cc046095e56313""}, ""excluded_embed_metadata_keys"": [], ""excluded_llm_metadata_keys"": [], ""relationships"": {}, ""metadata_template"": ""{key}: {value}"", ""metadata_separator"": ""\n"", ""text"": """", ""mimetype"": ""text/plain"", ""start_char_idx"": 0, ""end_char_idx"": 0, ""metadata_seperator"": ""\n"", ""text_template"": ""{metadata_str}\n\n{content}"", ""class_name"": ""TextNode""}",PoP_Rabi_2023,2025-10-31T08:26:02.346000,,,
5f0573fb-4792-4f96-ad85-645e6c075c49,"Shodhana :

1. Nādīsvedana in both the loin region once in the morning
2. Niruhabasti every day before lunch time.  (Formation  of Niruhabasti -Madhu 30  ml  + Saindhava Lavana 5 g + Tila Taila 30 ml + Kalka Dravya ( Shatapushpa , Madanaphala,  Pippali , Vacha in equal quantity) in Chur ] na form 15 gm + Punarnavadi Kwatha 14 -240 ml according to classical method. Basti must be retained not less than 20 minutes.
3. Uttarabasti: Dashamoola Taila , particularly  in  cases  of  obstructive uropathy.
2. Rasayana : List of Rasayana Drugs which may be used for either for prevention or management of the disease
1. Rasayana Churna (equal quantity of Guduchi,  Gok ] sura and Amalaki Churna ) 3  gm thrice  a  day  with  water.
2. Bhumyamalaki Churna 3 gm thrice a day with water.

## Special cautions:

- If the patient is already on mainte -nance dialysis, it is to be continued. The frequency of dialysis is to be reduced according to improvement in the patient's general condition and renal function.
- Patient not responding with above mentioned regimen are to be refereed  to  higher  centers  having facility of dialysis.

Pathya -Apathya (Diet and life style education): Same as level 1

## REFERENCES

- 1 Govind Das Sen, Bhaishajya Ratnavali, Ashmari Rogadhikar, Adhyaya 36/20 edited by Brahma Shankara Mishra. 11th ed. Varanasi: Chaukhambha Sanskrit Sansthan; 1993.
- 8 Govind Das Sen, Bhaishajya Ratnavali, Ashmari  Rogadhikar,  Adhyaya  36/18-20 edited by Brahma Shankara Mishra. 11th ed. Varanasi: Chaukhambha Sanskrit Sansthan; 1993.",Tamil Nadu,,[],https://workdrive.zohoexternal.in/file/2bmyq9e40fac2070647a9a6ec2795eb040074,TextNode,f3101c0e-6af8-4c8c-a7e6-53a598afe94f,f3101c0e-6af8-4c8c-a7e6-53a598afe94f,f3101c0e-6af8-4c8c-a7e6-53a598afe94f,"{""id_"": ""5f0573fb-4792-4f96-ad85-645e6c075c49"", ""embedding"": null, ""metadata"": {""page_no"": null, ""headings"": [], ""source"": ""https://workdrive.zohoexternal.in/file/2bmyq9e40fac2070647a9a6ec2795eb040074""}, ""excluded_embed_metadata_keys"": [], ""excluded_llm_metadata_keys"": [], ""relationships"": {}, ""metadata_template"": ""{key}: {value}"", ""metadata_separator"": ""\n"", ""text"": """", ""mimetype"": ""text/plain"", ""start_char_idx"": 0, ""end_char_idx"": 0, ""metadata_seperator"": ""\n"", ""text_template"": ""{metadata_str}\n\n{content}"", ""class_name"": ""TextNode""}",Downloads_17012023_Ayurvedic Standard Treatment Guildelines,2025-10-31T08:26:02.334000,,,
b5273878-57d9-4f26-8e17-c6a96971dd39,"- In addition, patient may be encouraged to drink medicated warm water like Musta Siddha Jala, Triphala Siddha Jala instead of taking normal water.

Table 12.1: Medicines at level 1 for Sthaulya

| Drugs                 | Dosage form   | Dose       | Time of administration    | Duration   | Anupana                 |
|-----------------------|---------------|------------|---------------------------|------------|-------------------------|
| Triphala              | Churna        | 3-6 gm     | Before meal/ twice daily  | 4-8 weeks  | Luke warm water         |
| Musta 1               | Churna        | 3-6 gm     | Before meal/ thrice daily | 4-8 weeks  | Luke warm water         |
| Haritaki 2            | Churna        | 3-6 gm     | Before meal/ thrice daily | 4-8 weeks  | Luke warm water         |
| Katuki 3              | Churna        | 3-6 gm     | Before meal/ thrice daily | 4-8 weeks  | Luke warm water         |
| Vidanga Churna 4      | Churna        | 3-6 gm     | Before meal/              | 4-8 weeks  | Luke warm water         |
| Gomutra Haritaki 5    | Vati          | 3-6 gm     | Before meal/              | 2-3 weeks  | Luke warm water         |
| Phalatrikadi Kwatha 6 | Kwatha        | 20-40 ml   | Before meal/ twice daily  | 2-3 weeks  | -                       |
| Kanchanara Guggulu 7  | Vati          | 0-5 -1gm   | Before meal/ twice daily  | 2-3 weeks  | Warm water              |
| Triphala Guggulu 8    | Vati          | 0.5-1gm    | Before meal/ twice daily  | 2-3 weeks  | Warm water              |
| Medohara Guggulu      | Vati          | 0.",Tamil Nadu,,[],https://workdrive.zohoexternal.in/file/2bmyq9e40fac2070647a9a6ec2795eb040074,TextNode,b38e212e-e803-4afe-bf87-eaf06490bf71,b38e212e-e803-4afe-bf87-eaf06490bf71,b38e212e-e803-4afe-bf87-eaf06490bf71,"{""id_"": ""b5273878-57d9-4f26-8e17-c6a96971dd39"", ""embedding"": null, ""metadata"": {""page_no"": null, ""headings"": [], ""source"": ""https://workdrive.zohoexternal.in/file/2bmyq9e40fac2070647a9a6ec2795eb040074""}, ""excluded_embed_metadata_keys"": [], ""excluded_llm_metadata_keys"": [], ""relationships"": {}, ""metadata_template"": ""{key}: {value}"", ""metadata_separator"": ""\n"", ""text"": """", ""mimetype"": ""text/plain"", ""start_char_idx"": 0, ""end_char_idx"": 0, ""metadata_seperator"": ""\n"", ""text_template"": ""{metadata_str}\n\n{content}"", ""class_name"": ""TextNode""}",Downloads_17012023_Ayurvedic Standard Treatment Guildelines,2025-10-31T08:26:02.334000,,,
bab56570-adb3-489e-bda7-4c7887b41992,"Add molasses, gypsum, furadan and lindane at the 昀椀rst, third, sixth  and  seventh  turning,  respectively.  The  compost  is  ready in 24 days of stacking. The 昀椀nal grade compost should be dark brown, free from ammonical smell with optimum pH (7.5+0.5) and adequate moisture (65-70%) level.

Note :  A combination of wheat straw and paddy straw (1:1 or 1:2, w/w) can be used and the paddy straw can be added after eight days of composting with wheat straw.

Filling  and  Spawning :  Dismantle  the  stack  and  allow  it to cool, then test its moisture content and pH. Fill the container

(trays  or  fruit  crates)  upto  3.5""  with  compost  and  seed  it. Add more compost upto the level of 7"" and broadcast the remaining seed on the surface. Seed is added at the rate of 300g/sq.m. bed area. Cover the trays with newspaper sheets, arrange them indoors and spray water at least twice a day. Polythene bags (18"" × 24"") can also be used. These are 昀椀lled with spawned compost @ 10 kg/bag.

Casing : The spawn impregnated compost is covered with a mixture of farmyard manure and sandy soil (4:1;v/v) disinfected with 4-5 per cent formalin solution uniformally (1250 ml, 40 per cent formalin required for 200 kg casing soil for  compost prepared from 300 kg straw).

Disinfection of the casing mixture :  Moisten the farmyard manure and sandy soil mixture. Then drench with 4-5% formalin, add Furadan (3G) @ 20g/100 kg and cover with gunny bags or tarpaulin  for  at  least  48  hours.  Thereafter,  it  should  be  turned periodically to avoid fumes at the time of use.",Punjab,,[],https://workdrive.zoho.in/file/e3a7e85475bad3a8c4bf483b4227b7058ef7b,TextNode,ab9ed390-ab53-4fca-bad0-2b715165e7d1,ab9ed390-ab53-4fca-bad0-2b715165e7d1,ab9ed390-ab53-4fca-bad0-2b715165e7d1,"{""id_"": ""bab56570-adb3-489e-bda7-4c7887b41992"", ""embedding"": null, ""metadata"": {""page_no"": null, ""headings"": [], ""source"": ""https://workdrive.zoho.in/file/e3a7e85475bad3a8c4bf483b4227b7058ef7b""}, ""excluded_embed_metadata_keys"": [], ""excluded_llm_metadata_keys"": [], ""relationships"": {}, ""metadata_template"": ""{key}: {value}"", ""metadata_separator"": ""\n"", ""text"": """", ""mimetype"": ""text/plain"", ""start_char_idx"": 0, ""end_char_idx"": 0, ""metadata_seperator"": ""\n"", ""text_template"": ""{metadata_str}\n\n{content}"", ""class_name"": ""TextNode""}",pp_fruits,2025-10-31T08:26:02.344000,,,
db27e607-6862-4c79-913b-0819f3d163c1,"There is a high possibility of evaporation and percolation due to the method of draining water on the land.Thus, irrigation efficiency is reduced as most of the water used does not reach the crop.By using water sparingly, more crops can be obtained, which saves water and can be used to irrigate other areas.Drip irrigation is the best water saving technology in agriculture.In this system, water wastage can be prevented in every way.In this system, depending on the placement of laterals, it is divided into surface and sub-surface drip irrigation.",Karnataka,214,[],https://workdrive.zoho.in/file/0u4ck6f4a43531b7f4cb6b3c57c6167c7ca73,TextNode,6ba235a5-505d-442f-b2fe-09c4d7ee6b14,6ba235a5-505d-442f-b2fe-09c4d7ee6b14,6ba235a5-505d-442f-b2fe-09c4d7ee6b14,(populate LlamaIndex JSON string in production),"Compressive POP-Package of Practice_University of Agricultural Science, Bangalore_ The Gandhi Krishi Vignana Kendra (GKVK) Yelahanka, North Bengaluru, Karnataka",2026-04-07T08:48:51.842000,,,
777d3660-bdbc-4398-bd23-a51a09e5a26c,"Herbicides and methods of use
<table id=""41-1"">
<tr><td id=""41-2"">Name of weed killer</td><td id=""41-3"">Weedicide needed per acre</td><td id=""41-4"">Mixture needed per acre</td><td id=""41-5"">Application timeMade</td><td id=""41-6"">Instructions</td></tr>
<tr><td id=""41-7"">pretilachlor 35 e.c.</td><td id=""41-8"">3 l</td><td id=""41-9"">with 200 l of water</td><td id=""41-a"">weeds 1-2 leavesid=""41-b"">male rice to the area</td></tr>
<tr><td id=""41-c"" rowspan=""2"">Butachlor te.50 E.C.
then chlorimuron ethyl+
Metasulfuran methyl Te.20
ಮಡಿ</td><td id=""41-d"" rowspan=""2"">0.8 ಲೀ

8 g</td><td id=""41-e"">30 kg of sand</td><td id=""41-f"">within 3 days</td><td id=""41-g"">can be used for all types of weeds.</td></tr>
<tr><td id=""41-h"">With 200 L water</td><td id=""41-i"">In 15-20 days</td><td id=""41-j"">Can be used for all types of weeds.</td></tr>
<tr><td id=""41-k"">bispyribac sodium 10% SC</td><td id=""41-l"">0.08 l</td><td id=""41-m"">with 200 l of water</td><td id=""41-l"">15-25 days(When weeds drop 1-2 leaves)</td><td id=""41-o"">Can be used for all types of weeds</td></tr>
</table>
Note: When using pre-emergent herbicides, water the field thinly to a depth of 0.5 inches only.One for 24 hours
Care should be taken that water does not flow from one pot to another pot.After 48 hours, release fresh water to the farm.",Karnataka,41,"[""Herbicides and methods of use""]",https://workdrive.zoho.in/file/0u4ck6f4a43531b7f4cb6b3c57c6167c7ca73,TextNode,6ba235a5-505d-442f-b2fe-09c4d7ee6b14,6ba235a5-505d-442f-b2fe-09c4d7ee6b14,6ba235a5-505d-442f-b2fe-09c4d7ee6b14,(populate LlamaIndex JSON string in production),"Compressive POP-Package of Practice_University of Agricultural Science, Bangalore_ The Gandhi Krishi Vignana Kendra (GKVK) Yelahanka, North Bengaluru, Karnataka",2026-04-07T08:48:48.948000,,,
2c75b98d-ecfe-4fd1-bbc8-41988e0d0235,"Nowadays we are witnessing fluctuations in agricultural productivity due to extreme weather conditions, pest, disease and many other reasons.Farmers are facing problems every year especially due to drought and excess rain.Facing all these difficulties and changes, it is a challenge for farmers to focus on achieving success in agriculture and making more profits and to control the migration of smallholders from rural areas to cities in search of non-agricultural employment.For this, there is a need to think about promoting agriculture-related enterprises in rural areas.In this direction, diploma degrees in various subjects of agriculture have been started in different talukas/districts under the jurisdiction of Dharwad Agricultural University, which will help young farmers to show interest in agriculture and will complement agricultural productivity.",Karnataka,4,[],https://workdrive.zoho.in/file/0u4ckd9bb462e40f347a7bee995604567f4a0,TextNode,4c16440b-4e73-43c1-b3b8-2d2212b74353,4c16440b-4e73-43c1-b3b8-2d2212b74353,4c16440b-4e73-43c1-b3b8-2d2212b74353,(populate LlamaIndex JSON string in production),"Improved farming pratices _University of Agricultural Science, Dharward (UASD)_Krishinagar, Dharwad - 580005, Karnataka",2026-04-07T08:49:06.506000,,,
78d58038-990e-4a63-a8bd-3c7a310c1bfc,"10. Productivity Grains : 20 to 25 quintals Kadaba : 35 to 40 quintals 11. Varietal characteristics/special properties 1.This variety is of medium height i.e. 150-200 cm and is resistant to Gosavi disease.2.The color of the seeds is greenish and the weight of 1000 seeds is 14 to 16 grams.3.Since it is a straight seed, its seeds can be used for sowing continuously for three years.4.The quality of the bread is excellent.12 Varietal Photographs <::A photograph shows a bundle of several millet-like stalks, each with a cylindrical head composed of many small grains.The stalks are tied together near the bottom.A small yellow tag is attached to the bundle, displaying the text ""AIMP-92901"".The background is dark green.: figure::>",Maharashtra,,[],https://workdrive.zohoexternal.in/file/2bmyqfc2f54270ef04a0d929eb8e5023ad2d1,TextNode,2ad54d2c-fede-4faf-be3a-6d2b187eb8af,2ad54d2c-fede-4faf-be3a-6d2b187eb8af,2ad54d2c-fede-4faf-be3a-6d2b187eb8af,"{""id_"": ""78d58038-990e-4a63-a8bd-3c7a310c1bfc"", ""embedding"": null, ""metadata"": {""page_no"": null, ""headings"": [], ""source"": ""https://workdrive.zohoexternal.in/file/2bmyqfc2f54270ef04a0d929eb8e5023ad2d1""}, ""excluded_embed_metadata_keys"": [], ""excluded_llm_metadata_keys"": [], ""relationships"": {}, ""metadata_template"": ""{key}: {value}"", ""metadata_separator"": ""\n"", ""text"": """", ""mimetype"": ""text/plain"", ""start_char_idx"": 0, ""end_char_idx"": 0, ""metadata_seperator"": ""\n"", ""text_template"": ""{metadata_str}\n\n{content}"", ""class_name"": ""TextNode""}",AIMP-92901,2025-10-31T08:26:02.347000,,,
4a086b59-7768-43c4-90ef-2cca918a7f8d,"Value addition of vegetables and fruits for nutritional security and income generation
Food has been considered a major factor in maintaining the health of individuals.The active ingredients in food include amino acids, fats, fibres, antioxidants, pigments, vitamins and minerals present in various food groups such as pulses, cereals, legumes, oilseeds, fruits and vegetables which are effective in promoting human health.Fruits and vegetables in all of these food groups play an important role in human nutrition, particularly as sources of vitamins, minerals, and dietary fiber.Various fruits and vegetables like carrots, tomatoes potatoes, ginger, green leafy vegetables are protective foods as they contain nutritional value and antioxidant properties.Such fruits and vegetables can be conserved by adding value to them by manufacturing various value added products.",Karnataka,533,"[""Value addition of vegetables and fruits for nutritional security and income generation""]",https://workdrive.zoho.in/file/0u4ck6f0f0e3687024b74917489a52fcd6683,TextNode,c9f53148-1553-4abd-b80f-d987641fae4d,c9f53148-1553-4abd-b80f-d987641fae4d,c9f53148-1553-4abd-b80f-d987641fae4d,(populate LlamaIndex JSON string in production),"ICAR Rabi Agro-Advisories for Farmers 2021-2022_Indian Council of Agricultural Research, Krishi Bhawan, New Delhi",2026-04-07T08:48:38.729000,,,
1ee9c440-bc4b-4824-96ea-6c661b73314a,"Ridge &Furrow/Raised bed sowing in plain areas and in Terraces. Dibbling instead of broadcasting. | Promote optimum water supply system, WHS           |

|                                      |                                                   | Horticulture crops: Passion Fruit Pineapple Banana M. Orange   | No change                                                                                                                                                                                                                                       | Mulching with organic materials, Earthing up, half moon terraces. Bunding, check dams, promote WHS, life saving irrigation, application of lime/FYM                                          |
|--------------------------------------|---------------------------------------------------|----------------------------------------------------------------|-------------------------------------------------------------------------------------------------------------------------------------------------------------------------------------------------------------------------------------------------|----------------------------------------------------------------------------------------------------------------------------------------------------------------------------------------------|
|                                      | 3) Rainfed Low land                               | Rice                                                           | Paddy var. RCM-10, RCM-11, Local, CAU R1,                                                                                                                                                                                                       | Deep ploughings (3 times), application of fertilizers & manures, Late sowing                                                                                                                 |
| Delay by 4 weeks (1 st week of July) | 1) Upland /Jhum Rich Alluvial Soil                | Rice based Rice + Maize + Cucumber                             | Rice : local short duration var. Idaw, tai, Buhsakei, CAU R1 Maize: Local sticky maize, HQPM , RCM- 75, Cucumber: Var. Local, Pusa Sanyog, Pant Khiraa- 1 Local vegs                                                                            | Late sowing, Sowing by dibbling, Interculture operations, Mulching Earthing up, Log/bamboo bunding to conserve run -off water & top soil, Spraying of 0.2% Urea spraying of 0.2% Potash      |
| Delay by 4 weeks (1 st week of July) | 1) Upland /Jhum Rich Alluvial Soil                | Ginger                                                         | Local var.",Mizoram,,[],https://workdrive.zoho.in/file/zu51za159c94500f546ad8c9be7149862a70f,TextNode,7370bbf8-402f-4105-9684-992ad9ee880d,7370bbf8-402f-4105-9684-992ad9ee880d,7370bbf8-402f-4105-9684-992ad9ee880d,"{""id_"": ""1ee9c440-bc4b-4824-96ea-6c661b73314a"", ""embedding"": null, ""metadata"": {""page_no"": null, ""headings"": [], ""source"": ""https://workdrive.zoho.in/file/zu51za159c94500f546ad8c9be7149862a70f""}, ""excluded_embed_metadata_keys"": [], ""excluded_llm_metadata_keys"": [], ""relationships"": {}, ""metadata_template"": ""{key}: {value}"", ""metadata_separator"": ""\n"", ""text"": """", ""mimetype"": ""text/plain"", ""start_char_idx"": 0, ""end_char_idx"": 0, ""metadata_seperator"": ""\n"", ""text_template"": ""{metadata_str}\n\n{content}"", ""class_name"": ""TextNode""}",Champhai,2025-10-31T08:26:02.308000,,,
bb66bbeb-716b-4afe-a1e7-280a4c8bb313,"- c. Mix  turmeric  powder,  ginger  chutney  and asafoetida powder well and keep it  shade for 24 hours.
- d. Stir this mixture, mix dry ginger powder  ginger powder,  tobacco  powder, hot green chilies, and desi garlic chutney well and keep it for 24 hours.
- e.  Crush  the  leaves  of  plants  and  press  them  in  this mixture. Cover the mixture with a gunny bag and keep it  for  30  to  40  days  and  stir  it  2-3  minutes  in  the morning and evening.
- f. Keep away this mixture from direct sunlight and rain. This process takes 40 days to complete after that filter solution using a muslin cloth and store it in a pot. This can store up to 6 months.
- g. Dosage: dissolve 6-8 litre of solution into 200 litre of water and spray in one acre.

## 4. Neemastra:

- a.  Mix 5 liters of desi cow urine, 1 kg of fresh cow dung and 5 kg of neem leaf paste in 100 liters of water.
- b.  Ferment  the  mixture  for  48-96  hours,  stirring  twice daily and filter with cloth.
- c. Dosage:  Total  prepared  quantity  is  sufficient for one acre.

## ii. Disease management

1. beejamrut:

- a.  Take 20 litres water, 5 kg desi cow dung,  5 liters desi cow urine, 50 g edible calcium, - 200 gram bund soil in a plastic drum/ mud pot/ iron drum/ cement drum.
- b.  Mix  all  the  ingredients  by  stirring  it  with  a  wooden stick in a clockwise direction.
- c. Soak the solution overnight.
- d.  Next day morning filter it with a nylon cloth and it can be used for seed treatment
- e. Shelf Life: 48 hours.

## 2. Sour butter milk:

- a.  Take 6 liters of milk and make curds with it.
- b.  Remove the Creamy layer on it. Let it remain for 3 to 5 days, so there will be a grey layer of fungus formed.",Pops_Multiple_States,,[],https://workdrive.zoho.in/file/zu51zd898177264804b4d83d01ce98b768a7b,TextNode,67e9a66b-4be1-491a-85f1-cf2a06b2c5a4,67e9a66b-4be1-491a-85f1-cf2a06b2c5a4,67e9a66b-4be1-491a-85f1-cf2a06b2c5a4,"{""id_"": ""bb66bbeb-716b-4afe-a1e7-280a4c8bb313"", ""embedding"": null, ""metadata"": {""page_no"": null, ""headings"": [], ""source"": ""https://workdrive.zoho.in/file/zu51zd898177264804b4d83d01ce98b768a7b""}, ""excluded_embed_metadata_keys"": [], ""excluded_llm_metadata_keys"": [], ""relationships"": {}, ""metadata_template"": ""{key}: {value}"", ""metadata_separator"": ""\n"", ""text"": """", ""mimetype"": ""text/plain"", ""start_char_idx"": 0, ""end_char_idx"": 0, ""metadata_seperator"": ""\n"", ""text_template"": ""{metadata_str}\n\n{content}"", ""class_name"": ""TextNode""}",POP- Natural Farming Practices,2025-10-31T08:26:02.344000,,,
e97f166b-9020-4631-9f06-ead50c023253,"First spray at the time of disease appearance and second spray at 15 days later. CIB Recommendation • Spray Azoxystrobin 11% + Tebuconazole 18.3% w/w SC @ 750 ml/ha or Azoxystrobin 7.1% + Propiconazole 11.9 % W/W SE @ 500 ml/ha or Flusilazole 40% EC @ 300 ml/ha or iprodione 50 %W.P @2.25 kg/ha or Pencycuron 22.9 % SC @ 600-750 ml/ha or Propiconazole 25% E.C @ 500 ml/ha or Thifluzamide 24 % SC @ 375 ml/ha or                                                    |

|                                                                                                                 | Carbendazim 25 % + Flusilazole 12.5% SE @ 800-960 ml/ha after observing initial infection of the disease For combined infection of blast and sheath blight • Spray Hexaconazole 4% + Carbendazim 16% SC @ 750 gm/ha or Hexaconazole 5% EC @ 1000 ml/ha or Iprodione 25% + Carbendazim 25% WP@ 500 gm/ha or Carpropamid 27.8% SC @ 100 ml/ha or Iprobenphos 48 % EC @200 ml/ha or Kresoxim-methyl 44.3% SC @500 gm/ha or Tebuconazole 25.9% E.C. @ 750 ml/ha or Tricyclazole 45% + Hexaconazole 10% WG @500 gm/ha or Carbendazim 1.92% + Mancozeb 10.08% GR @ 12.5 kg/ha after observing initial infection of the disease. Repeat the applications as per severity of diseases.",Tamil Nadu,,[],https://workdrive.zoho.in/file/gbhc337b41ac0f0cd45febc0f542b3b474557,TextNode,585ca43a-0e48-4019-8ab1-b5f5763dc968,585ca43a-0e48-4019-8ab1-b5f5763dc968,585ca43a-0e48-4019-8ab1-b5f5763dc968,"{""id_"": ""e97f166b-9020-4631-9f06-ead50c023253"", ""embedding"": null, ""metadata"": {""page_no"": null, ""headings"": [], ""source"": ""https://workdrive.zoho.in/file/gbhc337b41ac0f0cd45febc0f542b3b474557""}, ""excluded_embed_metadata_keys"": [], ""excluded_llm_metadata_keys"": [], ""relationships"": {}, ""metadata_template"": ""{key}: {value}"", ""metadata_separator"": ""\n"", ""text"": """", ""mimetype"": ""text/plain"", ""start_char_idx"": 0, ""end_char_idx"": 0, ""metadata_seperator"": ""\n"", ""text_template"": ""{metadata_str}\n\n{content}"", ""class_name"": ""TextNode""}",01_Rice,2025-10-31T08:26:02.336000,,,
675980e4-7047-4c0f-a78e-0847480f9413,"Tudtude and Fulcidae</td><td id=""1-9"">Dimethoate 30 EC Methyl Dimeton 25 EC Acetamithrid 20 SP Imidacloprid 17.8 SL Thiomethaxam 25 WG Fipronil 5 SC</td><td id=""1-a"">10 ml 8 ml 2 gm 4 ml 3 gm 20Milli</td></tr>
<tr><td id=""1-b"">Pandhari Mashi</td><td id=""1-c"">Trazhophos 40 EC Drayphenthuron 50 DBlue P</td><td><td><td><td><td>
<tr><td id=""1-e""></td><td id=""1-f"">Flour lumps</td><td id=""1-g"">Chlorpyrifos 20 EC Acephate 75 SP (mix 20 g washing powder with insecticide</td><td id=""1-h"">30 ml 20 ml</td></tr>
<tr><td id=""1-i""></td><td id=""1-j""></td><td id=""1-k""></td><td id=""1-l"">Quinolphos 25 EC</td><td id=""1-m"">20 ml</td></tr>
<tr><td id=""1-n"" rowspan=""5""></td><td id=""1-o""></td><td id=""1-p"">Bond worm</td><td id=""1-q"">Thiodicarb 75 W P Spinosad 45SC</td><td id=""1-r"">20 gm 4 ml</td></tr>
<tr><td id=""1-s"" rowspan=""4"">blue squiggle</td><td id=""1-t"">Disease Management</td><td id=""1-u"" colspan=""3"">Dahiya is a disease of cotton.This disease is found from the beginning in the month of August.The first symptom of this disease is the appearance of white streaks on the lower side of the old leaves of the tree.",Maharashtra,,[],https://workdrive.zohoexternal.in/file/2bmyq2c6d96d25e44473abe93e8af068c1cf4,TextNode,942808b5-cd44-494a-948e-8222a04310d5,942808b5-cd44-494a-948e-8222a04310d5,942808b5-cd44-494a-948e-8222a04310d5,"{""id_"": ""675980e4-7047-4c0f-a78e-0847480f9413"", ""embedding"": null, ""metadata"": {""page_no"": null, ""headings"": [], ""source"": ""https://workdrive.zohoexternal.in/file/2bmyq2c6d96d25e44473abe93e8af068c1cf4""}, ""excluded_embed_metadata_keys"": [], ""excluded_llm_metadata_keys"": [], ""relationships"": {}, ""metadata_template"": ""{key}: {value}"", ""metadata_separator"": ""\n"", ""text"": """", ""mimetype"": ""text/plain"", ""start_char_idx"": 0, ""end_char_idx"": 0, ""metadata_seperator"": ""\n"", ""text_template"": ""{metadata_str}\n\n{content}"", ""class_name"": ""TextNode""}",PA-402-(Vinayak),2025-10-31T08:26:02.347000,,,
a833a667-9b58-4351-a5cc-50b1f1322478,"**Godavari Zone**: Swarna, Indra, Amara, Bhima, Pushyami, Ksheera, Sravani,
Maruteru Shamba & Mussoorie, eight 1212, 1280, 1281, 1293, 1310, 1321, 1318, 1232,",Karnataka,15,"[""**Godavari Zone**: Swarna, Indra, Amara, Bhima, Pushyami, Ksheera, Sravani,""]",https://workdrive.zoho.in/file/0u4ck598c81fd38fa46d2b168b78abddaed42,TextNode,69e68b29-6a66-4ada-a276-aa5dd50f2a72,69e68b29-6a66-4ada-a276-aa5dd50f2a72,69e68b29-6a66-4ada-a276-aa5dd50f2a72,(populate LlamaIndex JSON string in production),"ICAR Kharif Agro-Advisories for Farmers 2025_Indian Council of Agricultural Research, Krishi Bhawan, New Delhi",2026-04-07T08:48:23.169000,,,
532c954f-cbcd-47a5-af26-34a61c900249,"8), Dondi (68.7) Bemetara - Saja (66.4), Navagarh (75.5) Bastar -Bakwand (78.6), Bastar (68.2), Lohandiguda (78.9) Kondagaon - Makadi (79.8) Kanker - Pakanjur (70.8) Dantewada - Kuakonda (67.1) |

(unit- mm)

## ANNEXURE-XI DISTRICTWISE RECOMMENDED VARIETIES OF PULSES FOR CHHATTISGARH

|   S. No. | Districts    | Name of Pulse Crop   | Prevalent Varieties                   | Recommended Varieties (ICAR/SAUs)   |
|----------|--------------|----------------------|---------------------------------------|-------------------------------------|
|        1 | Raipur       | Pigeonpea            | Asha, UPAS-120, LRG-41                | Rajeev Lochan, TJT-501              |
|        1 | Raipur       | Urdbean              | TAU-1, Shekhar                        | Azad Urd-3, TU-94-2                 |
|        1 | Raipur       | Moongbean            | HUM-1, SML-668, K-851                 | HUM-1, Pragya                       |
|        1 | Raipur       | Chickpea             | JG-74, JG-14, Vishal                  | JG-74, JG-14, Vishal                |
|        1 | Raipur       | Lentil               | K-75, JL-3                            | Pant Lentil-7, 8, JL-3              |
|        1 | Raipur       | Peas                 | IP-885, Prakash, Arkel, Rachna        | Rachna, Prakash, Arkel              |
|        1 | Raipur       | Lathyrus             | Prateek, Ratan                        | Mahatiwada, Prateek                 |
|        2 | Baloda Bazar | Pigeonpea            | Asha, LRG-41                          | LRG-41, BSMR-863                    |
|        2 | Baloda Bazar | Urdbean              | TU-94-2,",Chattisgarh,,[],https://workdrive.zoho.in/file/zu51zec42f83042f14531843653b58aaf7487,TextNode,0b8e3ab1-bdc9-41ca-9d27-7da0e15a0a1b,0b8e3ab1-bdc9-41ca-9d27-7da0e15a0a1b,0b8e3ab1-bdc9-41ca-9d27-7da0e15a0a1b,"{""id_"": ""532c954f-cbcd-47a5-af26-34a61c900249"", ""embedding"": null, ""metadata"": {""page_no"": null, ""headings"": [], ""source"": ""https://workdrive.zoho.in/file/zu51zec42f83042f14531843653b58aaf7487""}, ""excluded_embed_metadata_keys"": [], ""excluded_llm_metadata_keys"": [], ""relationships"": {}, ""metadata_template"": ""{key}: {value}"", ""metadata_separator"": ""\n"", ""text"": """", ""mimetype"": ""text/plain"", ""start_char_idx"": 0, ""end_char_idx"": 0, ""metadata_seperator"": ""\n"", ""text_template"": ""{metadata_str}\n\n{content}"", ""class_name"": ""TextNode""}",CG NLMT Kharif 2018,2025-10-31T08:26:02.341000,,,
07f42abf-0bee-4531-99f1-3b6c8130801f,"## Investigation:

- Complete hemogram
- CRP
- S. Uric Acid, RA factor
- X-ray of affected joints

Treatment: Treatment given in Level 1 may be continued.

Table 32.2: Medicines at level 2 for Vatarakta

| Drugs                                                                               | Dosage form   | Dose              | Time of administration   | Duration   | Anupana              |
|-------------------------------------------------------------------------------------|---------------|-------------------|--------------------------|------------|----------------------|
| Brhat manjistadi Kwatha 9                                                           | Decoction     | 20-40 ml          | Before meal twice daily  | 2-3 weeks  | -                    |
| Amrutadi Guggulu                                                                    | Vati          | 1-2 Vati (500 mg) | After meal/ twice daily  | 2-3 weeks  | Warm water           |
| Panchtikta Guggulu Ghrita 1 0                                                       | Ghee          | 12 gm             | Before meal/ twice daily | 2-3 weeks  | Milk, warm water     |
| Sukumara Ghrita 1 1                                                                 | Ghee          | 12 gm             | Before meal/ twice daily | 2-3 weeks  | Milk, warm water     |
| Madhu-yashtyadi Tailam 1 2                                                          | Oil           | 6 to 10 drops     | Before meal/ twice daily | 2-3 weeks  | Warm Water           |
| Griha dhumadi 13 Lep a                                                              | Churna        | Q.S.              | Once daily               | 15 days    | External application |
| Nagaradi Lepa                                                                       | Churna        | Q.S.              | Once daily               | 15 days    | External application |
| Dashamoola Ksheera                                                                  | Kshira Paka   | Q.S.              | Once daily               | 15 days    | External application |
| Sahacharadi Taila 14 /Pinda Taila 15 / Dhanvantaram Taila 16 / Ksheerabala Taila 17 | Taila         | Q.S.",Tamil Nadu,,[],https://workdrive.zohoexternal.in/file/2bmyq9e40fac2070647a9a6ec2795eb040074,TextNode,aaa2cfa7-e3d0-42dc-a23c-23f0e9ec245a,aaa2cfa7-e3d0-42dc-a23c-23f0e9ec245a,aaa2cfa7-e3d0-42dc-a23c-23f0e9ec245a,"{""id_"": ""07f42abf-0bee-4531-99f1-3b6c8130801f"", ""embedding"": null, ""metadata"": {""page_no"": null, ""headings"": [], ""source"": ""https://workdrive.zohoexternal.in/file/2bmyq9e40fac2070647a9a6ec2795eb040074""}, ""excluded_embed_metadata_keys"": [], ""excluded_llm_metadata_keys"": [], ""relationships"": {}, ""metadata_template"": ""{key}: {value}"", ""metadata_separator"": ""\n"", ""text"": """", ""mimetype"": ""text/plain"", ""start_char_idx"": 0, ""end_char_idx"": 0, ""metadata_seperator"": ""\n"", ""text_template"": ""{metadata_str}\n\n{content}"", ""class_name"": ""TextNode""}",Downloads_17012023_Ayurvedic Standard Treatment Guildelines,2025-10-31T08:26:02.335000,,,
6d213ff6-c1af-42de-9d8c-1b9b5e6c3f8b,*Note: RHB-154 is specifically recommended for regions with very low rainfall (<400 mm per year).,Karnataka,219,"[""*Note: RHB-154 is specifically recommended for regions with very low rainfall (<400 mm per year).""]",https://workdrive.zoho.in/file/0u4ck598c81fd38fa46d2b168b78abddaed42,TextNode,69e68b29-6a66-4ada-a276-aa5dd50f2a72,69e68b29-6a66-4ada-a276-aa5dd50f2a72,69e68b29-6a66-4ada-a276-aa5dd50f2a72,(populate LlamaIndex JSON string in production),"ICAR Kharif Agro-Advisories for Farmers 2025_Indian Council of Agricultural Research, Krishi Bhawan, New Delhi",2026-04-07T08:48:26.060000,,,
ac615012-8092-4149-834b-b2b5b0cec13d,"This  requires improving  economic  viability  of  farming  by  substantially  increasing  the  net  income  of  the farmers. Given this scenario, if the state can develop better agricultural  infrastructure, capacity building measures, and streamlined and sufficient flow of credit, it can overcome the challenge it faces in the current circumstances. The next question which arises is how can this be achieved? This can work out if agro-ecological specific agricultural projects are clearly formulated to form policies  with  realistic  objectives  above  and  beyond  effective  planning.  This  would  grease  the wheels of sustainable rural development and would also help to meet the agricultural challenges. To  make  the  agriculture  sector  profitable  as  well  as  sustainable,  an  alteration  in  agriculture planning  is  the  need  of  the  hour.  Knowledge  driven  interventions  in  crops  and  area-focused

approach  ignoring  the  commodity  based  approach  are  indispensable.  Collective  efforts  are required for the following:

- Resource  allocation  on  crops,  livestock  and  horticulture  that  depends  on  resource endowments needs a non-discriminatory approach
- Promotion  of Aristech industry to discover technological solutions, technological innovations and adoption
- To  brace  production  systems  and  forward  linkages,  a  farmer  centric  institutional framework like farmer producer organisations (EPOs)
- Increasing the agriculture industry linkages to promote agriculture

The  role  NABARD  is  quite  crucial  in  the  credit  flow  for  sustainable  agriculture.  One  of  the sustainable strategies of NABARD is to facilitate enhancement in agricultural productivity and generation  of  income  and  employment  in  agriculture  and  off-farm  sectors,  through  refinance support to banks and financial institutions.

## Objectives of the Study

1.  To  do  a  comparative  chronological  analysis  of  the  sustainable  agricultural  development  in Jharkhand
2. To examine the different schemes, acts and policies undertaken by the Jharkhand Government for the sustainable agriculture and food security.
3. To analyse the role of NABARD in the agricultural credit.
4.",Jharkhand,,[],https://workdrive.zoho.in/file/zu51z84a8aa0abfff46f8ada3287aa385ce80,TextNode,6b9398e2-1883-414d-8d58-99fcfd7bf69f,6b9398e2-1883-414d-8d58-99fcfd7bf69f,6b9398e2-1883-414d-8d58-99fcfd7bf69f,"{""id_"": ""ac615012-8092-4149-834b-b2b5b0cec13d"", ""embedding"": null, ""metadata"": {""page_no"": null, ""headings"": [], ""source"": ""https://workdrive.zoho.in/file/zu51z84a8aa0abfff46f8ada3287aa385ce80""}, ""excluded_embed_metadata_keys"": [], ""excluded_llm_metadata_keys"": [], ""relationships"": {}, ""metadata_template"": ""{key}: {value}"", ""metadata_separator"": ""\n"", ""text"": """", ""mimetype"": ""text/plain"", ""start_char_idx"": 0, ""end_char_idx"": 0, ""metadata_seperator"": ""\n"", ""text_template"": ""{metadata_str}\n\n{content}"", ""class_name"": ""TextNode""}",Sustainable-Agriculture-and-Food-Security-Challenges-and-Policies-of-Jharkhand,2025-10-31T08:26:02.325000,,,
bc6c0ab9-9e80-4cf8-9465-0a3b426a51a6,"Biological materials
<table id=""73-1"">
<tr><td id=""73-2""></td><td id=""73-3""></td><td id=""73-4"">per hectare</td></tr>
<tr><td id=""73-5"">1.</td><td id=""73-6"">Saplings</td><td id=""73-7"">143 (per hectare)</td></tr>
<tr><td id=""73-8""></td><td id=""73-9"">(9 mm X 9 mm X 9 mm) Triangle
(hexagonal) system</td><td id=""73-a""></td></tr>
<td><td id=""73-b"">2.</td><td id=""73-c"">Barn manure / compost</td><td id=""73-d"">(for each plant)</td></tr>
<tr><td id=""73-e""></td><td id=""73-f"">Before planting</td><td id=""73-g"">20 km.gram</td></tr>
<tr><td id=""73-h""></td><td id=""73-i"">2-3 years after planting</td><td id=""73-j"">25 km.gram</td></tr>
<tr><td id=""73-k""></td><td id=""73-l"">4 years after planting</td><td id=""73-m"">50 km.gram</td></tr>
</table>
3. Chemical fertilizers",Karnataka,173,"[""Biological materials""]",https://workdrive.zoho.in/file/0u4ck92141867d7d24f57a6a0f6cc52cda094,TextNode,f98fd64d-f575-48d2-ba9f-965266a61a81,f98fd64d-f575-48d2-ba9f-965266a61a81,f98fd64d-f575-48d2-ba9f-965266a61a81,(populate LlamaIndex JSON string in production),"Compressive Horticultural -POP-Package of Practice _ University of Horticultural Science,Bagalkot(UHSB)_Udyanagiri, Navanagar, Bagalkot - 587104, Karnataka",2026-04-07T08:48:59.025000,,,
ec071ca0-13f7-428a-b5e0-39128b9a87dd,"Ekta)                                                       | Paddy                      | %damage of stem borer, leaf folder, brown plant hopper | 18,27,21     | 11,1 4,17    | 28000                                 | 26006                                 | 61200                          | 69756                          | 33200                        | 43750                        | 2.1                                              | 2.68                                             |
| Bemetar a  | Demonstration of IPM modules against insect pest of Chick pea (Dr. Ekta)                                   | Chick pea                  | Pod Damage %                                           | 27.36        | 11.3 8       | 18500                                 | 19200                                 | 30800                          | 42900                          | 12300                        | 23700                        | 1.67                                             | 2.23                                             |
| Bemetar a  | Assessment on effect of nutritional Kitchen garden on farmers backyard in Rabi season in Bemetara district | Seasonal vegetable crops   | Per capita consumptio n (g/day)                        | 114.00       | 178. 50      | 2300                                  | 3500                                  | 5600                           | 9850                           | 3300                         | 6350                         | 1.43                                             | 1.81                                             |
| Bemetar a  | (Dr. Chetna) Enhancement of chickpea yield through wider row to row spacing (Dr. Pragya)                   | Pulse                      | No. of pod per plant, No. of branches                  | 60, 18       | 110, 27      | 21500                                 | 21500                                 | 33300                          | 43475                          | 11800                        | 21975                        | 0.54                                             | 1.02                                             |

## 3.4  Details of FLDs on Agriculture Engineering implemented during  Jan-2021 to Dec-2021

| KVK   | Year   | Seaso   | Thematic   | Technology   | Crop/   | Name   | Name   | Farming   | Complet   | Crop-   | Results   | %     | No.",Chattisgarh,,[],https://workdrive.zoho.in/file/zu51zfd3c3c96660b4de2a622249090f9f9df,TextNode,c2bae705-cce5-4ba3-9051-984d003fe8c1,c2bae705-cce5-4ba3-9051-984d003fe8c1,c2bae705-cce5-4ba3-9051-984d003fe8c1,"{""id_"": ""ec071ca0-13f7-428a-b5e0-39128b9a87dd"", ""embedding"": null, ""metadata"": {""page_no"": null, ""headings"": [], ""source"": ""https://workdrive.zoho.in/file/zu51zfd3c3c96660b4de2a622249090f9f9df""}, ""excluded_embed_metadata_keys"": [], ""excluded_llm_metadata_keys"": [], ""relationships"": {}, ""metadata_template"": ""{key}: {value}"", ""metadata_separator"": ""\n"", ""text"": """", ""mimetype"": ""text/plain"", ""start_char_idx"": 0, ""end_char_idx"": 0, ""metadata_seperator"": ""\n"", ""text_template"": ""{metadata_str}\n\n{content}"", ""class_name"": ""TextNode""}",APR_2021_new,2025-10-31T08:26:02.341000,,,
cfc071d3-d2e8-43e3-940f-5e37a0efff91,"However,  it  must always be kept in mind that our major interest lies in the fruit-trees. Good growing conditions for the trees should be  maintained at all times and the pests and diseases of both the crops must be kept under control.  Short  statured  leguminous  crops  such  as  moong,  mash, cowpea,  gram,  pea,  groundnut,  etc.,  can  be  grown  as  intercrop  in citrus. In sweet orange orchards, guara-wheat can be taken during the first 5-6 years, with guara as green manure. Crops requiring more water than  the  citrus  plants  should  be  avoided,  particularly  barseem  and potato. Tall growing crops which tend to overshadow the young plants and  crops  which  tend  to  climb  on  trees  should  not  be  grown  as intercrops.

Sufficient space should be left unsown around the young plants to make unrestricted growth. The fruit trees and intercrops should be provided  with  independent  irrigation  system  and  their  fertilizer requirements should be met separately.

## TRAINING AND PRUNING

Pruning  healthy,  mature  citrus  trees  usually  reduces  yield  in proportion to the amount of foliage removed and can delay fruiting of young, non-bearing trees. Pruning should therefore be limited to that required for future canopy bearing surface development and for the conduct of efficient cultural and harvesting operations. Proper control of  vegetative  growth  is  essential  for  the  maintenance  of  healthy, productive  citrus  orchards.  Most  orchards  must  be  pruned  at  some time during their development to avoid problems associated with dead wood and overcrowded trees. When pruning should begin will depend to a large degree on the initial tree planting density. Crowded conditions result in poor light availability, loss of lower foliage and bearing wood, relocation of fruiting to the upper tree canopy areas and reduction in fruit  yield,  size,  and  external  quality.  Good  management  therefore, dictates the need to prune before the occurrence of these undesirable effects.

The response to pruning depends on several factors including variety,  tree  age,  vigour,  fruiting  habits,  growing  conditions  and production practices.",Punjab,,[],https://workdrive.zoho.in/file/c1j4y8bdb025545034515bb42b0feacf4a8df,TextNode,bb6e6a08-75ab-4d2f-a184-442e0e80a544,bb6e6a08-75ab-4d2f-a184-442e0e80a544,bb6e6a08-75ab-4d2f-a184-442e0e80a544,"{""id_"": ""cfc071d3-d2e8-43e3-940f-5e37a0efff91"", ""embedding"": null, ""metadata"": {""page_no"": null, ""headings"": [], ""source"": ""https://workdrive.zoho.in/file/c1j4y8bdb025545034515bb42b0feacf4a8df""}, ""excluded_embed_metadata_keys"": [], ""excluded_llm_metadata_keys"": [], ""relationships"": {}, ""metadata_template"": ""{key}: {value}"", ""metadata_separator"": ""\n"", ""text"": """", ""mimetype"": ""text/plain"", ""start_char_idx"": 0, ""end_char_idx"": 0, ""metadata_seperator"": ""\n"", ""text_template"": ""{metadata_str}\n\n{content}"", ""class_name"": ""TextNode""}",Citrus_Cultivation,2025-10-31T08:26:02.343000,,,
b397a60e-d2c5-4ac5-81a5-da118c36c7ad,"Soil drenching with 2 % (20 g /litre) Pseudomonas.

## General

Spray 1% Bordeaux mixture to protect the crop form fungal diseases.  This will also avoid the entry of white flies which transmit the various  viral diseases.

## DOLICHOS BEAN ( Dolichos lablab )

<!-- image -->

**Image Description:** a plant with green leaves and a white flower




Dolichos bean is a hardy crop and suitable  for cultivation in homesteads. Pole and bush varieties are available.

## Season

The pole types are short day types and sown  during July-August. The bush types can be grown throughout the year.

## Varieties

Pole  type:  Pusa  Early  Prolific,  Hima,  Grace  Bush  type:  Arka  Jay,  Arka  Vijay.

## Sowing

Pole varieties are sown in pits (three plants / pit) at a spacing of 1.25m x

0.75 m and bush types are sown in ridge and furrow system at a spacing of 60cm x 15 cm. The pole types are trailed over pandals, trellis or stakes.

## Manuring

- FYM - 20 t/ha as base.
- In addition, apply any one of the following combinations as supplement.
- FYM / Cowdung @ 4 t / ha + Ash125 kg / ha + Rock phosphate  300 kg / ha Compost 8 t / ha + Ash 100 kg / ha +Rock phosphate
- 200 kg / ha Vermicompost 4 t / ha + Ash 100 kg / ha + Rock phosphate 300 kg / ha Greenleaf 7 t / ha + Ash 100 kg / ha  + Rock phosphate 300 kg / ha
- Poultry manure 3 t / ha + Ash 200 kg / ha + Rock phosphate 150 kg / ha

( Note: The additional organic manures may be applied in several splits at 10-14 days interval. Quantity of Rock phosphate can be reduced to 50% by priming it with the manures).

## Biofertilizers

Seeds should be inoculated with Rhizobium and pelleted with lime.",Uttar Pradesh,,[],https://workdrive.zohoexternal.in/file/2bmyqd05fdda052a94b2faa737746bd425861,TextNode,77281940-bb77-4fae-841e-f31004f26ad8,77281940-bb77-4fae-841e-f31004f26ad8,77281940-bb77-4fae-841e-f31004f26ad8,"{""id_"": ""b397a60e-d2c5-4ac5-81a5-da118c36c7ad"", ""embedding"": null, ""metadata"": {""page_no"": null, ""headings"": [], ""source"": ""https://workdrive.zohoexternal.in/file/2bmyqd05fdda052a94b2faa737746bd425861""}, ""excluded_embed_metadata_keys"": [], ""excluded_llm_metadata_keys"": [], ""relationships"": {}, ""metadata_template"": ""{key}: {value}"", ""metadata_separator"": ""\n"", ""text"": """", ""mimetype"": ""text/plain"", ""start_char_idx"": 0, ""end_char_idx"": 0, ""metadata_seperator"": ""\n"", ""text_template"": ""{metadata_str}\n\n{content}"", ""class_name"": ""TextNode""}",Horticulture_Crop_Annual_Report,2025-10-31T08:26:02.314000,,,
4d0845e7-44a8-4b35-94de-5e4fd399f51d,Pruning: Pruning (pruning) the plants once every year allows the plants to regenerate and start producing new shoots and more flowers.The incubation time is different for different breeds (Table 3.).,Karnataka,232,"[""Pruning: Pruning (pruning) the plants once every year allows the plants to regenerate and start producing new shoots and more flowers.The incubation time is different for different breeds (Table 3.).""]",https://workdrive.zoho.in/file/0u4ck92141867d7d24f57a6a0f6cc52cda094,TextNode,f98fd64d-f575-48d2-ba9f-965266a61a81,f98fd64d-f575-48d2-ba9f-965266a61a81,f98fd64d-f575-48d2-ba9f-965266a61a81,(populate LlamaIndex JSON string in production),"Compressive Horticultural -POP-Package of Practice _ University of Horticultural Science,Bagalkot(UHSB)_Udyanagiri, Navanagar, Bagalkot - 587104, Karnataka",2026-04-07T08:48:59.808000,,,
c1f81586-6792-41ec-a18b-e49659d86535,"<table id=""88-1"">
<tr><td id=""88-2"" colspan=""4"">Farming Supplies</td></tr>
<tr><td id=""88-3"">No.</td><td id=""88-4"">Details</td><td id=""88-5""></td><td id=""88-6"">per hectare</td></tr>
<tr><td id=""88-7"">1</td><td id=""88-8"">tip stem pieces
The distance is 1.5 m.X 0.45 m.</td><td id=""88-9""></td><td id=""88-a"">per 15,000 ha</td></tr>
<td><td id=""88-b"">2</td><td id=""88-c"">barn fertilizer</td><td id=""88-d"">25-50 kg
Per Cord</td><td id=""88-e"">25 Tons</td></tr>
<tr><td id=""88-f"">3</td><td id=""88-g"">Chemical fertilizers</td><td id=""88-h"">per year per vine</td><td id=""88-i"">(g)</td></tr>
<tr><td id=""88-j""></td><td id=""88-k"">ಸಾರಜನಕ</td><td id=""88-l"">50</td><td id=""88-m""></td></tr>
<tr><td id=""88-n""></td><td id=""88-o"">ರಂಜಕ</td><td id=""88-p"">50</td><td id=""88-q""></td></tr>
<tr><td id=""88-r""></td><td id=""88-s"">ಪೊಟ್ಯಾಷ್</td><td id=""88-t"">50</td><td id=""88-u""></td></tr>
</table>
Note : Ammonium Sulphate of Potash is good to use.
Vegetation: Cuts should be cut from the succulent part of the fully mature vine.The length of the piece is 30-45 cm.m.and 3-
Should have 5 eyes.Two eyes should be planted under the earth.The soil should be packed around the stick.
The cuttings can also be planted in plastic bags and plants can be prepared and planted.",Karnataka,188,"[""The distance is 1.5 m.X 0.45 m.</td><td id=\""88-9\""></td><td id=\""88-a\"">per 15,000 ha</td></tr>""]",https://workdrive.zoho.in/file/0u4ck92141867d7d24f57a6a0f6cc52cda094,TextNode,f98fd64d-f575-48d2-ba9f-965266a61a81,f98fd64d-f575-48d2-ba9f-965266a61a81,f98fd64d-f575-48d2-ba9f-965266a61a81,(populate LlamaIndex JSON string in production),"Compressive Horticultural -POP-Package of Practice _ University of Horticultural Science,Bagalkot(UHSB)_Udyanagiri, Navanagar, Bagalkot - 587104, Karnataka",2026-04-07T08:48:59.025000,,,
1ca65f15-5fd2-4c39-90bb-356c354fa985,"(b) For fruit bearing trees: Cutting of such branches as occurs in the center of a straight growing fruitless plant.Like this
Doing so can reduce the height of the plant and expose it to sunlight and wind.",Karnataka,364,"[""(b) For fruit bearing trees: Cutting of such branches as occurs in the center of a straight growing fruitless plant.Like this""]",https://workdrive.zoho.in/file/0u4ck92141867d7d24f57a6a0f6cc52cda094,TextNode,f98fd64d-f575-48d2-ba9f-965266a61a81,f98fd64d-f575-48d2-ba9f-965266a61a81,f98fd64d-f575-48d2-ba9f-965266a61a81,(populate LlamaIndex JSON string in production),"Compressive Horticultural -POP-Package of Practice _ University of Horticultural Science,Bagalkot(UHSB)_Udyanagiri, Navanagar, Bagalkot - 587104, Karnataka",2026-04-07T08:49:02.878000,,,
7f06a16c-aaee-46fe-8193-ab5b8684bec9,"Storage



Store the seeds with a seed moisture content of 10 - 12 % in gunny or cloth bags for short term storage (8 - 9 months).

Store the seeds with a seed moisture content of 8 - 9 % in polylined gunny bag for medium term storage (12 - 15 months).

Store the seeds with a seed moisture content less than 8% in 700 gauge polythene bag for long term storage (more than 15 months)

RED GRAM HYBRID SEED PRODUCTION

Land requirement





Select fertile land with good drainage and irrigation facilities.

Field should be free from volunteer plants. Hence, the previous crop should not be the same or different variety / hybrid of redgram.

Isolation



For foundation seed production (parental lines seed production), leave a distance of

200 m all around the field from the same and other varieties / hybrids of redgram.

For hybrid seed production from the same and other varieties / hybrids of redgram, leave a distance of 100 m all around the field.

Planting ratio



Sow the female and male lines at a ratio of 4:2.

Border rows



Sow 2 rows of the male parent all around the field for effective pollination.

Spacing



45 x 15 cm.

Fertilizer



Apply NPK @ 25:50:25 kg / ha -1

Roguing



Pull out all male fertile plants in female rows for genetic purity maintenance.

Albizzia  amara

)  leaf







as basal application.

132

Pre-storage seed treatment



Treat the seeds with carbendazim @ 2 g using 5 ml of water / kg of seed.





Dry dress the seeds with halogen mixture (CaOCl2 + CaCO3 + arappu (

leaf powder mixed in 5:4:1 ratio @ 3 g / kg of seed.

Treat the seeds with turmeric rhizome powder (or) neem leaf powder at 1:50 ratio against bruchid infestation as an eco-friendly seed treatment.",Tamil Nadu,,[],https://workdrive.zohoexternal.in/file/2bmyq9d676ab8baf74386bf8078b151fa9f4f,TextNode,b2c07a3f-7295-4eb0-a9ab-038bf9e94b93,b2c07a3f-7295-4eb0-a9ab-038bf9e94b93,b2c07a3f-7295-4eb0-a9ab-038bf9e94b93,"{""id_"": ""7f06a16c-aaee-46fe-8193-ab5b8684bec9"", ""embedding"": null, ""metadata"": {""page_no"": null, ""headings"": [], ""source"": ""https://workdrive.zohoexternal.in/file/2bmyq9d676ab8baf74386bf8078b151fa9f4f""}, ""excluded_embed_metadata_keys"": [], ""excluded_llm_metadata_keys"": [], ""relationships"": {}, ""metadata_template"": ""{key}: {value}"", ""metadata_separator"": ""\n"", ""text"": """", ""mimetype"": ""text/plain"", ""start_char_idx"": 0, ""end_char_idx"": 0, ""metadata_seperator"": ""\n"", ""text_template"": ""{metadata_str}\n\n{content}"", ""class_name"": ""TextNode""}",Agriculture-CPG-2020,2025-10-31T08:26:02.337000,,,
37086ef2-c1b4-49a7-b405-cb92d965d548,"Collect and destroy mechanically caterpillars in the early stages of attack 2. Spraying solution of Bacillus thuringiensis @2gm/lit at premordial stage   | 1. Cleaning the field after the crop harvesting   | 1. Install 10 pheromone traps per acre 2.Planting trap crops on the bunds/borders 3.Spraying of Neem leaf solution ( Melia azadirach can be used if neem is not available)   |
|-----|----------------------|-------------------|----------------------------------------------------------------------------------------------------------------------------------------------------------------------------------------------------------------------------------------------------------------------------------------------------------------------------------|-------------------------------------------------------------------------------------------------------------------------------------------------------------|--------------------------------------------------------------------------------------------------------------------------------------------------------------|---------------------------------------------------|------------------------------------------------------------------------------------------------------------------------------------------------------------------------------|
|   6 | Cabbage butterfly    | Pieris brassicae  | Larva : The caterpillar is velvety green and measures about 4.2 cm in length. The caterpillars are gregarious initially but disperse as they grow. Pupa : Pupation is in damaged leaves. Adult : Adult is a butterfly with its fore wings snow white having black distal margins. Hind wings pure white with black apical spots. | 1. Trap crops 2. Spraying 5% Neem seed kernel extract / Neem leaf extract solution 100 liter/acre ( Melia azadirach can be used if neem is not available)   | 1. Increase the activity of Predators, parasitoids 2. Placing Bird perches @8/acre 3. Spraying of Dashparni - 6 litres in 200 litres of water                | 1. Cleaning the field after the crop harvesting   | 1.",Pops_Multiple_States,,[],https://workdrive.zoho.in/file/zu51zd898177264804b4d83d01ce98b768a7b,TextNode,c33ddc6f-79c6-46f9-a1a1-82eab6871009,c33ddc6f-79c6-46f9-a1a1-82eab6871009,c33ddc6f-79c6-46f9-a1a1-82eab6871009,"{""id_"": ""37086ef2-c1b4-49a7-b405-cb92d965d548"", ""embedding"": null, ""metadata"": {""page_no"": null, ""headings"": [], ""source"": ""https://workdrive.zoho.in/file/zu51zd898177264804b4d83d01ce98b768a7b""}, ""excluded_embed_metadata_keys"": [], ""excluded_llm_metadata_keys"": [], ""relationships"": {}, ""metadata_template"": ""{key}: {value}"", ""metadata_separator"": ""\n"", ""text"": """", ""mimetype"": ""text/plain"", ""start_char_idx"": 0, ""end_char_idx"": 0, ""metadata_seperator"": ""\n"", ""text_template"": ""{metadata_str}\n\n{content}"", ""class_name"": ""TextNode""}",POP- Natural Farming Practices,2025-10-31T08:26:02.345000,,,
370926ba-5fa0-4454-8501-e069b8e08d61,Particle management,Karnataka,165,"[""Particle management""]",https://workdrive.zoho.in/file/0u4ckd9bb462e40f347a7bee995604567f4a0,TextNode,4c16440b-4e73-43c1-b3b8-2d2212b74353,4c16440b-4e73-43c1-b3b8-2d2212b74353,4c16440b-4e73-43c1-b3b8-2d2212b74353,(populate LlamaIndex JSON string in production),"Improved farming pratices _University of Agricultural Science, Dharward (UASD)_Krishinagar, Dharwad - 580005, Karnataka",2026-04-07T08:49:09.901000,,,
f2b78b0b-7b7d-4c83-af8a-091f13e1d6ec,"Irrigation and Drainage
Irrigation: Generally, 4-6 irrigations are required depending on the rainfall.  Adequate water-supply is essential throughout the crop season particularly during the pre-tasselling, silking and grain filling stages.
For sub-surface drip irrigation and fertigation in maize-wheat-summer moong and maize-wheat on permanent beds, see chapter on 'Multiple Cropping'.
Drainage  and  safeguards  against  excess  water: Maize  can  tolerate  heavy  rains provided fields are not subjected to excessive soil wetness/flooding for prolonged periods. Flooding particularly at young stage causes a great damage to the crop. To avoid flooding, drain away excess water by making a drain of adequate capacity at the lower end of the field. If such a damage occurs, spray 6 kg urea per acre in two sprays at weekly interval (3% solution) in case of moderate  damage or broadcast additional nitrogen @ 12 to 24 kg (25-50 kg urea) per acre in case of moderate to severe damage only after the flooding of the crop is over.
Harvesting and Threshing: The maize crop is ready for harvesting even when the stalks and leaves are some what  green but the husk cover has dried and turned brown. In the fields where wheat is to be sown, harvest the stalks alongwith the cobs, stack them. Maize dehusker cum thresher (Annexure V) can also be used for shelling of un-husked maize. However, for better results maize (with husk)  be shelled when the moisture content ranges between 15 to 20%. Conventional maize sheller can also be used after removal of ears.  After shelling, market the dried grains with about 15 per cent moisture content. Maize shellers operated manually or with power are also available in the market (Annexure V). Conventional  grain-combines can also be  used for threshing maize with husk to save labour involved in dehusking.  However, some adjustments are necessary. The maize ears should preferably be dried for 3 to 4 days after harvesting.",Punjab,43,"[""Irrigation and Drainage""]",https://storage.googleapis.com/annam-dataset/pops/Punjab_Kharif_2025.pdf,TextNode,edcd9f38-d7ba-447f-94ad-09d2b38db5e7,edcd9f38-d7ba-447f-94ad-09d2b38db5e7,edcd9f38-d7ba-447f-94ad-09d2b38db5e7,"{""id_"": ""f2b78b0b-7b7d-4c83-af8a-091f13e1d6ec"", ""embedding"": null, ""metadata"": {""page_no"": 43, ""headings"": [""Irrigation and Drainage""], ""source"": ""https://storage.googleapis.com/annam-dataset/pops/Punjab_Kharif_2025.pdf""}, ""excluded_embed_metadata_keys"": [], ""excluded_llm_metadata_keys"": [], ""relationships"": {""1"": {""node_id"": ""edcd9f38-d7ba-447f-94ad-09d2b38db5e7"", ""node_type"": ""4"", ""metadata"": {""page_no"": 43, ""headings"": [""Irrigation and Drainage""], ""source"": ""https://storage.googleapis.com/annam-dataset/pops/Punjab_Kharif_2025.pdf""}, ""hash"": ""5f39b49e02cfaa971ecb24f790e12eac770ee4bfab417597365c165ace1c70ac"", ""class_name"": ""RelatedNodeInfo""}}, ""metadata_template"": ""{key}: {value}"", ""metadata_separator"": ""\n"", ""text"": """", ""mimetype"": ""text/plain"", ""start_char_idx"": 0, ""end_char_idx"": 1962, ""metadata_seperator"": ""\n"", ""text_template"": ""{metadata_str}\n\n{content}"", ""class_name"": ""TextNode""}",POP-Package of Practices Kharif 2025_PAU Punjab Agriculture University_Ludhiana,,,,
6c10924d-32bb-4001-b03f-e41e4abaca6f,"<table id=""11-3z"">
<tr><td id=""11-3A"">Detailed Information</td></tr>
<tr><td id=""11-3b"">Makruvi improved Balgadi</t</t</t</t
<tr><td id=""11-3C"">२०१०</td></tr>
<tr><td id=""11-3D"">Vasantarao Naik Marathwada Agriculture Vidyapeeth, Parbhani</Tr>
<tr><td id=""11-3E"">Suitable for transportation of all crops and goods</td></tr>
<tr><td id=""11-3F"">For Transportation</td></tr>
<tr><td id=""11-3G"">Two bullocks required to drive a bullock cart Capacity - 1 Ton Wheels - Iron</td></tr>
<tr><td id=""11-3H"">Useful for all types of farm traffic</td></tr>
<tr><td id=""11-3I"">1.The bull has less pulling power 2.Better carrying capacity than conventional bullock cart 3.One tonne cargo carrying capacity</td></tr>
<tr><td id=""11-3J"">Improved bullock cart developed by Makruvi is being recommended for carrying one ton of goods.</td></tr>
<tr><td id=""11-3K"">रू.२४,०००/-</td></tr>
<tr><td id=""11-3L"">Two images of carts (one colorful, one ox-drawn)</td></tr>
</table>





<::A brightly colored, traditional cart, possibly a bullock cart, is parked on an asphalt road. The cart features large wooden wheels painted in multiple vibrant colors including yellow, blue, red, and green. The cart's body has a red base with multi-colored railings (yellow, blue, green, white). The long shaft extending from the front of the cart is yellow, leading to a red yoke-like attachment adorned with yellow and red fabric. In the background, there is a building, some trees, and dry, grassy terrain under a clear sky.: figure::>",Maharashtra,,[],https://workdrive.zohoexternal.in/file/2bmyqd8bd569b102f48489d50d285da0e7b6c,TextNode,e4f9b028-2f51-4fb1-9643-972ad706b1b3,e4f9b028-2f51-4fb1-9643-972ad706b1b3,e4f9b028-2f51-4fb1-9643-972ad706b1b3,"{""id_"": ""6c10924d-32bb-4001-b03f-e41e4abaca6f"", ""embedding"": null, ""metadata"": {""page_no"": null, ""headings"": [], ""source"": ""https://workdrive.zohoexternal.in/file/2bmyqd8bd569b102f48489d50d285da0e7b6c""}, ""excluded_embed_metadata_keys"": [], ""excluded_llm_metadata_keys"": [], ""relationships"": {}, ""metadata_template"": ""{key}: {value}"", ""metadata_separator"": ""\n"", ""text"": """", ""mimetype"": ""text/plain"", ""start_char_idx"": 0, ""end_char_idx"": 0, ""metadata_seperator"": ""\n"", ""text_template"": ""{metadata_str}\n\n{content}"", ""class_name"": ""TextNode""}",Release_Impliments,2025-10-31T08:26:02.346000,,,
e6536307-b15a-45d4-a5c7-a21a649bd4a8,"Differences  in  the  height of healthy seedlings ranging from 90 to 159 cm tend to even up  after  14  months  of  transplanting to maintain.

TIME OF TRANSPLANTING

Transplanting to the main field has to be done during the onset of rainy season.

In very impermeable soils and where there is chance for the seedlings to suffer severely during rainy season, proper drainage has to be ensured.

SPACING AND METHOD OF PLANTING

The optimum planting density for oil palm is the density of population that gives maximum production from unit area. Triangular system of planting with 9  x  9  x  9 m

spacing accommodates 143 palms/ha. is being recommended.  For efficient  utilization of solar energy  the rows  are to be  oriented in the North-South direction. Equilateral

triangular system of planting with 9 m spacing between palms will allow each plant to occupy the centre of a hexagon thus allowing better use of the area.

239

TRANSPORTING SEEDLINGS AND PREPARING PITS

While  transporting  seedlings  to  the  planting  site  one  hand  is  placed  at  the bottom of the bag while holding the plant collar with the other one. Leather gloves can

be used  to avoid  injury  with  spines of the leaves.

Pits of 60 cm

3

are taken prior to planting and filled with surrounding top soil and allowed to  settle. Rock phosphate is applied at 200 g per planting pit. Nitrogen is not

usually  applied  in the  planting pits as the application of fertilizers may damage the root system and affect survival  of the  plants if there is a dry period soon after planting.

Nitrogen and potassium are usually applied 4 - 6 weeks  after  planting.  In Mg deficient soils,  magnesium  is applied  at 100 g as anhydrous  MgSO4   or 200 g epsum salt per

seedling.

REPLACEMENT AND GAP FILLING

Field inspection is carried out one to two months after planting to gap fill  dead plants. Replanting is carried out during the onset of next monsoon. These  palms are to

be given special  care so that they can catch up with the rest of the plantations.",Tamil Nadu,,[],https://workdrive.zohoexternal.in/file/2bmyq9d676ab8baf74386bf8078b151fa9f4f,TextNode,94e3d5d9-916e-429b-8a17-f0d2945960e3,94e3d5d9-916e-429b-8a17-f0d2945960e3,94e3d5d9-916e-429b-8a17-f0d2945960e3,"{""id_"": ""e6536307-b15a-45d4-a5c7-a21a649bd4a8"", ""embedding"": null, ""metadata"": {""page_no"": null, ""headings"": [], ""source"": ""https://workdrive.zohoexternal.in/file/2bmyq9d676ab8baf74386bf8078b151fa9f4f""}, ""excluded_embed_metadata_keys"": [], ""excluded_llm_metadata_keys"": [], ""relationships"": {}, ""metadata_template"": ""{key}: {value}"", ""metadata_separator"": ""\n"", ""text"": """", ""mimetype"": ""text/plain"", ""start_char_idx"": 0, ""end_char_idx"": 0, ""metadata_seperator"": ""\n"", ""text_template"": ""{metadata_str}\n\n{content}"", ""class_name"": ""TextNode""}",Agriculture-CPG-2020,2025-10-31T08:26:02.337000,,,
c900adaf-c78b-482a-8b44-8f1cd99995bf,**ANGRAU Pashu Poshan:** The ANGRAU Pashu Poshan application serves as a comprehensive resource for all aspects related to animal husbandry. This app is designed to provide farmers and livestock enthusiasts with valuable insights into various practices and techniques essential for the successful management and breeding of animals.,Karnataka,28,[],https://workdrive.zoho.in/file/0u4ck598c81fd38fa46d2b168b78abddaed42,TextNode,69e68b29-6a66-4ada-a276-aa5dd50f2a72,69e68b29-6a66-4ada-a276-aa5dd50f2a72,69e68b29-6a66-4ada-a276-aa5dd50f2a72,(populate LlamaIndex JSON string in production),"ICAR Kharif Agro-Advisories for Farmers 2025_Indian Council of Agricultural Research, Krishi Bhawan, New Delhi",2026-04-07T08:48:23.170000,,,
eebf396d-1cec-4627-8f21-00c4f39609b4,"- o Water management in Citrus and Vegetables
- o Socio-economic up-liftment SC/ST
- o Jute Agro- Textiles (JAT) for Growth of plants and Suppression of Weeds
- o Economic  empowerment  of  rural  women  belonging  to  SC  through  introduction  of  smallscale fish culture in homestead ponds
- o Improvement of nutritional status of economically backward SC community through duckcum-fish culture in house hold pits
- o Development  of  low-cost  technology  for      small-scale  culture  of  non-conventional  fresh water fishes
- o Capacity building of economically backward rural women through participatory training on integrated fish farming with improved backyard poultry breeds in homestead ponds
- o Women empowerment through small-scale integrated fish farming in homestead ponds and linking up with Self Help Groups
- o Cropping systems intensification in the salt affected coastal zones of Bangladesh and West Bengal, India
- o Influence of bagging on fruit quality and mineral composition of litchi
- o Nutritional  security  and  Socio-economic  upliftment  of  rural  women  belongs  to  SC  /  ST community  through  homestead  kitchen  garden,  zero-energy  cool  chamber  and  small-scale processing unit
- o Radiation  technology  in  conjunction  with  pre-harvest  management  practices  for  extending the shelf life of mango and litchi grown in West Bengal.
- o Researches on developing a model for canopy management andtraining andpruningstrategiesofhighdensitymangoorchardforyieldandqualityimprovementand export promotion
- o Exploring the possibility of growing Millets in Red and Laterite zone of West Bengal with an emphasis to market linkages
- o Generation of  virus  resistant  rice  for  India:  Diversifying  Transgenic  Resistance  to  popular varieties studying virus -host Interactions and new marker free Transgenics against Tungro disease
- o Detoxed grasspea: sustainable sustenance for stressful environments
- o Herbal Pesticide Formulations for Sustainable Crop Protection
- o Value Addition and luetin extraction of Marigold
- o Yeast based liquid bio-control product to manage post-harvest diseases of fruits

<!-- image -->

**Image Description:** the logo for the bcv accdodoo 2012",West Bengal,,[],https://workdrive.zoho.in/file/zu51z9aeffe706b6046de935de55227460c0e,TextNode,c2bbfdff-d9af-4cc4-9c74-32324812f929,c2bbfdff-d9af-4cc4-9c74-32324812f929,c2bbfdff-d9af-4cc4-9c74-32324812f929,"{""id_"": ""eebf396d-1cec-4627-8f21-00c4f39609b4"", ""embedding"": null, ""metadata"": {""page_no"": null, ""headings"": [], ""source"": ""https://workdrive.zoho.in/file/zu51z9aeffe706b6046de935de55227460c0e""}, ""excluded_embed_metadata_keys"": [], ""excluded_llm_metadata_keys"": [], ""relationships"": {}, ""metadata_template"": ""{key}: {value}"", ""metadata_separator"": ""\n"", ""text"": """", ""mimetype"": ""text/plain"", ""start_char_idx"": 0, ""end_char_idx"": 0, ""metadata_seperator"": ""\n"", ""text_template"": ""{metadata_str}\n\n{content}"", ""class_name"": ""TextNode""}",SSR-University_bckv (1),2025-10-31T08:26:02.331000,,,
a0f09c4e-7d94-440d-9177-a240ab6f1513,"## Chilli

### Improved Hybrids/Varieties
*   Hybrids: CH-27, CH-3, CH-1
* Varieties: Punjab Sinduri, Punjab Tej, Punjab Surkh, Punjab Clustered

*   **Sowing Time**: The seed is sown in nursery during end October to mid November. Transplanting is generally done in February-March.
*   **Seed Rate**: Seed rate is 200 g per acre when sown in the nursery. Sow nursery in one marla (25m²) area to transplant one acre.
*   **Nursery**: To ensure successful growing of healthy seedlings from costly hybrid seed of chilli, nursery should be grown under polyhouse (size 24' × 13' × 6') made of UV stabilized low density polyethylene film of 200 microns (800 guage) thickness.",Karnataka,45,"[""## Chilli""]",https://workdrive.zoho.in/file/0u4ck6f0f0e3687024b74917489a52fcd6683,TextNode,c9f53148-1553-4abd-b80f-d987641fae4d,c9f53148-1553-4abd-b80f-d987641fae4d,c9f53148-1553-4abd-b80f-d987641fae4d,(populate LlamaIndex JSON string in production),"ICAR Rabi Agro-Advisories for Farmers 2021-2022_Indian Council of Agricultural Research, Krishi Bhawan, New Delhi",2026-04-07T08:48:32.050000,,,
2b8f61a1-3359-4731-bf69-5fea47c51fe5,"# Animal Husbandry
* Animal house under loose housing system needs attention to protect them from cold stress.
* Supply extra heat for newborn for preventing Pneumonia and Diarrhoea.
* Maintaining proper cleaning and ventilation under the shade.
* Dry cleaning should be followed.
* Arrangement of sufficient sun light during daytime.
* Provision of bedding and extra heat for preventing cold.
* Lukewarm and outdoor feeding should be advised.
* Maintaining body temperature feed like oilcakes and jaggery may be used.
* Feed more roughage (Hay & Straw).
* Newborn should be feed with more milk.
* Drainage system should be clean for preventing food root.
* Promotion of fodder cultivation (Oats, Berseem, Mustard cabbage).
* Deworming the animals.
* Don't shear wools and hairs during Rabi.
* Additional feed is required for sheep and goat.
* At least 4 hours' sunlight is required for sheep and goat.
* Use Cypermethrin for removing ticks and mites inside the shades and use Ivermectin for removing ecto and endo parasitic load.
* Avoid over feeding.
* Vaccinate FMD, HS & BQ for cattle, PPR for goat Pox and Ranikhet for poultry, Duck plague for Duck, Swine fever for pigs.",Karnataka,220,"[""# Animal Husbandry""]",https://workdrive.zoho.in/file/0u4ck6f0f0e3687024b74917489a52fcd6683,TextNode,c9f53148-1553-4abd-b80f-d987641fae4d,c9f53148-1553-4abd-b80f-d987641fae4d,c9f53148-1553-4abd-b80f-d987641fae4d,(populate LlamaIndex JSON string in production),"ICAR Rabi Agro-Advisories for Farmers 2021-2022_Indian Council of Agricultural Research, Krishi Bhawan, New Delhi",2026-04-07T08:48:35.734000,,,
5b7cc81e-6df1-4dc3-875c-3ff0b2aa8396,"<tr><td id=""28-e"">4</td><td id=""28-f"">Peak/Ground</td><td id=""28-g"">Oose</td></tr>
<tr><td id=""28-h"">5</td><td id=""28-i"">Type of implement/machine work</td><td id=""28-j"">Intercultivation and Manuring</td></tr>
<tr><td id=""28-k"">6</td><td id=""28-l"">Implements/Machine Features /Special Features</td><td id=""28-m"">Intercultivation 1.Working width - 80 cm 2.Working depth - 9.8 cm 3.Efficiency -0.15 ha/hour4.Capacity - 62.91 percent 5.Weed harvesting efficiency - 83.52 percent 6.Horsepower - 0.45 H.P Soiling 80 cm 20.5 cm 0.117 rpm 77.48 percent 0.42 H.P</td></tr>
<tr><td id=""28-n"">7</td><td id=""28-o"">Utilities</td><td id=""28-p"">Useful for intercropping and soil application in sugarcane crop</td></tr>
<tr><td id=""28-q"">8</td><td id=""28-r"">Advantages</td><td id=""28-s"">1.A laborer is required 2.The width of the work can be done as per the line 3.Saves labor and time 4.Cost Rs.836/- per hectare 5.35 to 40 percent cost savings</td></tr>
<tr><td id=""28-t"">9</td><td id=""28-u"">RECOMMENDATION</td><td id=""28-v"">Planting bulldozed soil developed by herbicides is recommended for intercropping, tilling and fertilizing implements</td></tr>
<tr><td id=""28-w"">10</td><td id=""28-x"">Andajit Rakkam</td><td id=""28-Y"">Rs.15,000/-</td></tr>
<tr><td id=""28-z"">11</t</t<td id=""28-a"">Photography related to technology</td><td id=""28-b"">two images of agricultural equipment</td</t</t
</table>",Maharashtra,,[],https://workdrive.zohoexternal.in/file/2bmyqd8bd569b102f48489d50d285da0e7b6c,TextNode,6ed4d205-06cf-46a9-bc5b-5341b85dd516,6ed4d205-06cf-46a9-bc5b-5341b85dd516,6ed4d205-06cf-46a9-bc5b-5341b85dd516,"{""id_"": ""5b7cc81e-6df1-4dc3-875c-3ff0b2aa8396"", ""embedding"": null, ""metadata"": {""page_no"": null, ""headings"": [], ""source"": ""https://workdrive.zohoexternal.in/file/2bmyqd8bd569b102f48489d50d285da0e7b6c""}, ""excluded_embed_metadata_keys"": [], ""excluded_llm_metadata_keys"": [], ""relationships"": {}, ""metadata_template"": ""{key}: {value}"", ""metadata_separator"": ""\n"", ""text"": """", ""mimetype"": ""text/plain"", ""start_char_idx"": 0, ""end_char_idx"": 0, ""metadata_seperator"": ""\n"", ""text_template"": ""{metadata_str}\n\n{content}"", ""class_name"": ""TextNode""}",Release_Impliments,2025-10-31T08:26:02.346000,,,
8e11c840-46d8-44b1-9af9-cc79763e5bb0,"GUARA
Guara is  one  of  the  important  legume  crops  which is grown for different purposes such  as  green  fodder,  grain,  green  manure  and  vegetable.  It  is  known  for  its  droughtresistance  and  soil  renovation  qualities. Guara seed  is  used  as  concentrate  for  animals and for extraction of gum which is an important foreign exchange earner. The gum has several uses in industry and in various food products. The guara meal which remains after extraction of the gum from the seed is a high protein cattle feed.",Punjab,125,"[""GUARA""]",https://storage.googleapis.com/annam-dataset/pops/Punjab_Kharif_2025.pdf,TextNode,9f2d54af-33cf-4766-9a81-ed3cce1f1285,9f2d54af-33cf-4766-9a81-ed3cce1f1285,9f2d54af-33cf-4766-9a81-ed3cce1f1285,"{""id_"": ""8e11c840-46d8-44b1-9af9-cc79763e5bb0"", ""embedding"": null, ""metadata"": {""page_no"": 125, ""headings"": [""GUARA""], ""source"": ""https://storage.googleapis.com/annam-dataset/pops/Punjab_Kharif_2025.pdf""}, ""excluded_embed_metadata_keys"": [], ""excluded_llm_metadata_keys"": [], ""relationships"": {""1"": {""node_id"": ""9f2d54af-33cf-4766-9a81-ed3cce1f1285"", ""node_type"": ""4"", ""metadata"": {""page_no"": 125, ""headings"": [""GUARA""], ""source"": ""https://storage.googleapis.com/annam-dataset/pops/Punjab_Kharif_2025.pdf""}, ""hash"": ""4ce9a4d3e2a90f0c61a37dcc1779d6d32c271dfd71e12f4a61c1a142b0a015ac"", ""class_name"": ""RelatedNodeInfo""}}, ""metadata_template"": ""{key}: {value}"", ""metadata_separator"": ""\n"", ""text"": """", ""mimetype"": ""text/plain"", ""start_char_idx"": 0, ""end_char_idx"": 531, ""metadata_seperator"": ""\n"", ""text_template"": ""{metadata_str}\n\n{content}"", ""class_name"": ""TextNode""}",POP-Package of Practices Kharif 2025_PAU Punjab Agriculture University_Ludhiana,,,,
05e52c1e-ed12-46c0-b19b-e08647427115,"Advanced varietal Station Trial (Yellow sarson).: Out of 14 entries evaluated RAUDYS 1402(16.67  q/ha)  significantly  out  yielded,  followed  by  RAUDYS  14-05  (15.55q/ha)  to  the  best check Swarna (12.7 8q/ha).  These station entries exhibited 30.43% and 21.10%  yield superiority over Swarna.

IVT (YS) Irrigated (AICRP-RM). Checks gave highest yield.

AVT I (YS) Irrigated (AICRP-RM) Repeat IInd Time. : None of the entry exhibited significant yield superiority over best check YSH-0401 at Multi-locations National evaluation.

Advanced varietal station trial (Early): Three medium maturity entries RAURD-14-18

(18.02q/ha);  and  RAURD 14-08( 15.98  q/ha);  &amp;RAURD 14-11(15.93 q/ha) ; and two  Early maturity  entries  ,  RAURD  14-15(15.68q/ha)  and  RAURD  14-17  (15.49q/ha)  were  significantly superior in  yield with superiority in earliness for maturity  than the national check JD-6 (13.58 q/ha).

IVT (Mustard -Timely sown -Rainfed) AICRP (RM) Trial: At Dholi two entries NPJ 205 and hybrid 61 J 0002 significantly out yielded best check NRCHB 101.

AVT I (Mustard -Late sown) Repeat AICRP (RM) Trial.: At Dholi two entries RH 919 and RGN 330 significantly out  yielded best check JD 6 and Pusa Bold.

## Utilization  of  Genetic  Variability  through  Hybridization  and  selection  of  superior  types. Number of Crosses, Their Generation and Number of Selections Practiced.:

To develop high temperature tolerant  mustard strains for early sown condition  with high yield and early / medium maturity 135 SPS (F3)  grown in plant to row progenies out of which 174 single plant selections made in F4s  generation.",Bihar,,[],https://workdrive.zoho.in/file/zu51z79c58ec1375d41cf8d2262770e49d9ab,TextNode,500b5eb7-dce7-4a19-a4da-198f8a435461,500b5eb7-dce7-4a19-a4da-198f8a435461,500b5eb7-dce7-4a19-a4da-198f8a435461,"{""id_"": ""05e52c1e-ed12-46c0-b19b-e08647427115"", ""embedding"": null, ""metadata"": {""page_no"": null, ""headings"": [], ""source"": ""https://workdrive.zoho.in/file/zu51z79c58ec1375d41cf8d2262770e49d9ab""}, ""excluded_embed_metadata_keys"": [], ""excluded_llm_metadata_keys"": [], ""relationships"": {}, ""metadata_template"": ""{key}: {value}"", ""metadata_separator"": ""\n"", ""text"": """", ""mimetype"": ""text/plain"", ""start_char_idx"": 0, ""end_char_idx"": 0, ""metadata_seperator"": ""\n"", ""text_template"": ""{metadata_str}\n\n{content}"", ""class_name"": ""TextNode""}",Detail-Annual-Report-2017-18,2025-10-31T08:26:02.327000,,,
f78f55a0-225f-4c7d-be67-75bdf22975ef,"Raising seedlings in large polybags without a pre-nursery stage is also being practiced.

The potting mixture is made by mixing top soil, sand and well decomposed cattle manure  in  equal  proportions.  Smaller  polybags  of  250  guage  and  23  x  13  cm  size,

preferably black are used for raising primary nurseries. These bags are filled  with the potting  mixture  leaving  one cm at the top of the bag. A healthy germinated sprout is

placed at the centre at 2.5 cm  depth.  While  placing  the  sprout, care must be taken to keep the plumule of the sprout facing upwards and  the  radicle  downwards in the soil.

It  is  better  to  plant  sprouts  soon  after the  differentiation of radicle and plumule. The seedlings are to be watered daily. Application of a fertilizer mixture containing one part

of  ammonium sulphate, one part of super phosphate, one part of muriate of potash and two parts of magnesium sulphate  is recommended  at 15 g at one month stage, 45

g  at  three  months  stage  and  60    g  at  six  months  stage  per  seedling.  This  has  to  be applied 6  -  8  cm  away  from    seedlings    during    the    first  application,  10-12  cm  away

during  second  and  15-20  cm  away  during  the  third  application    in  primary  nursery.

Surface soil is slightly scratched at the time of fertilizer application.

238

SINGLE STAGE POLY BAG NURSERY AND SECONDARY NURSERY

The germinated seeds can be directly planted into large black polybags with the advantage  of  avoiding  the  pre-nursery  stage.  At  present  the  single  stage  polybag

nursery is recommended in India. Since the plants are to remain in these polybags  for more  than one year,  good  quality  polybags  of 500 gauge and 40 x 45 cm size are to

be used.",Tamil Nadu,,[],https://workdrive.zohoexternal.in/file/2bmyq9d676ab8baf74386bf8078b151fa9f4f,TextNode,a3ec2e43-1002-4ecc-9096-5ab069465091,a3ec2e43-1002-4ecc-9096-5ab069465091,a3ec2e43-1002-4ecc-9096-5ab069465091,"{""id_"": ""f78f55a0-225f-4c7d-be67-75bdf22975ef"", ""embedding"": null, ""metadata"": {""page_no"": null, ""headings"": [], ""source"": ""https://workdrive.zohoexternal.in/file/2bmyq9d676ab8baf74386bf8078b151fa9f4f""}, ""excluded_embed_metadata_keys"": [], ""excluded_llm_metadata_keys"": [], ""relationships"": {}, ""metadata_template"": ""{key}: {value}"", ""metadata_separator"": ""\n"", ""text"": """", ""mimetype"": ""text/plain"", ""start_char_idx"": 0, ""end_char_idx"": 0, ""metadata_seperator"": ""\n"", ""text_template"": ""{metadata_str}\n\n{content}"", ""class_name"": ""TextNode""}",Agriculture-CPG-2020,2025-10-31T08:26:02.337000,,,
60eb5db2-5d74-40b6-ba9d-47f73ded790d,"Benefits of maintaining shape:

* Maintaining root to stem ratio
* Can get strong twigs, prevent weak ones
* Cutting straight branches and cross-growing branches.
* Exposing the top of the shape to the sun
* Plant growth can be controlled to produce yield every year.
* Plant shape and growth can be controlled according to high density planting.
* Old and low yielding trees can be restored.",Karnataka,363,"[""Benefits of maintaining shape:""]",https://workdrive.zoho.in/file/0u4ck92141867d7d24f57a6a0f6cc52cda094,TextNode,f98fd64d-f575-48d2-ba9f-965266a61a81,f98fd64d-f575-48d2-ba9f-965266a61a81,f98fd64d-f575-48d2-ba9f-965266a61a81,(populate LlamaIndex JSON string in production),"Compressive Horticultural -POP-Package of Practice _ University of Horticultural Science,Bagalkot(UHSB)_Udyanagiri, Navanagar, Bagalkot - 587104, Karnataka",2026-04-07T08:49:02.878000,,,
145b56dc-e0dd-4805-ab9a-ec0aa4902fe9,"To increase drought resistance in seeds before sowing
Seeds per cent.Soak in calcium chloride solution of 2 for 1 hour,
Then it should be dried in the shade for at least 7 hours
seed with polymer (6. ml per kg. gram of seed).
Micronutrients such as zinc solvate, potassium malistate, and
Borax every 1 km.Coating as 2.0g per gram of seed
After doing rhizobium, phosphorus solubilizer (PSB) and
PGPRTreat with organic fertilizers.Zone 1 and 2
In G.B.2 and CC-1 in zone 3 by Rhizobium biofertilizer
By seed treatment, the recommended percentage for the crop.50 percent
Nitrogen can be saved.
sowing",Karnataka,65,"[""To increase drought resistance in seeds before sowing""]",https://workdrive.zoho.in/file/0u4ckd9bb462e40f347a7bee995604567f4a0,TextNode,4c16440b-4e73-43c1-b3b8-2d2212b74353,4c16440b-4e73-43c1-b3b8-2d2212b74353,4c16440b-4e73-43c1-b3b8-2d2212b74353,(populate LlamaIndex JSON string in production),"Improved farming pratices _University of Agricultural Science, Dharward (UASD)_Krishinagar, Dharwad - 580005, Karnataka",2026-04-07T08:49:07.850000,,,
888b163f-1eb8-4049-b591-382f859e80d0,"96

<!-- PAGE BREAK -->",Karnataka,105,"[""96""]",https://workdrive.zoho.in/file/0u4ck6f0f0e3687024b74917489a52fcd6683,TextNode,c9f53148-1553-4abd-b80f-d987641fae4d,c9f53148-1553-4abd-b80f-d987641fae4d,c9f53148-1553-4abd-b80f-d987641fae4d,(populate LlamaIndex JSON string in production),"ICAR Rabi Agro-Advisories for Farmers 2021-2022_Indian Council of Agricultural Research, Krishi Bhawan, New Delhi",2026-04-07T08:48:33.599000,,,
d240e337-d9a4-44ca-801b-8d43cf31d30f,"Be updated with the regular weather advisory on thunderstorm associated with high
rainfall and accordingly, take appropriate crop management practices for standing
field and horticultural crops during pre-monsoon season. Take up summer
ploughing with the receipt of summer rain. For transplanted kharif rice, dhaincha
green manure seeds may be broadcast about 45-50 days before transplanting.
Transplanting of vegetables should be done in the afternoon hour to avoid high
temperature. Dry out the fish ponds and plough down the pond bottom, apply lime
and sow dhaincha seeds for green manuring. It is the time for planting of root crops,
tuber crops and rhizomes before onset of monsoon. Be aware of weather advisory
and accordingly, avoid spraying plant protection chemicals during rainy days. Use
protective covers while undertaking spraying of pesticides as safety measures.
Adopt soil test-based fertilizer scheduling for improving nutrient use efficiency and
reducing cost therein.",Karnataka,195,"[""Be updated with the regular weather advisory on thunderstorm associated with high""]",https://workdrive.zoho.in/file/0u4ck598c81fd38fa46d2b168b78abddaed42,TextNode,69e68b29-6a66-4ada-a276-aa5dd50f2a72,69e68b29-6a66-4ada-a276-aa5dd50f2a72,69e68b29-6a66-4ada-a276-aa5dd50f2a72,(populate LlamaIndex JSON string in production),"ICAR Kharif Agro-Advisories for Farmers 2025_Indian Council of Agricultural Research, Krishi Bhawan, New Delhi",2026-04-07T08:48:26.059000,,,
aab38c55-5b0d-44e3-8d94-9ccc2b0ded72,Thickness Method,Karnataka,120,"[""Thickness Method""]",https://workdrive.zoho.in/file/0u4ck5a35d75559e44204a8b5c8dc6af6b8f7,TextNode,09f41b33-a79e-460b-810e-7d99825d02a2,09f41b33-a79e-460b-810e-7d99825d02a2,09f41b33-a79e-460b-810e-7d99825d02a2,(populate LlamaIndex JSON string in production),"Advanced animal husbandary practice_University of Agricultural Science, Dharward (UASD)_Krishinagar, Dharwad - 580005, Karnataka",2026-04-07T08:48:44.733000,,,
285b389a-2297-4af5-8f6f-0ed0a55cee8e,"Harvesting: 1 st  cut is taken after 60 to 70 days of sowing or at 50% flowering and subsequent cuts should be taken at 40-45 DAS. For better regeneration the first cut should be harvested at a height 5 cm above ground level.

## Lucerne (Alfa alfa)

Lucerne  ( Medicago  sativa )  queen  of  fodder  is  most  nutritious  fodder legume  rich  in  proteins,  calcium  and  phosphorus.  It  is  perennial  and provides fodder round the year, yield decreases slightly during rainy season. The herbage can be made available during the lean periods of fodder supply i.e. September -December, and then again in May-August. Its hay can largely replace costly concentrates. It grows well in soil pH range of 6.5 to 7.2.

## Varieties:

Sirsa Type 9 : It is a quick growing perennial variety with deep green foliage. Its  yield  potential  is  about  320-330 q/acre of green fodder and 1.00 to 1.80 q/acre  seed.  It  is  most  suitable  for  growing  in  north  India  where  cold temperature prevails.

RL-88: The  variety  has  been  recommended  for  cultivation  for  year  round irrigated situation in all zones of the country. This first cut of the crop can be taken in 50-60 days of sowing and thereafter cut can be taken at 25-30 days. The variety is resistant to major diseases and pests and yields 300-400 q/acre green fodder in 11 cuts.

LL  Composite  5: It  is  a  tall,  erect  and  fast  growing  annual  variety.  It  has broad leaves with purple flowers. It has bold seeded and highly resistant to downy  mildew.  It  gives  8  cuttings  up  to  1 st week  of  July  and  yields  280 q/acre of green fodder.

## Agronomic Practices

Land Preparation: A weed well drained fine seedbed is prepared by initially ploughing the field 3-4 times with desi plough followed by planking after each operation.",Jammu & Kashmir,,[],https://workdrive.zohoexternal.in/file/2bmyqc583f337cd44474d956ddb0decfe7d27,TextNode,f44b7206-4034-4e98-8bdd-6ed597ec3df4,f44b7206-4034-4e98-8bdd-6ed597ec3df4,f44b7206-4034-4e98-8bdd-6ed597ec3df4,"{""id_"": ""285b389a-2297-4af5-8f6f-0ed0a55cee8e"", ""embedding"": null, ""metadata"": {""page_no"": null, ""headings"": [], ""source"": ""https://workdrive.zohoexternal.in/file/2bmyqc583f337cd44474d956ddb0decfe7d27""}, ""excluded_embed_metadata_keys"": [], ""excluded_llm_metadata_keys"": [], ""relationships"": {}, ""metadata_template"": ""{key}: {value}"", ""metadata_separator"": ""\n"", ""text"": """", ""mimetype"": ""text/plain"", ""start_char_idx"": 0, ""end_char_idx"": 0, ""metadata_seperator"": ""\n"", ""text_template"": ""{metadata_str}\n\n{content}"", ""class_name"": ""TextNode""}",1693218114POP Rabi POP 2020 SKUAST-Jammu.pdf,2025-10-31T08:26:02.317000,,,
2d3572cb-f87e-435d-979b-191554c6abb3,"Susceptible to but survives early, with large uniform tubers, oval, white and yielding about 130 quintals/acre in 70-90 days), Kufri Ashoka (tall plant, erect and medium compact with green leaves, large tubers, smooth, oval with long white skin and yielding about 110 quintals/acre in 75-80 days), Kufri Chandramukhi (white, large, smooth,White skin, uniform and more attractive and average yield is about 100 quintals/acre in 80-90 days) and Kufri Pushkar (white tubers, late blight resistant, good quality and average yield is 160-170 quintals/acre in 90-100 days).",Karnataka,521,[],https://workdrive.zoho.in/file/0u4ck6f0f0e3687024b74917489a52fcd6683,TextNode,c9f53148-1553-4abd-b80f-d987641fae4d,c9f53148-1553-4abd-b80f-d987641fae4d,c9f53148-1553-4abd-b80f-d987641fae4d,(populate LlamaIndex JSON string in production),"ICAR Rabi Agro-Advisories for Farmers 2021-2022_Indian Council of Agricultural Research, Krishi Bhawan, New Delhi",2026-04-07T08:48:37.691000,,,
312faa29-f644-4ef3-8b5c-94ce23987690,"## Suitable Rhizobium Culture : Rhizobium leguminosarum can be used. Irrigation :

If  required and available, 1 irrigation at 40-50 days of sowing may be given.

## Plant Protection :

## A. Insect Pests :

| Insecticide Common Name   |   Concentration (%) | Insect pest       |
|---------------------------|---------------------|-------------------|
| Dichlorovos (Nuvan 100EC) |                 0.5 | Pod borer         |
| Malathion 50EC            |                 2   | Leaf Miner, Aphid |

## B. Diseas e :

| Disease           | Fungicides                                           | Dose/ha                                 | Concentration   | Mode of application                     |
|-------------------|------------------------------------------------------|-----------------------------------------|-----------------|-----------------------------------------|
| 1. Wilt           | (i)Carbendazim (Bavistin), Benomyl (Bentate) 50WP or | 2 g/kg of seeds                         | -               | Seed treatment                          |
| 1. Wilt           | Captan or Thiram 50 WP                               | 3 g/kg of seeds                         | -               | -do-                                    |
| 1. Wilt           | (ii) Carbendazim /Bentate 50 WP                      | -                                       | 0.1%            | Drenching the soil in localized patches |
| 2. Rust           | Tridemorph (Calixin) or                              | 500-700 ml in 500-700 litre of water    | 0.1%            | As soon as disease appeared             |
| 2. Rust           | Mancozeb 75 WP (Dithane M-45)                        | 1.0-1.4 kg in 500-700 litre of water    | 0.2%            | -do-                                    |
| 3. Powdery mildew | Wet. Sulphur (Thiovit)/ (Hexasul) or                 | 2.5 to 3.5 kg in 500-700 litre of water | 0.5%            | -do-                                    |
| 3.",Assam,,[],https://workdrive.zoho.in/file/zu51zed748521a97b4cccabd70815a4531521,TextNode,be34e549-b214-4116-a1ba-bae65cd4d8c2,be34e549-b214-4116-a1ba-bae65cd4d8c2,be34e549-b214-4116-a1ba-bae65cd4d8c2,"{""id_"": ""312faa29-f644-4ef3-8b5c-94ce23987690"", ""embedding"": null, ""metadata"": {""page_no"": null, ""headings"": [], ""source"": ""https://workdrive.zoho.in/file/zu51zed748521a97b4cccabd70815a4531521""}, ""excluded_embed_metadata_keys"": [], ""excluded_llm_metadata_keys"": [], ""relationships"": {}, ""metadata_template"": ""{key}: {value}"", ""metadata_separator"": ""\n"", ""text"": """", ""mimetype"": ""text/plain"", ""start_char_idx"": 0, ""end_char_idx"": 0, ""metadata_seperator"": ""\n"", ""text_template"": ""{metadata_str}\n\n{content}"", ""class_name"": ""TextNode""}",11(A).1,2025-10-31T08:26:02.346000,,,
f40cc3aa-a475-4748-ac29-edf823953322,"2. Eyes should be picked from rounded branches.
3. Better to have prickly eyes
4. Eyes should be disease free
5. Eyes should be unconscious.",Karnataka,359,"[""2. Eyes should be picked from rounded branches.""]",https://workdrive.zoho.in/file/0u4ck92141867d7d24f57a6a0f6cc52cda094,TextNode,f98fd64d-f575-48d2-ba9f-965266a61a81,f98fd64d-f575-48d2-ba9f-965266a61a81,f98fd64d-f575-48d2-ba9f-965266a61a81,(populate LlamaIndex JSON string in production),"Compressive Horticultural -POP-Package of Practice _ University of Horticultural Science,Bagalkot(UHSB)_Udyanagiri, Navanagar, Bagalkot - 587104, Karnataka",2026-04-07T08:49:02.878000,,,
419353eb-ce66-49a0-85f5-2e86d208ffae,"1.1.3. PRE-TREATMENT OF ACID DELINTED SEEDS WITH BIOFERTILIZER

Treat one hectare of seeds with 600g of

Azospirillum,

600g of Phosphobacteria

(or) 600 g of Azophos + 600 g of Silicate Solubilizing Bacteria.

Liquid formulation

Treat one hectare of seeds with 125 ml of

Azospirillum,

125

ml  of  Phosphobacteria  and  Silicate  solubilizing  bacteria  (SSB)  shade  dry  for  30

minutes before sowing.

256

Soil

1.1.4. FORMATION OF RIDGES AND FURROWS

i)

ii)

iii)

Form ridges and furrows 10 m long with appropriate spacing depending upon the variety.

Use ridge plough or bund former to form ridges so as to economise on cost of cultivation.

In fields with ragi stubbles, just dibble cotton seeds at the specified spacings.

iv)

Adopt the following spacing between ridges for different  varieties/hybrids.

Varieties/Hybrids

Spacing

(cm)

MCU 5, SVPR 2, LRA 5166, MCU 12, MCU

13

Suvin

MCU 7

75

90

60

NOTE: Adopt higher spacing rows in fertile soils by 15 to 30 cm.

1.1.5. APPLICATION OF INORGANIC FERTILIZERS

v)

ii)

iii)

test

If soil

test recommendations

are not

recommendation for the different varieties.

Varieties / Hybrids

MCU 7, SVPR 3

N

60

MCU 5, MCU 12, MCU 13,Suvin, SVPR 2

80

If basal application could not be done, apply on the 25

available, follow

the blanket

Quantity of fertilizers

(Kg/ha)

P2O5

30

K20

30

40

th day after  sowing.

Apply 50 per cent of N and K full dose of P2 O5 as basal and remaining ½ N and K

at 40 - 45 DAS for varieties. For hybrids apply N in three splits

65 DAS.

crop response  based  integrated  plant

nutrition viz

system

.,",Tamil Nadu,,[],https://workdrive.zohoexternal.in/file/2bmyq9d676ab8baf74386bf8078b151fa9f4f,TextNode,48b5f97d-d8da-45d2-94d2-cff321195c5c,48b5f97d-d8da-45d2-94d2-cff321195c5c,48b5f97d-d8da-45d2-94d2-cff321195c5c,"{""id_"": ""419353eb-ce66-49a0-85f5-2e86d208ffae"", ""embedding"": null, ""metadata"": {""page_no"": null, ""headings"": [], ""source"": ""https://workdrive.zohoexternal.in/file/2bmyq9d676ab8baf74386bf8078b151fa9f4f""}, ""excluded_embed_metadata_keys"": [], ""excluded_llm_metadata_keys"": [], ""relationships"": {}, ""metadata_template"": ""{key}: {value}"", ""metadata_separator"": ""\n"", ""text"": """", ""mimetype"": ""text/plain"", ""start_char_idx"": 0, ""end_char_idx"": 0, ""metadata_seperator"": ""\n"", ""text_template"": ""{metadata_str}\n\n{content}"", ""class_name"": ""TextNode""}",Agriculture-CPG-2020,2025-10-31T08:26:02.338000,,,
e341ecaf-9161-45c8-8d4e-d5bd594dde1e,"| (004) Local Aman Paddy                                    | (004) Local Aman Paddy                                                   | 30                                                                       |
| c.                                                        | (720) Ground Nut                                          | (720) Ground Nut                                                         | 18                                                                       |
| d.                                                        | (112) Black gram                                          | (112) Black gram                                                         | 30                                                                       |
| 3.                                                        | (xx) Non-agri. Use                                        | (xx) Non-agri. Use                                                       | 40                                                                       |
| 4.                                                        | (xxx) Orchard                                             | (xxx) Orchard                                                            | -                                                                        |
| 5.                                                        | (x0) Current Fallow                                       | (x0) Current Fallow                                                      | 15                                                                       |

## Example:

HOW TO FILL- UP: S-FORM: Column No. 5

| Dag No.                                                      | Area of the Dag. in cents                                    | Rabi Season (16th Jan -31st March) Land used in cents        | Rabi Season (16th Jan -31st March) Land used in cents        |
|--------------------------------------------------------------|--------------------------------------------------------------|--------------------------------------------------------------|--------------------------------------------------------------|
| Col. 1                                                       | Col. 2                                                       | Col. 5                                                       | Col. 5                                                       |
| 1157                                                         | 65                                                           | (x0) current fallow - 65                                     | (x0) current fallow - 65                                     |
| 1159                                                         | 48                                                           | (x0) current fallow -30, (102) Moong-18                      | (x0) current fallow -30, (102) Moong-18                      |
| 1167                                                         | 85                                                           | (500) Potato - 45, (xx)non-agri. use- 40                     | (500) Potato - 45, (xx)non-agri.",Tripura,,[],https://workdrive.zoho.in/file/zu51z23ab00d2b5e5411ca3a1159bb13d4226,TextNode,6043ef5b-e4bd-4992-9ea5-a11bf3051813,6043ef5b-e4bd-4992-9ea5-a11bf3051813,6043ef5b-e4bd-4992-9ea5-a11bf3051813,"{""id_"": ""e341ecaf-9161-45c8-8d4e-d5bd594dde1e"", ""embedding"": null, ""metadata"": {""page_no"": null, ""headings"": [], ""source"": ""https://workdrive.zoho.in/file/zu51z23ab00d2b5e5411ca3a1159bb13d4226""}, ""excluded_embed_metadata_keys"": [], ""excluded_llm_metadata_keys"": [], ""relationships"": {}, ""metadata_template"": ""{key}: {value}"", ""metadata_separator"": ""\n"", ""text"": """", ""mimetype"": ""text/plain"", ""start_char_idx"": 0, ""end_char_idx"": 0, ""metadata_seperator"": ""\n"", ""text_template"": ""{metadata_str}\n\n{content}"", ""class_name"": ""TextNode""}",Annual Plan 24-25_agri-230924,2025-10-31T08:26:02.253000,,,
5fdf56f3-deee-4660-9752-30c34c27b5de,"enrich the soil. Tractor operated FYM Pulverizer cum spreader is useful for FYM
application in the field without any labour. It covers up to 10 to 12 acres per day. Cost
of the implement is Rs. 76000/-.",Karnataka,26,"[""enrich the soil. Tractor operated FYM Pulverizer cum spreader is useful for FYM""]",https://workdrive.zoho.in/file/0u4ck598c81fd38fa46d2b168b78abddaed42,TextNode,69e68b29-6a66-4ada-a276-aa5dd50f2a72,69e68b29-6a66-4ada-a276-aa5dd50f2a72,69e68b29-6a66-4ada-a276-aa5dd50f2a72,(populate LlamaIndex JSON string in production),"ICAR Kharif Agro-Advisories for Farmers 2025_Indian Council of Agricultural Research, Krishi Bhawan, New Delhi",2026-04-07T08:48:23.170000,,,
fb527d5b-1ace-40d7-9d7d-5e5ba929de88,"I  congratulate  Directorate  of  Extension  and Division  of  Fruit  Science  for  updating  the  publication  for  the  benefit  of orchardists, field functionaries and researchers.

Date

Place: Jammu

<!-- image -->

**Image Description:** the logo for the new j p sharma vice chancellor




(J.P. Sharma) Vice Chancellor

## PREFACE

One  of  the  mandates  of  the  Directorate  of  Extension  is  to  publish  the package of practice for fruit crops on regular basis for updating the knowledge of fruit growers and field functionaries. In this context, ' Package of Practices for Fruit  Crops-2020 '  has  been  published  for  use  as  reference  book  by  the  fruit growers,  field  functionaries,  young  entrepreneurs,  students  and  researchers interested in adopting and promoting horticulture.

Sher-e-Kashmir  University  of  Agricultural  Sciences  and  Technology  of Jammu through Division of Fruit Science, Research Stations and Krishi Vigyan Kendras  is  playing  an  important  role  in  popularization  of  zone  specific  new cultivars of different fruit crops for enhancing the cultivation of commercial fruit crops in Jammu region.

The  package  of  practice  for  fruit  crops  includes  the  agronomic  and management practices of various crops namely mango, guava, ber, aonla, litchi etc. that  are  grown in sub-tropical areas, pear, plum, peach etc in intermediate (low  hills)  areas  and  almond,  peach,  walnut,  apple  etc.  in  temperate  zones  of Jammu division in a very simple and easy to understand language.

I would like to take this opportunity to acknowledge my indebtedness to the scientists  of  Division  of  fruit  science,  plant  pathology  and  entomology  who helped the Directorate of Extension in the compilation of this publication.

<!-- image -->

**Image Description:** the signature of person




(S.K.",Jammu & Kashmir,,[],https://workdrive.zohoexternal.in/file/2bmyqed7a5bc1772e4e89865123bd18b6e11f,TextNode,20b68c7a-eb12-49dd-abff-b079528ec353,20b68c7a-eb12-49dd-abff-b079528ec353,20b68c7a-eb12-49dd-abff-b079528ec353,"{""id_"": ""fb527d5b-1ace-40d7-9d7d-5e5ba929de88"", ""embedding"": null, ""metadata"": {""page_no"": null, ""headings"": [], ""source"": ""https://workdrive.zohoexternal.in/file/2bmyqed7a5bc1772e4e89865123bd18b6e11f""}, ""excluded_embed_metadata_keys"": [], ""excluded_llm_metadata_keys"": [], ""relationships"": {}, ""metadata_template"": ""{key}: {value}"", ""metadata_separator"": ""\n"", ""text"": """", ""mimetype"": ""text/plain"", ""start_char_idx"": 0, ""end_char_idx"": 0, ""metadata_seperator"": ""\n"", ""text_template"": ""{metadata_str}\n\n{content}"", ""class_name"": ""TextNode""}",Package of practices for Fruit Crops,2025-10-31T08:26:02.318000,,,
9a234ae0-16ed-459d-b1e2-9a1d56756776,"62 |                                               6.15 |                                               7.69 |                                                    |
| 70                             |                                               0.14 |                                               0.29 |                                               0.43 |                                               0.57 |                                               0.71 |                                               0.86 |                                               1    |                                               1.14 |                                               1.28 |                                               1.42 |                                               2.85 |                                               4.28 |                                               5.71 |                                               7.14 |                                                    |
| 75                             |                                               0.13 |                                               0.27 |                                               0.41 |                                               0.53 |                                               0.67 |                                               0.8  |                                               0.93 |                                               1.07 |                                               1.2  |                                               1.33 |                                               2.67 |                                               4    |                                               5.33 |                                               6.67 |                                                    |
| 80                             |                                               0.13 |                                               0.25 |                                               0.38 |                                               0.5  |                                               0.63 |                                               0.75 |                                               0.89 |                                               1    |                                               1.13 |                                               1.25 |                                               2.5  |                                               3.75 |                                               5    |                                               6.25 |                                                    |
| 85                             |                                               0.12 |                                               0.24 |                                               0.35 |                                               0.47 |                                               0.59 |                                               0.71 |                                               0.82 |                                               0.94 |                                               1.06 |                                               1.18 |                                               2.35 |                                               3.53 |                                               4.71 |                                               5.88 |                                                    |
| 90                             |                                               0.11 |                                               0.22 |                                               0.33 |                                               0.44 |                                               0.56 |                                               0.67 |                                               0.78 |                                               0.89 |                                               1    |                                               1.11 |                                               2.22 |                                               3.33 |                                               4.44 |                                               5.55 |                                                    |
| 95                             |                                               0.11 |                                               0.21 |                                               0.32 |                                               0.42 |                                               0.53 |                                               0.",Assam,,[],https://workdrive.zoho.in/file/zu51z157a5a6aa0ac4c0782134cdb30e18b09,TextNode,a15b9ada-6c07-48a8-92b3-fe93059b1385,a15b9ada-6c07-48a8-92b3-fe93059b1385,a15b9ada-6c07-48a8-92b3-fe93059b1385,"{""id_"": ""9a234ae0-16ed-459d-b1e2-9a1d56756776"", ""embedding"": null, ""metadata"": {""page_no"": null, ""headings"": [], ""source"": ""https://workdrive.zoho.in/file/zu51z157a5a6aa0ac4c0782134cdb30e18b09""}, ""excluded_embed_metadata_keys"": [], ""excluded_llm_metadata_keys"": [], ""relationships"": {}, ""metadata_template"": ""{key}: {value}"", ""metadata_separator"": ""\n"", ""text"": """", ""mimetype"": ""text/plain"", ""start_char_idx"": 0, ""end_char_idx"": 0, ""metadata_seperator"": ""\n"", ""text_template"": ""{metadata_str}\n\n{content}"", ""class_name"": ""TextNode""}",PoP_(Kharif)_2023,2025-10-31T08:26:02.345000,,,
3a03a46e-08ce-4400-8ea1-ccf5212b6851,"5.  Soil Assessment: Evaluate soil types and adjust drainage systems to suit different soil permeability for better water management.
6.  Water Flow Control: Use valves or gates to regulate drainage flow and prevent soil erosion or flooding.
- v. Water budgeting
1.  Assess Water Availability: Evaluate local water sources (rainfall, groundwater, surface water) and their seasonal variations.
2.  Estimate Water Needs: Calculate water requirements for different crops, livestock, and domestic uses based on climate, soil, and crop type.
3.  Set Priorities: Allocate water based on urgency, ensuring critical needs (e.g., drinking water, essential crops) are met first.
4.  Monitor Usage: Regularly track water consumption to detect inefficiencies and adjust accordingly.

5.  Promote Conservation: Implement water-saving practices like efficient irrigation, rainwater harvesting, and reducing waste.
6.  Adapt to Changes: Adjust the water budget based on changes in weather patterns, crop cycles, or water availability.
- vi. Traditional knowledge
1.  Rainwater Harvesting: Collect rainwater using traditional methods like ponds, wells, and water storage tanks.
2.  Water Diversion: Use canals and channels to direct water to fields and crops, often based on local topography.
3.  Terracing: Build terraces on slopes to reduce water runoff, minimize soil erosion, and retain moisture in the soil.
4.  Soil Moisture Retention: Use natural mulching techniques, such as crop residues or organic materials, to conserve soil moisture.
5.  Water-efficient Crops: Grow drought-resistant crops that require less water and are adapted to local climate conditions.
6.  Integrated Water Management: Combine practices like agroforestry, crop rotation, and natural irrigation systems for sustainable water use.

***

## Anand Agricultural University, Anand, Gujarat Natural Farming Package of Practices

## 1.  Natural Farming Practices

## a.  Soil Health Management practices

- i. Name of practice: Mulching and Intercropping
- ii. Brief description of the practice: Mulching with straw enhances soil  moisture and encourages microorganisms and earthworms as well  as  fostering  seed  germination.  Comprising  dried  biomass waste  or  any  dry  organic  material,  it  contributes  to  improve  soil fertility by decomposing through microbial activity .

## iii. Benefit of the practices:

1.",Pops_Multiple_States,,[],https://workdrive.zoho.in/file/zu51zd898177264804b4d83d01ce98b768a7b,TextNode,b25811ab-b5f0-423f-84e2-aa66b2b1340c,b25811ab-b5f0-423f-84e2-aa66b2b1340c,b25811ab-b5f0-423f-84e2-aa66b2b1340c,"{""id_"": ""3a03a46e-08ce-4400-8ea1-ccf5212b6851"", ""embedding"": null, ""metadata"": {""page_no"": null, ""headings"": [], ""source"": ""https://workdrive.zoho.in/file/zu51zd898177264804b4d83d01ce98b768a7b""}, ""excluded_embed_metadata_keys"": [], ""excluded_llm_metadata_keys"": [], ""relationships"": {}, ""metadata_template"": ""{key}: {value}"", ""metadata_separator"": ""\n"", ""text"": """", ""mimetype"": ""text/plain"", ""start_char_idx"": 0, ""end_char_idx"": 0, ""metadata_seperator"": ""\n"", ""text_template"": ""{metadata_str}\n\n{content}"", ""class_name"": ""TextNode""}",POP- Natural Farming Practices,2025-10-31T08:26:02.344000,,,
1c30dc58-5b32-4180-8aa4-c031067f56fe,"10571                                                        | 28 297 10607                                                        | 30 322 10733                                                        | 31 336 10839                                                        | 33 358 10848                                                        |
| East Garo Hills        | Y A P Y    | 118 2089 17703 | 119 2127 17874 | 121 2169 17926 | 128 2301 17977 | 130 2338 17985 | East Garo Hills                                                     | A P Y                                                               | 129 2918 22620",Meghalaya,,[],https://workdrive.zoho.in/file/zu51z67af985c53c8460480b19ec013d9d0d1,TextNode,aa272054-ff94-47d7-89e6-cd229d44fa19,aa272054-ff94-47d7-89e6-cd229d44fa19,aa272054-ff94-47d7-89e6-cd229d44fa19,"{""id_"": ""1c30dc58-5b32-4180-8aa4-c031067f56fe"", ""embedding"": null, ""metadata"": {""page_no"": null, ""headings"": [], ""source"": ""https://workdrive.zoho.in/file/zu51z67af985c53c8460480b19ec013d9d0d1""}, ""excluded_embed_metadata_keys"": [], ""excluded_llm_metadata_keys"": [], ""relationships"": {}, ""metadata_template"": ""{key}: {value}"", ""metadata_separator"": ""\n"", ""text"": """", ""mimetype"": ""text/plain"", ""start_char_idx"": 0, ""end_char_idx"": 0, ""metadata_seperator"": ""\n"", ""text_template"": ""{metadata_str}\n\n{content}"", ""class_name"": ""TextNode""}",Area -Production-and-Yield-of-Principal-Crops-2019,2025-10-31T08:26:02.320000,,,
92abd0e5-f80f-497b-868a-410482a6d843,"7. Sugandaraja
Stemmed flowers are used for making bouquets and placing them in vases.Garland with spare flowers
Used for cooking and perfumery.",Karnataka,239,"[""7. Sugandaraja""]",https://workdrive.zoho.in/file/0u4ck92141867d7d24f57a6a0f6cc52cda094,TextNode,f98fd64d-f575-48d2-ba9f-965266a61a81,f98fd64d-f575-48d2-ba9f-965266a61a81,f98fd64d-f575-48d2-ba9f-965266a61a81,(populate LlamaIndex JSON string in production),"Compressive Horticultural -POP-Package of Practice _ University of Horticultural Science,Bagalkot(UHSB)_Udyanagiri, Navanagar, Bagalkot - 587104, Karnataka",2026-04-07T08:48:59.808000,,,
37d63e67-e631-4cda-b5c1-593e5134a0fb,"| 96 1013 10552                                                       | 100 1080 10800                                                      | 102 1112 10902                                                      | 104 1134 10904                                                      |
| East Jaintia Hills     | A P        | 3 29 9667      | 3 28 9333      | 4 39 9750      | 4 41 10250     | 6 59 9833      | East Jaintia Hills                                                  | A P Y                                                               | 28 296 10571",Meghalaya,,[],https://workdrive.zoho.in/file/zu51z67af985c53c8460480b19ec013d9d0d1,TextNode,013734e4-bb1f-4043-8720-ed218a931413,013734e4-bb1f-4043-8720-ed218a931413,013734e4-bb1f-4043-8720-ed218a931413,"{""id_"": ""37d63e67-e631-4cda-b5c1-593e5134a0fb"", ""embedding"": null, ""metadata"": {""page_no"": null, ""headings"": [], ""source"": ""https://workdrive.zoho.in/file/zu51z67af985c53c8460480b19ec013d9d0d1""}, ""excluded_embed_metadata_keys"": [], ""excluded_llm_metadata_keys"": [], ""relationships"": {}, ""metadata_template"": ""{key}: {value}"", ""metadata_separator"": ""\n"", ""text"": """", ""mimetype"": ""text/plain"", ""start_char_idx"": 0, ""end_char_idx"": 0, ""metadata_seperator"": ""\n"", ""text_template"": ""{metadata_str}\n\n{content}"", ""class_name"": ""TextNode""}",Area -Production-and-Yield-of-Principal-Crops-2019,2025-10-31T08:26:02.320000,,,
7ca623e4-493f-4155-b574-8d63c59ed0ef,"Indus
confluence
Nirmala
Indus
Lahari
Ganges
Indus
the interior

Amrit
Playful
Madhura
Indus
Recitation
Indus
sweet
the heart",Karnataka,5,"[""Indus""]",https://workdrive.zoho.in/file/k8yewc9be6044f7704334aa3098af138f8b42,TextNode,ed7ef8a0-c79e-43be-8289-b406b35f0463,ed7ef8a0-c79e-43be-8289-b406b35f0463,ed7ef8a0-c79e-43be-8289-b406b35f0463,(populate LlamaIndex JSON string in production),"Sugarcane-POP -Package of Practice _University of Agricultural Science, Raichur(UASR), UAS Campus, Main Agricultural Research Station, Maddipet, Raichur - 584102, Karnataka",2026-04-07T08:48:17.025000,,,
3abacda7-61c6-46b3-b6fb-940b2630fbba,"<table id=""82-1"">
<tr><td id=""82-2"">Varieties :
Farming</td><td id=""82-3"">Trishna and Trupta
Materials</td><td id=""82-4""></td></tr>
<tr><td id=""82-5"">No.</td><td id=""82-6"">Details</td><td id=""82-7"">per hectare</td></tr>
<tr><td id=""82-8"">1.</td><td id=""82-9"">Seed (kg)</td><td id=""82-a"">2.5</td></tr>
<tr><td id=""82-b"">2.</td><td id=""82-c"">Manure for manger</td><td id=""82-d"">10 ton</td></tr>
<tr><td id=""82-e"">3.</td><td id=""82-f"">Chemical fertilizers (kg)</td><td id=""82-g""></td></tr>
<tr><td id=""82-h""></td><td id=""82-i"">ಸಾರಜನಕ</td><td id=""82-j"">60</td></tr>
<tr><td id=""82-k""></td><td id=""82-l"">ರಂಜಕ</td><td id=""82-m"">50</td></tr>
<tr><td id=""82-n""></td><td id=""82-o"">ಪೊಟ್ಯಾಷ್</td><td id=""82-p"">40</td></tr>
</table>",Karnataka,281,"[""Farming</td><td id=\""82-3\"">Trishna and Trupta""]",https://workdrive.zoho.in/file/0u4ck92141867d7d24f57a6a0f6cc52cda094,TextNode,f98fd64d-f575-48d2-ba9f-965266a61a81,f98fd64d-f575-48d2-ba9f-965266a61a81,f98fd64d-f575-48d2-ba9f-965266a61a81,(populate LlamaIndex JSON string in production),"Compressive Horticultural -POP-Package of Practice _ University of Horticultural Science,Bagalkot(UHSB)_Udyanagiri, Navanagar, Bagalkot - 587104, Karnataka",2026-04-07T08:49:00.843000,,,
