_id,text,metadata_Category,metadata_Year,metadata_Month,metadata_Day,metadata_Crop,metadata_District,metadata_BlockName,metadata_Sector,metadata_Sector (A),metadata_Season,metadata_QueryType,metadata_Agri Specialist,metadata_latitude,metadata_longitude,metadata_cluster,metadata_num_questions_in_cluster,metadata_Date,metadata_Source [Name and Link],metadata_SL No.,metadata__node_content,metadata__node_type,metadata_document_id,metadata_doc_id,metadata_ref_doc_id,metadata_state
494ee984-d3fe-4ebb-b095-f2fc55e99d3f,"Question: What is the recommended irrigation schedule for Green gram crop?

Answer: Green gram is primarily grown as a rainfed kharif crop in Madhya Pradesh, meaning it relies heavily on monsoon rains. However, protective irrigation at critical growth stages can significantly improve yield and prevent crop failure during dry spells. The crop is relatively drought-tolerant but is highly sensitive to waterlogging,so well-drained soil is essential. The first and most critical irrigation is the pre-sowing irrigation. This is applied 3-4 days before sowing to ensure the soil has adequate moisture for uniform seed germination and good seedling emergence. For the kharif crop, usually no further irrigation is needed if the monsoon rainfall is well-distributed. If there is a prolonged dry spell during the flowering and pod development stages,one life-saving irrigation must be applied. This stage,approximately 35-45 days after sowing, is the most moisture-sensitive period. Water stress at this time can cause excessive flower and pod drop,leading to severe yield loss. For summer green gram cultivation (which is entirely irrigated), a regular schedule is mandatory due to the high temperatures. The general rule is to provide irrigation at intervals of 10-12 days during the summer season. The critical stages for irrigation in summer are the pre-flowering stage(25-30 DAS), flowering stage (35-40 DAS), and pod filling stage (45-50 DAS). A total of 4-5 irrigations are usually required for a summer crop. The method of irrigation is crucial. Furrow irrigation is highly preferred over flood irrigation to prevent water stagnation around the base of the plants,which can lead to root rot and other diseases. Light irrigation is always recommended;the field should not be saturated. It is important to note that all irrigation should be stopped approximately 10-15 days before the anticipated harvest date. This allows the field to dry, facilitating easier harvesting and reducing the risk of pod rot.",Pulses,2019,4,24,Green Gram-Moong,Narmadapuram,Seoni Malwa,Agriculture,Agriculture,Kharif,Water Management,Tejas R. Dange,22.7546,77.7198,847,9,,https://www.rvskvv.net/PDF/package-of-practices/Kharif%20Pulses.pdf,3787,"{""id_"": ""494ee984-d3fe-4ebb-b095-f2fc55e99d3f"", ""embedding"": null, ""metadata"": {""Category"": ""Pulses"", ""Year"": ""2019"", ""Month"": ""4"", ""Day"": ""24"", ""Crop"": ""Green Gram"", ""State"": ""MADHYA PRADESH"", ""District"": ""HOSHANGABAD"", ""BlockName"": ""SEONI MALWA"", ""Sector"": ""AGRICULTURE"", ""Sector (A)"": ""AGRICULTURE"", ""Season"": ""KHARIF"", ""QueryType"": ""Water Management"", ""Agri Specialist"": ""Tejas R. Dange"", ""latitude"": ""22.7546"", ""longitude"": ""77.7198"", ""cluster"": ""847"", ""num_questions_in_cluster"": ""9"", ""Date"": """", ""Source [Name and Link]"": ""https://www.rvskvv.net/PDF/package-of-practices/Kharif%20Pulses.pdf"", ""SL No."": ""3787""}, ""excluded_embed_metadata_keys"": [], ""excluded_llm_metadata_keys"": [], ""relationships"": {""1"": {""node_id"": ""592b79e2a56693bf71d771e7"", ""node_type"": ""4"", ""metadata"": {""Category"": ""Pulses"", ""Year"": ""2019"", ""Month"": ""4"", ""Day"": ""24"", ""Crop"": ""Green Gram"", ""State"": ""MADHYA PRADESH"", ""District"": ""HOSHANGABAD"", ""BlockName"": ""SEONI MALWA"", ""Sector"": ""AGRICULTURE"", ""Sector (A)"": ""AGRICULTURE"", ""Season"": ""KHARIF"", ""QueryType"": ""Water Management"", ""Agri Specialist"": ""Tejas R. Dange"", ""latitude"": ""22.7546"", ""longitude"": ""77.7198"", ""cluster"": ""847"", ""num_questions_in_cluster"": ""9"", ""Date"": """", ""Source [Name and Link]"": ""https://www.rvskvv.net/PDF/package-of-practices/Kharif%20Pulses.pdf"", ""SL No."": ""3787""}, ""hash"": ""791bc6b0472afd580740e8ded78b2eec6722719691ea004f6a2ce58193b9ae2f"", ""class_name"": ""RelatedNodeInfo""}}, ""metadata_template"": ""{key}: {value}"", ""metadata_separator"": ""\n"", ""text"": """", ""mimetype"": ""text/plain"", ""start_char_idx"": 0, ""end_char_idx"": 2006, ""metadata_seperator"": ""\n"", ""text_template"": ""{metadata_str}\n\n{content}"", ""class_name"": ""TextNode""}",TextNode,592b79e2a56693bf71d771e7,592b79e2a56693bf71d771e7,592b79e2a56693bf71d771e7,Madhya Pradesh
0c95a7f3-3135-498c-b1e4-c0b4e3a07800,"Question: My Wheat crop is yellowing and drying. What should I do?

Answer: The yellowing and drying of wheat in Madhya Pradesh is a widespread concern that can significantly reduce yield. This is not a single disease but a symptom caused by a variety of factors, such as Nutrient deficiencies of Nitrogen, Zinc, Potassium, and Sulfur. This is one of the most common causes. Or due to waterlogging, moisture stress, and frost injury. Or it can happen due to fungal or bacterial diseases such as Leaf Blight (Spot Blotch), Leaf Rust, Root Rot / Foot Rot. The timing of the symptom provides a major clue to the cause: Early Stages (Tillering to Stem Elongation): Typically points to nutrient deficiencies (N, Zn), waterlogging, or root rot. Heading Stage (Booting): Often caused by moisture stress or severe leaf blight. Grain Filling Stage (Milking to Dough): Can be due to moisture stress, foliar diseases (blight, rust), or natural senescence. Premature drying at this stage severely impacts yield by reducing grain weight. To control yellowing and drying of wheat, you need to test the soil every 2-3 years and apply fertilizers based on the recommendation to avoid deficiencies. This is the most important step. Choose varieties recommended for MP that are resistant/tolerant to rusts and blights, such as JW 3173, JW 3211, HI 1620, and MP 3336. Complete sowing between November 10th to 25th for central MP. Late sowing exposes the crop to higher temperatures during grain filling, causing forced maturity and drying. Apply balanced fertilizers and provide adequate irrigation. For Nutrient Deficiencies: For N deficiency, top-dress with urea and irrigate. For Zn deficiency, foliar spray with 0.5% Zinc Sulphate (5g per liter of water) + a few drops of sticking agent. For Fungal Diseases (Leaf Blight, Rust): Propiconazole 25% EC @ 0.1% (1 ml per liter of water) or 200ml per acre, Tebuconazole 25.9% EC @ 0.1% (1 ml per liter of water) or 200 ml to 250 ml per acre. Spray at disease initiation and repeat if necessary after 15 days.",all,2009,12,28,Wheat,SAGAR,all,Agriculture,Agriculture,Kharif,0,Souvik Roy,23.8083,78.7583,-1,,6-9-2025,https://www.jnkvv.org/  https://hortinet.mp.gov.in/  https://wheat.icar.gov.in/,4473,"{""id_"": ""0c95a7f3-3135-498c-b1e4-c0b4e3a07800"", ""embedding"": null, ""metadata"": {""Category"": ""0"", ""Year"": ""2009"", ""Month"": ""12"", ""Day"": ""28"", ""Crop"": ""Wheat"", ""State"": ""MADHYA PRADESH"", ""District"": ""SAGAR"", ""BlockName"": ""0"", ""Sector"": ""AGRICULTURE"", ""Sector (A)"": ""AGRICULTURE"", ""Season"": ""KHARIF"", ""QueryType"": ""0"", ""Agri Specialist"": ""Khaja Suhaib Khaja Azharuddin"", ""latitude"": ""23.8083"", ""longitude"": ""78.7583"", ""cluster"": ""-1"", ""num_questions_in_cluster"": """", ""Date"": ""6-9-2025"", ""Source [Name and Link]"": ""https://www.jnkvv.org/  https://hortinet.mp.gov.in/  https://wheat.icar.gov.in/"", ""SL No."": ""4473""}, ""excluded_embed_metadata_keys"": [], ""excluded_llm_metadata_keys"": [], ""relationships"": {""1"": {""node_id"": ""edb518d142c9d81a92cb37c2"", ""node_type"": ""4"", ""metadata"": {""Category"": ""0"", ""Year"": ""2009"", ""Month"": ""12"", ""Day"": ""28"", ""Crop"": ""Wheat"", ""State"": ""MADHYA PRADESH"", ""District"": ""SAGAR"", ""BlockName"": ""0"", ""Sector"": ""AGRICULTURE"", ""Sector (A)"": ""AGRICULTURE"", ""Season"": ""KHARIF"", ""QueryType"": ""0"", ""Agri Specialist"": ""Khaja Suhaib Khaja Azharuddin"", ""latitude"": ""23.8083"", ""longitude"": ""78.7583"", ""cluster"": ""-1"", ""num_questions_in_cluster"": """", ""Date"": ""6-9-2025"", ""Source [Name and Link]"": ""https://www.jnkvv.org/  https://hortinet.mp.gov.in/  https://wheat.icar.gov.in/"", ""SL No."": ""4473""}, ""hash"": ""aa2bc02b0a949e9345fe5280d190d1e61a1fc053e4658aa4637cd2886a6974b8"", ""class_name"": ""RelatedNodeInfo""}}, ""metadata_template"": ""{key}: {value}"", ""metadata_separator"": ""\n"", ""text"": """", ""mimetype"": ""text/plain"", ""start_char_idx"": 0, ""end_char_idx"": 2038, ""metadata_seperator"": ""\n"", ""text_template"": ""{metadata_str}\n\n{content}"", ""class_name"": ""TextNode""}",TextNode,edb518d142c9d81a92cb37c2,edb518d142c9d81a92cb37c2,edb518d142c9d81a92cb37c2,Madhya Pradesh
1ef3114b-83f7-4901-b003-22cdd0028dcd,"Question: Which Tomato varieties are suitable for good cultivation?

Answer: For tomato cultivation, farmers can choose from several quality varieties approved by ICAR and state agriculture universities. For early harvest, Pusa Early Dwarf (release from IARI) is a good choice—it gives fruits in about 60–65 days and is suitable for short-season areas. For high yield and disease resistance, Arka Rakshak and Arka Samrat which are release from IIHR, Bengaluru are excellent hybrids. Arka Rakshak is resistant to bacterial wilt, early blight, and leaf curl virus. Another good option is Pusa Rohini, also from release IARI, which is early maturing and gives uniform fruits. For late or main season planting, Punjab Chhuhara and Arka Vikas are reliable open-pollinated varieties. The best sowing time is January–February for summer crop and June–July for kharif crop. Use 100–150 grams of seed per acre, and for open pollinated varieties use 200 - 250 grams of seed per acre. Transplant 25-day-old seedlings with spacing of 60 × 45 cm for hybrids and 45 × 30 cm for desi types as proper spacing ensuring optimal plant growth, good air flow and yield. You can start harvesting usually at 60–80 days after transplanting, depending on variety. Always choose certified seeds and you collect from National Seed Corporation (NSC), State Agriculture Department or KVKs, and Reputed agri input dealers in your local area. also you apply through online IARI Seed Portal and IIHR Bengaluru online store. Always choose varieties based on your season, market demand, and disease pressure. For long-term benefits, go for resistant and high-yielding types.",all,2013,10,21,Tomato,WEST KAMENG,all,Horticulture,Horticulture,all,,Satarupa Saha,,,-1,,6-8-2025,https://www.pau.edu/content/ccil/pf/pp_veg.pdf/ https://nhb.gov.in/pdf/vegetable/tomato/tom013.pdf / https://agriculture.vikaspedia.in/viewcontent/agriculture/crop-production/package-of-practices/vegetables-1/tomato-1?lgn=en,184,"{""id_"": ""1ef3114b-83f7-4901-b003-22cdd0028dcd"", ""embedding"": null, ""metadata"": {""Category"": """", ""Year"": ""2013"", ""Month"": ""10"", ""Day"": ""21"", ""Crop"": ""Tomato"", ""State"": ""ARUNACHAL PRADESH"", ""District"": ""WEST KAMENG"", ""BlockName"": """", ""Sector"": ""HORTICULTURE"", ""Sector (A)"": ""HORTICULTURE"", ""Season"": """", ""QueryType"": """", ""Agri Specialist"": ""Satarupa Saha"", ""latitude"": """", ""longitude"": """", ""cluster"": ""-1"", ""num_questions_in_cluster"": """", ""Date"": ""6-8-2025"", ""Source [Name and Link]"": ""https://www.pau.edu/content/ccil/pf/pp_veg.pdf/ https://nhb.gov.in/pdf/vegetable/tomato/tom013.pdf / https://agriculture.vikaspedia.in/viewcontent/agriculture/crop-production/package-of-practices/vegetables-1/tomato-1?lgn=en"", ""SL No."": ""184""}, ""excluded_embed_metadata_keys"": [], ""excluded_llm_metadata_keys"": [], ""relationships"": {""1"": {""node_id"": ""b013c005ff9e1fca99574d1a"", ""node_type"": ""4"", ""metadata"": {""Category"": """", ""Year"": ""2013"", ""Month"": ""10"", ""Day"": ""21"", ""Crop"": ""Tomato"", ""State"": ""ARUNACHAL PRADESH"", ""District"": ""WEST KAMENG"", ""BlockName"": """", ""Sector"": ""HORTICULTURE"", ""Sector (A)"": ""HORTICULTURE"", ""Season"": """", ""QueryType"": """", ""Agri Specialist"": ""Satarupa Saha"", ""latitude"": """", ""longitude"": """", ""cluster"": ""-1"", ""num_questions_in_cluster"": """", ""Date"": ""6-8-2025"", ""Source [Name and Link]"": ""https://www.pau.edu/content/ccil/pf/pp_veg.pdf/ https://nhb.gov.in/pdf/vegetable/tomato/tom013.pdf / https://agriculture.vikaspedia.in/viewcontent/agriculture/crop-production/package-of-practices/vegetables-1/tomato-1?lgn=en"", ""SL No."": ""184""}, ""hash"": ""2a4e6cd8fd2bf354b7cd874a62e54d8297be8d41ffc8b89de0c37531804b14b7"", ""class_name"": ""RelatedNodeInfo""}}, ""metadata_template"": ""{key}: {value}"", ""metadata_separator"": ""\n"", ""text"": """", ""mimetype"": ""text/plain"", ""start_char_idx"": 0, ""end_char_idx"": 1640, ""metadata_seperator"": ""\n"", ""text_template"": ""{metadata_str}\n\n{content}"", ""class_name"": ""TextNode""}",TextNode,b013c005ff9e1fca99574d1a,b013c005ff9e1fca99574d1a,b013c005ff9e1fca99574d1a,Arunachal Pradesh
93b337ec-e8bb-46b0-8b08-9096358f72b1,"Question: How can I increase flowering in my Mango plant?

Answer: Increasing flowering in mango requires an integrated approach focusing on cultural practices, nutrition, and targeted chemical applications. You can begin with essential cultural practices. After harvest, prune the tree to remove dead and overlapping branches to improve light and air within the canopy. Resume light irrigation once flowering begins. Nutritional management is a critical foundation for healthy flowering. Apply well-decomposed farmyard manure at 400 to 500 kilograms/acre before the monsoon in June or July. For chemical fertilizers, a general recommendation per tree per year is 400 to 500 grams of nitrogen, 200 to 250 grams of phosphorus, and 400 to 500 grams of potassium. Split the nitrogen dose into two equal applications: half after harvest and the other half before flowering. Apply the full dose of phosphorus and potassium after harvest. Chemical plant growth regulators can be used to induce and improve flowering. Potassium nitrate should be applied as a foliar spray at a 1.0 to 1.5% concentration during October or November as a single application. Paclobutrazol is a strong regulator applied as a soil drench at 2.0 to 2.5 ml/tree, only once every two to three years, three to four months before expected flowering. A micronutrient mix of borax and zinc sulfate, each at 0.5% concentration, should be applied as a foliar spray one to two times before flowering with a 15- to 20-day interval. It is crucial to follow these instructions carefully. Paclobutrazol is very potent and should not be applied annually, as it can stunt tree growth. All chemical applications work best on trees that are otherwise healthy and well-nourished. Always wear protective gear when handling and applying these chemicals.",all,2009,2,17,Mango,SAGAR,all,Horticulture,Horticulture,"Kharif, Rabi",29,Tejas R. Dange,23.8083,78.7583,-1,,,https://cish.icar.gov.in/mango-production-technology/ https://nhb.gov.in/PDF/Mango.pdf https://mphorticulture.gov.in/                             http://kvkjabalpur.mp.gov.in/PDF/mango.pdf                         https://atarijabalpur.icar.gov.in/,4061,"{""id_"": ""93b337ec-e8bb-46b0-8b08-9096358f72b1"", ""embedding"": null, ""metadata"": {""Category"": ""0"", ""Year"": ""2009"", ""Month"": ""2"", ""Day"": ""17"", ""Crop"": ""Mango"", ""State"": ""MADHYA PRADESH"", ""District"": ""SAGAR"", ""BlockName"": ""0"", ""Sector"": ""HORTICULTURE"", ""Sector (A)"": ""HORTICULTURE"", ""Season"": ""KHARIF/RABI"", ""QueryType"": ""29"", ""Agri Specialist"": ""Tejas R. Dange"", ""latitude"": ""23.8083"", ""longitude"": ""78.7583"", ""cluster"": ""-1"", ""num_questions_in_cluster"": """", ""Date"": """", ""Source [Name and Link]"": ""https://cish.icar.gov.in/mango-production-technology/ https://nhb.gov.in/PDF/Mango.pdf https://mphorticulture.gov.in/                             http://kvkjabalpur.mp.gov.in/PDF/mango.pdf                         https://atarijabalpur.icar.gov.in/"", ""SL No."": ""4061""}, ""excluded_embed_metadata_keys"": [], ""excluded_llm_metadata_keys"": [], ""relationships"": {""1"": {""node_id"": ""a7580ddb5fb720b1831a32bf"", ""node_type"": ""4"", ""metadata"": {""Category"": ""0"", ""Year"": ""2009"", ""Month"": ""2"", ""Day"": ""17"", ""Crop"": ""Mango"", ""State"": ""MADHYA PRADESH"", ""District"": ""SAGAR"", ""BlockName"": ""0"", ""Sector"": ""HORTICULTURE"", ""Sector (A)"": ""HORTICULTURE"", ""Season"": ""KHARIF/RABI"", ""QueryType"": ""29"", ""Agri Specialist"": ""Tejas R. Dange"", ""latitude"": ""23.8083"", ""longitude"": ""78.7583"", ""cluster"": ""-1"", ""num_questions_in_cluster"": """", ""Date"": """", ""Source [Name and Link]"": ""https://cish.icar.gov.in/mango-production-technology/ https://nhb.gov.in/PDF/Mango.pdf https://mphorticulture.gov.in/                             http://kvkjabalpur.mp.gov.in/PDF/mango.pdf                         https://atarijabalpur.icar.gov.in/"", ""SL No."": ""4061""}, ""hash"": ""ac0f6326e06679ad19d67cfb39e172cf2d386b59486d3cf8e3eb2d69e4f56870"", ""class_name"": ""RelatedNodeInfo""}}, ""metadata_template"": ""{key}: {value}"", ""metadata_separator"": ""\n"", ""text"": """", ""mimetype"": ""text/plain"", ""start_char_idx"": 0, ""end_char_idx"": 1803, ""metadata_seperator"": ""\n"", ""text_template"": ""{metadata_str}\n\n{content}"", ""class_name"": ""TextNode""}",TextNode,a7580ddb5fb720b1831a32bf,a7580ddb5fb720b1831a32bf,a7580ddb5fb720b1831a32bf,Madhya Pradesh
42765297-dcfe-4e16-886c-e5aebe058bb4,"Question: What varieties are good for Kapurthala, Punjab?

Answer: For poplar cultivation in Punjab, G48 is a well-known and trusted choice that grows steadily and yields commercially useful timber in about 7–8 years. If you’re looking for newer, high-performing options, consider Punjab Agricultural University’s clone PAU-4, which has shown excellent growth, reaching over 10 m in height and about 10 cm girth by the fourth year. For best results, plant during January–February at a spacing of 5 m × 4 m, which allows good sunlight, easy intercultural operations, and healthy tree growth. These varieties can give you good timber yield and quicker returns from agroforestry.",all,2011,2,4,Poplar,Kapurthala,all,Agriculture,Agriculture,Rabi,,Anjali Chauhan,,,-1,,8-8-2025,,1136,"{""id_"": ""42765297-dcfe-4e16-886c-e5aebe058bb4"", ""embedding"": null, ""metadata"": {""Category"": """", ""Year"": ""2011"", ""Month"": ""2"", ""Day"": ""4"", ""Crop"": ""Poplar"", ""State"": ""PUNJAB"", ""District"": ""KAPURTHALA"", ""BlockName"": """", ""Sector"": ""AGRICULTURE"", ""Sector (A)"": ""AGRICULTURE"", ""Season"": ""RABI"", ""QueryType"": """", ""Agri Specialist"": ""Anjali Chauhan"", ""latitude"": """", ""longitude"": """", ""cluster"": ""-1"", ""num_questions_in_cluster"": """", ""Date"": ""8-8-2025"", ""Source [Name and Link]"": """", ""SL No."": ""1136""}, ""excluded_embed_metadata_keys"": [], ""excluded_llm_metadata_keys"": [], ""relationships"": {""1"": {""node_id"": ""2d466aedda2361e2c28d104c"", ""node_type"": ""4"", ""metadata"": {""Category"": """", ""Year"": ""2011"", ""Month"": ""2"", ""Day"": ""4"", ""Crop"": ""Poplar"", ""State"": ""PUNJAB"", ""District"": ""KAPURTHALA"", ""BlockName"": """", ""Sector"": ""AGRICULTURE"", ""Sector (A)"": ""AGRICULTURE"", ""Season"": ""RABI"", ""QueryType"": """", ""Agri Specialist"": ""Anjali Chauhan"", ""latitude"": """", ""longitude"": """", ""cluster"": ""-1"", ""num_questions_in_cluster"": """", ""Date"": ""8-8-2025"", ""Source [Name and Link]"": """", ""SL No."": ""1136""}, ""hash"": ""152cebfcefe3b0d0e1afab47731d87c31a0cab8eebef6ee6d79e28a9d3f70359"", ""class_name"": ""RelatedNodeInfo""}}, ""metadata_template"": ""{key}: {value}"", ""metadata_separator"": ""\n"", ""text"": """", ""mimetype"": ""text/plain"", ""start_char_idx"": 0, ""end_char_idx"": 676, ""metadata_seperator"": ""\n"", ""text_template"": ""{metadata_str}\n\n{content}"", ""class_name"": ""TextNode""}",TextNode,2d466aedda2361e2c28d104c,2d466aedda2361e2c28d104c,2d466aedda2361e2c28d104c,Punjab
c642fee3-d7e6-4d66-9e40-0451c3089a01,"Question: What is pathimugam?

Answer: Pathimugam is commonly called as sappan wood or East Indian red wood. It is a medicinal tree cultivated in Tamil Nadu, Kerala, Karnataka, Andhra Pradesh, and West Bengal states of India. It gives a yield a red dye used in textiles and traditional medicine. The dye is extracted by boiling the chipped wood, traditionally with a few paddy grains added during the process. This wood is dense, hard, termite-resistant, and used in violin bows, and walking sticks. The plant also produces gum, essential oil, and dyes from various parts including bark, pods, and roots. Medicinally, the heartwood is used as an astringent, tonic, and treatment for dysentery, inflammation, and postnatal care. It requires red soil, and tolerates drought, need pH of 5–7.5. Harvesting is done in every 6–8 years once trunks reach 5–6 cm in diameter. With minimal fertilizer use 5 kg FYM per plant, it yields about 80 kg wood per tree, and up to 80-100 kg of seeds per acre from 800-1000 kg of pods per acre.it has 250-300 trees per acre",all,2009,2,2,Pathimugam,VILLUPPURAM,all,Horticulture,Horticulture,Kharif,,Ponugoti Kavya,,,-1,,,,2845,"{""id_"": ""c642fee3-d7e6-4d66-9e40-0451c3089a01"", ""embedding"": null, ""metadata"": {""Category"": """", ""Year"": ""2009"", ""Month"": ""2"", ""Day"": ""2"", ""Crop"": ""Pathimugam (sappan wood or East Indian red wood)"", ""State"": ""TAMILNADU"", ""District"": ""VILLUPPURAM"", ""BlockName"": """", ""Sector"": ""HORTICULTURE"", ""Sector (A)"": ""HORTICULTURE"", ""Season"": ""KHARIF"", ""QueryType"": """", ""Agri Specialist"": ""Ponugoti Kavya"", ""latitude"": """", ""longitude"": """", ""cluster"": ""-1"", ""num_questions_in_cluster"": """", ""Date"": """", ""Source [Name and Link]"": """", ""SL No."": ""2845""}, ""excluded_embed_metadata_keys"": [], ""excluded_llm_metadata_keys"": [], ""relationships"": {""1"": {""node_id"": ""0edff2c6f73eb9d38077267a"", ""node_type"": ""4"", ""metadata"": {""Category"": """", ""Year"": ""2009"", ""Month"": ""2"", ""Day"": ""2"", ""Crop"": ""Pathimugam (sappan wood or East Indian red wood)"", ""State"": ""TAMILNADU"", ""District"": ""VILLUPPURAM"", ""BlockName"": """", ""Sector"": ""HORTICULTURE"", ""Sector (A)"": ""HORTICULTURE"", ""Season"": ""KHARIF"", ""QueryType"": """", ""Agri Specialist"": ""Ponugoti Kavya"", ""latitude"": """", ""longitude"": """", ""cluster"": ""-1"", ""num_questions_in_cluster"": """", ""Date"": """", ""Source [Name and Link]"": """", ""SL No."": ""2845""}, ""hash"": ""add919bb0fb48ee181a1f1349f1e25c66ff60029947a795b0dcd0c2b45ecf30c"", ""class_name"": ""RelatedNodeInfo""}}, ""metadata_template"": ""{key}: {value}"", ""metadata_separator"": ""\n"", ""text"": """", ""mimetype"": ""text/plain"", ""start_char_idx"": 0, ""end_char_idx"": 1053, ""metadata_seperator"": ""\n"", ""text_template"": ""{metadata_str}\n\n{content}"", ""class_name"": ""TextNode""}",TextNode,0edff2c6f73eb9d38077267a,0edff2c6f73eb9d38077267a,0edff2c6f73eb9d38077267a,Tamil Nadu
2525acf5-597d-426e-8799-99c6c6683514,"Question: How to control yellowing of leaves in Paddy crop?

Answer: Paddy is a Kharif season, Rice leaves turning yellow can happen due to several reasons. Because of nitrogen deficiency- Lower (older) leaves turn yellow first; stunted growth. Apply Urea (46% N) @ 50 kg/acre as top dressing, Foliar spray of 1% Urea (10 g per liter of water) for quick correction, Zinc deficiency - yellow streaks on younger leaves, stunted plants, often seen in waterlogged fields.  Iron deficiency- new leaves turn pale yellow, but veins remain green (interveinal chlorosis). soil application rate is 10 kg/acre of Zinc Sulphate. Foliar spray of Ferrous Sulphate (FeSO₄) 1% solution (10 g/liter). Pest infestation- Brown Planthopper (BPH), Leaf Folder, etc. Symptoms: Yellowing due to sap sucking or leaf damage. Spray Imidacloprid 17.8 SL @ 40-50 ml/acre in 200 liters water Or Fipronil 5 SC @ 400 ml/acre in 200 liters water. Disease - Sheath blight, root rot can also cause yellowing, apply Carbendazim 50 WP @ 200 g/acre or Tricyclazole 75 WP @ 120 g/acre if disease confirmed.",Cereals,2015,9,8,Paddy,Khandwa (East Nimar),Pandhana,Agriculture,Agriculture,all,Plant Protection,Gonnabathula Girishma,21.75,76.5833,694,7,30-8-2025,http://www.agritech.tnau.ac.in/expert_system/paddy/nutrientmanagement.html,3620,"{""id_"": ""2525acf5-597d-426e-8799-99c6c6683514"", ""embedding"": null, ""metadata"": {""Category"": ""Cereals"", ""Year"": ""2015"", ""Month"": ""9"", ""Day"": ""8"", ""Crop"": ""Paddy Dhan"", ""State"": ""MADHYA PRADESH"", ""District"": ""EAST NIMAR"", ""BlockName"": ""PANDHANA"", ""Sector"": ""AGRICULTURE"", ""Sector (A)"": ""AGRICULTURE"", ""Season"": """", ""QueryType"": ""Plant Protection"", ""Agri Specialist"": ""Gonnabathula Girishma"", ""latitude"": ""21.75"", ""longitude"": ""76.5833"", ""cluster"": ""694"", ""num_questions_in_cluster"": ""7"", ""Date"": ""30-8-2025"", ""Source [Name and Link]"": ""http://www.agritech.tnau.ac.in/expert_system/paddy/nutrientmanagement.html"", ""SL No."": ""3620""}, ""excluded_embed_metadata_keys"": [], ""excluded_llm_metadata_keys"": [], ""relationships"": {""1"": {""node_id"": ""ad952dc9908bb87e22cc39d4"", ""node_type"": ""4"", ""metadata"": {""Category"": ""Cereals"", ""Year"": ""2015"", ""Month"": ""9"", ""Day"": ""8"", ""Crop"": ""Paddy Dhan"", ""State"": ""MADHYA PRADESH"", ""District"": ""EAST NIMAR"", ""BlockName"": ""PANDHANA"", ""Sector"": ""AGRICULTURE"", ""Sector (A)"": ""AGRICULTURE"", ""Season"": """", ""QueryType"": ""Plant Protection"", ""Agri Specialist"": ""Gonnabathula Girishma"", ""latitude"": ""21.75"", ""longitude"": ""76.5833"", ""cluster"": ""694"", ""num_questions_in_cluster"": ""7"", ""Date"": ""30-8-2025"", ""Source [Name and Link]"": ""http://www.agritech.tnau.ac.in/expert_system/paddy/nutrientmanagement.html"", ""SL No."": ""3620""}, ""hash"": ""e5d5f529e0645ffda16f68405534dea53a0a5ad042a3ecd0e87af5a6807ab603"", ""class_name"": ""RelatedNodeInfo""}}, ""metadata_template"": ""{key}: {value}"", ""metadata_separator"": ""\n"", ""text"": """", ""mimetype"": ""text/plain"", ""start_char_idx"": 0, ""end_char_idx"": 1068, ""metadata_seperator"": ""\n"", ""text_template"": ""{metadata_str}\n\n{content}"", ""class_name"": ""TextNode""}",TextNode,ad952dc9908bb87e22cc39d4,ad952dc9908bb87e22cc39d4,ad952dc9908bb87e22cc39d4,Madhya Pradesh
3b861971-652f-44d7-8f2f-9bfc9c53c1ec,"Question: How to increase growth in wheat?

Answer: To increase wheat crop growth in Jabalpur, Madhya Pradesh, a comprehensive strategy is required, focusing on variety selection, proper nutrient management, and timely care. Select high-yielding, heat-tolerant, and disease-resistant varieties. Suitable options for the Central Zone (which includes Jabalpur) are HI 1634 (Pusa Ahilya), JW 3288, and HI 1544 (Pusa Mangal). These varieties are well-suited for irrigated conditions. Apply 50 kg N, 25 kg Phosphorus, and 16 kg potash per acre. Apply the full dose of Phosphorus and Potassium along with one-third of the Nitrogen (N) as a basal dose at the time of sowing. The remaining Nitrogen should be applied in two equal splits: one at the crown root initiation (CRI) stage (21 days after sowing) and the other at the maximum tillering stage (around 45 days after sowing). Irrigation at critical growth stages is crucial. The most critical stage is Crown Root Initiation (CRI), 21 days after sowing. Other important stages include jointing, flowering, and the dough stage.",Cereals,2013,3,4,Wheat,Jabalpur,Jabalpur,Agriculture,Agriculture,Kharif,Cultural Practices,Chaitanya Sameera Sandaka,23.1702,79.9324,577,13,29-8-2025,https://mpkrishi.mp.gov.in/hindisite_New/krishi_capsules_wheat_New.aspx,3469,"{""id_"": ""3b861971-652f-44d7-8f2f-9bfc9c53c1ec"", ""embedding"": null, ""metadata"": {""Category"": ""Cereals"", ""Year"": ""2013"", ""Month"": ""3"", ""Day"": ""4"", ""Crop"": ""Wheat"", ""State"": ""MADHYA PRADESH"", ""District"": ""JABALPUR"", ""BlockName"": ""JABALPUR"", ""Sector"": ""AGRICULTURE"", ""Sector (A)"": ""AGRICULTURE"", ""Season"": ""KHARIF"", ""QueryType"": ""Cultural Practices"", ""Agri Specialist"": ""Chaitanya Sameera Sandaka"", ""latitude"": ""23.1702"", ""longitude"": ""79.9324"", ""cluster"": ""577"", ""num_questions_in_cluster"": ""13"", ""Date"": ""29-8-2025"", ""Source [Name and Link]"": ""https://mpkrishi.mp.gov.in/hindisite_New/krishi_capsules_wheat_New.aspx"", ""SL No."": ""3469""}, ""excluded_embed_metadata_keys"": [], ""excluded_llm_metadata_keys"": [], ""relationships"": {""1"": {""node_id"": ""cfac9a137418cf040e94ef81"", ""node_type"": ""4"", ""metadata"": {""Category"": ""Cereals"", ""Year"": ""2013"", ""Month"": ""3"", ""Day"": ""4"", ""Crop"": ""Wheat"", ""State"": ""MADHYA PRADESH"", ""District"": ""JABALPUR"", ""BlockName"": ""JABALPUR"", ""Sector"": ""AGRICULTURE"", ""Sector (A)"": ""AGRICULTURE"", ""Season"": ""KHARIF"", ""QueryType"": ""Cultural Practices"", ""Agri Specialist"": ""Chaitanya Sameera Sandaka"", ""latitude"": ""23.1702"", ""longitude"": ""79.9324"", ""cluster"": ""577"", ""num_questions_in_cluster"": ""13"", ""Date"": ""29-8-2025"", ""Source [Name and Link]"": ""https://mpkrishi.mp.gov.in/hindisite_New/krishi_capsules_wheat_New.aspx"", ""SL No."": ""3469""}, ""hash"": ""de58cc87f485c4efa23c64db83aad8ecf4a5961f16d845b286258f6a05a44eb5"", ""class_name"": ""RelatedNodeInfo""}}, ""metadata_template"": ""{key}: {value}"", ""metadata_separator"": ""\n"", ""text"": """", ""mimetype"": ""text/plain"", ""start_char_idx"": 0, ""end_char_idx"": 1073, ""metadata_seperator"": ""\n"", ""text_template"": ""{metadata_str}\n\n{content}"", ""class_name"": ""TextNode""}",TextNode,cfac9a137418cf040e94ef81,cfac9a137418cf040e94ef81,cfac9a137418cf040e94ef81,Madhya Pradesh
a69c6aaf-f3f7-42e0-a285-bf5d7eb8839f,"Question: What are the causes of non-flowering (flowering failure) in jackfruit?

Answer: To ensure good flower initiation in jackfruit for a successful harvest, farmers should focus on three key measures: proper pruning, balanced nutrition, and controlled water management, sometimes supplemented by a plant growth regulator. Pruning older, unproductive branches after harvest is essential to promote new growth and open up the canopy for better sunlight and air circulation. For nutrition, applying fertilizers rich in phosphorus and potassium during the late summer and autumn is crucial for flower bud formation, with the addition of boron and potash during the flowering season to improve fruit set. While mature trees can benefit from a controlled reduction in irrigation during the flowering period (December–February) to induce stress and trigger flowering, younger trees need consistent watering.  the specialized chemical used to induce flowering in shy-bearing trees is a soil drench with Paclobutrazol. Alternatively, you can also spray Boron 11% at 2 grams per litre of water during the flowering initiation stage or early fruiting stage. This helps in proper flower development and better fruit setting.",all,2009,8,31,Jackfruit,SAGAR,all,Horticulture,Horticulture,Zaid,29,Gonnabathula Girishma,23.8083,78.7583,-1,,4-9-2025,https://niphm.gov.in/IPMPackages/Jackfruit.pdf,4320,"{""id_"": ""a69c6aaf-f3f7-42e0-a285-bf5d7eb8839f"", ""embedding"": null, ""metadata"": {""Category"": ""0"", ""Year"": ""2009"", ""Month"": ""8"", ""Day"": ""31"", ""Crop"": ""Jackfruit"", ""State"": ""MADHYA PRADESH"", ""District"": ""SAGAR"", ""BlockName"": ""0"", ""Sector"": ""HORTICULTURE"", ""Sector (A)"": ""HORTICULTURE"", ""Season"": ""JAYAD"", ""QueryType"": ""29"", ""Agri Specialist"": ""Gonnabathula Girishma"", ""latitude"": ""23.8083"", ""longitude"": ""78.7583"", ""cluster"": ""-1"", ""num_questions_in_cluster"": """", ""Date"": ""4-9-2025"", ""Source [Name and Link]"": ""https://niphm.gov.in/IPMPackages/Jackfruit.pdf"", ""SL No."": ""4320""}, ""excluded_embed_metadata_keys"": [], ""excluded_llm_metadata_keys"": [], ""relationships"": {""1"": {""node_id"": ""afe6f01ecd6316b2246248a1"", ""node_type"": ""4"", ""metadata"": {""Category"": ""0"", ""Year"": ""2009"", ""Month"": ""8"", ""Day"": ""31"", ""Crop"": ""Jackfruit"", ""State"": ""MADHYA PRADESH"", ""District"": ""SAGAR"", ""BlockName"": ""0"", ""Sector"": ""HORTICULTURE"", ""Sector (A)"": ""HORTICULTURE"", ""Season"": ""JAYAD"", ""QueryType"": ""29"", ""Agri Specialist"": ""Gonnabathula Girishma"", ""latitude"": ""23.8083"", ""longitude"": ""78.7583"", ""cluster"": ""-1"", ""num_questions_in_cluster"": """", ""Date"": ""4-9-2025"", ""Source [Name and Link]"": ""https://niphm.gov.in/IPMPackages/Jackfruit.pdf"", ""SL No."": ""4320""}, ""hash"": ""beb9f6b1e005e8a6ab8d6dfd606d9c31a69bd36909746966f032501fd8672b20"", ""class_name"": ""RelatedNodeInfo""}}, ""metadata_template"": ""{key}: {value}"", ""metadata_separator"": ""\n"", ""text"": """", ""mimetype"": ""text/plain"", ""start_char_idx"": 0, ""end_char_idx"": 1217, ""metadata_seperator"": ""\n"", ""text_template"": ""{metadata_str}\n\n{content}"", ""class_name"": ""TextNode""}",TextNode,afe6f01ecd6316b2246248a1,afe6f01ecd6316b2246248a1,afe6f01ecd6316b2246248a1,Madhya Pradesh
5773faf5-bd9c-4b7a-9966-a37fa39bacdd,"Question: How can I control different insect pest in my Green gram crop?

Answer: Green gram cultivation in Madhya Pradesh is affected by several insect pests, with the major ones being stem fly, whitefly, aphids, pod borer, and blue butterfly. Effective management requires an integrated approach that combines cultural practices, biological control, and the careful use of chemical insecticides only when necessary. For sucking pests like whitefly and aphids, insecticides such as Thiamethoxam 25% WG are recommended at a dose of 40 to 50 gm/acre, with an application interval of 12 to 15 days. Another effective option is Acetamiprid 20% SP, applied at 40 gm/acre on the same interval. For leaf-eating caterpillars like pod borer and blue butterfly, different chemicals are used. Spinosad 45% SC is applied at 50 to 60 ml/every 12 to 15 days. Emamectin Benzoate 5% SG is used at 80 to 100 gm/acre on a similar schedule. Chlorantraniliprole 18.5% SC is another alternative, applied at 60 to 80 ml/acre with a slightly longer interval of 14 to 16 days between applications. For stem fly, the most effective control is a preventive seed treatment. Imidacloprid 70% WS is used at a rate of 5 to 7 grams per kilogram of seed. Treating the seeds before sowing provides protection for the young plants for about 25 to 30 days. Non-chemical control measures form the foundation of sustainable management. These include using pest-resistant varieties, practicing crop rotation with non-legume crops, and employing yellow sticky traps at a density ofF4 to 5 trpas/acre to monitor and control whitefly populations. Conserving natural predators and using biopesticides like neem oil are also encouraged.",all,2009,5,31,Green Gram-Moong,Damoh,all,Agriculture,Agriculture,Kharif,Cultural Practices,Tejas R. Dange,23.7981,79.5419,-1,,,"https://www.jnkvv.org/ 
https://iipr.icar.gov.in/ 
https://kvk.icar.gov.in/ 
https://kvk.icar.gov.in/API/Content/PPupload/pp1894.pdf",4553,"{""id_"": ""5773faf5-bd9c-4b7a-9966-a37fa39bacdd"", ""embedding"": null, ""metadata"": {""Category"": ""0"", ""Year"": ""2009"", ""Month"": ""5"", ""Day"": ""31"", ""Crop"": ""Green gram"", ""State"": ""MADHYA PRADESH"", ""District"": ""DAMOH"", ""BlockName"": ""0"", ""Sector"": ""AGRICULTURE"", ""Sector (A)"": ""AGRICULTURE"", ""Season"": ""KHARIF"", ""QueryType"": ""Cultural Practices"", ""Agri Specialist"": ""Tejas R. Dange"", ""latitude"": ""23.7981"", ""longitude"": ""79.5419"", ""cluster"": ""-1"", ""num_questions_in_cluster"": """", ""Date"": """", ""Source [Name and Link]"": ""https://www.jnkvv.org/ \nhttps://iipr.icar.gov.in/ \nhttps://kvk.icar.gov.in/ \nhttps://kvk.icar.gov.in/API/Content/PPupload/pp1894.pdf"", ""SL No."": ""4553""}, ""excluded_embed_metadata_keys"": [], ""excluded_llm_metadata_keys"": [], ""relationships"": {""1"": {""node_id"": ""d3b958fa6c855eeca8f5c5a2"", ""node_type"": ""4"", ""metadata"": {""Category"": ""0"", ""Year"": ""2009"", ""Month"": ""5"", ""Day"": ""31"", ""Crop"": ""Green gram"", ""State"": ""MADHYA PRADESH"", ""District"": ""DAMOH"", ""BlockName"": ""0"", ""Sector"": ""AGRICULTURE"", ""Sector (A)"": ""AGRICULTURE"", ""Season"": ""KHARIF"", ""QueryType"": ""Cultural Practices"", ""Agri Specialist"": ""Tejas R. Dange"", ""latitude"": ""23.7981"", ""longitude"": ""79.5419"", ""cluster"": ""-1"", ""num_questions_in_cluster"": """", ""Date"": """", ""Source [Name and Link]"": ""https://www.jnkvv.org/ \nhttps://iipr.icar.gov.in/ \nhttps://kvk.icar.gov.in/ \nhttps://kvk.icar.gov.in/API/Content/PPupload/pp1894.pdf"", ""SL No."": ""4553""}, ""hash"": ""4df84a346fa9713f765af7d8116f5e93b01d52113ef0a0df2114d8c9596f863c"", ""class_name"": ""RelatedNodeInfo""}}, ""metadata_template"": ""{key}: {value}"", ""metadata_separator"": ""\n"", ""text"": """", ""mimetype"": ""text/plain"", ""start_char_idx"": 0, ""end_char_idx"": 1694, ""metadata_seperator"": ""\n"", ""text_template"": ""{metadata_str}\n\n{content}"", ""class_name"": ""TextNode""}",TextNode,d3b958fa6c855eeca8f5c5a2,d3b958fa6c855eeca8f5c5a2,d3b958fa6c855eeca8f5c5a2,Madhya Pradesh
76608056-ed0c-49e1-95c9-2aa4856dda07,"Question: How control aphids in rice feilds?

Answer: Aphids are, sap-sucking insects that pose a major threat to paddy cultivation by stunting plant growth, reducing yields, and transmitting viral diseases like rice yellow dwarf virus. These pests feed on plant sap by piercing the phloem, leading to leaf yellowing, stunted growth, and the development of sticky honeydew, which promotes sooty mold and secondary infections. To manage aphid infestation effectively, farmers are encouraged to adopt Culturally, planting resistant rice varieties, practicing crop rotation, and maintaining field hygiene by removing plant debris help interrupt the aphid life cycle. Biologically, install natural predators such as ladybird beetles, green lacewings, and parasitic wasps. If aphid populations cross the economic threshold level (around 20 aphids per tiller) start chemical control such as Imidacloprid 17.8 SL 60 ml/ac with waiting period: 7–10 days, Thiamethoxam 25 WG at 50-60 gm/ac with waiting period of 7–10 days. Spraying should target the undersides of leaves and be done in calm weather using a fine nozzle sprayer. Regular monitoring of the crop is crucial; yellow sticky traps and visual inspection can help track aphid population trends and guide timely intervention. Combining these strategies ensures effective aphid control, healthier plants, and improved yield outcomes in paddy cultivation.",all,2011,3,3,Paddy,NARSIMPUR,all,Agriculture,Agriculture,all,3,Ponugoti Kavya,23.8143,77.5341,343,22,,"Control of aphid in paddy crop – AgriBot | News, Articles and Events about Indian Agriculture.",3206,"{""id_"": ""76608056-ed0c-49e1-95c9-2aa4856dda07"", ""embedding"": null, ""metadata"": {""Category"": ""0"", ""Year"": ""2011"", ""Month"": ""3"", ""Day"": ""3"", ""Crop"": ""rice"", ""State"": ""MADHYA PRADESH"", ""District"": ""NARSIMPUR"", ""BlockName"": ""0"", ""Sector"": ""AGRICULTURE"", ""Sector (A)"": ""AGRICULTURE"", ""Season"": """", ""QueryType"": ""3"", ""Agri Specialist"": ""Ponugoti Kavya"", ""latitude"": ""23.8143"", ""longitude"": ""77.5341"", ""cluster"": ""343"", ""num_questions_in_cluster"": ""22"", ""Date"": """", ""Source [Name and Link]"": ""Control of aphid in paddy crop \u2013 AgriBot | News, Articles and Events about Indian Agriculture."", ""SL No."": ""3206""}, ""excluded_embed_metadata_keys"": [], ""excluded_llm_metadata_keys"": [], ""relationships"": {""1"": {""node_id"": ""8c8f8e008ca9277e4c273f5f"", ""node_type"": ""4"", ""metadata"": {""Category"": ""0"", ""Year"": ""2011"", ""Month"": ""3"", ""Day"": ""3"", ""Crop"": ""rice"", ""State"": ""MADHYA PRADESH"", ""District"": ""NARSIMPUR"", ""BlockName"": ""0"", ""Sector"": ""AGRICULTURE"", ""Sector (A)"": ""AGRICULTURE"", ""Season"": """", ""QueryType"": ""3"", ""Agri Specialist"": ""Ponugoti Kavya"", ""latitude"": ""23.8143"", ""longitude"": ""77.5341"", ""cluster"": ""343"", ""num_questions_in_cluster"": ""22"", ""Date"": """", ""Source [Name and Link]"": ""Control of aphid in paddy crop \u2013 AgriBot | News, Articles and Events about Indian Agriculture."", ""SL No."": ""3206""}, ""hash"": ""8fa7ccb093d0d471b7370a8d48f2773d32c56fee32349ec3d4aaeb52e3546224"", ""class_name"": ""RelatedNodeInfo""}}, ""metadata_template"": ""{key}: {value}"", ""metadata_separator"": ""\n"", ""text"": """", ""mimetype"": ""text/plain"", ""start_char_idx"": 0, ""end_char_idx"": 1402, ""metadata_seperator"": ""\n"", ""text_template"": ""{metadata_str}\n\n{content}"", ""class_name"": ""TextNode""}",TextNode,8c8f8e008ca9277e4c273f5f,8c8f8e008ca9277e4c273f5f,8c8f8e008ca9277e4c273f5f,Madhya Pradesh
7ff45361-c2e1-4e91-8e20-ed9cfc1325b6,"Question: How to control Dieback in Mosambi?

Answer: Mosambi (Citrus) is a perennial fruit tree and not a seasonal crop in the traditional sense. In mosambi (Citrus) Dieback is a serious and complex condition in citrus that causes the progressive dying of twigs and branches from the tips downward. In a dry, hot region during summer, the stress on the trees makes them more susceptible. The causes can be a combination of fungal infections, micronutrient deficiencies, and improper irrigation. To control this cut the infected twigs at least 20-30 cm below the dried portion, bur or bury the infected twigs, After pruning apply foliar spray, a systemic fungicide to rotate with Copper Oxychloride would be Tebuconazole 25.9% EC at a dose of 200-250 ml per acre.. Or Carbendazim 50%WP @ 200g/acre in 200 litres of water, COC 50% WP @ 600 g/acre in 200 litres of water. Rotate between fungicides every 20–25 days to avoid resistance. Give a balanced dose of NPK + micronutrients before flowering for mature trees: 500 g Nitrogen, 250 g Phosphorus, 500 g Potassium per year, split into 2–3 doses. Add 25–30 kg well-rotted FYM per tree annually, give foliar spray Micronutrient mix (Zn, Mn, Fe, B) to avoid hidden hunger, which weakens twigs. Use drip irrigation to maintain consistent soil moisture because drought stress can increase dieback risk. Avoid waterlogging near the trunk. Always make sure to stop spraying 15-20 days before harvesting.",all,2009,7,9,Citrus,Aurangabad,all,Horticulture,Horticulture,Zaid,,Souvik Roy,,,-1,,5-8-2025,https://ccri.icar.gov.in/ https://vikaspedia.in/agriculture/crop-production/integrated-pest-managment/ipm-for-fruit-crops/ipm-strategies-for-citrus https://mpkv.ac.in/,444,"{""id_"": ""7ff45361-c2e1-4e91-8e20-ed9cfc1325b6"", ""embedding"": null, ""metadata"": {""Category"": """", ""Year"": ""2009"", ""Month"": ""7"", ""Day"": ""9"", ""Crop"": ""MAUSAMBI"", ""State"": ""MAHARASHTRA"", ""District"": ""AURANGABAD"", ""BlockName"": """", ""Sector"": ""HORTICULTURE"", ""Sector (A)"": ""HORTICULTURE"", ""Season"": ""JAYAD"", ""QueryType"": """", ""Agri Specialist"": ""Khaja Suhaib Khaja Azharuddin"", ""latitude"": """", ""longitude"": """", ""cluster"": ""-1"", ""num_questions_in_cluster"": """", ""Date"": ""5-8-2025"", ""Source [Name and Link]"": ""https://ccri.icar.gov.in/ https://vikaspedia.in/agriculture/crop-production/integrated-pest-managment/ipm-for-fruit-crops/ipm-strategies-for-citrus https://mpkv.ac.in/"", ""SL No."": ""444""}, ""excluded_embed_metadata_keys"": [], ""excluded_llm_metadata_keys"": [], ""relationships"": {""1"": {""node_id"": ""f628179fa6f0f8e9fa981343"", ""node_type"": ""4"", ""metadata"": {""Category"": """", ""Year"": ""2009"", ""Month"": ""7"", ""Day"": ""9"", ""Crop"": ""MAUSAMBI"", ""State"": ""MAHARASHTRA"", ""District"": ""AURANGABAD"", ""BlockName"": """", ""Sector"": ""HORTICULTURE"", ""Sector (A)"": ""HORTICULTURE"", ""Season"": ""JAYAD"", ""QueryType"": """", ""Agri Specialist"": ""Khaja Suhaib Khaja Azharuddin"", ""latitude"": """", ""longitude"": """", ""cluster"": ""-1"", ""num_questions_in_cluster"": """", ""Date"": ""5-8-2025"", ""Source [Name and Link]"": ""https://ccri.icar.gov.in/ https://vikaspedia.in/agriculture/crop-production/integrated-pest-managment/ipm-for-fruit-crops/ipm-strategies-for-citrus https://mpkv.ac.in/"", ""SL No."": ""444""}, ""hash"": ""6b27444b50ffa3b3efc47c0df91d8d87723b6321526341389873a89d3749a27f"", ""class_name"": ""RelatedNodeInfo""}}, ""metadata_template"": ""{key}: {value}"", ""metadata_separator"": ""\n"", ""text"": """", ""mimetype"": ""text/plain"", ""start_char_idx"": 0, ""end_char_idx"": 1446, ""metadata_seperator"": ""\n"", ""text_template"": ""{metadata_str}\n\n{content}"", ""class_name"": ""TextNode""}",TextNode,f628179fa6f0f8e9fa981343,f628179fa6f0f8e9fa981343,f628179fa6f0f8e9fa981343,Maharashtra
0be5bd73-d09c-4282-9d5e-4cdf54cdbbc1,"Question: How to control fruit dropping in Mango?

Answer: Fruit drop in mango is a major concern in Madhya Pradesh that affects yield and quality. It occurs due to several reasons, such as nutritional deficiencies, environmental stresses, pest and disease infection, and sometimes due to natural shedding. To control this, apply micronutrient spray during the pre-flowering and fruit-set stages. A foliar spray of 0.5% zinc sulfate solution (5 grams zinc sulfate + 2.5 grams unslaked lime in 1 liter of water) and 0.1% borax solution (1 gram borax in 1 liter of water) after the pre-flowering stage can significantly reduce fruit drop incidence. Foliar spray of Calcium Nitrate 1% solution (10 grams per liter of water) and Potassium Nitrate 1-1.5% solution (10-15 grams per liter of water) during the fruit development stage can strengthen the cell wall and reduce dropping. Both excessive and insufficient water can cause fruit drop, so maintain consistent moisture, especially during dry periods, but avoid waterlogging conditions. Use mulching with paddy straw or dried leaves around the tree base to conserve moisture. Spray NAA at 10–20 ppm on panicles when fruits are at marble size (about 2–3 weeks after fruit set). To prepare the solution use a commercial formulation like Planofix (4.5% NAA), mix 1 ml in 4.5 litres of water for 10 ppm, or 1 ml in 2.25 litres of water for 20 ppm. Sucking pests like mango hoppers can cause fruit drop; to control them, spray Imidacloprid 17.8 SL @ 0.3 ml per litre of water or Thiamethoxam 25 WG @ 0.25 grams per litre of water. Diseases like anthracnose may cause fruit dropping; to control this, apply Mancozeb 75 WP @ 2 grams per litre of water before flowering and again after fruit set. Provide windbreaks around your orchard to minimize fruit drop caused by strong wind.",all,2006,1,17,Mango,SEONI,all,Horticulture,Horticulture,Rabi,75,Salim Sahaji,22.2748,79.7203,-1,,,https://www.ppqs.gov.in/sites/default/files/mango_pop_final_-08.12.2022.pdf,3960,"{""id_"": ""0be5bd73-d09c-4282-9d5e-4cdf54cdbbc1"", ""embedding"": null, ""metadata"": {""Category"": ""0"", ""Year"": ""2006"", ""Month"": ""1"", ""Day"": ""17"", ""Crop"": ""Mango"", ""State"": ""MADHYA PRADESH"", ""District"": ""SEONI"", ""BlockName"": ""0"", ""Sector"": ""HORTICULTURE"", ""Sector (A)"": ""HORTICULTURE"", ""Season"": ""RABI"", ""QueryType"": ""75"", ""Agri Specialist"": ""Salim Sahaji"", ""latitude"": ""22.2748"", ""longitude"": ""79.7203"", ""cluster"": ""-1"", ""num_questions_in_cluster"": """", ""Date"": """", ""Source [Name and Link]"": ""https://www.ppqs.gov.in/sites/default/files/mango_pop_final_-08.12.2022.pdf"", ""SL No."": ""3960""}, ""excluded_embed_metadata_keys"": [], ""excluded_llm_metadata_keys"": [], ""relationships"": {""1"": {""node_id"": ""a1caf9f33f834f00fd183bb6"", ""node_type"": ""4"", ""metadata"": {""Category"": ""0"", ""Year"": ""2006"", ""Month"": ""1"", ""Day"": ""17"", ""Crop"": ""Mango"", ""State"": ""MADHYA PRADESH"", ""District"": ""SEONI"", ""BlockName"": ""0"", ""Sector"": ""HORTICULTURE"", ""Sector (A)"": ""HORTICULTURE"", ""Season"": ""RABI"", ""QueryType"": ""75"", ""Agri Specialist"": ""Salim Sahaji"", ""latitude"": ""22.2748"", ""longitude"": ""79.7203"", ""cluster"": ""-1"", ""num_questions_in_cluster"": """", ""Date"": """", ""Source [Name and Link]"": ""https://www.ppqs.gov.in/sites/default/files/mango_pop_final_-08.12.2022.pdf"", ""SL No."": ""3960""}, ""hash"": ""77a0dc743e32e12dec7585f521820000826f075db7a221357ebcfc28d560209c"", ""class_name"": ""RelatedNodeInfo""}}, ""metadata_template"": ""{key}: {value}"", ""metadata_separator"": ""\n"", ""text"": """", ""mimetype"": ""text/plain"", ""start_char_idx"": 0, ""end_char_idx"": 1822, ""metadata_seperator"": ""\n"", ""text_template"": ""{metadata_str}\n\n{content}"", ""class_name"": ""TextNode""}",TextNode,a1caf9f33f834f00fd183bb6,a1caf9f33f834f00fd183bb6,a1caf9f33f834f00fd183bb6,Madhya Pradesh
f13f5509-62c7-4aee-9e86-230acdce4879,"Question: How can I manage the gelhari (Squirrel) problem in the field?

Answer: Controlling gelahri (ground squirrels) in agricultural fields requires a combination of methods. Use Bromadiolone wax blocks or Zinc Phosphide-based bait deep inside active burrows, where they are less likely to harm non-target animals. Flooding burrows with water can sometimes drive them out. Plant crops that are less attractive to gelahri. Remove weeds and crop residues to reduce food and shelter and disturbs burrows & reduces habitat. Use bait stations with appropriate rodenticides, but carefully to avoid poisoning non-target animals. Install fences or barriers around vulnerable fields to prevent entry. Regular monitoring of burrow activity and targeting control efforts during the breeding or dormancy seasons improves effectiveness.",all,2012,11,6,all,TARN TARAN,all,Agriculture,Agriculture,Kharif,,Chaitanya Sameera Sandaka,,,-1,,12-8-2025,"https://www.agrivi.com/blog/top-five-strategies-to-protect-crops-from-wild-animals/#:~:text=Chili%20peppers;%20the%20chemical%20Capsaicin,loud%20noise%20that%20scares%20animals",1478,"{""id_"": ""f13f5509-62c7-4aee-9e86-230acdce4879"", ""embedding"": null, ""metadata"": {""Category"": """", ""Year"": ""2012"", ""Month"": ""11"", ""Day"": ""6"", ""Crop"": ""Gen"", ""State"": ""PUNJAB"", ""District"": ""TARN TARAN"", ""BlockName"": """", ""Sector"": ""AGRICULTURE"", ""Sector (A)"": ""AGRICULTURE"", ""Season"": ""KHARIF"", ""QueryType"": """", ""Agri Specialist"": ""Chaitanya Sameera Sandaka"", ""latitude"": """", ""longitude"": """", ""cluster"": ""-1"", ""num_questions_in_cluster"": """", ""Date"": ""12-8-2025"", ""Source [Name and Link]"": ""https://www.agrivi.com/blog/top-five-strategies-to-protect-crops-from-wild-animals/#:~:text=Chili%20peppers;%20the%20chemical%20Capsaicin,loud%20noise%20that%20scares%20animals"", ""SL No."": ""1478""}, ""excluded_embed_metadata_keys"": [], ""excluded_llm_metadata_keys"": [], ""relationships"": {""1"": {""node_id"": ""fd2d3d959ce06bd2bc1f5e5d"", ""node_type"": ""4"", ""metadata"": {""Category"": """", ""Year"": ""2012"", ""Month"": ""11"", ""Day"": ""6"", ""Crop"": ""Gen"", ""State"": ""PUNJAB"", ""District"": ""TARN TARAN"", ""BlockName"": """", ""Sector"": ""AGRICULTURE"", ""Sector (A)"": ""AGRICULTURE"", ""Season"": ""KHARIF"", ""QueryType"": """", ""Agri Specialist"": ""Chaitanya Sameera Sandaka"", ""latitude"": """", ""longitude"": """", ""cluster"": ""-1"", ""num_questions_in_cluster"": """", ""Date"": ""12-8-2025"", ""Source [Name and Link]"": ""https://www.agrivi.com/blog/top-five-strategies-to-protect-crops-from-wild-animals/#:~:text=Chili%20peppers;%20the%20chemical%20Capsaicin,loud%20noise%20that%20scares%20animals"", ""SL No."": ""1478""}, ""hash"": ""0205491192a45ea40e51d9f8c137253c14fc143e6be361ea472358803f3806e7"", ""class_name"": ""RelatedNodeInfo""}}, ""metadata_template"": ""{key}: {value}"", ""metadata_separator"": ""\n"", ""text"": """", ""mimetype"": ""text/plain"", ""start_char_idx"": 0, ""end_char_idx"": 826, ""metadata_seperator"": ""\n"", ""text_template"": ""{metadata_str}\n\n{content}"", ""class_name"": ""TextNode""}",TextNode,fd2d3d959ce06bd2bc1f5e5d,fd2d3d959ce06bd2bc1f5e5d,fd2d3d959ce06bd2bc1f5e5d,Punjab
d436df08-d722-464c-b226-3c4ec05ac1c5,"Question: Which agriculture schemes are available for Farmers?

Answer: Farmers can benefit from several agriculture schemes like Atma Nirbhar Krishi Yojana (ANBY), CM Mechanization Scheme, Chief Minister's Krishi Rinn Yojana, Pradhan Mantri Fasal Bima Yojana (PMFBY), which provide subsidies for seeds, fertilizers, farm machinery, training, and market linkages to improve farmers’ income and sustainability. Start the application process for these agricultural schemes with the District Agriculture Officer (DAO). Under the Atma Nirbhar Krishi Yojana (ANKY) scheme, the Arunachal Pradesh government provided a 45% subsidy, the bank provided a 45% loan, and the beneficiary paid the remaining 10%. The initiative offered collateral-free loans up to ₹1.6 lakh for individuals and up to ₹10 lakh for SHGs or FPOs. Crop loans with free interest up to Rs. 3 lakhs are offered by the Chief Minister's Krishi Rinn Yojana, which also offers a 4% interest subvention and an extra 3% interest relief upon prompt repayment. Tractors, power tillers, rotary tillers, and other farm equipment are all subsidized by the Chief Minister's Agriculture Mechanization Programme (CMAMP). Centrally sponsored programs like Pradhan Mantri Fasal Bima Yojana (PMFBY) support farmers to insure for crop insurance, the Paramparagat Krishi Vikas Yojana (PKVY) promotes organic farming, and PM Kisan Samman Nidhi provides financial assistance to farmers. Subsidy amounts, loan limits, and eligibility criteria can change every year; always verify the latest notifications before applying.",all,2017,10,4,all,East Kameng,all,Agriculture,Agriculture,Zaid,,Salim Sahaji,,,-1,,6-8-2025,https://www.myscheme.gov.in/schemes/anky                                                            https://lohit.nic.in/schemes/,127,"{""id_"": ""d436df08-d722-464c-b226-3c4ec05ac1c5"", ""embedding"": null, ""metadata"": {""Category"": """", ""Year"": ""2017"", ""Month"": ""10"", ""Day"": ""4"", ""Crop"": ""GEN"", ""State"": ""ARUNACHAL PRADESH"", ""District"": ""EAST KAMENG"", ""BlockName"": """", ""Sector"": ""AGRICULTURE"", ""Sector (A)"": ""AGRICULTURE"", ""Season"": ""JAYAD"", ""QueryType"": """", ""Agri Specialist"": ""Salim Sahaji"", ""latitude"": """", ""longitude"": """", ""cluster"": ""-1"", ""num_questions_in_cluster"": """", ""Date"": ""6-8-2025"", ""Source [Name and Link]"": ""https://www.myscheme.gov.in/schemes/anky                                                            https://lohit.nic.in/schemes/"", ""SL No."": ""127""}, ""excluded_embed_metadata_keys"": [], ""excluded_llm_metadata_keys"": [], ""relationships"": {""1"": {""node_id"": ""d71d000ce18a5dbee42ce1d6"", ""node_type"": ""4"", ""metadata"": {""Category"": """", ""Year"": ""2017"", ""Month"": ""10"", ""Day"": ""4"", ""Crop"": ""GEN"", ""State"": ""ARUNACHAL PRADESH"", ""District"": ""EAST KAMENG"", ""BlockName"": """", ""Sector"": ""AGRICULTURE"", ""Sector (A)"": ""AGRICULTURE"", ""Season"": ""JAYAD"", ""QueryType"": """", ""Agri Specialist"": ""Salim Sahaji"", ""latitude"": """", ""longitude"": """", ""cluster"": ""-1"", ""num_questions_in_cluster"": """", ""Date"": ""6-8-2025"", ""Source [Name and Link]"": ""https://www.myscheme.gov.in/schemes/anky                                                            https://lohit.nic.in/schemes/"", ""SL No."": ""127""}, ""hash"": ""eeedf050fca84fd24606a59c778061aa5a2ba7be839ff0e2ac52bae76cf277c8"", ""class_name"": ""RelatedNodeInfo""}}, ""metadata_template"": ""{key}: {value}"", ""metadata_separator"": ""\n"", ""text"": """", ""mimetype"": ""text/plain"", ""start_char_idx"": 0, ""end_char_idx"": 1561, ""metadata_seperator"": ""\n"", ""text_template"": ""{metadata_str}\n\n{content}"", ""class_name"": ""TextNode""}",TextNode,d71d000ce18a5dbee42ce1d6,d71d000ce18a5dbee42ce1d6,d71d000ce18a5dbee42ce1d6,Arunachal Pradesh
f6a7f4d8-dc01-43fc-ac7c-3cdf7f19b29e,"Question: Which rapeseed varieties are best for Kapurthala, Punjab?

Answer: You can use popular variety, which is recommended and approved by Punjab Agricultural University (PAU) and ICAR-DRMR (Indian Council of Agricultural Research - Directorate of Rapeseed-Mustard Research), these organizations develop, test, and release varieties that are suited to Punjab's climate and soils, ensuring good yield, oil quality, and disease resistance. Use varieties like  NRCHB 506 Hybrid (14–16 quintal/acre, short to medium season,  Developed by ICAR-DRMR and approved by PAU),  RLC 3 (10–13 quintal/acre, good oil and disease resistance, Approved by PAU), Giriraj (12–14 quintal/acre, strong plants,  ICAR-DRMR variety), Pusa Mustard 25 & 26 (11–13 quintal/acre, early maturity, Released and promoted by PAU), NRCDR 2 & 601 (10–12 quintal/acre, disease tolerant, Indian mustard types developed by ICAR-DRMR, recommended for Punjab.), NRCYS-05-02 (yellow sarson, 9–11 quintal/acre, best for light soils, ICAR-DRMR and PAU approved.), and Gobhi Sarson (12–15 quintal/acre, long season, irrigated land, approved by PAU),  PGSH 2155 Hybrid (9.7 q/acre, and PAU approved), GSC 7 (9.0 q/acre), TL 17 (11.0 q/acre), Pusa Bold (early type, and PAU approved) . Out of all, NRCHB 506 Hybrid, RLC 3, and Giriraj are the most popular and widely available in Punjab—they give better harvest, resist disease, and bring good rates in mandi.  In Punjab, the best sowing time for sarson (rapeseed) is from October to early November. Sowing with right time helps the plants grow strong before winter, which means more flowers, pods, and oil at harvest.
Always use certified seed for better yield and you can collect certified seeds from your nearby trusted source like like Punjab Agricultural University (PAU), Krishi Vigyan Kendra (KVK), government seed store or certified agrishop – never from unknown source, because certified seed gives more yield and resists disease better. Never get from unknown source as may give you poor quality seed. Use the right seed rate—about 4 to 5 kg per acre.   Before sowing, treat seed with Carbendazim 50% WP @ 2 g per kg seed to protect from seed-borne diseases. Timely sowing, proper seed rate, weed-free fields, and using PAU-recommended varieties will give you a healthy crop, strong harvest, good mandi price, and more earning for your family.",all,2012,9,4,Rapeseed and Mustard,Kapurthala,all,Agriculture,Agriculture,Zaid,,Satarupa Saha,,,-1,,11-8-2025,https://www.pau.edu/content/ccil/pf/pp_rabi.pdf / https://www.drmr.res.in/rm_varieties.php/ https://www.global-agriculture.com/seed-industry/central-seed-committee-approves-four-new-indian-mustard-varieties/,1283,"{""id_"": ""f6a7f4d8-dc01-43fc-ac7c-3cdf7f19b29e"", ""embedding"": null, ""metadata"": {""Category"": """", ""Year"": ""2012"", ""Month"": ""9"", ""Day"": ""4"", ""Crop"": ""Indian rapeseed and mustard yellow sarson"", ""State"": ""PUNJAB"", ""District"": ""KAPURTHALA"", ""BlockName"": """", ""Sector"": ""AGRICULTURE"", ""Sector (A)"": ""AGRICULTURE"", ""Season"": ""JAYAD"", ""QueryType"": """", ""Agri Specialist"": ""Satarupa Saha"", ""latitude"": """", ""longitude"": """", ""cluster"": ""-1"", ""num_questions_in_cluster"": """", ""Date"": ""11-8-2025"", ""Source [Name and Link]"": ""https://www.pau.edu/content/ccil/pf/pp_rabi.pdf / https://www.drmr.res.in/rm_varieties.php/ https://www.global-agriculture.com/seed-industry/central-seed-committee-approves-four-new-indian-mustard-varieties/"", ""SL No."": ""1283""}, ""excluded_embed_metadata_keys"": [], ""excluded_llm_metadata_keys"": [], ""relationships"": {""1"": {""node_id"": ""297488dd712f185f4abaf62f"", ""node_type"": ""4"", ""metadata"": {""Category"": """", ""Year"": ""2012"", ""Month"": ""9"", ""Day"": ""4"", ""Crop"": ""Indian rapeseed and mustard yellow sarson"", ""State"": ""PUNJAB"", ""District"": ""KAPURTHALA"", ""BlockName"": """", ""Sector"": ""AGRICULTURE"", ""Sector (A)"": ""AGRICULTURE"", ""Season"": ""JAYAD"", ""QueryType"": """", ""Agri Specialist"": ""Satarupa Saha"", ""latitude"": """", ""longitude"": """", ""cluster"": ""-1"", ""num_questions_in_cluster"": """", ""Date"": ""11-8-2025"", ""Source [Name and Link]"": ""https://www.pau.edu/content/ccil/pf/pp_rabi.pdf / https://www.drmr.res.in/rm_varieties.php/ https://www.global-agriculture.com/seed-industry/central-seed-committee-approves-four-new-indian-mustard-varieties/"", ""SL No."": ""1283""}, ""hash"": ""b9614e16bc490c84a55a66483509b3c2dab691eb65536d561fc3f7038a3626f3"", ""class_name"": ""RelatedNodeInfo""}}, ""metadata_template"": ""{key}: {value}"", ""metadata_separator"": ""\n"", ""text"": """", ""mimetype"": ""text/plain"", ""start_char_idx"": 0, ""end_char_idx"": 2362, ""metadata_seperator"": ""\n"", ""text_template"": ""{metadata_str}\n\n{content}"", ""class_name"": ""TextNode""}",TextNode,297488dd712f185f4abaf62f,297488dd712f185f4abaf62f,297488dd712f185f4abaf62f,Punjab
db7219f6-c8c7-4d97-ac34-0328510afe76,"Question: How To Control Malformation In Mango?

Answer: Mango malformation is a serious problem in Haryana, especially in varieties like Dashehari and Langra. It is caused by a fungus and hormonal imbalance, leading to poor flowering and low yield. To manage it, prune and burn malformed shoots in September–October. After pruning, spray  NAA @ 200 ppm, which means 40 g NAA in 200 litres of water per acre, in October to control hormonal imbalance. For fungal control, spray Carbendazim 50% WP @ 200 g per acre (0.1%) or Thiophanate Methyl 70% WP @ 250 g per acre, both easily available in Haryana. Use resistant or tolerant varieties like Amrapali and Mallika to avoid future problems. Avoid excess nitrogen and maintain good spacing for healthy trees.",Fruits,2015,9,16,Mango,Bhiwani,Bawani Khera,Horticulture,Horticulture,Rabi,Plant Protection,Satarupa Saha,28.7932,76.1391,896,36,5-8-2025,https://nhb.gov.in/report_files/mango/man003.pdf / https://www.agriculturaljournals.com/archives/2025/vol7issue2/PartC/7-2-18-561.pdf/ https://agriculture.vikaspedia.in/viewcontent/agriculture/crop-production/package-of-practices/fruits-1/mango-1/organic-strategies-to-control-mango-malformation?lgn=en/ https://www.india.gov.in/central-insecticides-board-and-registration-committee,434,"{""id_"": ""db7219f6-c8c7-4d97-ac34-0328510afe76"", ""embedding"": null, ""metadata"": {""Category"": ""Fruits"", ""Year"": ""2015"", ""Month"": ""9"", ""Day"": ""16"", ""Crop"": ""Mango"", ""State"": ""Haryana"", ""District"": ""Bhiwani"", ""BlockName"": ""Bawani Khera"", ""Sector"": ""HORTICULTURE"", ""Sector (A)"": ""HORTICULTURE"", ""Season"": ""Rabi"", ""QueryType"": ""Plant Protection"", ""Agri Specialist"": ""Satarupa Saha"", ""latitude"": ""28.7932"", ""longitude"": ""76.1391"", ""cluster"": ""896"", ""num_questions_in_cluster"": ""36"", ""Date"": ""5-8-2025"", ""Source [Name and Link]"": ""https://nhb.gov.in/report_files/mango/man003.pdf / https://www.agriculturaljournals.com/archives/2025/vol7issue2/PartC/7-2-18-561.pdf/ https://agriculture.vikaspedia.in/viewcontent/agriculture/crop-production/package-of-practices/fruits-1/mango-1/organic-strategies-to-control-mango-malformation?lgn=en/ https://www.india.gov.in/central-insecticides-board-and-registration-committee"", ""SL No."": ""434""}, ""excluded_embed_metadata_keys"": [], ""excluded_llm_metadata_keys"": [], ""relationships"": {""1"": {""node_id"": ""6a6fa84b25296d8cfeb896d9"", ""node_type"": ""4"", ""metadata"": {""Category"": ""Fruits"", ""Year"": ""2015"", ""Month"": ""9"", ""Day"": ""16"", ""Crop"": ""Mango"", ""State"": ""Haryana"", ""District"": ""Bhiwani"", ""BlockName"": ""Bawani Khera"", ""Sector"": ""HORTICULTURE"", ""Sector (A)"": ""HORTICULTURE"", ""Season"": ""Rabi"", ""QueryType"": ""Plant Protection"", ""Agri Specialist"": ""Satarupa Saha"", ""latitude"": ""28.7932"", ""longitude"": ""76.1391"", ""cluster"": ""896"", ""num_questions_in_cluster"": ""36"", ""Date"": ""5-8-2025"", ""Source [Name and Link]"": ""https://nhb.gov.in/report_files/mango/man003.pdf / https://www.agriculturaljournals.com/archives/2025/vol7issue2/PartC/7-2-18-561.pdf/ https://agriculture.vikaspedia.in/viewcontent/agriculture/crop-production/package-of-practices/fruits-1/mango-1/organic-strategies-to-control-mango-malformation?lgn=en/ https://www.india.gov.in/central-insecticides-board-and-registration-committee"", ""SL No."": ""434""}, ""hash"": ""3611193aad683171873f0ddfc07b44810991367943048bdb19d408e02a50d93a"", ""class_name"": ""RelatedNodeInfo""}}, ""metadata_template"": ""{key}: {value}"", ""metadata_separator"": ""\n"", ""text"": """", ""mimetype"": ""text/plain"", ""start_char_idx"": 0, ""end_char_idx"": 755, ""metadata_seperator"": ""\n"", ""text_template"": ""{metadata_str}\n\n{content}"", ""class_name"": ""TextNode""}",TextNode,6a6fa84b25296d8cfeb896d9,6a6fa84b25296d8cfeb896d9,6a6fa84b25296d8cfeb896d9,Haryana
5234ca66-fc50-47b5-924d-d52e44acdfbe,"Question: Give some information about Common Service Center?

Answer: CSCs are aimed to deliver a wide range of digital and government services like Aadhaar updating, agri-advisory, financial transactions, teleconsultations, billing, and more—to rural and urban communities through local operators called Village Level Entrepreneurs (VLEs).",all,2020,1,24,all,Jalandhar,all,Agriculture,Agriculture,all,,Adheena Victor,,,-1,,,,2608,"{""id_"": ""5234ca66-fc50-47b5-924d-d52e44acdfbe"", ""embedding"": null, ""metadata"": {""Category"": """", ""Year"": ""2020"", ""Month"": ""1"", ""Day"": ""24"", ""Crop"": ""Gen"", ""State"": ""PUNJAB"", ""District"": ""JALANDHAR"", ""BlockName"": """", ""Sector"": ""AGRICULTURE"", ""Sector (A)"": ""AGRICULTURE"", ""Season"": """", ""QueryType"": """", ""Agri Specialist"": ""Adheena Victor"", ""latitude"": """", ""longitude"": """", ""cluster"": ""-1"", ""num_questions_in_cluster"": """", ""Date"": """", ""Source [Name and Link]"": """", ""SL No."": ""2608""}, ""excluded_embed_metadata_keys"": [], ""excluded_llm_metadata_keys"": [], ""relationships"": {""1"": {""node_id"": ""249d5aecaef78d84faa0ab17"", ""node_type"": ""4"", ""metadata"": {""Category"": """", ""Year"": ""2020"", ""Month"": ""1"", ""Day"": ""24"", ""Crop"": ""Gen"", ""State"": ""PUNJAB"", ""District"": ""JALANDHAR"", ""BlockName"": """", ""Sector"": ""AGRICULTURE"", ""Sector (A)"": ""AGRICULTURE"", ""Season"": """", ""QueryType"": """", ""Agri Specialist"": ""Adheena Victor"", ""latitude"": """", ""longitude"": """", ""cluster"": ""-1"", ""num_questions_in_cluster"": """", ""Date"": """", ""Source [Name and Link]"": """", ""SL No."": ""2608""}, ""hash"": ""6256f892fd25563a9cb7d004db0aa2d2b3f8d19020e86700528403b996558b46"", ""class_name"": ""RelatedNodeInfo""}}, ""metadata_template"": ""{key}: {value}"", ""metadata_separator"": ""\n"", ""text"": """", ""mimetype"": ""text/plain"", ""start_char_idx"": 0, ""end_char_idx"": 340, ""metadata_seperator"": ""\n"", ""text_template"": ""{metadata_str}\n\n{content}"", ""class_name"": ""TextNode""}",TextNode,249d5aecaef78d84faa0ab17,249d5aecaef78d84faa0ab17,249d5aecaef78d84faa0ab17,Punjab
509b3d35-ba95-4290-aa9f-00323a9dc0b4,"Question: What are the rapeseed and mustard varieties suitable for Punjab conditions?

Answer: Rapeseed and Mustard is grown as Rabi crop(October -November) in Punjab and it is not suitable for Kharif season(June-July). Raya/Indian Mustard Varieties recommended for Punjab are: NRCDR 2(suitable for irrigated conditions, tolerant to salinity and high temperatures, with oil content 36.5-42.5%), Giriraj(suitable for timely sown irrigated condition, yield potential 7.7 quintals per acre with oil content 40.3%), PBR 91(suitable for irrigated conditions, potential yied 8.2 quintals per acre with oil content 36.6%), RLC 3(suitable for timely sown irrigated conditions, canola variety, seed yield 7.3 quintals per acre with Oil content 41.5%), RCH 1(suitable for irrigated condition, seed yield 9.2 quintals per acre with oil content 39.4%). Recommended toria varieties are TL 17( seed yield is 5.2 quintals per acre with oil content 42.0%  and TL 15( 4.5 quintals per acre with oil content 41%). Recommended Gobhi sarson variety are GSC 6(seed yield 6.1 quintals per acre with 39.1% oil content) and GSC 7(seed yield 6.1 quintal per acre with oil content of 40.5 %). The recommended seed rate for rapeseed and mustard in Punjab is 1.5-2 kg per acre.",all,2013,11,1,Rapeseed and Mustard,MANSA,all,Agriculture,Agriculture,Kharif,,Salim Sahaji,,,-1,,,,1782,"{""id_"": ""509b3d35-ba95-4290-aa9f-00323a9dc0b4"", ""embedding"": null, ""metadata"": {""Category"": """", ""Year"": ""2013"", ""Month"": ""11"", ""Day"": ""1"", ""Crop"": ""Raya Indian Mustard"", ""State"": ""PUNJAB"", ""District"": ""MANSA"", ""BlockName"": """", ""Sector"": ""AGRICULTURE"", ""Sector (A)"": ""AGRICULTURE"", ""Season"": ""KHARIF"", ""QueryType"": """", ""Agri Specialist"": ""Salim Sahaji"", ""latitude"": """", ""longitude"": """", ""cluster"": ""-1"", ""num_questions_in_cluster"": """", ""Date"": """", ""Source [Name and Link]"": """", ""SL No."": ""1782""}, ""excluded_embed_metadata_keys"": [], ""excluded_llm_metadata_keys"": [], ""relationships"": {""1"": {""node_id"": ""a4c5e1f3e1021af36be88839"", ""node_type"": ""4"", ""metadata"": {""Category"": """", ""Year"": ""2013"", ""Month"": ""11"", ""Day"": ""1"", ""Crop"": ""Raya Indian Mustard"", ""State"": ""PUNJAB"", ""District"": ""MANSA"", ""BlockName"": """", ""Sector"": ""AGRICULTURE"", ""Sector (A)"": ""AGRICULTURE"", ""Season"": ""KHARIF"", ""QueryType"": """", ""Agri Specialist"": ""Salim Sahaji"", ""latitude"": """", ""longitude"": """", ""cluster"": ""-1"", ""num_questions_in_cluster"": """", ""Date"": """", ""Source [Name and Link]"": """", ""SL No."": ""1782""}, ""hash"": ""2baacf837efc73f5b2aa9708b1390511f0773bd90500d937453d0467a668e891"", ""class_name"": ""RelatedNodeInfo""}}, ""metadata_template"": ""{key}: {value}"", ""metadata_separator"": ""\n"", ""text"": """", ""mimetype"": ""text/plain"", ""start_char_idx"": 0, ""end_char_idx"": 1249, ""metadata_seperator"": ""\n"", ""text_template"": ""{metadata_str}\n\n{content}"", ""class_name"": ""TextNode""}",TextNode,a4c5e1f3e1021af36be88839,a4c5e1f3e1021af36be88839,a4c5e1f3e1021af36be88839,Punjab
c1bed7cb-edab-4a6c-a394-fef6d2399ada,"Question: Where can I test my soil in Datia district, Madhya Pradesh?

Answer: For soil testing in Datia, Madhya Pradesh, visit the government soil testing laboratory located at the Krishi Upaj Mandi Samiti in Datia, which provides comprehensive analysis including soil fertility, pH, electrical conductivity, and nutrient status. You can also contact the local Krishi Vigyan Kendra (KVK), Mini Lab Datia, Soil Testing Lab Bhander, and Soil Testing Lab Seondha. It is advised to contact the desired lab beforehand to confirm sampling requirements, test charges, and the sample submission process, as most government labs offer affordable or subsidized testing services for farmers.",all,2010,4,18,Others,Datia,all,Agriculture,Agriculture,all,29,Salim Sahaji,25.9183,78.6645,207,19,26-8-2025,,3146,"{""id_"": ""c1bed7cb-edab-4a6c-a394-fef6d2399ada"", ""embedding"": null, ""metadata"": {""Category"": ""0"", ""Year"": ""2010"", ""Month"": ""4"", ""Day"": ""18"", ""Crop"": ""Others"", ""State"": ""MADHYA PRADESH"", ""District"": ""DATIA"", ""BlockName"": ""0"", ""Sector"": ""AGRICULTURE"", ""Sector (A)"": ""AGRICULTURE"", ""Season"": """", ""QueryType"": ""29"", ""Agri Specialist"": ""Salim Sahaji"", ""latitude"": ""25.9183"", ""longitude"": ""78.6645"", ""cluster"": ""207"", ""num_questions_in_cluster"": ""19"", ""Date"": ""26-8-2025"", ""Source [Name and Link]"": """", ""SL No."": ""3146""}, ""excluded_embed_metadata_keys"": [], ""excluded_llm_metadata_keys"": [], ""relationships"": {""1"": {""node_id"": ""24bb967ebff84b4314b8dff5"", ""node_type"": ""4"", ""metadata"": {""Category"": ""0"", ""Year"": ""2010"", ""Month"": ""4"", ""Day"": ""18"", ""Crop"": ""Others"", ""State"": ""MADHYA PRADESH"", ""District"": ""DATIA"", ""BlockName"": ""0"", ""Sector"": ""AGRICULTURE"", ""Sector (A)"": ""AGRICULTURE"", ""Season"": """", ""QueryType"": ""29"", ""Agri Specialist"": ""Salim Sahaji"", ""latitude"": ""25.9183"", ""longitude"": ""78.6645"", ""cluster"": ""207"", ""num_questions_in_cluster"": ""19"", ""Date"": ""26-8-2025"", ""Source [Name and Link]"": """", ""SL No."": ""3146""}, ""hash"": ""7deb590b895efb9dadbb2c2606959990830d9327c942dbe44a30d783cd769c04"", ""class_name"": ""RelatedNodeInfo""}}, ""metadata_template"": ""{key}: {value}"", ""metadata_separator"": ""\n"", ""text"": """", ""mimetype"": ""text/plain"", ""start_char_idx"": 0, ""end_char_idx"": 681, ""metadata_seperator"": ""\n"", ""text_template"": ""{metadata_str}\n\n{content}"", ""class_name"": ""TextNode""}",TextNode,24bb967ebff84b4314b8dff5,24bb967ebff84b4314b8dff5,24bb967ebff84b4314b8dff5,Madhya Pradesh
7bd7ed49-70f1-45e2-8235-3139f9746f92,"Question: What is the sowing time of the pea?

Answer: Pea is not a Zaid season crop; it is a Rabi crop because it prefers cooler temperatures for optimal growth and yield. Zaid crops require warm, dry weather for growth and longer day lengths for flowering and pod-filling stages. Peas thrive best in temperatures between 10°C and 25°C. Early-maturing varieties like Pusa 3 Peas and Arkal: sowing from mid-October to end-November. Main-season varieties: sowing from mid-October to end-November. Late sowing: up to 20 November. Avoid sowing after late November, as low temperatures can negatively affect flowering and pod setting.",all,2010,9,22,Pea,Hisar,all,Agriculture,Agriculture,Zaid,1,Gonnabathula Girishma,29.8573,76.4545,1266,9,5-8-2025,https://dpd.gov.in/Pea.PDF    https://nhb.gov.in/pdf/vegetable/peas/pea009.pdf,485,"{""id_"": ""7bd7ed49-70f1-45e2-8235-3139f9746f92"", ""embedding"": null, ""metadata"": {""Category"": ""0"", ""Year"": ""2010"", ""Month"": ""9"", ""Day"": ""22"", ""Crop"": ""Pea"", ""State"": ""Haryana"", ""District"": ""Hissar"", ""BlockName"": """", ""Sector"": ""AGRICULTURE"", ""Sector (A)"": ""AGRICULTURE"", ""Season"": ""Jayad"", ""QueryType"": ""1"", ""Agri Specialist"": ""Gonnabathula Girishma"", ""latitude"": ""29.8573"", ""longitude"": ""76.4545"", ""cluster"": ""1266"", ""num_questions_in_cluster"": ""9"", ""Date"": ""5-8-2025"", ""Source [Name and Link]"": ""https://dpd.gov.in/Pea.PDF    https://nhb.gov.in/pdf/vegetable/peas/pea009.pdf"", ""SL No."": ""485""}, ""excluded_embed_metadata_keys"": [], ""excluded_llm_metadata_keys"": [], ""relationships"": {""1"": {""node_id"": ""751b5fe727df3593626b249f"", ""node_type"": ""4"", ""metadata"": {""Category"": ""0"", ""Year"": ""2010"", ""Month"": ""9"", ""Day"": ""22"", ""Crop"": ""Pea"", ""State"": ""Haryana"", ""District"": ""Hissar"", ""BlockName"": """", ""Sector"": ""AGRICULTURE"", ""Sector (A)"": ""AGRICULTURE"", ""Season"": ""Jayad"", ""QueryType"": ""1"", ""Agri Specialist"": ""Gonnabathula Girishma"", ""latitude"": ""29.8573"", ""longitude"": ""76.4545"", ""cluster"": ""1266"", ""num_questions_in_cluster"": ""9"", ""Date"": ""5-8-2025"", ""Source [Name and Link]"": ""https://dpd.gov.in/Pea.PDF    https://nhb.gov.in/pdf/vegetable/peas/pea009.pdf"", ""SL No."": ""485""}, ""hash"": ""30d93269769801f693aa07c6a982f3b5d8063cacc8dd555cfda610030154afdc"", ""class_name"": ""RelatedNodeInfo""}}, ""metadata_template"": ""{key}: {value}"", ""metadata_separator"": ""\n"", ""text"": """", ""mimetype"": ""text/plain"", ""start_char_idx"": 0, ""end_char_idx"": 630, ""metadata_seperator"": ""\n"", ""text_template"": ""{metadata_str}\n\n{content}"", ""class_name"": ""TextNode""}",TextNode,751b5fe727df3593626b249f,751b5fe727df3593626b249f,751b5fe727df3593626b249f,Haryana
76d60338-5768-4731-9c03-69038845c581,"Question: About the contact number of KVK, Ferozpur

Answer: The Krishi Vigyan Kendra (KVK) in Ferozepur, Punjab can currently be contacted primarily through the Associate Director’s mobile number: 94636-68922, as listed on the official GADVASU portal. For any official communication or inquiries, it is best to use the Associate Director’s mobile number to ensure you are reaching the correct and up-to-date contact. For further details or specific staff contacts, referring to the official KVK or GADVASU portals is recommended.",all,2012,8,25,all,Ferozepur,all,Agriculture,Agriculture,Zaid,,Chaitanya Sameera Sandaka,,,-1,,9-8-2025,https://www.kvkferozepur.com/,1228,"{""id_"": ""76d60338-5768-4731-9c03-69038845c581"", ""embedding"": null, ""metadata"": {""Category"": """", ""Year"": ""2012"", ""Month"": ""8"", ""Day"": ""25"", ""Crop"": ""Gen"", ""State"": ""PUNJAB"", ""District"": ""FEROZPUR"", ""BlockName"": """", ""Sector"": ""AGRICULTURE"", ""Sector (A)"": ""AGRICULTURE"", ""Season"": ""JAYAD"", ""QueryType"": """", ""Agri Specialist"": ""Chaitanya Sameera Sandaka"", ""latitude"": """", ""longitude"": """", ""cluster"": ""-1"", ""num_questions_in_cluster"": """", ""Date"": ""9-8-2025"", ""Source [Name and Link]"": ""https://www.kvkferozepur.com/"", ""SL No."": ""1228""}, ""excluded_embed_metadata_keys"": [], ""excluded_llm_metadata_keys"": [], ""relationships"": {""1"": {""node_id"": ""71793c0cc66914b78f373983"", ""node_type"": ""4"", ""metadata"": {""Category"": """", ""Year"": ""2012"", ""Month"": ""8"", ""Day"": ""25"", ""Crop"": ""Gen"", ""State"": ""PUNJAB"", ""District"": ""FEROZPUR"", ""BlockName"": """", ""Sector"": ""AGRICULTURE"", ""Sector (A)"": ""AGRICULTURE"", ""Season"": ""JAYAD"", ""QueryType"": """", ""Agri Specialist"": ""Chaitanya Sameera Sandaka"", ""latitude"": """", ""longitude"": """", ""cluster"": ""-1"", ""num_questions_in_cluster"": """", ""Date"": ""9-8-2025"", ""Source [Name and Link]"": ""https://www.kvkferozepur.com/"", ""SL No."": ""1228""}, ""hash"": ""9af84fa93fa44b0785957cf4d1e31f0acc2ac0acab110195e0954fee2b6db61b"", ""class_name"": ""RelatedNodeInfo""}}, ""metadata_template"": ""{key}: {value}"", ""metadata_separator"": ""\n"", ""text"": """", ""mimetype"": ""text/plain"", ""start_char_idx"": 0, ""end_char_idx"": 530, ""metadata_seperator"": ""\n"", ""text_template"": ""{metadata_str}\n\n{content}"", ""class_name"": ""TextNode""}",TextNode,71793c0cc66914b78f373983,71793c0cc66914b78f373983,71793c0cc66914b78f373983,Punjab
fb44461c-d6e8-434a-ac86-5f85c2388209,"Question: what are the suitable plants for kitchen garden?

Answer: Many vegetables are well-suited for kitchen gardening, especially those that are easy to grow and require limited space. Leafy vegetables like spinach, amaranthus, fenugreek, and coriander, vegetables such as tomato, brinjal (eggplant), chilli, okra, and gourds like bottle gourd and ridge gourd are also commonly grown. Root vegetables like carrot, radish, beetroot, and turnip grow well in loose, well-drained soil and can be harvested within a short period. under rabi, crops like cabbage, cauliflower, peas, and broccoli are suitable. It is best to choose spot with 8 hours of sunlight, use compost or organic manure for soil health, Regular watering, weeding, and pest management will ensure a healthy and productive kitchen garden.Add “Use raised beds with 2:1:1 soil:FYM:compost mix Improves soil structure and fertility in small gardens.",all,2009,4,25,all,SALEM,all,Horticulture,Horticulture,Rabi,,Ponugoti Kavya,,,-1,,6-8-2025,"Sources:
https://www.palasa.co.in/blogs/indoor-planter/how-to-grow-a-vegetable-garden-at-home-in-india 
https://agritech.tnau.ac.in/horticulture/horti_Landscaping_kitchengarden.html",2669,"{""id_"": ""fb44461c-d6e8-434a-ac86-5f85c2388209"", ""embedding"": null, ""metadata"": {""Category"": """", ""Year"": ""2009"", ""Month"": ""4"", ""Day"": ""25"", ""Crop"": ""Gen"", ""State"": ""TAMILNADU"", ""District"": ""SALEM"", ""BlockName"": """", ""Sector"": ""HORTICULTURE"", ""Sector (A)"": ""HORTICULTURE"", ""Season"": ""RABI"", ""QueryType"": """", ""Agri Specialist"": ""Ponugoti Kavya"", ""latitude"": """", ""longitude"": """", ""cluster"": ""-1"", ""num_questions_in_cluster"": """", ""Date"": ""6-8-2025"", ""Source [Name and Link]"": ""Sources:\nhttps://www.palasa.co.in/blogs/indoor-planter/how-to-grow-a-vegetable-garden-at-home-in-india \nhttps://agritech.tnau.ac.in/horticulture/horti_Landscaping_kitchengarden.html"", ""SL No."": ""2669""}, ""excluded_embed_metadata_keys"": [], ""excluded_llm_metadata_keys"": [], ""relationships"": {""1"": {""node_id"": ""d43241bc4b4ded31f639589a"", ""node_type"": ""4"", ""metadata"": {""Category"": """", ""Year"": ""2009"", ""Month"": ""4"", ""Day"": ""25"", ""Crop"": ""Gen"", ""State"": ""TAMILNADU"", ""District"": ""SALEM"", ""BlockName"": """", ""Sector"": ""HORTICULTURE"", ""Sector (A)"": ""HORTICULTURE"", ""Season"": ""RABI"", ""QueryType"": """", ""Agri Specialist"": ""Ponugoti Kavya"", ""latitude"": """", ""longitude"": """", ""cluster"": ""-1"", ""num_questions_in_cluster"": """", ""Date"": ""6-8-2025"", ""Source [Name and Link]"": ""Sources:\nhttps://www.palasa.co.in/blogs/indoor-planter/how-to-grow-a-vegetable-garden-at-home-in-india \nhttps://agritech.tnau.ac.in/horticulture/horti_Landscaping_kitchengarden.html"", ""SL No."": ""2669""}, ""hash"": ""f7c286293584c7e0cf43ce28c0b268ebd660fae78ef3ba04029b172beb599f11"", ""class_name"": ""RelatedNodeInfo""}}, ""metadata_template"": ""{key}: {value}"", ""metadata_separator"": ""\n"", ""text"": """", ""mimetype"": ""text/plain"", ""start_char_idx"": 0, ""end_char_idx"": 913, ""metadata_seperator"": ""\n"", ""text_template"": ""{metadata_str}\n\n{content}"", ""class_name"": ""TextNode""}",TextNode,d43241bc4b4ded31f639589a,d43241bc4b4ded31f639589a,d43241bc4b4ded31f639589a,Tamil Nadu
9ebbf00c-8034-4b08-b0e2-8c07488fc601,"Question: How to control drying of leaves in Onion crop?

Answer: Yellowing of onion leaves can result from multiple factors such as nutrient deficiency, diseases, pests, and poor water management. Nutrient deficiencies, especially of nitrogen, sulphur, and zinc, are common causes. To correct these, farmers should apply Urea @ 40 kg/acre, Sulphur @ 10 kg/acre, and Zinc Sulphate @ 2 kg/acre, preferably after soil testing. Improper irrigation practices—either water stress or waterlogging—can also lead to yellowing, so light irrigation every 8–10 days and good drainage are essential.Fungal diseases like Downy Mildew and Purple Blotch may cause yellowing of leaves and should be managed by spraying fungicides such as Mancozeb or Metalaxyl. In the case of pest infestations like thrips, insecticides such as Spinosad or neem-based products (Azadirachtin 1500 ppm @ 2.5–3 ml/litre) should be sprayed.Adopting good agronomic practices like crop rotation, using healthy seedlings, maintaining optimum plant spacing, and keeping the soil pH between 6.5–7.5 can significantly reduce yellowing and improve overall crop health and yield.",all,2009,12,21,Onion,SAGAR,all,Horticulture,Horticulture,Kharif,0,Ponugoti Kavya,23.8083,78.7583,-1,,6-9-2025,onion,4454,"{""id_"": ""9ebbf00c-8034-4b08-b0e2-8c07488fc601"", ""embedding"": null, ""metadata"": {""Category"": ""0"", ""Year"": ""2009"", ""Month"": ""12"", ""Day"": ""21"", ""Crop"": ""Onion"", ""State"": ""MADHYA PRADESH"", ""District"": ""SAGAR"", ""BlockName"": ""0"", ""Sector"": ""HORTICULTURE"", ""Sector (A)"": ""HORTICULTURE"", ""Season"": ""KHARIF"", ""QueryType"": ""0"", ""Agri Specialist"": ""Ponugoti Kavya"", ""latitude"": ""23.8083"", ""longitude"": ""78.7583"", ""cluster"": ""-1"", ""num_questions_in_cluster"": """", ""Date"": ""6-9-2025"", ""Source [Name and Link]"": ""onion"", ""SL No."": ""4454""}, ""excluded_embed_metadata_keys"": [], ""excluded_llm_metadata_keys"": [], ""relationships"": {""1"": {""node_id"": ""52ac2e1d7c27d2d50d517ac9"", ""node_type"": ""4"", ""metadata"": {""Category"": ""0"", ""Year"": ""2009"", ""Month"": ""12"", ""Day"": ""21"", ""Crop"": ""Onion"", ""State"": ""MADHYA PRADESH"", ""District"": ""SAGAR"", ""BlockName"": ""0"", ""Sector"": ""HORTICULTURE"", ""Sector (A)"": ""HORTICULTURE"", ""Season"": ""KHARIF"", ""QueryType"": ""0"", ""Agri Specialist"": ""Ponugoti Kavya"", ""latitude"": ""23.8083"", ""longitude"": ""78.7583"", ""cluster"": ""-1"", ""num_questions_in_cluster"": """", ""Date"": ""6-9-2025"", ""Source [Name and Link]"": ""onion"", ""SL No."": ""4454""}, ""hash"": ""dda67555a8404b2090d11a9608570350687d9434f36c1523280c9276ff648443"", ""class_name"": ""RelatedNodeInfo""}}, ""metadata_template"": ""{key}: {value}"", ""metadata_separator"": ""\n"", ""text"": """", ""mimetype"": ""text/plain"", ""start_char_idx"": 0, ""end_char_idx"": 1134, ""metadata_seperator"": ""\n"", ""text_template"": ""{metadata_str}\n\n{content}"", ""class_name"": ""TextNode""}",TextNode,52ac2e1d7c27d2d50d517ac9,52ac2e1d7c27d2d50d517ac9,52ac2e1d7c27d2d50d517ac9,Madhya Pradesh
30abc973-5e89-4ed3-b9dd-3938b8c85c2d,"Question: How to control Gridle beetle in soybean?

Answer: Soybean is cultivated as Kharif crop, sown with the onset of monsoon in late June to early July and harvested in October–November. 

One of the serious pests is the girdle beetle (Obereopsis brevis), which causes damage by girdling the petioles and stems, leading to drooping and drying of leaves and branches. To control this pest, farmers should collect and destroy infested twigs and crop residues to reduce carry-over of larvae. 

Spraying of recommended insecticides such as Chlorantraniliprole 18.5 SC @ 150 ml/ha in 200 L water. The Pre Harvest Interval needed is 14 days.

 Maintaining timely sowing, proper plant spacing, and crop rotation with non-host crops like maize or sorghum also reduces infestation and ensures a healthy soybean crop in Madhya Pradesh.",all,2009,8,24,Soybean,SAGAR,all,Agriculture,Agriculture,Kharif,Plant                Protection,Adheena Victor,23.8083,78.7583,71,11,,https://www.pau.edu/content/ccil/pf/pp_kharif.pdf,3007,"{""id_"": ""30abc973-5e89-4ed3-b9dd-3938b8c85c2d"", ""embedding"": null, ""metadata"": {""Category"": ""0"", ""Year"": ""2009"", ""Month"": ""8"", ""Day"": ""24"", ""Crop"": ""Soybean"", ""State"": ""MADHYA PRADESH"", ""District"": ""SAGAR"", ""BlockName"": ""0"", ""Sector"": ""AGRICULTURE"", ""Sector (A)"": ""AGRICULTURE"", ""Season"": ""Kharif"", ""QueryType"": ""Plant                Protection"", ""Agri Specialist"": ""Adheena Victor"", ""latitude"": ""23.8083"", ""longitude"": ""78.7583"", ""cluster"": ""71"", ""num_questions_in_cluster"": ""11"", ""Date"": """", ""Source [Name and Link]"": ""https://www.pau.edu/content/ccil/pf/pp_kharif.pdf"", ""SL No."": ""3007""}, ""excluded_embed_metadata_keys"": [], ""excluded_llm_metadata_keys"": [], ""relationships"": {""1"": {""node_id"": ""8d658eaceb69a6526a960355"", ""node_type"": ""4"", ""metadata"": {""Category"": ""0"", ""Year"": ""2009"", ""Month"": ""8"", ""Day"": ""24"", ""Crop"": ""Soybean"", ""State"": ""MADHYA PRADESH"", ""District"": ""SAGAR"", ""BlockName"": ""0"", ""Sector"": ""AGRICULTURE"", ""Sector (A)"": ""AGRICULTURE"", ""Season"": ""Kharif"", ""QueryType"": ""Plant                Protection"", ""Agri Specialist"": ""Adheena Victor"", ""latitude"": ""23.8083"", ""longitude"": ""78.7583"", ""cluster"": ""71"", ""num_questions_in_cluster"": ""11"", ""Date"": """", ""Source [Name and Link]"": ""https://www.pau.edu/content/ccil/pf/pp_kharif.pdf"", ""SL No."": ""3007""}, ""hash"": ""7180433cf55d514aa0ee8221e3fd032955aefcce73801f1620b85462d6770ce7"", ""class_name"": ""RelatedNodeInfo""}}, ""metadata_template"": ""{key}: {value}"", ""metadata_separator"": ""\n"", ""text"": """", ""mimetype"": ""text/plain"", ""start_char_idx"": 0, ""end_char_idx"": 829, ""metadata_seperator"": ""\n"", ""text_template"": ""{metadata_str}\n\n{content}"", ""class_name"": ""TextNode""}",TextNode,8d658eaceb69a6526a960355,8d658eaceb69a6526a960355,8d658eaceb69a6526a960355,Madhya Pradesh
a5b6b701-6943-4708-af66-beaf26987657,"Question: What is meant by PSB of RCF bio phosphate?

Answer: RCF's Phosphate Solubilizing Bacteria (PSB) is officially called RCF Biola (PSB Biofertilizer) - Phosphate Solubilizing Bacteria (Bacillus megaterium var. phosphaticum), and the product is marketed under the name Biola. Biola (PSB) is a multi-purpose biofertilizer that helps dissolve fixed phosphorus in the soil, making it readily available for crops. It promotes early seed germination, enhanced root development, improved soil structure, and increased crop yield.  You can purchase from Local Official RCF Dealers & Distributors in Sangli, Krushi Seva Kendra (KSK), many stock RCF products, Agricultural Cooperative Societies, and Authorized Fertilizer Shops– Look for RCF-branded products. You can use PSB  for seed Treatment (for field crops, vegetables, pulses) @ 250 g of Biola (powder) or 100 ml (liquid) per 10 kg of seed, seedling Root Dip (for vegetables, sugarcane setts, fruit seedlings) @ 1 kg Biola (powder) or 500 ml (liquid) in 10–20 litres water, dip roots or setts for 15–20 minutes before planting. Soil Application (for fruit crops like grapes, pomegranate, banana) @ 4 kg Biola (powder) or 2 litres (liquid) per acre. Mix the Biola with 50 kg well-decomposed FYM or compost, apply near the root zone during field preparation or at the start of active growth, keep the soil moist for at least 5–7 days after application to help bacteria multiply Or for drip Irrigation (for orchards with drip system) @ 500 ml Biola (liquid) per acre., dilute in 100–200 litres water and inject through the drip system early morning or late afternoon. For the Phosphate Solubilizing Bacteria (PSB) in Biola to survive, multiply, and be effective, the soil must have sufficient moisture and a good level of organic matter (like FYM or compost). Applying this biofertilizer to dry soil or soil with very low organic content will lead to poor results, as the bacteria will not be able to establish themselves.",all,2009,5,16,all,SANGLI,all,Agriculture,Agriculture,Rabi,,Souvik Roy,,,-1,,5-8-2025,https://www.rcfltd.com/ https://vikaspedia.in/agriculture/crop-production/integrated-nutrient-management/biofertilizers https://mpkv.ac.in/,510,"{""id_"": ""a5b6b701-6943-4708-af66-beaf26987657"", ""embedding"": null, ""metadata"": {""Category"": """", ""Year"": ""2009"", ""Month"": ""5"", ""Day"": ""16"", ""Crop"": ""GEN"", ""State"": ""MAHARASHTRA"", ""District"": ""SANGLI"", ""BlockName"": """", ""Sector"": ""AGRICULTURE"", ""Sector (A)"": ""AGRICULTURE"", ""Season"": ""RABI"", ""QueryType"": """", ""Agri Specialist"": ""Khaja Suhaib Khaja Azharuddin"", ""latitude"": """", ""longitude"": """", ""cluster"": ""-1"", ""num_questions_in_cluster"": """", ""Date"": ""5-8-2025"", ""Source [Name and Link]"": ""https://www.rcfltd.com/ https://vikaspedia.in/agriculture/crop-production/integrated-nutrient-management/biofertilizers https://mpkv.ac.in/"", ""SL No."": ""510""}, ""excluded_embed_metadata_keys"": [], ""excluded_llm_metadata_keys"": [], ""relationships"": {""1"": {""node_id"": ""b8e7e469ef89ce083b102264"", ""node_type"": ""4"", ""metadata"": {""Category"": """", ""Year"": ""2009"", ""Month"": ""5"", ""Day"": ""16"", ""Crop"": ""GEN"", ""State"": ""MAHARASHTRA"", ""District"": ""SANGLI"", ""BlockName"": """", ""Sector"": ""AGRICULTURE"", ""Sector (A)"": ""AGRICULTURE"", ""Season"": ""RABI"", ""QueryType"": """", ""Agri Specialist"": ""Khaja Suhaib Khaja Azharuddin"", ""latitude"": """", ""longitude"": """", ""cluster"": ""-1"", ""num_questions_in_cluster"": """", ""Date"": ""5-8-2025"", ""Source [Name and Link]"": ""https://www.rcfltd.com/ https://vikaspedia.in/agriculture/crop-production/integrated-nutrient-management/biofertilizers https://mpkv.ac.in/"", ""SL No."": ""510""}, ""hash"": ""013b35c32638a1bd857550a356319c322b6fdabb39a077cada4b471068afc3fe"", ""class_name"": ""RelatedNodeInfo""}}, ""metadata_template"": ""{key}: {value}"", ""metadata_separator"": ""\n"", ""text"": """", ""mimetype"": ""text/plain"", ""start_char_idx"": 0, ""end_char_idx"": 1973, ""metadata_seperator"": ""\n"", ""text_template"": ""{metadata_str}\n\n{content}"", ""class_name"": ""TextNode""}",TextNode,b8e7e469ef89ce083b102264,b8e7e469ef89ce083b102264,b8e7e469ef89ce083b102264,Maharashtra
3b52b162-fbf4-44c8-9a40-d84fa99caf84,"Question: Information about the varieties of Bhindi(Okra)

Answer: In Damoh, Madhya Pradesh, where the climate is warm and humid, choosing the right bhindi (okra) variety is essential due to the high risk of Yellow Vein Mosaic Virus (YVMV), a major disease affecting okra. High-yielding and disease-resistant varieties like Pusa A-4 (resistant to YVMV and jassids with good shelf life), Parbhani Kranti (suitable for central India and resistant to YVMV), and Arka Anamika (tender pods, high yield, and YVMV resistance) perform well in this region. Arka Abhay, a hybrid from IIHR, offers resistance to YVMV and fruit borers, while Varsha Uphar is ideal for the rainy season with good disease tolerance. Kashi Satdhari, from IIVR, is another reliable option for similar agro-climatic zones. Radhika (F1 Hybrid) is especially popular for its early maturity, high yield, and dual resistance to YVMV and Enation Leaf Curl Virus (ELCV). These varieties are well-suited for both summer and monsoon cultivation and help farmers improve yield while minimizing losses from pests and diseases.",all,2009,12,21,Okra,Damoh,all,Horticulture,Horticulture,Kharif,78,Chaitanya Sameera Sandaka,23.7981,79.5419,-1,,9-9-2025,https://mpkrishi.mp.gov.in/hindisite_New/krishi_capsules_Bhindi_New.aspx,4668,"{""id_"": ""3b52b162-fbf4-44c8-9a40-d84fa99caf84"", ""embedding"": null, ""metadata"": {""Category"": ""0"", ""Year"": ""2009"", ""Month"": ""12"", ""Day"": ""21"", ""Crop"": ""Okra"", ""State"": ""MADHYA PRADESH"", ""District"": ""DAMOH"", ""BlockName"": ""0"", ""Sector"": ""HORTICULTURE"", ""Sector (A)"": ""HORTICULTURE"", ""Season"": ""KHARIF"", ""QueryType"": ""78"", ""Agri Specialist"": ""Chaitanya Sameera Sandaka"", ""latitude"": ""23.7981"", ""longitude"": ""79.5419"", ""cluster"": ""-1"", ""num_questions_in_cluster"": """", ""Date"": ""9-9-2025"", ""Source [Name and Link]"": ""https://mpkrishi.mp.gov.in/hindisite_New/krishi_capsules_Bhindi_New.aspx"", ""SL No."": ""4668""}, ""excluded_embed_metadata_keys"": [], ""excluded_llm_metadata_keys"": [], ""relationships"": {""1"": {""node_id"": ""ad2f728e7a9333ea90636075"", ""node_type"": ""4"", ""metadata"": {""Category"": ""0"", ""Year"": ""2009"", ""Month"": ""12"", ""Day"": ""21"", ""Crop"": ""Okra"", ""State"": ""MADHYA PRADESH"", ""District"": ""DAMOH"", ""BlockName"": ""0"", ""Sector"": ""HORTICULTURE"", ""Sector (A)"": ""HORTICULTURE"", ""Season"": ""KHARIF"", ""QueryType"": ""78"", ""Agri Specialist"": ""Chaitanya Sameera Sandaka"", ""latitude"": ""23.7981"", ""longitude"": ""79.5419"", ""cluster"": ""-1"", ""num_questions_in_cluster"": """", ""Date"": ""9-9-2025"", ""Source [Name and Link]"": ""https://mpkrishi.mp.gov.in/hindisite_New/krishi_capsules_Bhindi_New.aspx"", ""SL No."": ""4668""}, ""hash"": ""898817db6b288bc0db01025d235d57478ac6a646c73a5c84976953865fb00f55"", ""class_name"": ""RelatedNodeInfo""}}, ""metadata_template"": ""{key}: {value}"", ""metadata_separator"": ""\n"", ""text"": """", ""mimetype"": ""text/plain"", ""start_char_idx"": 0, ""end_char_idx"": 1082, ""metadata_seperator"": ""\n"", ""text_template"": ""{metadata_str}\n\n{content}"", ""class_name"": ""TextNode""}",TextNode,ad2f728e7a9333ea90636075,ad2f728e7a9333ea90636075,ad2f728e7a9333ea90636075,Madhya Pradesh
3db3a5e7-9210-40b4-9834-5999ac239058,"Question: What is the NPK content in Neem seed cake?

Answer: Neem seed cake is a nutrient-rich organic product that is obtained after extracting oil from neem seed. If you want to make it, then collect ripe neem fruits and separate the seeds from the pulp. After that, dry the seeds to reduce moisture before being crushed in an oil expeller to extract neem oil. The remaining solid residue after oil extraction is a neem seed cake, which is further processed into powder or granules for agricultural use. Mainly neem seed cake content is typically around 2% to 5% nitrogen (N), 0.5% to 1% phosphorus (P), and 1% to 2% potassium (K). It also provides secondary nutrients like calcium, magnesium, and sulfur, along with beneficial trace elements. Neem seed cake is used as a fertilizer as well as a natural pest repellent. It slowly releases nutrients into the soil, improving soil structure and water retention. For general farming use, apply at a rate of 100 to 200 kg/acre. When used for pest control, it can be mixed into the soil at 5 to 10 kg/cubic meter.",all,2009,5,26,all,NAGPUR,all,Agriculture,Agriculture,Rabi,,Tejas R. Dange,,,-1,,6-8-2025,"https://www.ncof.dac.gov.in/NeemCake.pdf
https://www.maharashtraagriculture.gov.in/OrganicFarming/NeemCake.html
https://nhb.gov.in/model-project-reports/Organic%20Farming/Neem%20Cake/Neem%20Cake.htm
https://agritech.tnau.ac.in/agriculture/agri_organicfarming_neemcake.html",462,"{""id_"": ""3db3a5e7-9210-40b4-9834-5999ac239058"", ""embedding"": null, ""metadata"": {""Category"": """", ""Year"": ""2009"", ""Month"": ""5"", ""Day"": ""26"", ""Crop"": ""GEN"", ""State"": ""MAHARASHTRA"", ""District"": ""NAGPUR"", ""BlockName"": """", ""Sector"": ""AGRICULTURE"", ""Sector (A)"": ""AGRICULTURE"", ""Season"": ""RABI"", ""QueryType"": """", ""Agri Specialist"": ""Tejas R. Dange"", ""latitude"": """", ""longitude"": """", ""cluster"": ""-1"", ""num_questions_in_cluster"": """", ""Date"": ""6-8-2025"", ""Source [Name and Link]"": ""https://www.ncof.dac.gov.in/NeemCake.pdf\nhttps://www.maharashtraagriculture.gov.in/OrganicFarming/NeemCake.html\nhttps://nhb.gov.in/model-project-reports/Organic%20Farming/Neem%20Cake/Neem%20Cake.htm\nhttps://agritech.tnau.ac.in/agriculture/agri_organicfarming_neemcake.html"", ""SL No."": ""462""}, ""excluded_embed_metadata_keys"": [], ""excluded_llm_metadata_keys"": [], ""relationships"": {""1"": {""node_id"": ""1f44c81c0f66f49a74d8bec6"", ""node_type"": ""4"", ""metadata"": {""Category"": """", ""Year"": ""2009"", ""Month"": ""5"", ""Day"": ""26"", ""Crop"": ""GEN"", ""State"": ""MAHARASHTRA"", ""District"": ""NAGPUR"", ""BlockName"": """", ""Sector"": ""AGRICULTURE"", ""Sector (A)"": ""AGRICULTURE"", ""Season"": ""RABI"", ""QueryType"": """", ""Agri Specialist"": ""Tejas R. Dange"", ""latitude"": """", ""longitude"": """", ""cluster"": ""-1"", ""num_questions_in_cluster"": """", ""Date"": ""6-8-2025"", ""Source [Name and Link]"": ""https://www.ncof.dac.gov.in/NeemCake.pdf\nhttps://www.maharashtraagriculture.gov.in/OrganicFarming/NeemCake.html\nhttps://nhb.gov.in/model-project-reports/Organic%20Farming/Neem%20Cake/Neem%20Cake.htm\nhttps://agritech.tnau.ac.in/agriculture/agri_organicfarming_neemcake.html"", ""SL No."": ""462""}, ""hash"": ""972f549dbb45d361170efe3fc0e26b498d0a6bcba95732ea5c6533bb2e7bcbdc"", ""class_name"": ""RelatedNodeInfo""}}, ""metadata_template"": ""{key}: {value}"", ""metadata_separator"": ""\n"", ""text"": """", ""mimetype"": ""text/plain"", ""start_char_idx"": 0, ""end_char_idx"": 1061, ""metadata_seperator"": ""\n"", ""text_template"": ""{metadata_str}\n\n{content}"", ""class_name"": ""TextNode""}",TextNode,1f44c81c0f66f49a74d8bec6,1f44c81c0f66f49a74d8bec6,1f44c81c0f66f49a74d8bec6,Maharashtra
105d9c6f-6b5d-4910-afdf-5e6b178ed3cb,"Question: What manure is used for Arecanut cultivation?

Answer: Manuring in Arecanut (Supari) during Rabi season in Tamil Nadu is crucial for maintaining palm health and ensuring good nut yield in the following year. Arecanut is a long-duration, nutrient-exhaustive crop and requires balanced fertilizer management throughout the year, especially in Rabi (October to January), which is a critical phase for root growth and flower initiation. For high-yielding hybrids or intensive systems, NPK may go up to 100:40:150 g/palm/year, TNAU Standar: 100:40:140 g NPK Per palm per year for bearing palms (>5 years) In Rabi season, apply ¼ of the total annual fertilizer- Urea (55g), SSP (250g), Mop (60 g). Apply Organic manures during Rabi or before monsoon Farmyard manure (FYM): 12–15 kg/palm, Neem cake: 1–2 kg/palm and Arecanut palms are sensitive to drought stress. In Tamil Nadu, if the northeast monsoon is delayed or inadequate, provide irrigation once every 7–10 days, especially after manuring.",all,2009,4,24,Areca nut,Coimbatore,all,Horticulture,Horticulture,Rabi,,Gonnabathula Girishma,,,-1,,6-8-2025,,2701,"{""id_"": ""105d9c6f-6b5d-4910-afdf-5e6b178ed3cb"", ""embedding"": null, ""metadata"": {""Category"": """", ""Year"": ""2009"", ""Month"": ""4"", ""Day"": ""24"", ""Crop"": ""Arecanut"", ""State"": ""TAMILNADU"", ""District"": ""COIMBATORE"", ""BlockName"": """", ""Sector"": ""HORTICULTURE"", ""Sector (A)"": ""HORTICULTURE"", ""Season"": ""RABI"", ""QueryType"": """", ""Agri Specialist"": ""Gonnabathula Girishma"", ""latitude"": """", ""longitude"": """", ""cluster"": ""-1"", ""num_questions_in_cluster"": """", ""Date"": ""6-8-2025"", ""Source [Name and Link]"": """", ""SL No."": ""2701""}, ""excluded_embed_metadata_keys"": [], ""excluded_llm_metadata_keys"": [], ""relationships"": {""1"": {""node_id"": ""a17998ff50bec7206e5263fe"", ""node_type"": ""4"", ""metadata"": {""Category"": """", ""Year"": ""2009"", ""Month"": ""4"", ""Day"": ""24"", ""Crop"": ""Arecanut"", ""State"": ""TAMILNADU"", ""District"": ""COIMBATORE"", ""BlockName"": """", ""Sector"": ""HORTICULTURE"", ""Sector (A)"": ""HORTICULTURE"", ""Season"": ""RABI"", ""QueryType"": """", ""Agri Specialist"": ""Gonnabathula Girishma"", ""latitude"": """", ""longitude"": """", ""cluster"": ""-1"", ""num_questions_in_cluster"": """", ""Date"": ""6-8-2025"", ""Source [Name and Link]"": """", ""SL No."": ""2701""}, ""hash"": ""6f16a877b74e4af8676953306622a11307bd97dce28baea8debed68ddf6d6349"", ""class_name"": ""RelatedNodeInfo""}}, ""metadata_template"": ""{key}: {value}"", ""metadata_separator"": ""\n"", ""text"": """", ""mimetype"": ""text/plain"", ""start_char_idx"": 0, ""end_char_idx"": 1000, ""metadata_seperator"": ""\n"", ""text_template"": ""{metadata_str}\n\n{content}"", ""class_name"": ""TextNode""}",TextNode,a17998ff50bec7206e5263fe,a17998ff50bec7206e5263fe,a17998ff50bec7206e5263fe,Tamil Nadu
7bd675d4-5009-4c89-acb1-f42cb5e6f4ab,"Question: What are the best practices for soybean farming in Bathinda, Punjab?

Answer: Soybean, known as golden beans, belongs to the legume family. In Punjab, soybean plays a vital role in crop diversification. It thrives in well-drained fertile loamy soils with a pH of 6 to 7.5 and requires temperatures between 18-38°C and rainfall of 30-60 cm. The best sowing time is the first fortnight of June, with seeds sown 2.5-5 cm deep using a seed drill at a spacing of 45 cm between rows and 4-7 cm between plants. Seed rate is 25-30 kg per acre. Popular varieties include SL 525, SL 744, and SL 958, which mature in 139-144 days and yield 6.1 to 7.3 quintals per acre.Seed treatment with Thiram or Captan @ 3 gm/kg of seed protects against soil-borne diseases. Fertilizer application includes 28 kg Urea and 200 kg SSP per acre along with 4 tons of FYM. Major pests include whitefly, controlled by spraying Thiamethoxam @ 40 gm/acre with waiting period 14 days or Triazophos @ 300-400 ml/acre with a second spray after 10 days with waiting period 14 days and blister beetle, controlled by spraying Indoxacarb 14.5 SC @ 200 ml/acre with waiting period 14 days. Yellow mosaic virus, spread by whitefly, causes yellow-green patches and pod failure. Use resistant varieties and control whitefly as mentioned above.Harvesting is done when pods dry and leaves turn yellow and fall. The crop is harvested manually using sickle or by hand, followed by threshing.",all,2016,5,31,Soybean,Bathinda,all,Agriculture,Agriculture,Kharif,,Ponugoti Kavya,,,-1,,,,2357,"{""id_"": ""7bd675d4-5009-4c89-acb1-f42cb5e6f4ab"", ""embedding"": null, ""metadata"": {""Category"": """", ""Year"": ""2016"", ""Month"": ""5"", ""Day"": ""31"", ""Crop"": ""Soybean bhat"", ""State"": ""PUNJAB"", ""District"": ""BHATINDA"", ""BlockName"": """", ""Sector"": ""AGRICULTURE"", ""Sector (A)"": ""AGRICULTURE"", ""Season"": ""KHARIF"", ""QueryType"": """", ""Agri Specialist"": ""Ponugoti Kavya"", ""latitude"": """", ""longitude"": """", ""cluster"": ""-1"", ""num_questions_in_cluster"": """", ""Date"": """", ""Source [Name and Link]"": """", ""SL No."": ""2357""}, ""excluded_embed_metadata_keys"": [], ""excluded_llm_metadata_keys"": [], ""relationships"": {""1"": {""node_id"": ""93c13739de5cd69776ebba7d"", ""node_type"": ""4"", ""metadata"": {""Category"": """", ""Year"": ""2016"", ""Month"": ""5"", ""Day"": ""31"", ""Crop"": ""Soybean bhat"", ""State"": ""PUNJAB"", ""District"": ""BHATINDA"", ""BlockName"": """", ""Sector"": ""AGRICULTURE"", ""Sector (A)"": ""AGRICULTURE"", ""Season"": ""KHARIF"", ""QueryType"": """", ""Agri Specialist"": ""Ponugoti Kavya"", ""latitude"": """", ""longitude"": """", ""cluster"": ""-1"", ""num_questions_in_cluster"": """", ""Date"": """", ""Source [Name and Link]"": """", ""SL No."": ""2357""}, ""hash"": ""b6b245d889668c1ccb03bc838a85783784a2ba6f26b89ba44ea658d86360b7ea"", ""class_name"": ""RelatedNodeInfo""}}, ""metadata_template"": ""{key}: {value}"", ""metadata_separator"": ""\n"", ""text"": """", ""mimetype"": ""text/plain"", ""start_char_idx"": 0, ""end_char_idx"": 1454, ""metadata_seperator"": ""\n"", ""text_template"": ""{metadata_str}\n\n{content}"", ""class_name"": ""TextNode""}",TextNode,93c13739de5cd69776ebba7d,93c13739de5cd69776ebba7d,93c13739de5cd69776ebba7d,Punjab
bf3ccce9-65ec-49cb-a4b5-3b54e129cd27,"Question: How to do seed treatment for green gram seeds?

Answer: For successful moong (green gram) cultivation, proper seed rate and seed treatment are essential to ensure healthy germination and protection from early diseases. During the Kharif season, a seed rate of about 8 kg per acre is recommended. For Zaid season sowing, slightly more seed is needed—about 10 to 12 kg per acre to ensure a good crop stand due to higher temperatures and moisture fluctuations. Before sowing, seeds should be treated with a combination of Carbendazim + Captan in a 1:2 ratio, using a total of 3 grams of fungicide per kilogram of seed. This helps prevent seed-borne fungal diseases such as collar rot and seedling blight. After fungicide treatment, the seeds should be inoculated with a Rhizobium culture specific to moong at the rate of 5 grams per kilogram of seed. Rhizobium treatment enhances nitrogen fixation, improves soil fertility, and boosts crop yield. It’s important to let the seeds dry in shade for 30 minutes after fungicide treatment before applying Rhizobium, and then sow immediately after treatment for best results.",Pulses,2011,6,24,Green Gram-Moong,NARSIMPUR,all,Agriculture,Agriculture,Zaid,18,Ponugoti Kavya,23.8143,77.5341,296,7,,Advanced technology of moong production,3209,"{""id_"": ""bf3ccce9-65ec-49cb-a4b5-3b54e129cd27"", ""embedding"": null, ""metadata"": {""Category"": ""Pulses"", ""Year"": ""2011"", ""Month"": ""6"", ""Day"": ""24"", ""Crop"": ""moong"", ""State"": ""MADHYA PRADESH"", ""District"": ""NARSIMPUR"", ""BlockName"": ""0"", ""Sector"": ""AGRICULTURE"", ""Sector (A)"": ""AGRICULTURE"", ""Season"": ""JAYAD"", ""QueryType"": ""18"", ""Agri Specialist"": ""Ponugoti Kavya"", ""latitude"": ""23.8143"", ""longitude"": ""77.5341"", ""cluster"": ""296"", ""num_questions_in_cluster"": ""7"", ""Date"": """", ""Source [Name and Link]"": ""Advanced technology of moong production"", ""SL No."": ""3209""}, ""excluded_embed_metadata_keys"": [], ""excluded_llm_metadata_keys"": [], ""relationships"": {""1"": {""node_id"": ""cd2011ea095821a9a1ad453e"", ""node_type"": ""4"", ""metadata"": {""Category"": ""Pulses"", ""Year"": ""2011"", ""Month"": ""6"", ""Day"": ""24"", ""Crop"": ""moong"", ""State"": ""MADHYA PRADESH"", ""District"": ""NARSIMPUR"", ""BlockName"": ""0"", ""Sector"": ""AGRICULTURE"", ""Sector (A)"": ""AGRICULTURE"", ""Season"": ""JAYAD"", ""QueryType"": ""18"", ""Agri Specialist"": ""Ponugoti Kavya"", ""latitude"": ""23.8143"", ""longitude"": ""77.5341"", ""cluster"": ""296"", ""num_questions_in_cluster"": ""7"", ""Date"": """", ""Source [Name and Link]"": ""Advanced technology of moong production"", ""SL No."": ""3209""}, ""hash"": ""7451e1f159236df4ffd7136ea0f47ef22f8afebcaf76e5f00ec07b7d11e65ac1"", ""class_name"": ""RelatedNodeInfo""}}, ""metadata_template"": ""{key}: {value}"", ""metadata_separator"": ""\n"", ""text"": """", ""mimetype"": ""text/plain"", ""start_char_idx"": 0, ""end_char_idx"": 1125, ""metadata_seperator"": ""\n"", ""text_template"": ""{metadata_str}\n\n{content}"", ""class_name"": ""TextNode""}",TextNode,cd2011ea095821a9a1ad453e,cd2011ea095821a9a1ad453e,cd2011ea095821a9a1ad453e,Madhya Pradesh
db298d72-0fef-4590-b508-70fd9c186ec9,"Question: How can I protect sugarcane crop in Amritsar, Punjab?

Answer: Sugarcane faces serious threats from various pests and diseases. Early shoot borer, active from March to June, causes dead hearts in young plants. It can be managed by avoiding late planting, removing infected plants, and treating setts with Fipronil 5% SC @1 L/acre with waiting period of 60 days White grub, which damages the root system, is controlled by applying Chlorantraniliprole 0.4% GR @4 kg/acre or Imidacloprid 70 WG @80 g/acre with waiting period of 65 days at sowing, along with ploughing to expose grubs and spraying trees nearby to control adult beetles. For termite management, setts should be dipped in Fipronil 5% SC @2 ml/L of water for 10 minutes before sowing, or standing crops can be drenched with Imidacloprid 17.8 SL @60 ml/ /acre with waiting period of 60 days. Pyrilla, a sap-sucking pest, causes yellowing and sooty mould growth on leaves. It is controlled by collecting egg masses and spraying Flonicamid 50 WG @80 g/acre with waiting period of 14 days. Root borer infestation, prominent from July, can be controlled by Drenching Chlorantraniliprole 18.5 SC @60 ml/acre near the root zone with waiting period of 30 days, Among diseases, red rot causes internal reddening and sour smell in stalks and is managed through resistant varieties, proper crop rotation, and soil disinfection with Carbendazim 50 WP @1 g/L. Wilt, often caused by root borer, termites, or poor field conditions, results in yellowing and collapse of canes. It can be prevented by treating setts with Carbendazim 0.2% + Boric acid 0.2% for 10 minutes and intercropping with onion or garlic. A airborne disease appearing in monsoon, causes distorted leaves and reddish patches. It's managed by spraying Carbendazim @4 g/L, Copper Oxychloride @3 g/L, or Mancozeb @3 g/L water (PHI: 30 days).",all,2017,6,10,Sugarcane,Amritsar,all,Agriculture,Agriculture,all,,Ponugoti Kavya,,,-1,,,,2424,"{""id_"": ""db298d72-0fef-4590-b508-70fd9c186ec9"", ""embedding"": null, ""metadata"": {""Category"": """", ""Year"": ""2017"", ""Month"": ""6"", ""Day"": ""10"", ""Crop"": ""Sugarcane Noble Cane"", ""State"": ""PUNJAB"", ""District"": ""AMRITSAR"", ""BlockName"": """", ""Sector"": ""AGRICULTURE"", ""Sector (A)"": ""AGRICULTURE"", ""Season"": """", ""QueryType"": """", ""Agri Specialist"": ""Ponugoti Kavya"", ""latitude"": """", ""longitude"": """", ""cluster"": ""-1"", ""num_questions_in_cluster"": """", ""Date"": """", ""Source [Name and Link]"": """", ""SL No."": ""2424""}, ""excluded_embed_metadata_keys"": [], ""excluded_llm_metadata_keys"": [], ""relationships"": {""1"": {""node_id"": ""0af78b6190684f5707fc31be"", ""node_type"": ""4"", ""metadata"": {""Category"": """", ""Year"": ""2017"", ""Month"": ""6"", ""Day"": ""10"", ""Crop"": ""Sugarcane Noble Cane"", ""State"": ""PUNJAB"", ""District"": ""AMRITSAR"", ""BlockName"": """", ""Sector"": ""AGRICULTURE"", ""Sector (A)"": ""AGRICULTURE"", ""Season"": """", ""QueryType"": """", ""Agri Specialist"": ""Ponugoti Kavya"", ""latitude"": """", ""longitude"": """", ""cluster"": ""-1"", ""num_questions_in_cluster"": """", ""Date"": """", ""Source [Name and Link]"": """", ""SL No."": ""2424""}, ""hash"": ""8e9ae55084681a02fad96af8f383673e7120a8b9d557d8b1e8d3b3d61e47cbd0"", ""class_name"": ""RelatedNodeInfo""}}, ""metadata_template"": ""{key}: {value}"", ""metadata_separator"": ""\n"", ""text"": """", ""mimetype"": ""text/plain"", ""start_char_idx"": 0, ""end_char_idx"": 1862, ""metadata_seperator"": ""\n"", ""text_template"": ""{metadata_str}\n\n{content}"", ""class_name"": ""TextNode""}",TextNode,0af78b6190684f5707fc31be,0af78b6190684f5707fc31be,0af78b6190684f5707fc31be,Punjab
a5a0d929-3bf3-4166-9a8a-740710ad287f,"Question: What information i get in TNAU information center?

Answer: The TNAU Technology Information Centre (ATIC) based in Coimbatore provides farmers with advisory services, seeds, farm inputs, and access to TNAU research. Although there’s no dedicated centre in Erode, local farmers can benefit from the Agricultural Research Station in Bhavanisagar (Erode district) for region-specific guidance. TNAU also offers a comprehensive Agritech Portal and Educational Media Centre with online resources, videos, and updates in Tamil and English to support farmers in Erode. For livestock-related support, TANUVAS has a training centre in Erode.",all,2009,4,19,all,Erode,all,Agriculture,Agriculture,Kharif,,Chaitanya Sameera Sandaka,,,-1,,8-8-2025,"Sources:
http://www.tatatrusts.org/our-work/livelihood/agriculture-practices/system-rice-intensification-initiative 
https://agritech.tnau.ac.in/hrd/regulartraining_tnau.html",2734,"{""id_"": ""a5a0d929-3bf3-4166-9a8a-740710ad287f"", ""embedding"": null, ""metadata"": {""Category"": """", ""Year"": ""2009"", ""Month"": ""4"", ""Day"": ""19"", ""Crop"": ""Gen"", ""State"": ""TAMILNADU"", ""District"": ""ERODE"", ""BlockName"": """", ""Sector"": ""AGRICULTURE"", ""Sector (A)"": ""AGRICULTURE"", ""Season"": ""KHARIF"", ""QueryType"": """", ""Agri Specialist"": ""Chaitanya Sameera Sandaka"", ""latitude"": """", ""longitude"": """", ""cluster"": ""-1"", ""num_questions_in_cluster"": """", ""Date"": ""8-8-2025"", ""Source [Name and Link]"": ""Sources:\nhttp://www.tatatrusts.org/our-work/livelihood/agriculture-practices/system-rice-intensification-initiative \nhttps://agritech.tnau.ac.in/hrd/regulartraining_tnau.html"", ""SL No."": ""2734""}, ""excluded_embed_metadata_keys"": [], ""excluded_llm_metadata_keys"": [], ""relationships"": {""1"": {""node_id"": ""546ce39f3b7b61fada1a6e17"", ""node_type"": ""4"", ""metadata"": {""Category"": """", ""Year"": ""2009"", ""Month"": ""4"", ""Day"": ""19"", ""Crop"": ""Gen"", ""State"": ""TAMILNADU"", ""District"": ""ERODE"", ""BlockName"": """", ""Sector"": ""AGRICULTURE"", ""Sector (A)"": ""AGRICULTURE"", ""Season"": ""KHARIF"", ""QueryType"": """", ""Agri Specialist"": ""Chaitanya Sameera Sandaka"", ""latitude"": """", ""longitude"": """", ""cluster"": ""-1"", ""num_questions_in_cluster"": """", ""Date"": ""8-8-2025"", ""Source [Name and Link]"": ""Sources:\nhttp://www.tatatrusts.org/our-work/livelihood/agriculture-practices/system-rice-intensification-initiative \nhttps://agritech.tnau.ac.in/hrd/regulartraining_tnau.html"", ""SL No."": ""2734""}, ""hash"": ""534070e457f32d1fcd361af8480ef038f933b96b9cbf5c81de2faef27a89c86c"", ""class_name"": ""RelatedNodeInfo""}}, ""metadata_template"": ""{key}: {value}"", ""metadata_separator"": ""\n"", ""text"": """", ""mimetype"": ""text/plain"", ""start_char_idx"": 0, ""end_char_idx"": 642, ""metadata_seperator"": ""\n"", ""text_template"": ""{metadata_str}\n\n{content}"", ""class_name"": ""TextNode""}",TextNode,546ce39f3b7b61fada1a6e17,546ce39f3b7b61fada1a6e17,546ce39f3b7b61fada1a6e17,Tamil Nadu
2095a1cb-2c73-40f1-a042-e424f1516667,"Question: What are the improved varieties of Mustard?

Answer: Mustard is a rabi season crop and is not grown during Kharif (June–September). It requires cool temperatures for germination and flowering. For Rabi sowing (October–November), improved varieties like RH 749, RH 725, RH 406, and Varuna are ideal, offering high yield (8- 10 q/acre), better oil content, and disease resistance.",all,2009,10,7,Rapeseed and Mustard,Hisar,all,Agriculture,Agriculture,Kharif,9999,Chaitanya Sameera Sandaka,29.8573,76.4545,24,10,5-8-2025,https://oilseeds.dac.gov.in/Rapeseed.aspx,453,"{""id_"": ""2095a1cb-2c73-40f1-a042-e424f1516667"", ""embedding"": null, ""metadata"": {""Category"": ""0"", ""Year"": ""2009"", ""Month"": ""10"", ""Day"": ""7"", ""Crop"": ""Mustard"", ""State"": ""Haryana"", ""District"": ""Hissar"", ""BlockName"": """", ""Sector"": ""AGRICULTURE"", ""Sector (A)"": ""AGRICULTURE"", ""Season"": ""Kharif"", ""QueryType"": ""9999"", ""Agri Specialist"": ""Chaitanya Sameera Sandaka"", ""latitude"": ""29.8573"", ""longitude"": ""76.4545"", ""cluster"": ""24"", ""num_questions_in_cluster"": ""10"", ""Date"": ""5-8-2025"", ""Source [Name and Link]"": ""https://oilseeds.dac.gov.in/Rapeseed.aspx"", ""SL No."": ""453""}, ""excluded_embed_metadata_keys"": [], ""excluded_llm_metadata_keys"": [], ""relationships"": {""1"": {""node_id"": ""0ae8d765c18b5753ebcd9f47"", ""node_type"": ""4"", ""metadata"": {""Category"": ""0"", ""Year"": ""2009"", ""Month"": ""10"", ""Day"": ""7"", ""Crop"": ""Mustard"", ""State"": ""Haryana"", ""District"": ""Hissar"", ""BlockName"": """", ""Sector"": ""AGRICULTURE"", ""Sector (A)"": ""AGRICULTURE"", ""Season"": ""Kharif"", ""QueryType"": ""9999"", ""Agri Specialist"": ""Chaitanya Sameera Sandaka"", ""latitude"": ""29.8573"", ""longitude"": ""76.4545"", ""cluster"": ""24"", ""num_questions_in_cluster"": ""10"", ""Date"": ""5-8-2025"", ""Source [Name and Link]"": ""https://oilseeds.dac.gov.in/Rapeseed.aspx"", ""SL No."": ""453""}, ""hash"": ""4a6386611b00517f2c0a2cdc07e8a1b5b54c0f5f0a26e9557cc144060725720e"", ""class_name"": ""RelatedNodeInfo""}}, ""metadata_template"": ""{key}: {value}"", ""metadata_separator"": ""\n"", ""text"": """", ""mimetype"": ""text/plain"", ""start_char_idx"": 0, ""end_char_idx"": 388, ""metadata_seperator"": ""\n"", ""text_template"": ""{metadata_str}\n\n{content}"", ""class_name"": ""TextNode""}",TextNode,0ae8d765c18b5753ebcd9f47,0ae8d765c18b5753ebcd9f47,0ae8d765c18b5753ebcd9f47,Haryana
06346cd1-579d-4a0a-8c3f-7dabc1eb2dde,"Question: What is the ideal sowing time of Japnese White radish variety in Punjab?

Answer: Japanese white is also known as Radish variety, it is a Rabi season crop. Japanese White” is an introduced Asiatic radish variety, originating from Japan and recommended for late sowing in the plains of North India (October–December) Root Characteristics: Cylindrical shape, pure white flesh with a blunt end, and mildly pungent flavor. Yield: Approximately 160 quintals per acre(16 tonnes/acre). Maturity: Approximately 60–65 days after sowing. Seed Rate: 4–5 kg/acre for radish seeds (including Japanese White variety) Spacing: Row-to-row spacing of 45 cm and plant-to-plant spacing of around 7.5 cm. Thinning at the true leaf stage is advised to ensure optimal root development.",all,2014,12,5,Radish,Gurdaspur,all,Horticulture,Horticulture,Rabi,,Gonnabathula Girishma,,,-1,,14-8-2025,,1970,"{""id_"": ""06346cd1-579d-4a0a-8c3f-7dabc1eb2dde"", ""embedding"": null, ""metadata"": {""Category"": """", ""Year"": ""2014"", ""Month"": ""12"", ""Day"": ""5"", ""Crop"": ""Radish"", ""State"": ""PUNJAB"", ""District"": ""GURDASPUR"", ""BlockName"": """", ""Sector"": ""HORTICULTURE"", ""Sector (A)"": ""HORTICULTURE"", ""Season"": ""RABI"", ""QueryType"": """", ""Agri Specialist"": ""Gonnabathula Girishma"", ""latitude"": """", ""longitude"": """", ""cluster"": ""-1"", ""num_questions_in_cluster"": """", ""Date"": ""14-8-2025"", ""Source [Name and Link]"": """", ""SL No."": ""1970""}, ""excluded_embed_metadata_keys"": [], ""excluded_llm_metadata_keys"": [], ""relationships"": {""1"": {""node_id"": ""6ca56cef42c1ba0fee975bc4"", ""node_type"": ""4"", ""metadata"": {""Category"": """", ""Year"": ""2014"", ""Month"": ""12"", ""Day"": ""5"", ""Crop"": ""Radish"", ""State"": ""PUNJAB"", ""District"": ""GURDASPUR"", ""BlockName"": """", ""Sector"": ""HORTICULTURE"", ""Sector (A)"": ""HORTICULTURE"", ""Season"": ""RABI"", ""QueryType"": """", ""Agri Specialist"": ""Gonnabathula Girishma"", ""latitude"": """", ""longitude"": """", ""cluster"": ""-1"", ""num_questions_in_cluster"": """", ""Date"": ""14-8-2025"", ""Source [Name and Link]"": """", ""SL No."": ""1970""}, ""hash"": ""fc26402778cd1f8ac9ab62bef7574eb72f163ddced3c0d5dd6d7e312d3449b38"", ""class_name"": ""RelatedNodeInfo""}}, ""metadata_template"": ""{key}: {value}"", ""metadata_separator"": ""\n"", ""text"": """", ""mimetype"": ""text/plain"", ""start_char_idx"": 0, ""end_char_idx"": 773, ""metadata_seperator"": ""\n"", ""text_template"": ""{metadata_str}\n\n{content}"", ""class_name"": ""TextNode""}",TextNode,6ca56cef42c1ba0fee975bc4,6ca56cef42c1ba0fee975bc4,6ca56cef42c1ba0fee975bc4,Punjab
f74a316a-5559-41dc-930e-2d6aaeed9b82,"Question: How to control Fungal diseases in Paddy?

Answer: To control fungal diseases in paddy, an integrated approach involving cultural, preventive, and chemical methods is essential. The use of certified, disease-free seeds is the first step, and seeds should be treated with fungicides like Carbendazim, Thiram, or Captan at 2 g/kg before sowing. Good field sanitation practices such as removing and destroying infected plant debris, straw, and stubble help reduce the primary source of infection. Excessive application of nitrogen should be avoided, and split application is recommended to prevent disease outbreaks. Proper plant spacing and good drainage reduce humidity and limit fungal growth. Regular monitoring of the crop during critical stages, especially from tillering to flowering, is necessary for early detection. If symptoms appear, timely spraying of fungicides such as Propiconazole, Hexaconazole, Tricyclazole, or Copper oxychloride at the boot leaf and milky stages can effectively control the spread. Overall, integrated disease management ensures healthy crop growth and reduces yield loss due to fungal infections.",all,2009,9,22,Paddy,Damoh,all,Agriculture,Agriculture,Zaid,9999,Ponugoti Kavya,23.7981,79.5419,-1,,8-9-2025,TNAU Agritech Portal :: Crop Protection,4616,"{""id_"": ""f74a316a-5559-41dc-930e-2d6aaeed9b82"", ""embedding"": null, ""metadata"": {""Category"": ""0"", ""Year"": ""2009"", ""Month"": ""9"", ""Day"": ""22"", ""Crop"": ""paddy"", ""State"": ""MADHYA PRADESH"", ""District"": ""DAMOH"", ""BlockName"": ""0"", ""Sector"": ""agriculture"", ""Sector (A)"": ""AGRICULTURE"", ""Season"": ""JAYAD"", ""QueryType"": ""9999"", ""Agri Specialist"": ""Ponugoti Kavya"", ""latitude"": ""23.7981"", ""longitude"": ""79.5419"", ""cluster"": ""-1"", ""num_questions_in_cluster"": """", ""Date"": ""8-9-2025"", ""Source [Name and Link]"": ""TNAU Agritech Portal :: Crop Protection"", ""SL No."": ""4616""}, ""excluded_embed_metadata_keys"": [], ""excluded_llm_metadata_keys"": [], ""relationships"": {""1"": {""node_id"": ""b3f8045341b101a7acb8eb99"", ""node_type"": ""4"", ""metadata"": {""Category"": ""0"", ""Year"": ""2009"", ""Month"": ""9"", ""Day"": ""22"", ""Crop"": ""paddy"", ""State"": ""MADHYA PRADESH"", ""District"": ""DAMOH"", ""BlockName"": ""0"", ""Sector"": ""agriculture"", ""Sector (A)"": ""AGRICULTURE"", ""Season"": ""JAYAD"", ""QueryType"": ""9999"", ""Agri Specialist"": ""Ponugoti Kavya"", ""latitude"": ""23.7981"", ""longitude"": ""79.5419"", ""cluster"": ""-1"", ""num_questions_in_cluster"": """", ""Date"": ""8-9-2025"", ""Source [Name and Link]"": ""TNAU Agritech Portal :: Crop Protection"", ""SL No."": ""4616""}, ""hash"": ""0d54fc192948ac923675231a24b901942038f1be06dd8b86dfd1757b38c05d4c"", ""class_name"": ""RelatedNodeInfo""}}, ""metadata_template"": ""{key}: {value}"", ""metadata_separator"": ""\n"", ""text"": """", ""mimetype"": ""text/plain"", ""start_char_idx"": 0, ""end_char_idx"": 1140, ""metadata_seperator"": ""\n"", ""text_template"": ""{metadata_str}\n\n{content}"", ""class_name"": ""TextNode""}",TextNode,b3f8045341b101a7acb8eb99,b3f8045341b101a7acb8eb99,b3f8045341b101a7acb8eb99,Madhya Pradesh
97ff7566-4cfc-4d77-9c1c-673dd0c2e3e3,"Question: How can I control nitrogen deficiency in my bajra crop?

Answer: Bajra Napier Hybrid fodder yellowing of lower leaves, weak tillers, slow growth, and poor fodder quality both yield and protein content go down badly. First thing, is to improve soil by adding well-decomposed FYM or compost @ 6 tonnes per acre before sowing. This builds organic matter and holds nitrogen in soil. If possible, do crop rotation with legumes like moong or pea which naturally fix nitrogen. Always get your soil tested so that the right nitrogen dose can be planned. For biological help, use Azotobacter or Azospirillum @ 2–3 kg per acre at sowing or after first cut. These friendly microbes fix nitrogen in the soil and keep roots healthy or you can use Rhizobium inoculants for pulses and legumes at 10 gram per kg pf seeds, this improves biological nitrogen fixation and reduces fertilizer need. For chemical fertilizer, PAU recommends 40–60 kg nitrogen per acre is eual to 87–130 kg urea/acre, apply depending on soil and cut system. You can give this by applying 110–165 kg urea per acre. Always apply in split doses – half dose at sowing and the remaining dose after every cut, so that new growth gets energy quickly. If you get Neem Coated Urea (NCU), use that, because it reduces nitrogen loss and gives steady supply. Also for better observation use modern tools like Leaf Color Chart (LCC) are very helpful. You just match the leaf color, and if it looks pale, it means crop needs nitrogen. This saves fertilizer and improves yield by 10–20%. If available, use controlled-release nitrogen fertilizers also, as they keep nitrogen available for longer time. In fertigation or foliar spray, dissolve the dose in 200–300 liters water per acre for uniform application. Don’t overdose nitrogen apply as excess N makes the crop soft, more prone to pests and diseases, and wastes money. Balanced nitrogen not only increases fodder yield (up to 300+ quintals/acre in monsoon season) but also improves crude protein content for animals, giving better milk yield. By this following easy steps you can get lush green fodder, high yield, and healthy livestock feed.",all,2014,5,21,Pearl Millet Napier hybrid,PATIALA,all,Agriculture,Agriculture,Zaid,,Satarupa Saha,,,-1,,,,2018,"{""id_"": ""97ff7566-4cfc-4d77-9c1c-673dd0c2e3e3"", ""embedding"": null, ""metadata"": {""Category"": """", ""Year"": ""2014"", ""Month"": ""5"", ""Day"": ""21"", ""Crop"": ""BAJRA NAPIER HYBRID"", ""State"": ""PUNJAB"", ""District"": ""PATIALA"", ""BlockName"": """", ""Sector"": ""AGRICULTURE"", ""Sector (A)"": ""AGRICULTURE"", ""Season"": ""JAYAD"", ""QueryType"": """", ""Agri Specialist"": ""Satarupa Saha"", ""latitude"": """", ""longitude"": """", ""cluster"": ""-1"", ""num_questions_in_cluster"": """", ""Date"": """", ""Source [Name and Link]"": """", ""SL No."": ""2018""}, ""excluded_embed_metadata_keys"": [], ""excluded_llm_metadata_keys"": [], ""relationships"": {""1"": {""node_id"": ""0486c535e8bccb8df7e772e7"", ""node_type"": ""4"", ""metadata"": {""Category"": """", ""Year"": ""2014"", ""Month"": ""5"", ""Day"": ""21"", ""Crop"": ""BAJRA NAPIER HYBRID"", ""State"": ""PUNJAB"", ""District"": ""PATIALA"", ""BlockName"": """", ""Sector"": ""AGRICULTURE"", ""Sector (A)"": ""AGRICULTURE"", ""Season"": ""JAYAD"", ""QueryType"": """", ""Agri Specialist"": ""Satarupa Saha"", ""latitude"": """", ""longitude"": """", ""cluster"": ""-1"", ""num_questions_in_cluster"": """", ""Date"": """", ""Source [Name and Link]"": """", ""SL No."": ""2018""}, ""hash"": ""71f5b0acfa97987bf2ef42cc53b4548111e7b058554ea741916d0951e7cff365"", ""class_name"": ""RelatedNodeInfo""}}, ""metadata_template"": ""{key}: {value}"", ""metadata_separator"": ""\n"", ""text"": """", ""mimetype"": ""text/plain"", ""start_char_idx"": 0, ""end_char_idx"": 2151, ""metadata_seperator"": ""\n"", ""text_template"": ""{metadata_str}\n\n{content}"", ""class_name"": ""TextNode""}",TextNode,0486c535e8bccb8df7e772e7,0486c535e8bccb8df7e772e7,0486c535e8bccb8df7e772e7,Punjab
51affde4-089f-4c9d-bb09-3989a579cba8,"Question: How to control Aphids in Cotton?

Answer: In Cotton, aphids cause yellow and curled leaves and excrete honeydew on leaves on which black fungus develops. Petioles, internodes, flowers, buds, mature bolls, and even leaves fall down, and growth of the plant is retarded. Aphid control is most critical during the early to mid-vegetative stage of the crop. Controlling aphids in cotton requires an Integrated Pest Management (IPM) approach that combines cultural, biological, and chemical methods. Remove weeds and plant debris from and around the cotton field, use yellow sticky traps that can monitor and control aphids, and encourage or release ladybird beetles and lacewings. If infestation is severe, spray insecticide such as Imidacloprid 17.8 SL @ 40-60 ml per acre mixed in 200 liters of water or Spiromesifen 22.9 SC @ 200 ml per acre in 200 litres of water or Diafenthiuron 50 WP @ 240 grams per acre in 200 liters of water. Rotate insecticide to ensure better control and long-term effectiveness, and always spray either in the early morning or late evening.",all,2009,6,22,Cotton,Hisar,all,Agriculture,Agriculture,Kharif,3,Salim Sahaji,29.8573,76.4545,1702,47,5-8-2025,https://www.pau.edu/content/ccil/pf/pp_kharif.pdf,24,"{""id_"": ""51affde4-089f-4c9d-bb09-3989a579cba8"", ""embedding"": null, ""metadata"": {""Category"": ""0"", ""Year"": ""2009"", ""Month"": ""6"", ""Day"": ""22"", ""Crop"": ""Cotton"", ""State"": ""Haryana"", ""District"": ""Hissar"", ""BlockName"": """", ""Sector"": ""AGRICULTURE"", ""Sector (A)"": ""AGRICULTURE"", ""Season"": ""Kharif"", ""QueryType"": ""3"", ""Agri Specialist"": ""Salim Sahaji"", ""latitude"": ""29.8573"", ""longitude"": ""76.4545"", ""cluster"": ""1702"", ""num_questions_in_cluster"": ""47"", ""Date"": ""5-8-2025"", ""Source [Name and Link]"": ""https://www.pau.edu/content/ccil/pf/pp_kharif.pdf"", ""SL No."": ""24""}, ""excluded_embed_metadata_keys"": [], ""excluded_llm_metadata_keys"": [], ""relationships"": {""1"": {""node_id"": ""4d0d98f4146dc2d51adfeae3"", ""node_type"": ""4"", ""metadata"": {""Category"": ""0"", ""Year"": ""2009"", ""Month"": ""6"", ""Day"": ""22"", ""Crop"": ""Cotton"", ""State"": ""Haryana"", ""District"": ""Hissar"", ""BlockName"": """", ""Sector"": ""AGRICULTURE"", ""Sector (A)"": ""AGRICULTURE"", ""Season"": ""Kharif"", ""QueryType"": ""3"", ""Agri Specialist"": ""Salim Sahaji"", ""latitude"": ""29.8573"", ""longitude"": ""76.4545"", ""cluster"": ""1702"", ""num_questions_in_cluster"": ""47"", ""Date"": ""5-8-2025"", ""Source [Name and Link]"": ""https://www.pau.edu/content/ccil/pf/pp_kharif.pdf"", ""SL No."": ""24""}, ""hash"": ""1f9e769cf06e573ee5138d334e6717033c250b7a6a19335b1f0a16e63464d185"", ""class_name"": ""RelatedNodeInfo""}}, ""metadata_template"": ""{key}: {value}"", ""metadata_separator"": ""\n"", ""text"": """", ""mimetype"": ""text/plain"", ""start_char_idx"": 0, ""end_char_idx"": 1076, ""metadata_seperator"": ""\n"", ""text_template"": ""{metadata_str}\n\n{content}"", ""class_name"": ""TextNode""}",TextNode,4d0d98f4146dc2d51adfeae3,4d0d98f4146dc2d51adfeae3,4d0d98f4146dc2d51adfeae3,Haryana
2e73e2ca-91fa-4a55-ac3b-55be01edf476,"Question: Can you provide any number related to bee keeping?

Answer: Beekeeping is a very beneficial activity for Punjab farmers as it provides extra income from honey, beeswax, and other products while also improving crop yields through better pollination. Punjab’s climate suits both the Indian bee (Apis cerana indica) and the Italian bee (Apis mellifera). An Apis mellifera hive can produce around 20-25 kg of honey per year, which can bring a good net income depending on market prices and care. Farmers should place bee boxes near flowering crops like mustard, sunflower, berseem, litchi, citrus, and vegetables to get plenty of nectar and pollen. Choose a dry, shady, and wind-protected spot for the hives, away from pesticide spray areas, and provide clean water nearby. Regularly inspect the hives for diseases or pests like wax moth and Varroa mite. Avoid spraying chemicals on crops during flowering, if needed, spray in the evening after bees return to the hives. For learning proper beekeeping techniques, farmers can attend free or subsidized training offered by Punjab Agricultural University (PAU), Ludhiana, or local Krishi Vigyan Kendras (KVKs). Contact PAU’s Department of Entomology at 0161-2401960 (Ext. 341) for training details. With good care and skills, beekeeping can become a steady and rewarding source of income while helping your crops produce better yields.",all,2012,12,19,Honeybee,LUDHIANA,all,Agriculture,Agriculture,Kharif,,Anjali Chauhan,,,-1,,9-8-2025,,1218,"{""id_"": ""2e73e2ca-91fa-4a55-ac3b-55be01edf476"", ""embedding"": null, ""metadata"": {""Category"": """", ""Year"": ""2012"", ""Month"": ""12"", ""Day"": ""19"", ""Crop"": ""Beekeeping"", ""State"": ""PUNJAB"", ""District"": ""LUDHIANA"", ""BlockName"": """", ""Sector"": ""AGRICULTURE"", ""Sector (A)"": ""AGRICULTURE"", ""Season"": ""KHARIF"", ""QueryType"": """", ""Agri Specialist"": ""Anjali Chauhan"", ""latitude"": """", ""longitude"": """", ""cluster"": ""-1"", ""num_questions_in_cluster"": """", ""Date"": ""9-8-2025"", ""Source [Name and Link]"": """", ""SL No."": ""1218""}, ""excluded_embed_metadata_keys"": [], ""excluded_llm_metadata_keys"": [], ""relationships"": {""1"": {""node_id"": ""8adfedd162d8f2255056fea2"", ""node_type"": ""4"", ""metadata"": {""Category"": """", ""Year"": ""2012"", ""Month"": ""12"", ""Day"": ""19"", ""Crop"": ""Beekeeping"", ""State"": ""PUNJAB"", ""District"": ""LUDHIANA"", ""BlockName"": """", ""Sector"": ""AGRICULTURE"", ""Sector (A)"": ""AGRICULTURE"", ""Season"": ""KHARIF"", ""QueryType"": """", ""Agri Specialist"": ""Anjali Chauhan"", ""latitude"": """", ""longitude"": """", ""cluster"": ""-1"", ""num_questions_in_cluster"": """", ""Date"": ""9-8-2025"", ""Source [Name and Link]"": """", ""SL No."": ""1218""}, ""hash"": ""a24040288267e5a4193b909038c594e0b0b6d39708dfc76b1cba5706255bde5d"", ""class_name"": ""RelatedNodeInfo""}}, ""metadata_template"": ""{key}: {value}"", ""metadata_separator"": ""\n"", ""text"": """", ""mimetype"": ""text/plain"", ""start_char_idx"": 0, ""end_char_idx"": 1389, ""metadata_seperator"": ""\n"", ""text_template"": ""{metadata_str}\n\n{content}"", ""class_name"": ""TextNode""}",TextNode,8adfedd162d8f2255056fea2,8adfedd162d8f2255056fea2,8adfedd162d8f2255056fea2,Punjab
03ec3e90-41c0-486b-86f2-ada5e28bc769,"Question: Give Information regarding Pesticides Dealers in zirakpur?

Answer: If you need any kind of advice or help related to farming in Punjab, you can contact the most reliable and accessible contact for you is the nationwide  Kisan Call Centre (KCC) helpline 1800-180-1551 (toll-free) is a dedicated service that operates 7 days a week from 6:00 AM to 10:00 PM, where experts will listen to your problem and provide the right solution. To get a list of all licensed and authorized pesticide dealers in Zirakpur, you should contact the Department of Agriculture and Farmers' Welfare, Punjab. The local officers maintain a complete list of dealers in their jurisdiction. Zirakpur falls under the Derabassi block of the SAS Nagar (Mohali) district. Here are the key contacts: 1. Block Level Contact (For Zirakpur Area): This is your most direct and local contact for a list of dealers specifically in the Zirakpur region. Office: Block Agriculture Officer (BAO), Derabassi. Phone Number: 01762-283120  2. District Level Contact: This is the main district office that oversees all agricultural activities, including the licensing of pesticide dealers. Office: Chief Agricultural Officer (CAO), SAS Nagar (Mohali), Address: District Administrative Complex, Sector 76, SAS Nagar (Mohali), Phone Number: 0172-2219525",all,2014,12,2,all,SAHIBZADA AJIT SINGH NAGAR,all,Agriculture,Agriculture,Rabi,,Souvik Roy,,,-1,,,,2081,"{""id_"": ""03ec3e90-41c0-486b-86f2-ada5e28bc769"", ""embedding"": null, ""metadata"": {""Category"": """", ""Year"": ""2014"", ""Month"": ""12"", ""Day"": ""2"", ""Crop"": ""GENERAL"", ""State"": ""PUNJAB"", ""District"": ""SAHIBZADA AJIT SINGH NAGAR"", ""BlockName"": """", ""Sector"": ""AGRICULTURE"", ""Sector (A)"": ""AGRICULTURE"", ""Season"": ""RABI"", ""QueryType"": """", ""Agri Specialist"": ""Khaja Suhaib Khaja Azharuddin"", ""latitude"": """", ""longitude"": """", ""cluster"": ""-1"", ""num_questions_in_cluster"": """", ""Date"": """", ""Source [Name and Link]"": """", ""SL No."": ""2081""}, ""excluded_embed_metadata_keys"": [], ""excluded_llm_metadata_keys"": [], ""relationships"": {""1"": {""node_id"": ""45adfa40efdb14312d75d8e2"", ""node_type"": ""4"", ""metadata"": {""Category"": """", ""Year"": ""2014"", ""Month"": ""12"", ""Day"": ""2"", ""Crop"": ""GENERAL"", ""State"": ""PUNJAB"", ""District"": ""SAHIBZADA AJIT SINGH NAGAR"", ""BlockName"": """", ""Sector"": ""AGRICULTURE"", ""Sector (A)"": ""AGRICULTURE"", ""Season"": ""RABI"", ""QueryType"": """", ""Agri Specialist"": ""Khaja Suhaib Khaja Azharuddin"", ""latitude"": """", ""longitude"": """", ""cluster"": ""-1"", ""num_questions_in_cluster"": """", ""Date"": """", ""Source [Name and Link]"": """", ""SL No."": ""2081""}, ""hash"": ""c6e52440eedfb649fb3da8b99463a7a547615206b189739f51c2718ac270670c"", ""class_name"": ""RelatedNodeInfo""}}, ""metadata_template"": ""{key}: {value}"", ""metadata_separator"": ""\n"", ""text"": """", ""mimetype"": ""text/plain"", ""start_char_idx"": 0, ""end_char_idx"": 1314, ""metadata_seperator"": ""\n"", ""text_template"": ""{metadata_str}\n\n{content}"", ""class_name"": ""TextNode""}",TextNode,45adfa40efdb14312d75d8e2,45adfa40efdb14312d75d8e2,45adfa40efdb14312d75d8e2,Punjab
1756dee3-19ea-4237-94ef-ee17fa62f4a3,"Question: Give me contact information for getting Talab Yojna in Indoor, Madhya Pradesh?

Answer: ""Balram Talab Yojana"" scheme objective is to conserve rainwater for sustainable agriculture by providing financial assistance for pond construction on farmers' fields. General category farmers can get 40% of the total cost, with a maximum subsidy of ₹80,000. Small and Marginal farmers can get up to 50% of the total cost, with a maximum subsidy of ₹80,000. Scheduled Caste (SC) and Scheduled Tribe (ST) farmers get 75% of the total cost, with a maximum subsidy of ₹1,00,000. Farmers can apply online or offline.  The application is made through the ""e-Krishi Yantra Anudan Portal"" on the official website. Or applications can also be submitted to the Regional Rural Agriculture Extension Officer or the District Agriculture Department. District Agriculture Department, Indore is the primary point of contact for the scheme. You can visit their office for direct assistance.",all,2009,1,30,all,Indore,all,Agriculture,Agriculture,Kharif,9999,Chaitanya Sameera Sandaka,22.7204,75.8682,111,8,25-8-2025,,3036,"{""id_"": ""1756dee3-19ea-4237-94ef-ee17fa62f4a3"", ""embedding"": null, ""metadata"": {""Category"": ""0"", ""Year"": ""2009"", ""Month"": ""1"", ""Day"": ""30"", ""Crop"": ""GEN"", ""State"": ""MADHYA PRADESH"", ""District"": ""INDORE"", ""BlockName"": ""0"", ""Sector"": ""AGRICULTURE"", ""Sector (A)"": ""AGRICULTURE"", ""Season"": ""KHARIF"", ""QueryType"": ""9999"", ""Agri Specialist"": ""Chaitanya Sameera Sandaka"", ""latitude"": ""22.7204"", ""longitude"": ""75.8682"", ""cluster"": ""111"", ""num_questions_in_cluster"": ""8"", ""Date"": ""25-8-2025"", ""Source [Name and Link]"": """", ""SL No."": ""3036""}, ""excluded_embed_metadata_keys"": [], ""excluded_llm_metadata_keys"": [], ""relationships"": {""1"": {""node_id"": ""fe7c8a9883f9cb3535bac4e2"", ""node_type"": ""4"", ""metadata"": {""Category"": ""0"", ""Year"": ""2009"", ""Month"": ""1"", ""Day"": ""30"", ""Crop"": ""GEN"", ""State"": ""MADHYA PRADESH"", ""District"": ""INDORE"", ""BlockName"": ""0"", ""Sector"": ""AGRICULTURE"", ""Sector (A)"": ""AGRICULTURE"", ""Season"": ""KHARIF"", ""QueryType"": ""9999"", ""Agri Specialist"": ""Chaitanya Sameera Sandaka"", ""latitude"": ""22.7204"", ""longitude"": ""75.8682"", ""cluster"": ""111"", ""num_questions_in_cluster"": ""8"", ""Date"": ""25-8-2025"", ""Source [Name and Link]"": """", ""SL No."": ""3036""}, ""hash"": ""dd9fc2dd319caa7d9c9c599db8b8fc094f0a3bc79521ecc75198e8fa21524dcd"", ""class_name"": ""RelatedNodeInfo""}}, ""metadata_template"": ""{key}: {value}"", ""metadata_separator"": ""\n"", ""text"": """", ""mimetype"": ""text/plain"", ""start_char_idx"": 0, ""end_char_idx"": 972, ""metadata_seperator"": ""\n"", ""text_template"": ""{metadata_str}\n\n{content}"", ""class_name"": ""TextNode""}",TextNode,fe7c8a9883f9cb3535bac4e2,fe7c8a9883f9cb3535bac4e2,fe7c8a9883f9cb3535bac4e2,Madhya Pradesh
9d61e200-50a3-4b87-8577-687554849d28,"Question: How much dose is recommended for Monocill for controlling stem borer in paddy?

Answer: The stem borer is one of the most destructive pests of paddy. It is the larva (caterpillar) of a moth. The larva bores into the stem of the paddy plant and feeds on the inner tissues. If the attack occurs during the vegetative stage (before flowering), the central shoot of the plant turns yellow and dies, creating a ""dead heart"" that can be easily pulled out. If the attack occurs during the reproductive stage (after flowering), the panicle (the grain-bearing part) turns white and chaffy, containing no grain. This is called a ""white earhead. The use of Monocrotophos for paddy or vegetables is banned by the government of India due to its extremely high toxicity to humans, birds, and the environment. Therefore, you should NOT use Monosil or any other brand of Monocrotophos on your paddy crop. Here are some alternates you can use: Chlorantraniliprole 18.5% SC @ 80ml per acre in 120-200 litres of water, or Fipronil @ 200-300 ml per acre, or Flubendiamide 20% WG @ 50 g per acre, or Cartap Hydrochloride 50% SP @ 400g per acre in 200 liters of water. Always spray in the morning or evening to avoid evaporation and better results. Rotate Insecticides to prevent the development of resistance. Use appropriate safety gear such as a mask, gloves, goggles, full sleeve shirts, and boots. Always follow the PHI, that is, 10-15 days.",all,2012,7,13,Paddy,MUKTSAR,all,Agriculture,Agriculture,Kharif,,Souvik Roy,,,-1,,12-8-2025,https://www.pau.edu/ https://agri.punjab.gov.in/ http://ppqs.gov.in/,1434,"{""id_"": ""9d61e200-50a3-4b87-8577-687554849d28"", ""embedding"": null, ""metadata"": {""Category"": """", ""Year"": ""2012"", ""Month"": ""7"", ""Day"": ""13"", ""Crop"": ""Paddy"", ""State"": ""PUNJAB"", ""District"": ""MUKTSAR"", ""BlockName"": """", ""Sector"": ""AGRICULTURE"", ""Sector (A)"": ""AGRICULTURE"", ""Season"": ""Kharif"", ""QueryType"": """", ""Agri Specialist"": ""Khaja Suhaib Khaja Azharuddin"", ""latitude"": """", ""longitude"": """", ""cluster"": ""-1"", ""num_questions_in_cluster"": """", ""Date"": ""12-8-2025"", ""Source [Name and Link]"": ""https://www.pau.edu/ https://agri.punjab.gov.in/ http://ppqs.gov.in/"", ""SL No."": ""1434""}, ""excluded_embed_metadata_keys"": [], ""excluded_llm_metadata_keys"": [], ""relationships"": {""1"": {""node_id"": ""f666a27ab4670359d6454f92"", ""node_type"": ""4"", ""metadata"": {""Category"": """", ""Year"": ""2012"", ""Month"": ""7"", ""Day"": ""13"", ""Crop"": ""Paddy"", ""State"": ""PUNJAB"", ""District"": ""MUKTSAR"", ""BlockName"": """", ""Sector"": ""AGRICULTURE"", ""Sector (A)"": ""AGRICULTURE"", ""Season"": ""Kharif"", ""QueryType"": """", ""Agri Specialist"": ""Khaja Suhaib Khaja Azharuddin"", ""latitude"": """", ""longitude"": """", ""cluster"": ""-1"", ""num_questions_in_cluster"": """", ""Date"": ""12-8-2025"", ""Source [Name and Link]"": ""https://www.pau.edu/ https://agri.punjab.gov.in/ http://ppqs.gov.in/"", ""SL No."": ""1434""}, ""hash"": ""32a854dc8bf57bcf7fd0f60672ea33c03ffba25463ca00251181c6c93f68fb24"", ""class_name"": ""RelatedNodeInfo""}}, ""metadata_template"": ""{key}: {value}"", ""metadata_separator"": ""\n"", ""text"": """", ""mimetype"": ""text/plain"", ""start_char_idx"": 0, ""end_char_idx"": 1434, ""metadata_seperator"": ""\n"", ""text_template"": ""{metadata_str}\n\n{content}"", ""class_name"": ""TextNode""}",TextNode,f666a27ab4670359d6454f92,f666a27ab4670359d6454f92,f666a27ab4670359d6454f92,Punjab
8a4a5356-986b-4993-af22-dab12a4bbcfb,"Question: How can I know the stocking density of a pond?

Answer: Stocking density in pond fish culture in Arunachal Pradesh is a crucial factor for a successful and profitable harvest. It directly impacts fish growth, health, and the overall productivity of the pond ecosystem. The optimal stocking density is not a single number; it depends on the type of fish being cultured, the management practices, and the agro-climatic zone of the state. The Department of Fisheries, Government of Arunachal Pradesh, provides specific guidelines for farmers to follow, often as part of government schemes like the 'Atma Nirbhar Matsya Palan Yojana'. In Arunachal Pradesh, composite fish culture, which involves culturing a combination of fish species with different feeding habits, is the recommended practice. The stocking density is directly linked to the intensity of pond management. Arunachal Pradesh has distinct zones, and the recommended stocking density varies accordingly. Based on guidelines from the Department of Fisheries and other research organizations, a general stocking density for semi-intensive composite fish culture in Arunachal Pradesh is as follows: A common recommendation is 5,000 to 10,000 fingerlings per hectare (10,000 square meters) (2,000-4,000 fingerlings per acre).  The ratio of different species is critical for balanced growth. A common ratio might be: Surface feeders (Catla, Silver Carp): 40%, Column feeders (Rohu): 30%, Bottom feeders (Mrigal, Common Carp): 30%. In systems like paddy-cum-fish culture, the stocking density is generally lower, around 6,000-8,000 fingerlings per hectare, as the fish have less space and feed on a different natural food base. In pig-cum-fish or duck-cum-fish culture, the stocking density can be higher (up to 8,500 fingerlings/ha) as the livestock waste acts as a natural fertilizer and feed, reducing the need for other inputs. It is recommended to stock healthy, uniformly sized fingerlings (about 100 mm in size) to ensure a high survival rate and uniform growth. The pond should be properly prepared before stocking, including clearing predatory fish, liming to adjust pH, and manuring to develop a natural food base. Regular monitoring of water quality parameters like pH, dissolved oxygen, and temperature is essential. High stocking densities can lead to rapid deterioration of water quality, which can be fatal to the fish. The best advice will come from a local Fishery Extension Officer or a representative from the KVK (Krishi Vigyan Kendra). They have specific knowledge of the local conditions and can help a farmer determine the perfect stocking density for their individual pond.",all,2015,11,28,Fishery,WEST SIANG,all,Fishery,FIshery,all,,Souvik Roy,,,-1,,20-8-2025,https://fisheries.arunachal.gov.in/ https://www.dcfr.res.in/ https://nfdb.gov.in/,875,"{""id_"": ""8a4a5356-986b-4993-af22-dab12a4bbcfb"", ""embedding"": null, ""metadata"": {""Category"": """", ""Year"": ""2015"", ""Month"": ""11"", ""Day"": ""28"", ""Crop"": ""Fish"", ""State"": ""ARUNACHAL PRADESH"", ""District"": ""WEST SIANG"", ""BlockName"": """", ""Sector"": ""FISHERIES"", ""Sector (A)"": ""FISHERY"", ""Season"": """", ""QueryType"": """", ""Agri Specialist"": ""Khaja Suhaib Khaja Azharuddin"", ""latitude"": """", ""longitude"": """", ""cluster"": ""-1"", ""num_questions_in_cluster"": """", ""Date"": ""20-8-2025"", ""Source [Name and Link]"": ""https://fisheries.arunachal.gov.in/ https://www.dcfr.res.in/ https://nfdb.gov.in/"", ""SL No."": ""875""}, ""excluded_embed_metadata_keys"": [], ""excluded_llm_metadata_keys"": [], ""relationships"": {""1"": {""node_id"": ""bbfe2c479ed07139c8013e8b"", ""node_type"": ""4"", ""metadata"": {""Category"": """", ""Year"": ""2015"", ""Month"": ""11"", ""Day"": ""28"", ""Crop"": ""Fish"", ""State"": ""ARUNACHAL PRADESH"", ""District"": ""WEST SIANG"", ""BlockName"": """", ""Sector"": ""FISHERIES"", ""Sector (A)"": ""FISHERY"", ""Season"": """", ""QueryType"": """", ""Agri Specialist"": ""Khaja Suhaib Khaja Azharuddin"", ""latitude"": """", ""longitude"": """", ""cluster"": ""-1"", ""num_questions_in_cluster"": """", ""Date"": ""20-8-2025"", ""Source [Name and Link]"": ""https://fisheries.arunachal.gov.in/ https://www.dcfr.res.in/ https://nfdb.gov.in/"", ""SL No."": ""875""}, ""hash"": ""b8761acfb296d1f79a1ae2a7bf4d14273db68720736ee22d50103f80ec110f6e"", ""class_name"": ""RelatedNodeInfo""}}, ""metadata_template"": ""{key}: {value}"", ""metadata_separator"": ""\n"", ""text"": """", ""mimetype"": ""text/plain"", ""start_char_idx"": 0, ""end_char_idx"": 2661, ""metadata_seperator"": ""\n"", ""text_template"": ""{metadata_str}\n\n{content}"", ""class_name"": ""TextNode""}",TextNode,bbfe2c479ed07139c8013e8b,bbfe2c479ed07139c8013e8b,bbfe2c479ed07139c8013e8b,Arunachal Pradesh
d590ba87-931b-4eb8-b9a8-0fcaa6130b8a,"Question: Information regarding grafting of Ber?

Answer: Ber (Ziziphus mauritiana) is a subtropical fruit crop grown mainly as a rainy season (monsoon) to winter crop. Ber propagation This method recommended is shield or T-budding, which is widely used due to its simplicity and high success rate in Ber. Propagate using T-budding on healthy rootstocks raised from seeds. Budwood (scion) should include well-developed, mature buds, not too young or old. Ideal timing for budding: May–June—when bark slips easily, indicating active growth. Post-budding, use polythene tape for tight fastening along with grafting wax to seal and prevent drying. Maintain high humidity around the graft union to promote healing and bud take. Graft take in ~7 days; assess success in ~45 days.",all,2013,1,2,Ber,SANGRUR,all,Horticulture,Horticulture,Kharif,,Gonnabathula Girishma,,,-1,,13-8-2025,https://pmc.ncbi.nlm.nih.gov/articles/PMC5427113/,1713,"{""id_"": ""d590ba87-931b-4eb8-b9a8-0fcaa6130b8a"", ""embedding"": null, ""metadata"": {""Category"": """", ""Year"": ""2013"", ""Month"": ""1"", ""Day"": ""2"", ""Crop"": ""Ber"", ""State"": ""PUNJAB"", ""District"": ""SANGRUR"", ""BlockName"": """", ""Sector"": ""HORTICULTURE"", ""Sector (A)"": ""HORTICULTURE"", ""Season"": ""KHARIF"", ""QueryType"": """", ""Agri Specialist"": ""Gonnabathula Girishma"", ""latitude"": """", ""longitude"": """", ""cluster"": ""-1"", ""num_questions_in_cluster"": """", ""Date"": ""13-8-2025"", ""Source [Name and Link]"": ""https://pmc.ncbi.nlm.nih.gov/articles/PMC5427113/"", ""SL No."": ""1713""}, ""excluded_embed_metadata_keys"": [], ""excluded_llm_metadata_keys"": [], ""relationships"": {""1"": {""node_id"": ""5ef48a416fd70697981bd8b1"", ""node_type"": ""4"", ""metadata"": {""Category"": """", ""Year"": ""2013"", ""Month"": ""1"", ""Day"": ""2"", ""Crop"": ""Ber"", ""State"": ""PUNJAB"", ""District"": ""SANGRUR"", ""BlockName"": """", ""Sector"": ""HORTICULTURE"", ""Sector (A)"": ""HORTICULTURE"", ""Season"": ""KHARIF"", ""QueryType"": """", ""Agri Specialist"": ""Gonnabathula Girishma"", ""latitude"": """", ""longitude"": """", ""cluster"": ""-1"", ""num_questions_in_cluster"": """", ""Date"": ""13-8-2025"", ""Source [Name and Link]"": ""https://pmc.ncbi.nlm.nih.gov/articles/PMC5427113/"", ""SL No."": ""1713""}, ""hash"": ""6f60bad533cad997781ab270bc70275145f01ea215f2851bd2f25271c99f3bcb"", ""class_name"": ""RelatedNodeInfo""}}, ""metadata_template"": ""{key}: {value}"", ""metadata_separator"": ""\n"", ""text"": """", ""mimetype"": ""text/plain"", ""start_char_idx"": 0, ""end_char_idx"": 774, ""metadata_seperator"": ""\n"", ""text_template"": ""{metadata_str}\n\n{content}"", ""class_name"": ""TextNode""}",TextNode,5ef48a416fd70697981bd8b1,5ef48a416fd70697981bd8b1,5ef48a416fd70697981bd8b1,Punjab
2dbab034-3ad9-4e4e-8108-aff1081434d2,"Question: What is the sowing time of crops in Kharif season?

Answer: The sowing time for Kharif crops generally begins with the onset of the southwest monsoon, typically between June 15 and July 15. Timely sowing is crucial as it ensures proper crop establishment and higher yields. Major Kharif crops like soybean, maize, paddy, urad, moong, and pigeon pea (arhar) are commonly sown during this period. For example, soybean is ideally sown between June 15 and July 10, paddy nurseries are raised from June 10 to 25, with transplanting done between July 5 and 20. Maize and pulses are sown in a similar window, depending on local rainfall and soil moisture. Crops like groundnut and cotton may be sown earlier in irrigated areas. The exact sowing dates may vary slightly across different agro-climatic zones of MP, but aligning with the monsoon remains the key.",Others,2020,1,7,Others,Betul,Betul,Agriculture,Agriculture,all,Sowing Time and Weather,Ponugoti Kavya,21.8797,77.8754,1003,5,2-9-2025,"Department of Farmer Welfare and Agriculture Development, Madhya Pradesh, INDIA",3892,"{""id_"": ""2dbab034-3ad9-4e4e-8108-aff1081434d2"", ""embedding"": null, ""metadata"": {""Category"": ""Others"", ""Year"": ""2020"", ""Month"": ""1"", ""Day"": ""7"", ""Crop"": ""Others"", ""State"": ""MADHYA PRADESH"", ""District"": ""BETUL"", ""BlockName"": ""BETUL"", ""Sector"": ""AGRICULTURE"", ""Sector (A)"": ""AGRICULTURE"", ""Season"": """", ""QueryType"": ""Sowing Time and Weather"", ""Agri Specialist"": ""Ponugoti Kavya"", ""latitude"": ""21.8797"", ""longitude"": ""77.8754"", ""cluster"": ""1003"", ""num_questions_in_cluster"": ""5"", ""Date"": ""2-9-2025"", ""Source [Name and Link]"": ""Department of Farmer Welfare and Agriculture Development, Madhya Pradesh, INDIA"", ""SL No."": ""3892""}, ""excluded_embed_metadata_keys"": [], ""excluded_llm_metadata_keys"": [], ""relationships"": {""1"": {""node_id"": ""0ca91a7ac64a1df63334fe7b"", ""node_type"": ""4"", ""metadata"": {""Category"": ""Others"", ""Year"": ""2020"", ""Month"": ""1"", ""Day"": ""7"", ""Crop"": ""Others"", ""State"": ""MADHYA PRADESH"", ""District"": ""BETUL"", ""BlockName"": ""BETUL"", ""Sector"": ""AGRICULTURE"", ""Sector (A)"": ""AGRICULTURE"", ""Season"": """", ""QueryType"": ""Sowing Time and Weather"", ""Agri Specialist"": ""Ponugoti Kavya"", ""latitude"": ""21.8797"", ""longitude"": ""77.8754"", ""cluster"": ""1003"", ""num_questions_in_cluster"": ""5"", ""Date"": ""2-9-2025"", ""Source [Name and Link]"": ""Department of Farmer Welfare and Agriculture Development, Madhya Pradesh, INDIA"", ""SL No."": ""3892""}, ""hash"": ""1eae5531b8004c16ecd1fae1bc17395a7cd72f16d30f03822132d5413d327dc8"", ""class_name"": ""RelatedNodeInfo""}}, ""metadata_template"": ""{key}: {value}"", ""metadata_separator"": ""\n"", ""text"": """", ""mimetype"": ""text/plain"", ""start_char_idx"": 0, ""end_char_idx"": 862, ""metadata_seperator"": ""\n"", ""text_template"": ""{metadata_str}\n\n{content}"", ""class_name"": ""TextNode""}",TextNode,0ca91a7ac64a1df63334fe7b,0ca91a7ac64a1df63334fe7b,0ca91a7ac64a1df63334fe7b,Madhya Pradesh
f333f020-bfad-4f2b-b574-af8f67a72ceb,"Question: How to control wrinkle grass in paddy?

Answer: Wrinkle Grass (Sacciolepis indica), a common grassy weed in Punjab's paddy fields, requires timely action. Use proper level land, clean irrigation, early planting,  use proper spacing. If the infestation is in small, manageable patches, manually pull out the weeds before they flower and set seed. This prevents them from spreading next year. Use pre-emergence herbicides such as  Butachlor 50% EC @ 1 l/acre, or Pendimethalin 30% EC @ 1 litre/acre. Use post-emergence Spray of Bispyribac-sodium 10% SC @ 100 ml per acre. Fenoxaprop-p-ethyl 6.9% EC @ 250 ml per acre. Always spray in the morning or evening to avoid evaporation and better results.Use appropriate safety gear such as a mask, gloves, goggles, full sleeve shirts, and boots. Pre-Harvest Interval (PHI) for the post-emergence herbicides is 70-78 days.",all,2013,6,7,Paddy,LUDHIANA,all,Agriculture,Agriculture,Kharif,,Souvik Roy,,,-1,,,,1557,"{""id_"": ""f333f020-bfad-4f2b-b574-af8f67a72ceb"", ""embedding"": null, ""metadata"": {""Category"": """", ""Year"": ""2013"", ""Month"": ""6"", ""Day"": ""7"", ""Crop"": ""Paddy"", ""State"": ""PUNJAB"", ""District"": ""LUDHIANA"", ""BlockName"": """", ""Sector"": ""AGRICULTURE"", ""Sector (A)"": ""AGRICULTURE"", ""Season"": ""Kharif"", ""QueryType"": """", ""Agri Specialist"": ""Khaja Suhaib Khaja Azharuddin"", ""latitude"": """", ""longitude"": """", ""cluster"": ""-1"", ""num_questions_in_cluster"": """", ""Date"": """", ""Source [Name and Link]"": """", ""SL No."": ""1557""}, ""excluded_embed_metadata_keys"": [], ""excluded_llm_metadata_keys"": [], ""relationships"": {""1"": {""node_id"": ""ea9568a272ff885459cbf1ec"", ""node_type"": ""4"", ""metadata"": {""Category"": """", ""Year"": ""2013"", ""Month"": ""6"", ""Day"": ""7"", ""Crop"": ""Paddy"", ""State"": ""PUNJAB"", ""District"": ""LUDHIANA"", ""BlockName"": """", ""Sector"": ""AGRICULTURE"", ""Sector (A)"": ""AGRICULTURE"", ""Season"": ""Kharif"", ""QueryType"": """", ""Agri Specialist"": ""Khaja Suhaib Khaja Azharuddin"", ""latitude"": """", ""longitude"": """", ""cluster"": ""-1"", ""num_questions_in_cluster"": """", ""Date"": """", ""Source [Name and Link]"": """", ""SL No."": ""1557""}, ""hash"": ""38240c27c1934c508a9b2aa69171ee2a6d36b5fff33bd7baf171062e7442d7b2"", ""class_name"": ""RelatedNodeInfo""}}, ""metadata_template"": ""{key}: {value}"", ""metadata_separator"": ""\n"", ""text"": """", ""mimetype"": ""text/plain"", ""start_char_idx"": 0, ""end_char_idx"": 872, ""metadata_seperator"": ""\n"", ""text_template"": ""{metadata_str}\n\n{content}"", ""class_name"": ""TextNode""}",TextNode,ea9568a272ff885459cbf1ec,ea9568a272ff885459cbf1ec,ea9568a272ff885459cbf1ec,Punjab
9c9b396c-1e7e-412c-b50d-0dd01a3eda48,"Question: Where can I check the daily mandi rates of Rabi crops like Wheat (Gehu) and Mustard (Sarson), and whom should I contact for confirmation or official help?

Answer: For daily mandi rates of Rabi crops like Wheat (Gehu) and Mustard (Sarson), the best contact information is the official government system, as prices change every day. You can check live rates yourself on the official website: hsamb.gov.in. For direct verbal confirmation, you can call the nationwide Kisan Call Centre toll-free number, 1800-180-1551, and ask for the rates in your specific mandi. Additionally, for any official work or disputes, you can always visit the Market Committee office, which is located inside your main local Anaj Mandi.",Fiber Crops,2016,10,22,all,Bhiwani,Bawani Khera,Agriculture,Agriculture,Rabi,Market Information,Rounaq Ansari,28.7932,76.1391,786,7,4-8-2025,"Mandi Rate Informationhttps://hsamb.org.in
https://icar.org.in/node/2765
https://hsamb.org.in/market-committees-with-phone-numbers
https://www.dackkms.gov.in/Account/aboutus.aspx",156,"{""id_"": ""9c9b396c-1e7e-412c-b50d-0dd01a3eda48"", ""embedding"": null, ""metadata"": {""Category"": ""Fiber Crops"", ""Year"": ""2016"", ""Month"": ""10"", ""Day"": ""22"", ""Crop"": ""GEN"", ""State"": ""Haryana"", ""District"": ""Bhiwani"", ""BlockName"": ""Bawani Khera"", ""Sector"": ""AGRICULTURE"", ""Sector (A)"": ""AGRICULTURE"", ""Season"": ""Rabi"", ""QueryType"": ""Market Information"", ""Agri Specialist"": ""Rounaq Ansari"", ""latitude"": ""28.7932"", ""longitude"": ""76.1391"", ""cluster"": ""786"", ""num_questions_in_cluster"": ""7"", ""Date"": ""4-8-2025"", ""Source [Name and Link]"": ""Mandi Rate Informationhttps://hsamb.org.in\nhttps://icar.org.in/node/2765\nhttps://hsamb.org.in/market-committees-with-phone-numbers\nhttps://www.dackkms.gov.in/Account/aboutus.aspx"", ""SL No."": ""156""}, ""excluded_embed_metadata_keys"": [], ""excluded_llm_metadata_keys"": [], ""relationships"": {""1"": {""node_id"": ""17b600bf80e2772a68591254"", ""node_type"": ""4"", ""metadata"": {""Category"": ""Fiber Crops"", ""Year"": ""2016"", ""Month"": ""10"", ""Day"": ""22"", ""Crop"": ""GEN"", ""State"": ""Haryana"", ""District"": ""Bhiwani"", ""BlockName"": ""Bawani Khera"", ""Sector"": ""AGRICULTURE"", ""Sector (A)"": ""AGRICULTURE"", ""Season"": ""Rabi"", ""QueryType"": ""Market Information"", ""Agri Specialist"": ""Rounaq Ansari"", ""latitude"": ""28.7932"", ""longitude"": ""76.1391"", ""cluster"": ""786"", ""num_questions_in_cluster"": ""7"", ""Date"": ""4-8-2025"", ""Source [Name and Link]"": ""Mandi Rate Informationhttps://hsamb.org.in\nhttps://icar.org.in/node/2765\nhttps://hsamb.org.in/market-committees-with-phone-numbers\nhttps://www.dackkms.gov.in/Account/aboutus.aspx"", ""SL No."": ""156""}, ""hash"": ""0c9b9e10db9b7ea6964b2b856f88d2a90a5a45366262192a7b2a467c882ca8de"", ""class_name"": ""RelatedNodeInfo""}}, ""metadata_template"": ""{key}: {value}"", ""metadata_separator"": ""\n"", ""text"": """", ""mimetype"": ""text/plain"", ""start_char_idx"": 0, ""end_char_idx"": 722, ""metadata_seperator"": ""\n"", ""text_template"": ""{metadata_str}\n\n{content}"", ""class_name"": ""TextNode""}",TextNode,17b600bf80e2772a68591254,17b600bf80e2772a68591254,17b600bf80e2772a68591254,Haryana
dce7410a-802c-4db8-a51b-8f32b2a4c26e,"Question: Give information regarding government schemes?

Answer: The Government of India and the Government of Madhya Pradesh offer a wide range of schemes to support farmers through subsidies on inputs, insurance, and income support. These schemes are designed to reduce the cost of cultivation, mitigate risk, and enhance farmers' income. The eligibility and benefits often depend on landholding records, crop registration, and adherence to application deadlines. One of the most significant central schemes is the Pradhan Mantri Kisan Samman Nidhi (PM-KISAN). This scheme provides direct income support to all landholding farmer families. The financial benefit is Rs.6,000/year, payable in three equal installments of Rs. 2,000 every four months. The amount is transferred directly into the bank accounts of the beneficiaries. The main eligibility criteria is that the farmer family must own cultivable land. There are exclusion criteria for certain categories like institutional landholders and individuals holding constitutional posts. For crop insurance, the Pradhan Mantri Fasal Bima Yojana (PMFBY) is the flagship scheme. It provides comprehensive risk coverage against natural calamities,pests, and diseases. The premium rates are heavily subsidized for farmers. For Kharif crops,the premium is only 2 percent of the sum insured or the actuarial rate, whichever is less. For Rabi crops,the premium is 1.5%. For annual commercial and horticultural crops,the premium is 5%. The remaining premium is shared by the central and state governments. The state government of Madhya Pradesh also runs several important schemes. The Mukhyamantri Kisan Kalyan Yojana often works in tandem with the PM-KISAN. It provides additional financial assistance to farmers in the state. The specific amount and criteria are announced by the state government from time to time. For irrigation and water conservation, the Pradhan Mantri Krishi Sinchay Yojana (PMKSY) offers subsidies. It focuses on expanding irrigation coverage and improving water use efficiency. A key component is'Per Drop More Crop,' which provides subsidies for drip and sprinkler irrigation systems. The subsidy amount is typically a percentage of the total cost,varying for different categories of farmers and regions. The government also provides subsidies for agricultural machinery and equipment through various schemes. These subsidies are often provided under the Sub-Mission on Agricultural Mechanization(SMAM). For application process you have to do Registration on (dbt.mpedge.org) after that provide all necessary documents like adhar card, pan card, bank passbook etc. when all the process will complete then the amount will be credited in your bank account directly. The subsidy amount is a percentage of the cost of equipment like tractors,harvesters, and power tillers. It is higher for small and marginal farmers compared to other farmers. For the most accurate and detailed information, it is essential to consult official government sources.",Others,2018,11,11,all,SAGAR,Khurai,Agriculture,Agriculture,all,Weather,Tejas R. Dange,23.8083,78.7583,789,25,,"https://agricoop.nic.in/en/agri-policies-schemes
https://mpkrishi.mp.gov.in/
https://pmkisan.gov.in/",3702,"{""id_"": ""dce7410a-802c-4db8-a51b-8f32b2a4c26e"", ""embedding"": null, ""metadata"": {""Category"": ""Others"", ""Year"": ""2018"", ""Month"": ""11"", ""Day"": ""11"", ""Crop"": ""GEN"", ""State"": ""MADHYA PRADESH"", ""District"": ""SAGAR"", ""BlockName"": ""KHURAI"", ""Sector"": ""AGRICULTURE"", ""Sector (A)"": ""AGRICULTURE"", ""Season"": """", ""QueryType"": ""Weather"", ""Agri Specialist"": ""Tejas R. Dange"", ""latitude"": ""23.8083"", ""longitude"": ""78.7583"", ""cluster"": ""789"", ""num_questions_in_cluster"": ""25"", ""Date"": """", ""Source [Name and Link]"": ""https://agricoop.nic.in/en/agri-policies-schemes\nhttps://mpkrishi.mp.gov.in/\nhttps://pmkisan.gov.in/"", ""SL No."": ""3702""}, ""excluded_embed_metadata_keys"": [], ""excluded_llm_metadata_keys"": [], ""relationships"": {""1"": {""node_id"": ""8064e2e896eb0eed6f42e902"", ""node_type"": ""4"", ""metadata"": {""Category"": ""Others"", ""Year"": ""2018"", ""Month"": ""11"", ""Day"": ""11"", ""Crop"": ""GEN"", ""State"": ""MADHYA PRADESH"", ""District"": ""SAGAR"", ""BlockName"": ""KHURAI"", ""Sector"": ""AGRICULTURE"", ""Sector (A)"": ""AGRICULTURE"", ""Season"": """", ""QueryType"": ""Weather"", ""Agri Specialist"": ""Tejas R. Dange"", ""latitude"": ""23.8083"", ""longitude"": ""78.7583"", ""cluster"": ""789"", ""num_questions_in_cluster"": ""25"", ""Date"": """", ""Source [Name and Link]"": ""https://agricoop.nic.in/en/agri-policies-schemes\nhttps://mpkrishi.mp.gov.in/\nhttps://pmkisan.gov.in/"", ""SL No."": ""3702""}, ""hash"": ""d8927349d3086c074b30050650815a31a139908aef885738baa5998b2c2e4b09"", ""class_name"": ""RelatedNodeInfo""}}, ""metadata_template"": ""{key}: {value}"", ""metadata_separator"": ""\n"", ""text"": """", ""mimetype"": ""text/plain"", ""start_char_idx"": 0, ""end_char_idx"": 3017, ""metadata_seperator"": ""\n"", ""text_template"": ""{metadata_str}\n\n{content}"", ""class_name"": ""TextNode""}",TextNode,8064e2e896eb0eed6f42e902,8064e2e896eb0eed6f42e902,8064e2e896eb0eed6f42e902,Madhya Pradesh
7481aad4-1d8c-48b9-b571-3517dce266ed,"Question: Information regarding subsidy on tubular structure polyhouse

Answer: The Government offers subsidies for polyhouse and greenhouse cultivation under various agricultural schemes to promote protected farming. For tubular structure polyhouse, you can avail financial assistance through the National Horticulture Mission (NHM) and state agricultural schemes.
Under the current subsidy structure, small and marginal farmers receive a 50% subsidy on tubular polyhouse construction, while other farmers get 35% assistance. The maximum permissible limit for subsidy is Rs. 56,000 per 500 sq. m (20 m x 25 m unit) for naturally ventilated tubular polyhouse.
The tubular structure must meet specific technical specifications to qualify for subsidy. It should have galvanized iron (GI) pipes of minimum 1.5-inch diameter for the frame, with UV-stabilized polyethylene film covering of 200-micron thickness. The structure should include proper ventilation and irrigation systems.
Farmers need to submit their application through the District Horticulture Officer along with required documents, including land records, Aadhaar card, and bank details. The application process involves technical verification by horticulture department officials before approval.
The subsidy amount is released in installments—50% after structure erection and the remaining 50% after completion and verification. The total project cost includes structure, cladding material, irrigation system, and other essential components.
For larger commercial greenhouse projects (above 1000 sq. m), additional subsidies may be available under the MIDH (Mission for Integrated Development of Horticulture) scheme. These projects require detailed project reports and technical approvals.
The Punjab Agro Industries Corporation also provides assistance and guidance for polyhouse construction. They help farmers with technical specifications, vendor selection, and subsidy documentation.
It's important to note that subsidy rates and schemes may change annually based on government policies. Farmers should check with the nearest District Horticulture Office or Punjab Agricultural University for the most current information before planning their polyhouse project. Interested farmers should visit the official website of the Punjab Horticulture Department or contact their local Krishi Vigyan Kendra for updated scheme details, application forms, and implementation guidelines specific to their region. Proper documentation and timely application submission are crucial for availing these benefits.",all,2015,1,21,all,Faridkot,all,Agriculture,Agriculture,Rabi,,Tejas R. Dange,,,-1,,18-8-2025,"https://midh.gov.in
https://nhm.nic.in
https://www.punjabagriculture.gov.in/polyhouse-subsidy
https://agri.punjab.gov.in/protected-cultivation",2239,"{""id_"": ""7481aad4-1d8c-48b9-b571-3517dce266ed"", ""embedding"": null, ""metadata"": {""Category"": """", ""Year"": ""2015"", ""Month"": ""1"", ""Day"": ""21"", ""Crop"": ""GEN"", ""State"": ""PUNJAB"", ""District"": ""FARIDKOT"", ""BlockName"": """", ""Sector"": ""AGRICULTURE"", ""Sector (A)"": ""AGRICULTURE"", ""Season"": ""RABI"", ""QueryType"": """", ""Agri Specialist"": ""Tejas R. Dange"", ""latitude"": """", ""longitude"": """", ""cluster"": ""-1"", ""num_questions_in_cluster"": """", ""Date"": ""18-8-2025"", ""Source [Name and Link]"": ""https://midh.gov.in\nhttps://nhm.nic.in\nhttps://www.punjabagriculture.gov.in/polyhouse-subsidy\nhttps://agri.punjab.gov.in/protected-cultivation"", ""SL No."": ""2239""}, ""excluded_embed_metadata_keys"": [], ""excluded_llm_metadata_keys"": [], ""relationships"": {""1"": {""node_id"": ""5a2c8e6a9e32966dede26b5f"", ""node_type"": ""4"", ""metadata"": {""Category"": """", ""Year"": ""2015"", ""Month"": ""1"", ""Day"": ""21"", ""Crop"": ""GEN"", ""State"": ""PUNJAB"", ""District"": ""FARIDKOT"", ""BlockName"": """", ""Sector"": ""AGRICULTURE"", ""Sector (A)"": ""AGRICULTURE"", ""Season"": ""RABI"", ""QueryType"": """", ""Agri Specialist"": ""Tejas R. Dange"", ""latitude"": """", ""longitude"": """", ""cluster"": ""-1"", ""num_questions_in_cluster"": """", ""Date"": ""18-8-2025"", ""Source [Name and Link]"": ""https://midh.gov.in\nhttps://nhm.nic.in\nhttps://www.punjabagriculture.gov.in/polyhouse-subsidy\nhttps://agri.punjab.gov.in/protected-cultivation"", ""SL No."": ""2239""}, ""hash"": ""308be3e88d1503b7852b3c093cba04fa21540c2a21e41c2be3c18e8cfaf29624"", ""class_name"": ""RelatedNodeInfo""}}, ""metadata_template"": ""{key}: {value}"", ""metadata_separator"": ""\n"", ""text"": """", ""mimetype"": ""text/plain"", ""start_char_idx"": 0, ""end_char_idx"": 2565, ""metadata_seperator"": ""\n"", ""text_template"": ""{metadata_str}\n\n{content}"", ""class_name"": ""TextNode""}",TextNode,5a2c8e6a9e32966dede26b5f,5a2c8e6a9e32966dede26b5f,5a2c8e6a9e32966dede26b5f,Punjab
ea347175-0709-46f8-bdfa-22c527be6ac6,"Question: Which improved varieties of Cowpea(Lobia) are suitable?

Answer: Some varieties of Lobia crop are Pant Lobia 1, which is an early maturing variety with a seed rate of 10Kg for an acre and has a yield potential of 8-10 quintals/acre. Another variety is Kashi Kanchan with a high pod count and a seed rate of 8-12 kg/acre, and the yield potential is 13-14 quintals of seed per acre. 

Some of the improved varieties are HC 98-64, which is early maturing and drought-tolerant in nature. The yield is 12-15 quintals/acre of grains. Another variety is HC 5, disease-resistant in nature, and has a yield potential of 10-12 quintals per acre. Both varieties have a seed rate of 8-10Kg/acre.",Fodder Crops,2016,3,26,Cowpea,Mahendra Garh,Kanina,Horticulture,Horticulture,Kharif,Varieties,Adheena Victor,29,76,77,7,6-8-2025,https://www.dpd.gov.in/Ready%20Reckoner%20Pulses%202020%20%28English%29.pdf,166,"{""id_"": ""ea347175-0709-46f8-bdfa-22c527be6ac6"", ""embedding"": null, ""metadata"": {""Category"": ""Fodder Crops"", ""Year"": ""2016"", ""Month"": ""3"", ""Day"": ""26"", ""Crop"": ""Cowpea(Lobia)"", ""State"": ""Haryana"", ""District"": ""Mahendra Garh"", ""BlockName"": ""Kanina"", ""Sector"": ""HORTICULTURE"", ""Sector (A)"": ""HORTICULTURE"", ""Season"": ""Kharif"", ""QueryType"": ""Varieties"", ""Agri Specialist"": ""Adheena Victor"", ""latitude"": ""29"", ""longitude"": ""76"", ""cluster"": ""77"", ""num_questions_in_cluster"": ""7"", ""Date"": ""6-8-2025"", ""Source [Name and Link]"": ""https://www.dpd.gov.in/Ready%20Reckoner%20Pulses%202020%20%28English%29.pdf"", ""SL No."": ""166""}, ""excluded_embed_metadata_keys"": [], ""excluded_llm_metadata_keys"": [], ""relationships"": {""1"": {""node_id"": ""c0a4cdf878809ae12a44fc60"", ""node_type"": ""4"", ""metadata"": {""Category"": ""Fodder Crops"", ""Year"": ""2016"", ""Month"": ""3"", ""Day"": ""26"", ""Crop"": ""Cowpea(Lobia)"", ""State"": ""Haryana"", ""District"": ""Mahendra Garh"", ""BlockName"": ""Kanina"", ""Sector"": ""HORTICULTURE"", ""Sector (A)"": ""HORTICULTURE"", ""Season"": ""Kharif"", ""QueryType"": ""Varieties"", ""Agri Specialist"": ""Adheena Victor"", ""latitude"": ""29"", ""longitude"": ""76"", ""cluster"": ""77"", ""num_questions_in_cluster"": ""7"", ""Date"": ""6-8-2025"", ""Source [Name and Link]"": ""https://www.dpd.gov.in/Ready%20Reckoner%20Pulses%202020%20%28English%29.pdf"", ""SL No."": ""166""}, ""hash"": ""ece0c409bad2f635cfede239574f251c9bb75b90d34a949dde580b27936f2382"", ""class_name"": ""RelatedNodeInfo""}}, ""metadata_template"": ""{key}: {value}"", ""metadata_separator"": ""\n"", ""text"": """", ""mimetype"": ""text/plain"", ""start_char_idx"": 0, ""end_char_idx"": 693, ""metadata_seperator"": ""\n"", ""text_template"": ""{metadata_str}\n\n{content}"", ""class_name"": ""TextNode""}",TextNode,c0a4cdf878809ae12a44fc60,c0a4cdf878809ae12a44fc60,c0a4cdf878809ae12a44fc60,Haryana
1dfd82bb-5dce-4ea1-8efe-1e9ea0db1c0c,"Question: Where should I contact for getting agriculture farm machinery in Sagar, Madhya Pradesh?

Answer: In Madhya Pradesh if a farmer wants to get agricultural machinery, the best way is to go through government-backed sources like Krishi Vigyan Kendras, the Department of Agricultural Engineering, Custom Hiring Centers, and online subsidy portals, because these are safe, reliable, and made especially for farmers. In every district likr Jabalpur, Gwalior, Dindori, and other districts there is a Krishi Vigyan Kendra (KVK) where farmers can directly ask about machinery, see live demonstrations, and even rent machines through Custom Hiring Centers at a low price, so visiting the nearest KVK office is always helpful. The Department of Agricultural Engineering, Bhopal also runs subsidy schemes and supports farmers through the official online portal agrimachinery.nic.in and e-krishi.mp.gov.in, where we can apply for subsidy, check eligibility, and book machinery services. Many Farmer Producer Organizations (FPOs) also keep big machines for group use under government support, so joining FPOs helps in saving costs and sharing machines. Farmers who cannot buy costly machines can use Custom Hiring Centers (CHCs), which are run by KVKs and local FPOs, to rent tractors, seed drills, rotavators, sprayers and many other tools at very reasonable rates, just by booking through phone or visiting the center. The state government also gives subsidies under the Agricultural Machinery Subsidy Scheme, especially for small and marginal farmers, so applying on the official portal https://agrimachinery.nic.in/ and the state-specific subsidy portal for Madhya Pradesh is the MP DAKSH portal: https://farmer.mpdage.org or through the KVK office ensures proper support without middlemen. For getting agricultural machinery in Madhya Pradesh the simple steps are – first visit your nearest KVK for guidance, second apply for subsidy like Scheduled Castes (SC), Scheduled Tribes (ST), and Other Backward Classes (OBC) farmers get higher subsidy up to 50% to support marginalized communities and general category farmers usually get subsidy around 40% through official portals, third join or connect with FPOs for shared machines, and fourth use CHCs for hiring whenever needed. This way we farmers can easily get modern machines at low cost, improve our work speed, save labor, and increase production in your fields, all with the full support of government schemes and expert advice.",all,2009,5,2,all,SAGAR,all,Agriculture,Agriculture,Rabi,9999,Satarupa Saha,23.8083,78.7583,-1,,,,4190,"{""id_"": ""1dfd82bb-5dce-4ea1-8efe-1e9ea0db1c0c"", ""embedding"": null, ""metadata"": {""Category"": ""0"", ""Year"": ""2009"", ""Month"": ""5"", ""Day"": ""2"", ""Crop"": ""GEN"", ""State"": ""MADHYA PRADESH"", ""District"": ""SAGAR"", ""BlockName"": ""0"", ""Sector"": ""AGRICULTURE"", ""Sector (A)"": ""AGRICULTURE"", ""Season"": ""RABI"", ""QueryType"": ""9999"", ""Agri Specialist"": ""Satarupa Saha"", ""latitude"": ""23.8083"", ""longitude"": ""78.7583"", ""cluster"": ""-1"", ""num_questions_in_cluster"": """", ""Date"": """", ""Source [Name and Link]"": """", ""SL No."": ""4190""}, ""excluded_embed_metadata_keys"": [], ""excluded_llm_metadata_keys"": [], ""relationships"": {""1"": {""node_id"": ""9a903e04a29d974c61d2b20a"", ""node_type"": ""4"", ""metadata"": {""Category"": ""0"", ""Year"": ""2009"", ""Month"": ""5"", ""Day"": ""2"", ""Crop"": ""GEN"", ""State"": ""MADHYA PRADESH"", ""District"": ""SAGAR"", ""BlockName"": ""0"", ""Sector"": ""AGRICULTURE"", ""Sector (A)"": ""AGRICULTURE"", ""Season"": ""RABI"", ""QueryType"": ""9999"", ""Agri Specialist"": ""Satarupa Saha"", ""latitude"": ""23.8083"", ""longitude"": ""78.7583"", ""cluster"": ""-1"", ""num_questions_in_cluster"": """", ""Date"": """", ""Source [Name and Link]"": """", ""SL No."": ""4190""}, ""hash"": ""876ccd2676d2939d1ec601887fab06e20f33ef1eb2c3cdd8763577aa759c0e0c"", ""class_name"": ""RelatedNodeInfo""}}, ""metadata_template"": ""{key}: {value}"", ""metadata_separator"": ""\n"", ""text"": """", ""mimetype"": ""text/plain"", ""start_char_idx"": 0, ""end_char_idx"": 2484, ""metadata_seperator"": ""\n"", ""text_template"": ""{metadata_str}\n\n{content}"", ""class_name"": ""TextNode""}",TextNode,9a903e04a29d974c61d2b20a,9a903e04a29d974c61d2b20a,9a903e04a29d974c61d2b20a,Madhya Pradesh
7c6efd14-ab26-48f4-b40c-572d33b64043,"Question: what are the manures used for drumstick?

Answer: In Tamil Nadu, for moringa cultivation, it is recommended to apply a fertilizer dose of 45 g Nitrogen (N), 15 g Phosphorus (P), and 30 g Potassium (K) per pit about 3 months after sowing to support vegetative growth. This nutrient dose can be supplied by applying approximately 50 g Urea, 35 g SSP, and 50 g MOP per pit. When the crop begins bearing fruits, typically after 6 months, apply an additional 50g of Nitrogen, which is equivalent to around 100 g of Urea per pit, to enhance fruit development and yield. This nutrient management practice ensures balanced growth and higher productivity of moringa plants.",all,2009,6,25,Drumstick,VELLORE,all,Agriculture,Agriculture,Kharif,,Ponugoti Kavya,,,-1,,6-8-2025,"Sources:
https://www.thepharmajournal.com/archives/2021/vol10issue4/PartM/10-4-91-594.pdf 
https://agritech.tnau.ac.in/horticulture/pdf/Moringa%20English%20book.pdf",2652,"{""id_"": ""7c6efd14-ab26-48f4-b40c-572d33b64043"", ""embedding"": null, ""metadata"": {""Category"": """", ""Year"": ""2009"", ""Month"": ""6"", ""Day"": ""25"", ""Crop"": ""Drumstick"", ""State"": ""TAMILNADU"", ""District"": ""VELLORE"", ""BlockName"": """", ""Sector"": ""AGRICULTURE"", ""Sector (A)"": ""AGRICULTURE"", ""Season"": ""KHARIF"", ""QueryType"": """", ""Agri Specialist"": ""Ponugoti Kavya"", ""latitude"": """", ""longitude"": """", ""cluster"": ""-1"", ""num_questions_in_cluster"": """", ""Date"": ""6-8-2025"", ""Source [Name and Link]"": ""Sources:\nhttps://www.thepharmajournal.com/archives/2021/vol10issue4/PartM/10-4-91-594.pdf \nhttps://agritech.tnau.ac.in/horticulture/pdf/Moringa%20English%20book.pdf"", ""SL No."": ""2652""}, ""excluded_embed_metadata_keys"": [], ""excluded_llm_metadata_keys"": [], ""relationships"": {""1"": {""node_id"": ""89b39eca192a901926008833"", ""node_type"": ""4"", ""metadata"": {""Category"": """", ""Year"": ""2009"", ""Month"": ""6"", ""Day"": ""25"", ""Crop"": ""Drumstick"", ""State"": ""TAMILNADU"", ""District"": ""VELLORE"", ""BlockName"": """", ""Sector"": ""AGRICULTURE"", ""Sector (A)"": ""AGRICULTURE"", ""Season"": ""KHARIF"", ""QueryType"": """", ""Agri Specialist"": ""Ponugoti Kavya"", ""latitude"": """", ""longitude"": """", ""cluster"": ""-1"", ""num_questions_in_cluster"": """", ""Date"": ""6-8-2025"", ""Source [Name and Link]"": ""Sources:\nhttps://www.thepharmajournal.com/archives/2021/vol10issue4/PartM/10-4-91-594.pdf \nhttps://agritech.tnau.ac.in/horticulture/pdf/Moringa%20English%20book.pdf"", ""SL No."": ""2652""}, ""hash"": ""31618deec5022c140d972a5cf225ed7de02fe90ab2848ba3c29e9ecabf1e8390"", ""class_name"": ""RelatedNodeInfo""}}, ""metadata_template"": ""{key}: {value}"", ""metadata_separator"": ""\n"", ""text"": """", ""mimetype"": ""text/plain"", ""start_char_idx"": 0, ""end_char_idx"": 674, ""metadata_seperator"": ""\n"", ""text_template"": ""{metadata_str}\n\n{content}"", ""class_name"": ""TextNode""}",TextNode,89b39eca192a901926008833,89b39eca192a901926008833,89b39eca192a901926008833,Tamil Nadu
79dd633a-1801-413e-92a6-f497c27ae5ec,"Question: Which are the best sented (Basmati) varieties of rice in Indoor, Madhya Pradesh?

Answer: Madhya Pradesh, particularly in the central part of the state, is gaining prominence for the cultivation of scented rice varieties. While the traditional Basmati-growing region is in the northern parts of India (Punjab, Haryana, etc.), several aromatic varieties are well-suited for the soil and climate of Indore and the surrounding areas. These scented varieties are known for their distinct aroma, long grains, and superior cooking quality. The yields can vary based on the specific variety, farming practices, and soil fertility. Pusa Basmati 1121: This is a very popular and high-yielding Basmati variety that has gained wide acceptance across India, including parts of Madhya Pradesh. It is a semi-dwarf, high-yielding variety with a maturity period of 135-145 days. It typically yields 16-20 quintals per acre. Pusa Basmati 1509: known for its shorter duration and higher yield. It is an early-maturing variety with a seed-to-seed maturity of just 115-120 days. Its early maturity saves water and provides a longer window for preparing the field for the next crop. It can yield 20-24 quintals per acre. Pusa Basmati 1718: This variety has been bred with inbuilt resistance to bacterial blight disease. It retains the superior quality features of Pusa 1121 while providing better protection against disease. It has a yield potential of around 18-20 quintals per acre.",all,2010,6,23,Basmati - Paddy,Indore,all,Agriculture,Agriculture,Kharif,5,Souvik Roy,22.7204,75.8682,210,9,26-8-2025,,3182,"{""id_"": ""79dd633a-1801-413e-92a6-f497c27ae5ec"", ""embedding"": null, ""metadata"": {""Category"": ""0"", ""Year"": ""2010"", ""Month"": ""6"", ""Day"": ""23"", ""Crop"": ""Basmati Rice"", ""State"": ""MADHYA PRADESH"", ""District"": ""INDORE"", ""BlockName"": ""0"", ""Sector"": ""AGRICULTURE"", ""Sector (A)"": ""AGRICULTURE"", ""Season"": ""Kharif"", ""QueryType"": ""5"", ""Agri Specialist"": ""Khaja Suhaib Khaja Azharuddin"", ""latitude"": ""22.7204"", ""longitude"": ""75.8682"", ""cluster"": ""210"", ""num_questions_in_cluster"": ""9"", ""Date"": ""26-8-2025"", ""Source [Name and Link]"": """", ""SL No."": ""3182""}, ""excluded_embed_metadata_keys"": [], ""excluded_llm_metadata_keys"": [], ""relationships"": {""1"": {""node_id"": ""bcbfee346a092c81a01db961"", ""node_type"": ""4"", ""metadata"": {""Category"": ""0"", ""Year"": ""2010"", ""Month"": ""6"", ""Day"": ""23"", ""Crop"": ""Basmati Rice"", ""State"": ""MADHYA PRADESH"", ""District"": ""INDORE"", ""BlockName"": ""0"", ""Sector"": ""AGRICULTURE"", ""Sector (A)"": ""AGRICULTURE"", ""Season"": ""Kharif"", ""QueryType"": ""5"", ""Agri Specialist"": ""Khaja Suhaib Khaja Azharuddin"", ""latitude"": ""22.7204"", ""longitude"": ""75.8682"", ""cluster"": ""210"", ""num_questions_in_cluster"": ""9"", ""Date"": ""26-8-2025"", ""Source [Name and Link]"": """", ""SL No."": ""3182""}, ""hash"": ""2d994332f38663717e96f060913815b8a943a9770fe8e9fc6aa156500549800f"", ""class_name"": ""RelatedNodeInfo""}}, ""metadata_template"": ""{key}: {value}"", ""metadata_separator"": ""\n"", ""text"": """", ""mimetype"": ""text/plain"", ""start_char_idx"": 0, ""end_char_idx"": 1473, ""metadata_seperator"": ""\n"", ""text_template"": ""{metadata_str}\n\n{content}"", ""class_name"": ""TextNode""}",TextNode,bcbfee346a092c81a01db961,bcbfee346a092c81a01db961,bcbfee346a092c81a01db961,Madhya Pradesh
be405bb2-b3f7-4514-a731-fbae06e4cdd4,"Question: How to control Powdery mildew in plants?

Answer: The symptoms appear as white, powder like patches on leaves, stems, and sometimes flowers. These patches spread, causing leaves to curl, yellow, and eventually dry up.

To control powdery mildew spray wettable sulfur 2.5 kg in 200 liters of water or hexaconazole 400 ml in 200 liters of water at first symptoms, repeat after 15 days, and maintain plant spacing for airflow. Ensure to spray at early morning.",all,2009,4,25,all,Dindigul,all,Agriculture,Agriculture,Kharif,,Adheena Victor,,,-1,,,,2836,"{""id_"": ""be405bb2-b3f7-4514-a731-fbae06e4cdd4"", ""embedding"": null, ""metadata"": {""Category"": """", ""Year"": ""2009"", ""Month"": ""4"", ""Day"": ""25"", ""Crop"": ""Gen"", ""State"": ""TAMILNADU"", ""District"": ""DINDIGUL"", ""BlockName"": """", ""Sector"": ""AGRICULTURE"", ""Sector (A)"": ""AGRICULTURE"", ""Season"": ""KHARIF"", ""QueryType"": """", ""Agri Specialist"": ""Adheena Victor"", ""latitude"": """", ""longitude"": """", ""cluster"": ""-1"", ""num_questions_in_cluster"": """", ""Date"": """", ""Source [Name and Link]"": """", ""SL No."": ""2836""}, ""excluded_embed_metadata_keys"": [], ""excluded_llm_metadata_keys"": [], ""relationships"": {""1"": {""node_id"": ""411e7a52c59675b508ac167f"", ""node_type"": ""4"", ""metadata"": {""Category"": """", ""Year"": ""2009"", ""Month"": ""4"", ""Day"": ""25"", ""Crop"": ""Gen"", ""State"": ""TAMILNADU"", ""District"": ""DINDIGUL"", ""BlockName"": """", ""Sector"": ""AGRICULTURE"", ""Sector (A)"": ""AGRICULTURE"", ""Season"": ""KHARIF"", ""QueryType"": """", ""Agri Specialist"": ""Adheena Victor"", ""latitude"": """", ""longitude"": """", ""cluster"": ""-1"", ""num_questions_in_cluster"": """", ""Date"": """", ""Source [Name and Link]"": """", ""SL No."": ""2836""}, ""hash"": ""8b19b2f9c7cc1079f7435eed9ec8b6b2e5a145564e32be4aed2f19796e241ba1"", ""class_name"": ""RelatedNodeInfo""}}, ""metadata_template"": ""{key}: {value}"", ""metadata_separator"": ""\n"", ""text"": """", ""mimetype"": ""text/plain"", ""start_char_idx"": 0, ""end_char_idx"": 467, ""metadata_seperator"": ""\n"", ""text_template"": ""{metadata_str}\n\n{content}"", ""class_name"": ""TextNode""}",TextNode,411e7a52c59675b508ac167f,411e7a52c59675b508ac167f,411e7a52c59675b508ac167f,Tamil Nadu
abf33f5b-af38-4528-8b34-1e91f5cade71,"Question: What are the varieties of Sorghum suitable for the region?

Answer: Sorghum (jowar) is a vital summer crop grown for both grain and fodder. For successful summer cultivation, variety selection must match local climate, irrigation availability, and soil type. CSH 16 is a high-yielding hybrid suitable for the irrigated summer season, tolerant to lodging, with grain yield potential of 18–20 quintals/acre and fodder yield of 80–90 quintals/acre. CSH 23 is an early-maturing variety with good grain quality, ideal for drier areas, yielding 15–17 quintals/acre of grain and 70–80 quintals/acre of fodder. CSH 27 is tolerant to shoot fly and stem borer, suitable for summer sowing under irrigation, producing 17–19 quintals/acre grain and 75–85 quintals/acre fodder. CSV 15 (Improved) is a dual-purpose variety with high yield potential, giving 16–18 quintals/acre grain and 85–95 quintals/acre fodder, and moderate pest tolerance. From MPKV Rahuri, Phule Vasudha offers excellent dual-purpose performance with 17–19 quintals/acre grain and 90–100 quintals/acre fodder, while Phule Anuradha is drought-tolerant, ideal for black soils, yielding 15–17 quintals/acre grain and 80–90 quintals/acre fodder. GJ 42 is suitable for western Maharashtra, with a dual-purpose use, yielding 16–18 quintals/acre of grain and 85–95 quintals/acre of fodder. SPV 1411 is an improved grain variety with good quality and pest resistance, producing 18–20 quintals of grain per acre and 70–80 quintals of fodder per acre.",all,2009,8,9,Sorghum-Jowar,Ahilyanagar,all,Agriculture,Agriculture,Zaid,,Souvik Roy,,,-1,,6-8-2025,https://mpkv.ac.in/ https://www.millets.res.in/ https://vikaspedia.in/agriculture/crop-production/package-of-practices/cereals/sorghum,545,"{""id_"": ""abf33f5b-af38-4528-8b34-1e91f5cade71"", ""embedding"": null, ""metadata"": {""Category"": """", ""Year"": ""2009"", ""Month"": ""8"", ""Day"": ""9"", ""Crop"": ""Sorghum"", ""State"": ""MAHARASHTRA"", ""District"": ""AHMADNAGAR"", ""BlockName"": """", ""Sector"": ""AGRICULTURE"", ""Sector (A)"": ""AGRICULTURE"", ""Season"": ""JAYAD"", ""QueryType"": """", ""Agri Specialist"": ""Khaja Suhaib Khaja Azharuddin"", ""latitude"": """", ""longitude"": """", ""cluster"": ""-1"", ""num_questions_in_cluster"": """", ""Date"": ""6-8-2025"", ""Source [Name and Link]"": ""https://mpkv.ac.in/ https://www.millets.res.in/ https://vikaspedia.in/agriculture/crop-production/package-of-practices/cereals/sorghum"", ""SL No."": ""545""}, ""excluded_embed_metadata_keys"": [], ""excluded_llm_metadata_keys"": [], ""relationships"": {""1"": {""node_id"": ""ecf9b6cfc838d572b66fcf94"", ""node_type"": ""4"", ""metadata"": {""Category"": """", ""Year"": ""2009"", ""Month"": ""8"", ""Day"": ""9"", ""Crop"": ""Sorghum"", ""State"": ""MAHARASHTRA"", ""District"": ""AHMADNAGAR"", ""BlockName"": """", ""Sector"": ""AGRICULTURE"", ""Sector (A)"": ""AGRICULTURE"", ""Season"": ""JAYAD"", ""QueryType"": """", ""Agri Specialist"": ""Khaja Suhaib Khaja Azharuddin"", ""latitude"": """", ""longitude"": """", ""cluster"": ""-1"", ""num_questions_in_cluster"": """", ""Date"": ""6-8-2025"", ""Source [Name and Link]"": ""https://mpkv.ac.in/ https://www.millets.res.in/ https://vikaspedia.in/agriculture/crop-production/package-of-practices/cereals/sorghum"", ""SL No."": ""545""}, ""hash"": ""39700f83840cbaebd189bc2f525064c1dbfd2c9e49684177ad04662767da138b"", ""class_name"": ""RelatedNodeInfo""}}, ""metadata_template"": ""{key}: {value}"", ""metadata_separator"": ""\n"", ""text"": """", ""mimetype"": ""text/plain"", ""start_char_idx"": 0, ""end_char_idx"": 1508, ""metadata_seperator"": ""\n"", ""text_template"": ""{metadata_str}\n\n{content}"", ""class_name"": ""TextNode""}",TextNode,ecf9b6cfc838d572b66fcf94,ecf9b6cfc838d572b66fcf94,ecf9b6cfc838d572b66fcf94,Maharashtra
67e17ef3-39b8-49ec-a0d3-9783fca814f2,"Question: How can I control insects in a fennel crop?

Answer: The fennel crop grown in the rabi season (Oct-Nov) is commonly affected by several insect pests that require proper management. The major pests include aphids that suck sap from leaves and stems, causing curling and sooty mold growth. Whiteflies also damage plants by feeding on sap and reducing photosynthesis efficiency. Cutworms attack young seedlings at night, while fennel butterfly caterpillars can defoliate plants if not controlled.
There are some fennel varieties that are resistant to common pests. RF-101 demonstrates moderate resistance to aphids and whiteflies, while GF-2 shows tolerance to various sucking pests. PF-35 exhibits resistance against multiple insect species, and local Punjab varieties often adapt better to regional pest pressures.
For aphid and whitefly control, Imidacloprid 17.8% SL is effective at 0.3 ml/liter of water, requiring 60 ml per acre in 200 liters of water, or Acetamiprid 20% SP works well at 0.5 gm/liter, using 100 gm/acre with a 7-14 day interval period. These systemic insecticides provide longer protection against sucking pests.
For caterpillars and cutworms can be managed with Chlorantraniliprole 18.5% SC at 0.3 ml/liter (60 ml/acre) or Emamectin benzoate 5% SG at 0.5 gm/liter (100 gm/acre) with a 10-15 day interval period. These target specific pests while being relatively safe for beneficial insects when used properly.
Also, you can use neem oil at 5 ml/liter, which works as both a repellent and a growth disruptor. NSKE (Neem Seed Kernel Extract) at 5% concentration helps control early infestations. Yellow sticky traps effectively monitor and reduce whitefly populations.",all,2015,4,2,Fennel,Faridkot,all,Horticulture,Horticulture,Rabi,,Tejas R. Dange,,,-1,,18-8-2025,"https://www.iihr.res.in/fennel-pest-management
https://www.maharashtraagriculture.gov.in/Crops/Fennel.html
https://nhb.gov.in/model-project-reports/Spices/Fennel/Fennel.htm
https://agritech.tnau.ac.in/horticulture/horti_spices_fennel.html",2241,"{""id_"": ""67e17ef3-39b8-49ec-a0d3-9783fca814f2"", ""embedding"": null, ""metadata"": {""Category"": """", ""Year"": ""2015"", ""Month"": ""4"", ""Day"": ""2"", ""Crop"": ""FENNEL"", ""State"": ""PUNJAB"", ""District"": ""FARIDKOT"", ""BlockName"": """", ""Sector"": ""HORTICULTURE"", ""Sector (A)"": ""HORTICULTURE"", ""Season"": ""RABI"", ""QueryType"": """", ""Agri Specialist"": ""Tejas R. Dange"", ""latitude"": """", ""longitude"": """", ""cluster"": ""-1"", ""num_questions_in_cluster"": """", ""Date"": ""18-8-2025"", ""Source [Name and Link]"": ""https://www.iihr.res.in/fennel-pest-management\nhttps://www.maharashtraagriculture.gov.in/Crops/Fennel.html\nhttps://nhb.gov.in/model-project-reports/Spices/Fennel/Fennel.htm\nhttps://agritech.tnau.ac.in/horticulture/horti_spices_fennel.html"", ""SL No."": ""2241""}, ""excluded_embed_metadata_keys"": [], ""excluded_llm_metadata_keys"": [], ""relationships"": {""1"": {""node_id"": ""b31111e1d3331e374fea9e6e"", ""node_type"": ""4"", ""metadata"": {""Category"": """", ""Year"": ""2015"", ""Month"": ""4"", ""Day"": ""2"", ""Crop"": ""FENNEL"", ""State"": ""PUNJAB"", ""District"": ""FARIDKOT"", ""BlockName"": """", ""Sector"": ""HORTICULTURE"", ""Sector (A)"": ""HORTICULTURE"", ""Season"": ""RABI"", ""QueryType"": """", ""Agri Specialist"": ""Tejas R. Dange"", ""latitude"": """", ""longitude"": """", ""cluster"": ""-1"", ""num_questions_in_cluster"": """", ""Date"": ""18-8-2025"", ""Source [Name and Link]"": ""https://www.iihr.res.in/fennel-pest-management\nhttps://www.maharashtraagriculture.gov.in/Crops/Fennel.html\nhttps://nhb.gov.in/model-project-reports/Spices/Fennel/Fennel.htm\nhttps://agritech.tnau.ac.in/horticulture/horti_spices_fennel.html"", ""SL No."": ""2241""}, ""hash"": ""c59624d722e41e31f10961053124ae5b273e27313f01445ef363802dc4325257"", ""class_name"": ""RelatedNodeInfo""}}, ""metadata_template"": ""{key}: {value}"", ""metadata_separator"": ""\n"", ""text"": """", ""mimetype"": ""text/plain"", ""start_char_idx"": 0, ""end_char_idx"": 1699, ""metadata_seperator"": ""\n"", ""text_template"": ""{metadata_str}\n\n{content}"", ""class_name"": ""TextNode""}",TextNode,b31111e1d3331e374fea9e6e,b31111e1d3331e374fea9e6e,b31111e1d3331e374fea9e6e,Punjab
6f791c1b-cdbf-4819-be39-33dd0088a6a0,"Citrus Leaf Miner (Phyllocnistis citrella) to control it, spray with Imidacloprid or Dimethoate 30% EC at 1 ml per liter of water. Major diseases are Citrus Canker (Xanthomonas citri). To control them, spray Copper Oxychloride at a dosage of 2.5-3 gm per liter of water during the periods of new flushes. Gummosis or Foot Rot (Phytophthora species): Ensure proper drainage. Apply a paste of Bordeaux mixture to the infected area. Drench the soil with Metalaxyl + Mancozeb at 2 g per liter of water. The average yield of a well-managed lemon orchard can vary significantly based on variety and age of the plants. A mature orchard (5-6 years and older) can yield 150-250 quintals per hectare, which translates to approximately 60 to 100 quintals per acre per year.",Others,2020,6,20,Citrus,SAGAR,Deori,Agriculture,Agriculture,all,Government Schemes,Souvik Roy,23.8083,78.7583,891,6,2-9-2025,https://mpkrishi.mp.gov.in/hindisite_New/krishi_capsules_New.aspx https://ppqs.gov.in/sites/default/files/1._mup_insecticide_03.04.2025.pdf   https://www.jnkvv.org/,3830,"{""id_"": ""6f791c1b-cdbf-4819-be39-33dd0088a6a0"", ""embedding"": null, ""metadata"": {""Category"": ""Others"", ""Year"": ""2020"", ""Month"": ""6"", ""Day"": ""20"", ""Crop"": ""Lemon"", ""State"": ""MADHYA PRADESH"", ""District"": ""SAGAR"", ""BlockName"": ""DEORI"", ""Sector"": ""AGRICULTURE"", ""Sector (A)"": ""AGRICULTURE"", ""Season"": """", ""QueryType"": ""Government Schemes"", ""Agri Specialist"": ""Khaja Suhaib Khaja Azharuddin"", ""latitude"": ""23.8083"", ""longitude"": ""78.7583"", ""cluster"": ""891"", ""num_questions_in_cluster"": ""6"", ""Date"": ""2-9-2025"", ""Source [Name and Link]"": ""https://mpkrishi.mp.gov.in/hindisite_New/krishi_capsules_New.aspx https://ppqs.gov.in/sites/default/files/1._mup_insecticide_03.04.2025.pdf   https://www.jnkvv.org/"", ""SL No."": ""3830""}, ""excluded_embed_metadata_keys"": [], ""excluded_llm_metadata_keys"": [], ""relationships"": {""1"": {""node_id"": ""ab1c25d2a92bfd17d0ccbb17"", ""node_type"": ""4"", ""metadata"": {""Category"": ""Others"", ""Year"": ""2020"", ""Month"": ""6"", ""Day"": ""20"", ""Crop"": ""Lemon"", ""State"": ""MADHYA PRADESH"", ""District"": ""SAGAR"", ""BlockName"": ""DEORI"", ""Sector"": ""AGRICULTURE"", ""Sector (A)"": ""AGRICULTURE"", ""Season"": """", ""QueryType"": ""Government Schemes"", ""Agri Specialist"": ""Khaja Suhaib Khaja Azharuddin"", ""latitude"": ""23.8083"", ""longitude"": ""78.7583"", ""cluster"": ""891"", ""num_questions_in_cluster"": ""6"", ""Date"": ""2-9-2025"", ""Source [Name and Link]"": ""https://mpkrishi.mp.gov.in/hindisite_New/krishi_capsules_New.aspx https://ppqs.gov.in/sites/default/files/1._mup_insecticide_03.04.2025.pdf   https://www.jnkvv.org/"", ""SL No."": ""3830""}, ""hash"": ""193401e04fb74415efc3a9658c6c5ddf6f1ee0a3a1cfdc2a4027b152cb2421de"", ""class_name"": ""RelatedNodeInfo""}, ""2"": {""node_id"": ""db71095d-c01e-4064-a7e1-c863f37acdb9"", ""node_type"": ""1"", ""metadata"": {""Category"": ""Others"", ""Year"": ""2020"", ""Month"": ""6"", ""Day"": ""20"", ""Crop"": ""Lemon"", ""State"": ""MADHYA PRADESH"", ""District"": ""SAGAR"", ""BlockName"": ""DEORI"", ""Sector"": ""AGRICULTURE"", ""Sector (A)"": ""AGRICULTURE"", ""Season"": """", ""QueryType"": ""Government Schemes"", ""Agri Specialist"": ""Khaja Suhaib Khaja Azharuddin"", ""latitude"": ""23.8083"", ""longitude"": ""78.7583"", ""cluster"": ""891"", ""num_questions_in_cluster"": ""6"", ""Date"": ""2-9-2025"", ""Source [Name and Link]"": ""https://mpkrishi.mp.gov.in/hindisite_New/krishi_capsules_New.aspx https://ppqs.gov.in/sites/default/files/1._mup_insecticide_03.04.2025.pdf   https://www.jnkvv.org/"", ""SL No."": ""3830""}, ""hash"": ""7de0777a90473aa49015351e5df294f5d6b988f0531bc53787c560f915288eb6"", ""class_name"": ""RelatedNodeInfo""}}, ""metadata_template"": ""{key}: {value}"", ""metadata_separator"": ""\n"", ""text"": """", ""mimetype"": ""text/plain"", ""start_char_idx"": 2547, ""end_char_idx"": 3309, ""metadata_seperator"": ""\n"", ""text_template"": ""{metadata_str}\n\n{content}"", ""class_name"": ""TextNode""}",TextNode,ab1c25d2a92bfd17d0ccbb17,ab1c25d2a92bfd17d0ccbb17,ab1c25d2a92bfd17d0ccbb17,Madhya Pradesh
b6346d16-03c0-4723-a877-52821e5b4d52,"Question: How to control Aphids in Potato?

Answer: Aphids are a major pest of Potatoes, especially because they transmit viral diseases such as PVY and PLRV. To control aphids in potato during the Rabi season, an integrated approach combining monitoring, cultural practices, and biological methods is required. Monitoring: Use yellow sticky traps. Biological control: Introduce natural enemies such as lacewings. Organic control: Apply neem oil 2% or azadirachtin 1500 ppm. Chemical control: Spray Imidacloprid 17.8% SL @ 50 ml per acre in 200 L of water; PHI: 7 days (repeat every 14 days).",Vegetables,2014,11,13,Potato,Panipat,Samalkha,Horticulture,Horticulture,Rabi,Bio-Pesticides and Bio-Fertilizers,Gonnabathula Girishma,29.3913,76.9772,1548,22,5-8-2025,https://www.pau.edu/content/ccil/pf/pp_veg.pdf,27,"{""id_"": ""b6346d16-03c0-4723-a877-52821e5b4d52"", ""embedding"": null, ""metadata"": {""Category"": ""Vegetables"", ""Year"": ""2014"", ""Month"": ""11"", ""Day"": ""13"", ""Crop"": ""Potato"", ""State"": ""Haryana"", ""District"": ""Panipat"", ""BlockName"": ""Samalkha"", ""Sector"": ""HORTICULTURE"", ""Sector (A)"": ""HORTICULTURE"", ""Season"": ""Rabi"", ""QueryType"": ""Bio-Pesticides and Bio-Fertilizers"", ""Agri Specialist"": ""Gonnabathula Girishma"", ""latitude"": ""29.3913"", ""longitude"": ""76.9772"", ""cluster"": ""1548"", ""num_questions_in_cluster"": ""22"", ""Date"": ""5-8-2025"", ""Source [Name and Link]"": ""https://www.pau.edu/content/ccil/pf/pp_veg.pdf"", ""SL No."": ""27""}, ""excluded_embed_metadata_keys"": [], ""excluded_llm_metadata_keys"": [], ""relationships"": {""1"": {""node_id"": ""1965d26e01da395c1af47253"", ""node_type"": ""4"", ""metadata"": {""Category"": ""Vegetables"", ""Year"": ""2014"", ""Month"": ""11"", ""Day"": ""13"", ""Crop"": ""Potato"", ""State"": ""Haryana"", ""District"": ""Panipat"", ""BlockName"": ""Samalkha"", ""Sector"": ""HORTICULTURE"", ""Sector (A)"": ""HORTICULTURE"", ""Season"": ""Rabi"", ""QueryType"": ""Bio-Pesticides and Bio-Fertilizers"", ""Agri Specialist"": ""Gonnabathula Girishma"", ""latitude"": ""29.3913"", ""longitude"": ""76.9772"", ""cluster"": ""1548"", ""num_questions_in_cluster"": ""22"", ""Date"": ""5-8-2025"", ""Source [Name and Link]"": ""https://www.pau.edu/content/ccil/pf/pp_veg.pdf"", ""SL No."": ""27""}, ""hash"": ""1851e73fe5e31f269f29043462726f030ee8b5d93bd6d5ee89032b7a6f55341b"", ""class_name"": ""RelatedNodeInfo""}}, ""metadata_template"": ""{key}: {value}"", ""metadata_separator"": ""\n"", ""text"": """", ""mimetype"": ""text/plain"", ""start_char_idx"": 0, ""end_char_idx"": 592, ""metadata_seperator"": ""\n"", ""text_template"": ""{metadata_str}\n\n{content}"", ""class_name"": ""TextNode""}",TextNode,1965d26e01da395c1af47253,1965d26e01da395c1af47253,1965d26e01da395c1af47253,Haryana
4fe91d88-c089-4980-954a-dff5884d05ea,"Question: What is the Land ceiling act in Erode, Tamil Nadu?

Answer: The general intent is to prevent concentration of farmland among a few individuals and aid landless farmers or smallholders. The Act varies depending on the type of land and its use. 

As per The Tamil Nadu Land Reforms (Fixation of Ceiling on Land) Act, 1961 Family(up to 5 members) can hold maximum of 15 standard acres and each additional family member (beyond 5) can hold 5 standard acres per person, capped at 30 standard acres total. Overall family ceiling is  30 standard acres, no matter the family size. 


These limits aim to prevent concentration of agricultural land and promote equitable distribution among people.",all,2009,8,10,all,Erode,all,Agriculture,Agriculture,Zaid,,Adheena Victor,,,-1,,,,2746,"{""id_"": ""4fe91d88-c089-4980-954a-dff5884d05ea"", ""embedding"": null, ""metadata"": {""Category"": """", ""Year"": ""2009"", ""Month"": ""8"", ""Day"": ""10"", ""Crop"": ""Gen"", ""State"": ""TAMILNADU"", ""District"": ""ERODE"", ""BlockName"": """", ""Sector"": ""AGRICULTURE"", ""Sector (A)"": ""AGRICULTURE"", ""Season"": ""JAYAD"", ""QueryType"": """", ""Agri Specialist"": ""Adheena Victor"", ""latitude"": """", ""longitude"": """", ""cluster"": ""-1"", ""num_questions_in_cluster"": """", ""Date"": """", ""Source [Name and Link]"": """", ""SL No."": ""2746""}, ""excluded_embed_metadata_keys"": [], ""excluded_llm_metadata_keys"": [], ""relationships"": {""1"": {""node_id"": ""c0dcd96316f9b67dab5c5646"", ""node_type"": ""4"", ""metadata"": {""Category"": """", ""Year"": ""2009"", ""Month"": ""8"", ""Day"": ""10"", ""Crop"": ""Gen"", ""State"": ""TAMILNADU"", ""District"": ""ERODE"", ""BlockName"": """", ""Sector"": ""AGRICULTURE"", ""Sector (A)"": ""AGRICULTURE"", ""Season"": ""JAYAD"", ""QueryType"": """", ""Agri Specialist"": ""Adheena Victor"", ""latitude"": """", ""longitude"": """", ""cluster"": ""-1"", ""num_questions_in_cluster"": """", ""Date"": """", ""Source [Name and Link]"": """", ""SL No."": ""2746""}, ""hash"": ""da75077f575e6f3e54c7270ce85d0dc172ca98250cd9d30d7ab2e06f8561eb25"", ""class_name"": ""RelatedNodeInfo""}}, ""metadata_template"": ""{key}: {value}"", ""metadata_separator"": ""\n"", ""text"": """", ""mimetype"": ""text/plain"", ""start_char_idx"": 0, ""end_char_idx"": 697, ""metadata_seperator"": ""\n"", ""text_template"": ""{metadata_str}\n\n{content}"", ""class_name"": ""TextNode""}",TextNode,c0dcd96316f9b67dab5c5646,c0dcd96316f9b67dab5c5646,c0dcd96316f9b67dab5c5646,Tamil Nadu
46e56d46-e88a-4c78-863b-9e656c4ad066,"Question: Which are the best varieties of Soybean in Narsimpur, Madhya Pradesh?

Answer: The ideal season for soybean cultivation in Madhya Pradesh is the kharif season, which is the monsoon season. Sowing typically takes place from mid-June to July, right after the monsoon rains begin, and harvesting is done around October-November. Soybean varieties are often recommended based on the agro-climatic zone of the state. Some of the most popular and high-yielding varieties that are widely grown across Madhya Pradesh include: NRC 165, JS 22-12, JS 22-16, JS 21-72, RVSM 2011-35, MACS 1520, NRC 150, NRC 152, NRC 138, and NRC 142. The average yield of soybeans can vary significantly depending on the variety, soil type, weather conditions, and farming practices. In Madhya Pradesh, the average productivity of soybean is around 4 to 6 quintals per acre (10-15 quintals per hectare). High-yielding varieties: With improved varieties and good management practices, farmers can achieve yields of 10 to 12 quintals per acre (20-30 quintals per hectare) or even higher. Proper spacing is crucial for achieving a good yield. The recommended spacing for soybean cultivation in Madhya Pradesh is: Row-to-row spacing: 30 to 45 cm (12 to 18 inches). Plant-to-plant spacing: 4 to 7 cm (1.5 to 2.5 inches)",all,2009,7,3,Soybean,NARSIMPUR,all,Agriculture,Agriculture,Zaid,9999,Souvik Roy,23.8143,77.5341,61,18,25-8-2025,,2998,"{""id_"": ""46e56d46-e88a-4c78-863b-9e656c4ad066"", ""embedding"": null, ""metadata"": {""Category"": ""0"", ""Year"": ""2009"", ""Month"": ""7"", ""Day"": ""3"", ""Crop"": ""SOYBEAN"", ""State"": ""MADHYA PRADESH"", ""District"": ""NARSIMPUR"", ""BlockName"": ""0"", ""Sector"": ""AGRICULTURE"", ""Sector (A)"": ""AGRICULTURE"", ""Season"": ""JAYAD"", ""QueryType"": ""9999"", ""Agri Specialist"": ""Khaja Suhaib Khaja Azharuddin"", ""latitude"": ""23.8143"", ""longitude"": ""77.5341"", ""cluster"": ""61"", ""num_questions_in_cluster"": ""18"", ""Date"": ""25-8-2025"", ""Source [Name and Link]"": """", ""SL No."": ""2998""}, ""excluded_embed_metadata_keys"": [], ""excluded_llm_metadata_keys"": [], ""relationships"": {""1"": {""node_id"": ""efbd4cf207a2011f461c9128"", ""node_type"": ""4"", ""metadata"": {""Category"": ""0"", ""Year"": ""2009"", ""Month"": ""7"", ""Day"": ""3"", ""Crop"": ""SOYBEAN"", ""State"": ""MADHYA PRADESH"", ""District"": ""NARSIMPUR"", ""BlockName"": ""0"", ""Sector"": ""AGRICULTURE"", ""Sector (A)"": ""AGRICULTURE"", ""Season"": ""JAYAD"", ""QueryType"": ""9999"", ""Agri Specialist"": ""Khaja Suhaib Khaja Azharuddin"", ""latitude"": ""23.8143"", ""longitude"": ""77.5341"", ""cluster"": ""61"", ""num_questions_in_cluster"": ""18"", ""Date"": ""25-8-2025"", ""Source [Name and Link]"": """", ""SL No."": ""2998""}, ""hash"": ""729dbaea0387b3272d268fbc0c82c3f12ffc364841a5e6dd9657535d0aae8e91"", ""class_name"": ""RelatedNodeInfo""}}, ""metadata_template"": ""{key}: {value}"", ""metadata_separator"": ""\n"", ""text"": """", ""mimetype"": ""text/plain"", ""start_char_idx"": 0, ""end_char_idx"": 1295, ""metadata_seperator"": ""\n"", ""text_template"": ""{metadata_str}\n\n{content}"", ""class_name"": ""TextNode""}",TextNode,efbd4cf207a2011f461c9128,efbd4cf207a2011f461c9128,efbd4cf207a2011f461c9128,Madhya Pradesh
3d032134-b343-48a0-83ee-5848d0ef7656,"Question: Where higher milk producing cattle available?

Answer: To source high milk-producing cattle in Damoh, Madhya Pradesh, farmers can approach local private farms like Yashasvi Dairy Farm and Ss Dairy Farm, which offer high-yield breeds such as Holstein Friesian (HF), Sahiwal, and Gir. Verifying health and vaccination certificates is essential before purchasing. For government-backed support, the Veterinary Department, Damoh is the main authority—they can guide farmers to certified suppliers, provide health checks, and help access subsidy schemes. One of the most important central schemes is the National Livestock Mission (NLM), which provides a 50% capital subsidy (up to ₹50 lakh) for setting up feed and fodder infrastructure—critical for improving milk productivity. Other key schemes include the Rashtriya Gokul Mission, which supports breed multiplication farms with subsidies up to ₹2 crore, and the Dairy Entrepreneurship Development Scheme (DEDS) via NABARD, offering 25%–33% subsidy for setting up small dairy units. Entrepreneurs planning large-scale operations can benefit from AHIDF and DIDF, which offer interest subvention for dairy processing and chilling infrastructure. Additionally, dairy cooperatives like Jabalpur Dugdh Sangh and Bhopal Dugdh Sangh, operating in Damoh’s Hatta and Tendukheda blocks, are valuable for cattle procurement and milk marketing. Expanding the search to nearby cities like Jabalpur, Vidisha, or trusted breeders such as Gupta Dairy Farm in Indore can help access a wider selection of high-yielding cattle. For long-term planning and financial viability, farmers are encouraged to refer to NABARD’s district-level reports, which offer data on dairy breed trends and government-backed productivity initiatives.",all,2009,8,2,Cattle,Damoh,all,Animal Husbandry,Animal Husbandry,Zaid,9999,Chaitanya Sameera Sandaka,23.7981,79.5419,-1,,8-9-2025,https://www.myscheme.gov.in/schemes/avgsy https://dhar.nic.in/%E0%A4%A8%E0%A4%B5%E0%A5%80%E0%A4%A8-%E0%A4%98%E0%A4%9F%E0%A4%95-%E0%A4%95%E0%A5%87-%E0%A4%B0%E0%A5%82%E0%A4%AA-%E0%A4%AE%E0%A5%87%E0%A4%82-%E0%A4%A1%E0%A5%89-%E0%A4%AD%E0%A5%80%E0%A4%AE%E0%A4%B0/,4582,"{""id_"": ""3d032134-b343-48a0-83ee-5848d0ef7656"", ""embedding"": null, ""metadata"": {""Category"": ""0"", ""Year"": ""2009"", ""Month"": ""8"", ""Day"": ""2"", ""Crop"": ""CATTLE"", ""State"": ""MADHYA PRADESH"", ""District"": ""DAMOH"", ""BlockName"": ""0"", ""Sector"": ""ANIMAL HUSBANDRY"", ""Sector (A)"": ""ANIMAL HUSBANDRY"", ""Season"": ""JAYAD"", ""QueryType"": ""9999"", ""Agri Specialist"": ""Chaitanya Sameera Sandaka"", ""latitude"": ""23.7981"", ""longitude"": ""79.5419"", ""cluster"": ""-1"", ""num_questions_in_cluster"": """", ""Date"": ""8-9-2025"", ""Source [Name and Link]"": ""https://www.myscheme.gov.in/schemes/avgsy https://dhar.nic.in/%E0%A4%A8%E0%A4%B5%E0%A5%80%E0%A4%A8-%E0%A4%98%E0%A4%9F%E0%A4%95-%E0%A4%95%E0%A5%87-%E0%A4%B0%E0%A5%82%E0%A4%AA-%E0%A4%AE%E0%A5%87%E0%A4%82-%E0%A4%A1%E0%A5%89-%E0%A4%AD%E0%A5%80%E0%A4%AE%E0%A4%B0/"", ""SL No."": ""4582""}, ""excluded_embed_metadata_keys"": [], ""excluded_llm_metadata_keys"": [], ""relationships"": {""1"": {""node_id"": ""fd38dbc372642d59d2d3e3bd"", ""node_type"": ""4"", ""metadata"": {""Category"": ""0"", ""Year"": ""2009"", ""Month"": ""8"", ""Day"": ""2"", ""Crop"": ""CATTLE"", ""State"": ""MADHYA PRADESH"", ""District"": ""DAMOH"", ""BlockName"": ""0"", ""Sector"": ""ANIMAL HUSBANDRY"", ""Sector (A)"": ""ANIMAL HUSBANDRY"", ""Season"": ""JAYAD"", ""QueryType"": ""9999"", ""Agri Specialist"": ""Chaitanya Sameera Sandaka"", ""latitude"": ""23.7981"", ""longitude"": ""79.5419"", ""cluster"": ""-1"", ""num_questions_in_cluster"": """", ""Date"": ""8-9-2025"", ""Source [Name and Link]"": ""https://www.myscheme.gov.in/schemes/avgsy https://dhar.nic.in/%E0%A4%A8%E0%A4%B5%E0%A5%80%E0%A4%A8-%E0%A4%98%E0%A4%9F%E0%A4%95-%E0%A4%95%E0%A5%87-%E0%A4%B0%E0%A5%82%E0%A4%AA-%E0%A4%AE%E0%A5%87%E0%A4%82-%E0%A4%A1%E0%A5%89-%E0%A4%AD%E0%A5%80%E0%A4%AE%E0%A4%B0/"", ""SL No."": ""4582""}, ""hash"": ""71bc7f9ef8afc6007415b0e2efd44c4f114dc20148ac809609b29db7c27aba1f"", ""class_name"": ""RelatedNodeInfo""}}, ""metadata_template"": ""{key}: {value}"", ""metadata_separator"": ""\n"", ""text"": """", ""mimetype"": ""text/plain"", ""start_char_idx"": 0, ""end_char_idx"": 1769, ""metadata_seperator"": ""\n"", ""text_template"": ""{metadata_str}\n\n{content}"", ""class_name"": ""TextNode""}",TextNode,fd38dbc372642d59d2d3e3bd,fd38dbc372642d59d2d3e3bd,fd38dbc372642d59d2d3e3bd,Madhya Pradesh
69633c95-ada1-4ad2-8554-ead58bbd9e84,"Question: Which are the suitable varieties of cauliflower for ludhiyana region?

Answer: For cultivating cauliflower in Punjab, the best varieties differ based on the three distinct growing seasons: Early, Main, and Late. The Punjab Agricultural University (PAU) has specific recommendations for each to ensure the best quality and yield. Early Season Varieties: These varieties are sown in summer and are tolerant to heat and rain. Harvest Time: September to November. Pusa Shubhra, this is a popular improved variety known for its heat tolerance. Curd (Flower) is medium-sized, compact, and creamy white. Good self-blanching character (leaves cover the curd to protect it from the sun). Pusa Early Kunwari, a well-known early variety suitable for Punjab's conditions. Curd (Flower) is yellowish-white, medium-sized. It is a very early-maturing variety. Main Season Varieties This is the ideal season for cauliflower, with a wide range of high-yielding varieties. Harvest Time: December to January. Punjab Giant-35, a leading variety developed by PAU, is perfect for the main season. Curd (Flower) is Solid, large, and creamy white. High-yielding and well-suited for the local market preference. Late Season Varieties: These varieties require cool winter temperatures for proper curd development and are harvested in late winter. Harvest Time: January to March. Pusa Snowball-1, This is a very popular and reliable late-season variety. Curd (Flower) is Compact, medium-sized, and pure snow-white. Excellent quality curds that are ideal for both the fresh market and processing. Pusa Snowball K-1, an improved version of Pusa Snowball, is the most widely grown late variety in North India. Curd (Flower) is very solid, pure white, and of excellent quality. High yield potential and good keeping quality. Yield and Spacing The yield and spacing vary significantly depending on the growing season and the vigor of the variety. Early Season requires spacing about 45 cm x 30 cm and gives an average yield of about 60 - 80 Quintals. Main Season needs spacing about 60 cm x 45 cm and gives a yield of about 80 - 100 Quintals. Late Season requires about spacing about 60 cm x 45 cm and gives a yield of about 100 - 125 Quintals.",all,2015,9,29,Cauliflower,LUDHIANA,all,Horticulture,Horticulture,Kharif,,Souvik Roy,,,-1,,16-8-2025,,2148,"{""id_"": ""69633c95-ada1-4ad2-8554-ead58bbd9e84"", ""embedding"": null, ""metadata"": {""Category"": """", ""Year"": ""2015"", ""Month"": ""9"", ""Day"": ""29"", ""Crop"": ""Cauliflower"", ""State"": ""PUNJAB"", ""District"": ""LUDHIANA"", ""BlockName"": """", ""Sector"": ""HORTICULTURE"", ""Sector (A)"": ""HORTICULTURE"", ""Season"": ""KHARIF"", ""QueryType"": """", ""Agri Specialist"": ""Khaja Suhaib Khaja Azharuddin"", ""latitude"": """", ""longitude"": """", ""cluster"": ""-1"", ""num_questions_in_cluster"": """", ""Date"": ""16-8-2025"", ""Source [Name and Link]"": """", ""SL No."": ""2148""}, ""excluded_embed_metadata_keys"": [], ""excluded_llm_metadata_keys"": [], ""relationships"": {""1"": {""node_id"": ""d0ef983d456c287de015c6eb"", ""node_type"": ""4"", ""metadata"": {""Category"": """", ""Year"": ""2015"", ""Month"": ""9"", ""Day"": ""29"", ""Crop"": ""Cauliflower"", ""State"": ""PUNJAB"", ""District"": ""LUDHIANA"", ""BlockName"": """", ""Sector"": ""HORTICULTURE"", ""Sector (A)"": ""HORTICULTURE"", ""Season"": ""KHARIF"", ""QueryType"": """", ""Agri Specialist"": ""Khaja Suhaib Khaja Azharuddin"", ""latitude"": """", ""longitude"": """", ""cluster"": ""-1"", ""num_questions_in_cluster"": """", ""Date"": ""16-8-2025"", ""Source [Name and Link]"": """", ""SL No."": ""2148""}, ""hash"": ""56e5f86fcd3c16c102c168b58ad1e24b7b40683c65f9a108355a82940dc0d73b"", ""class_name"": ""RelatedNodeInfo""}}, ""metadata_template"": ""{key}: {value}"", ""metadata_separator"": ""\n"", ""text"": """", ""mimetype"": ""text/plain"", ""start_char_idx"": 0, ""end_char_idx"": 2222, ""metadata_seperator"": ""\n"", ""text_template"": ""{metadata_str}\n\n{content}"", ""class_name"": ""TextNode""}",TextNode,d0ef983d456c287de015c6eb,d0ef983d456c287de015c6eb,d0ef983d456c287de015c6eb,Punjab
237686bc-7f94-4d47-9dc9-485bd6eb3deb,"Question: What is the heating problem in animals?

Answer: Heating in animals, also called heat stress, happens when animals get too hot, especially during summer. It is common in cows, buffaloes, goats, and poultry. When animals are too hot, they may eat less, drink more water, breathe fast, or look tired. Their milk production can drop, and in serious cases, they can become sick or even die. Heat stress happens when the weather is too hot, there is no shade, or the shed has poor airflow. To control this, farmers should give clean drinking water, provide shade, fans, or coolers, and avoid working animals during the hottest part of the day. Bathing cows and buffaloes with cool water also helps.It is also important to manage their diet. Farmers should feed animals during the cooler hours of morning or evening. They can increase energy in the feed by adding things like bypass fat. Giving electrolyte powders in drinking water helps replace minerals lost through sweat. These steps help animals stay healthy and productive during hot weather.",all,2010,3,6,all,Gurdaspur,all,Animal Husbandry,Animal Husbandry,Rabi,,Ponugoti Kavya,,,-1,,6-8-2025,https://agriculture.vic.gov.au/livestock-and-animals/livestock-health-and-welfare/caring-for-animals-during-extreme-heat,1088,"{""id_"": ""237686bc-7f94-4d47-9dc9-485bd6eb3deb"", ""embedding"": null, ""metadata"": {""Category"": """", ""Year"": ""2010"", ""Month"": ""3"", ""Day"": ""6"", ""Crop"": ""Gen"", ""State"": ""PUNJAB"", ""District"": ""GURDASPUR"", ""BlockName"": """", ""Sector"": ""ANIMAL HUSBANDRY"", ""Sector (A)"": ""ANIMAL HUSBANDRY"", ""Season"": ""RABI"", ""QueryType"": """", ""Agri Specialist"": ""Ponugoti Kavya"", ""latitude"": """", ""longitude"": """", ""cluster"": ""-1"", ""num_questions_in_cluster"": """", ""Date"": ""6-8-2025"", ""Source [Name and Link]"": ""https://agriculture.vic.gov.au/livestock-and-animals/livestock-health-and-welfare/caring-for-animals-during-extreme-heat"", ""SL No."": ""1088""}, ""excluded_embed_metadata_keys"": [], ""excluded_llm_metadata_keys"": [], ""relationships"": {""1"": {""node_id"": ""1554c9a92e9f5bd90516ef9d"", ""node_type"": ""4"", ""metadata"": {""Category"": """", ""Year"": ""2010"", ""Month"": ""3"", ""Day"": ""6"", ""Crop"": ""Gen"", ""State"": ""PUNJAB"", ""District"": ""GURDASPUR"", ""BlockName"": """", ""Sector"": ""ANIMAL HUSBANDRY"", ""Sector (A)"": ""ANIMAL HUSBANDRY"", ""Season"": ""RABI"", ""QueryType"": """", ""Agri Specialist"": ""Ponugoti Kavya"", ""latitude"": """", ""longitude"": """", ""cluster"": ""-1"", ""num_questions_in_cluster"": """", ""Date"": ""6-8-2025"", ""Source [Name and Link]"": ""https://agriculture.vic.gov.au/livestock-and-animals/livestock-health-and-welfare/caring-for-animals-during-extreme-heat"", ""SL No."": ""1088""}, ""hash"": ""30c298551778995d4d2fea1a7374af64dae4f702795fb6d6db3a055dcd6d3a0d"", ""class_name"": ""RelatedNodeInfo""}}, ""metadata_template"": ""{key}: {value}"", ""metadata_separator"": ""\n"", ""text"": """", ""mimetype"": ""text/plain"", ""start_char_idx"": 0, ""end_char_idx"": 1052, ""metadata_seperator"": ""\n"", ""text_template"": ""{metadata_str}\n\n{content}"", ""class_name"": ""TextNode""}",TextNode,1554c9a92e9f5bd90516ef9d,1554c9a92e9f5bd90516ef9d,1554c9a92e9f5bd90516ef9d,Punjab
8be289bf-692b-48e9-bd92-ecfb7bdb3d18,"Question: What are the causes and control measures of root rot in paddy in Patiala, Punjab?

Answer: Root rot in paddy is a common fungal disease caused by soil-borne fungi like fusarium and pythium species, leading to decay of roots and poor nutrient uptake. Symptoms include yellowing leaves, stunted growth, and wilting, especially under waterlogged and poorly drained conditions. To manage root rot, seeds should be treated with fungicides such as carbendazim at 2 grams per kilogram of seed before sowing. Foliar sprays or soil drenching with carbendazim 1 gram per liter of water (200gm/ac in 200 lit of water) with waiting period of 30 days. Proper field drainage, crop rotation, and removal of infected plants are important cultural practices",all,2016,7,4,Paddy,PATIALA,all,Agriculture,Agriculture,Kharif,,Ponugoti Kavya,,,-1,,,,2364,"{""id_"": ""8be289bf-692b-48e9-bd92-ecfb7bdb3d18"", ""embedding"": null, ""metadata"": {""Category"": """", ""Year"": ""2016"", ""Month"": ""7"", ""Day"": ""4"", ""Crop"": ""Paddy Dhan"", ""State"": ""PUNJAB"", ""District"": ""PATIALA"", ""BlockName"": """", ""Sector"": ""AGRICULTURE"", ""Sector (A)"": ""AGRICULTURE"", ""Season"": ""KHARIF"", ""QueryType"": """", ""Agri Specialist"": ""Ponugoti Kavya"", ""latitude"": """", ""longitude"": """", ""cluster"": ""-1"", ""num_questions_in_cluster"": """", ""Date"": """", ""Source [Name and Link]"": """", ""SL No."": ""2364""}, ""excluded_embed_metadata_keys"": [], ""excluded_llm_metadata_keys"": [], ""relationships"": {""1"": {""node_id"": ""2f64db14ed53bd80abb9d3a3"", ""node_type"": ""4"", ""metadata"": {""Category"": """", ""Year"": ""2016"", ""Month"": ""7"", ""Day"": ""4"", ""Crop"": ""Paddy Dhan"", ""State"": ""PUNJAB"", ""District"": ""PATIALA"", ""BlockName"": """", ""Sector"": ""AGRICULTURE"", ""Sector (A)"": ""AGRICULTURE"", ""Season"": ""KHARIF"", ""QueryType"": """", ""Agri Specialist"": ""Ponugoti Kavya"", ""latitude"": """", ""longitude"": """", ""cluster"": ""-1"", ""num_questions_in_cluster"": """", ""Date"": """", ""Source [Name and Link]"": """", ""SL No."": ""2364""}, ""hash"": ""06f83b66a929c1c75752fde97536c5362d66aaa97b8453108478f9cdc751755e"", ""class_name"": ""RelatedNodeInfo""}}, ""metadata_template"": ""{key}: {value}"", ""metadata_separator"": ""\n"", ""text"": """", ""mimetype"": ""text/plain"", ""start_char_idx"": 0, ""end_char_idx"": 750, ""metadata_seperator"": ""\n"", ""text_template"": ""{metadata_str}\n\n{content}"", ""class_name"": ""TextNode""}",TextNode,2f64db14ed53bd80abb9d3a3,2f64db14ed53bd80abb9d3a3,2f64db14ed53bd80abb9d3a3,Punjab
02805ca6-dda2-41c2-9f8c-657768b92efc,"Question: How to control pest in mango?

Answer: Pest control in mango cultivation involves regular monitoring and timely interventions to protect the crop from yield losses. Common pests include mango hopper, mealybugs, and malformation-causing insects. To manage mango hopper, spray Imidacloprid at 40-60 ml per acre (0.1% solution) during February and March when the pest attacks flowers and young fruits. Mealybugs can be controlled by dusting Neem oil-based insecticide or applying Spinosad as per label instructions. For mango malformation disease caused by insects, remove and destroy affected flower clusters by cutting 15 cm behind the infected parts. Additionally, spray Naphthalene Acetic Acid (NAA) at 40ml per acre along with Lambda-cyhalothrin 200 ml per acre (0.05% concentration), to manage malformation. These integrated pest management strategies, combined with good orchard sanitation and cultural practices, help maintain healthy mango trees and ensure better fruit production.",all,2009,11,30,Mango,Damoh,all,Horticulture,Horticulture,Kharif,76,Ponugoti Kavya,23.7981,79.5419,-1,,9-9-2025,Mango tree as well as fruit,4664,"{""id_"": ""02805ca6-dda2-41c2-9f8c-657768b92efc"", ""embedding"": null, ""metadata"": {""Category"": ""0"", ""Year"": ""2009"", ""Month"": ""11"", ""Day"": ""30"", ""Crop"": ""mango"", ""State"": ""MADHYA PRADESH"", ""District"": ""DAMOH"", ""BlockName"": ""0"", ""Sector"": ""HORTICULTURE"", ""Sector (A)"": ""HORTICULTURE"", ""Season"": ""KHARIF"", ""QueryType"": ""76"", ""Agri Specialist"": ""Ponugoti Kavya"", ""latitude"": ""23.7981"", ""longitude"": ""79.5419"", ""cluster"": ""-1"", ""num_questions_in_cluster"": """", ""Date"": ""9-9-2025"", ""Source [Name and Link]"": ""Mango tree as well as fruit"", ""SL No."": ""4664""}, ""excluded_embed_metadata_keys"": [], ""excluded_llm_metadata_keys"": [], ""relationships"": {""1"": {""node_id"": ""be742df7d248bea8e2a2b3fc"", ""node_type"": ""4"", ""metadata"": {""Category"": ""0"", ""Year"": ""2009"", ""Month"": ""11"", ""Day"": ""30"", ""Crop"": ""mango"", ""State"": ""MADHYA PRADESH"", ""District"": ""DAMOH"", ""BlockName"": ""0"", ""Sector"": ""HORTICULTURE"", ""Sector (A)"": ""HORTICULTURE"", ""Season"": ""KHARIF"", ""QueryType"": ""76"", ""Agri Specialist"": ""Ponugoti Kavya"", ""latitude"": ""23.7981"", ""longitude"": ""79.5419"", ""cluster"": ""-1"", ""num_questions_in_cluster"": """", ""Date"": ""9-9-2025"", ""Source [Name and Link]"": ""Mango tree as well as fruit"", ""SL No."": ""4664""}, ""hash"": ""1762d5663fe1953e88c943208fdbfe933b94a48997e464fdc6f9fceb8de5fecb"", ""class_name"": ""RelatedNodeInfo""}}, ""metadata_template"": ""{key}: {value}"", ""metadata_separator"": ""\n"", ""text"": """", ""mimetype"": ""text/plain"", ""start_char_idx"": 0, ""end_char_idx"": 997, ""metadata_seperator"": ""\n"", ""text_template"": ""{metadata_str}\n\n{content}"", ""class_name"": ""TextNode""}",TextNode,be742df7d248bea8e2a2b3fc,be742df7d248bea8e2a2b3fc,be742df7d248bea8e2a2b3fc,Madhya Pradesh
007aeabb-e4f8-431d-b864-c5df9e28929f,"Question: How to control anthracnose in plants?

Answer: Anthracnose is a fungal disease caused by Colletotrichum in crops like tomatoes, mangoes, chillies and beans. It shows up as dark spots on leaves, stems, and fruits, causing leaves to yellow, fall off early, and fruits to rot, which can reduce crop yield. To control anthracnose, use healthy seeds, rotate crops, remove infected plants, and keep plants well-spaced. Avoid watering from above to keep leaves dry. Spray fungicides like copper oxychloride @ 2 g per litre or Mancozeb @ 2 g per litre water at 15‐day intervals, beginning at flowering onset.",all,2009,7,11,all,SALEM,all,Agriculture,Agriculture,Zaid,,Ponugoti Kavya,,,-1,,6-8-2025,"Sources:
https://www.researchtrend.net/bfij/pdf/Evaluation-of-Copper-Fungicide-in-Anthracnose-of-Pumpkin-under-Organic-Cultivation-in-Assam-Jangila-Hazowary-58.pdf 
https://www.ijcmas.com/9-12-2020/T.%20Tharana%20Poonacha,%20et%20al.pdf",2674,"{""id_"": ""007aeabb-e4f8-431d-b864-c5df9e28929f"", ""embedding"": null, ""metadata"": {""Category"": """", ""Year"": ""2009"", ""Month"": ""7"", ""Day"": ""11"", ""Crop"": ""Gen"", ""State"": ""TAMILNADU"", ""District"": ""SALEM"", ""BlockName"": """", ""Sector"": ""AGRICULTURE"", ""Sector (A)"": ""AGRICULTURE"", ""Season"": ""JAYAD"", ""QueryType"": """", ""Agri Specialist"": ""Ponugoti Kavya"", ""latitude"": """", ""longitude"": """", ""cluster"": ""-1"", ""num_questions_in_cluster"": """", ""Date"": ""6-8-2025"", ""Source [Name and Link]"": ""Sources:\nhttps://www.researchtrend.net/bfij/pdf/Evaluation-of-Copper-Fungicide-in-Anthracnose-of-Pumpkin-under-Organic-Cultivation-in-Assam-Jangila-Hazowary-58.pdf \nhttps://www.ijcmas.com/9-12-2020/T.%20Tharana%20Poonacha,%20et%20al.pdf"", ""SL No."": ""2674""}, ""excluded_embed_metadata_keys"": [], ""excluded_llm_metadata_keys"": [], ""relationships"": {""1"": {""node_id"": ""0aeafc9141f034bab3feed64"", ""node_type"": ""4"", ""metadata"": {""Category"": """", ""Year"": ""2009"", ""Month"": ""7"", ""Day"": ""11"", ""Crop"": ""Gen"", ""State"": ""TAMILNADU"", ""District"": ""SALEM"", ""BlockName"": """", ""Sector"": ""AGRICULTURE"", ""Sector (A)"": ""AGRICULTURE"", ""Season"": ""JAYAD"", ""QueryType"": """", ""Agri Specialist"": ""Ponugoti Kavya"", ""latitude"": """", ""longitude"": """", ""cluster"": ""-1"", ""num_questions_in_cluster"": """", ""Date"": ""6-8-2025"", ""Source [Name and Link]"": ""Sources:\nhttps://www.researchtrend.net/bfij/pdf/Evaluation-of-Copper-Fungicide-in-Anthracnose-of-Pumpkin-under-Organic-Cultivation-in-Assam-Jangila-Hazowary-58.pdf \nhttps://www.ijcmas.com/9-12-2020/T.%20Tharana%20Poonacha,%20et%20al.pdf"", ""SL No."": ""2674""}, ""hash"": ""258e656958e73d4e5ac4356690a70414158c411aa426dc5c8755b87e6e6df034"", ""class_name"": ""RelatedNodeInfo""}}, ""metadata_template"": ""{key}: {value}"", ""metadata_separator"": ""\n"", ""text"": """", ""mimetype"": ""text/plain"", ""start_char_idx"": 0, ""end_char_idx"": 610, ""metadata_seperator"": ""\n"", ""text_template"": ""{metadata_str}\n\n{content}"", ""class_name"": ""TextNode""}",TextNode,0aeafc9141f034bab3feed64,0aeafc9141f034bab3feed64,0aeafc9141f034bab3feed64,Tamil Nadu
c4337e39-4f04-4867-90a4-fa84af386515,"Question: How much quantity should I apply of Zinc sulphate and SSP for soyabean crop?

Answer: The recommended quantity of Single Super Phosphate for a soybean crop is 125 to 150 kg/acre. SSP provides phosphorus, which is essential for strong root development and overall plant growth. It also supplies valuable sulphur and calcium, which are important secondary nutrients for soybean. The recommended quantity of Zinc Sulphate for a soybean crop is 10 to 20 kg/acre. It is crucial to use the Zinc Sulphate Heptahydrate form, which contains 21 percent zinc. Zinc is a critical micronutrient that prevents deficiency-related yield losses and supports various plant functions. Apply them separately at different times or in different parts of the field.",all,2009,5,20,Soybean,Damoh,all,Agriculture,Agriculture,Zaid,9999,Tejas R. Dange,23.7981,79.5419,-1,,,"https://kvkbalaghat.mp.gov.in/package%20of%20practices/Soybean.pdf 
http://nrcsoybean.icar.gov.in/ 
https://kvk.icar.gov.in/",4546,"{""id_"": ""c4337e39-4f04-4867-90a4-fa84af386515"", ""embedding"": null, ""metadata"": {""Category"": ""0"", ""Year"": ""2009"", ""Month"": ""5"", ""Day"": ""20"", ""Crop"": ""Soyabean"", ""State"": ""MADHYA PRADESH"", ""District"": ""DAMOH"", ""BlockName"": ""0"", ""Sector"": ""AGRICULTURE"", ""Sector (A)"": ""AGRICULTURE"", ""Season"": ""JAYAD"", ""QueryType"": ""9999"", ""Agri Specialist"": ""Tejas R. Dange"", ""latitude"": ""23.7981"", ""longitude"": ""79.5419"", ""cluster"": ""-1"", ""num_questions_in_cluster"": """", ""Date"": """", ""Source [Name and Link]"": ""https://kvkbalaghat.mp.gov.in/package%20of%20practices/Soybean.pdf \nhttp://nrcsoybean.icar.gov.in/ \nhttps://kvk.icar.gov.in/"", ""SL No."": ""4546""}, ""excluded_embed_metadata_keys"": [], ""excluded_llm_metadata_keys"": [], ""relationships"": {""1"": {""node_id"": ""085a9f8d7ed53bccbc350459"", ""node_type"": ""4"", ""metadata"": {""Category"": ""0"", ""Year"": ""2009"", ""Month"": ""5"", ""Day"": ""20"", ""Crop"": ""Soyabean"", ""State"": ""MADHYA PRADESH"", ""District"": ""DAMOH"", ""BlockName"": ""0"", ""Sector"": ""AGRICULTURE"", ""Sector (A)"": ""AGRICULTURE"", ""Season"": ""JAYAD"", ""QueryType"": ""9999"", ""Agri Specialist"": ""Tejas R. Dange"", ""latitude"": ""23.7981"", ""longitude"": ""79.5419"", ""cluster"": ""-1"", ""num_questions_in_cluster"": """", ""Date"": """", ""Source [Name and Link]"": ""https://kvkbalaghat.mp.gov.in/package%20of%20practices/Soybean.pdf \nhttp://nrcsoybean.icar.gov.in/ \nhttps://kvk.icar.gov.in/"", ""SL No."": ""4546""}, ""hash"": ""5530a731e59c0c0d68131d983c4803cc6590b280d0c0e573b2cd6b5bf92db4d8"", ""class_name"": ""RelatedNodeInfo""}}, ""metadata_template"": ""{key}: {value}"", ""metadata_separator"": ""\n"", ""text"": """", ""mimetype"": ""text/plain"", ""start_char_idx"": 0, ""end_char_idx"": 752, ""metadata_seperator"": ""\n"", ""text_template"": ""{metadata_str}\n\n{content}"", ""class_name"": ""TextNode""}",TextNode,085a9f8d7ed53bccbc350459,085a9f8d7ed53bccbc350459,085a9f8d7ed53bccbc350459,Madhya Pradesh
34d92270-28b4-4f11-b4fb-4fdd86da13e0,"Question: Information regarding how to control the Stem fly in Soyabean

Answer: Controlling stem fly in soybean crops in Sagar, Madhya Pradesh, involves a combination of preventive measures and timely chemical applications. Early detection is key, as the pest's larvae tunnel inside the plant stem, causing stunting and yield loss. Avoid delayed planting, as it makes the crop more vulnerable to infestation. After harvest, deep summer ploughing exposes and kills the pupae of the stem fly, reducing the initial population for the next season. The Indian Institute of Soybean Research (IISR) recommends varieties with some level of resistance for Madhya Pradesh, such as NRC 7 and NRC 37. If you detect an infestation, chemical sprays are often necessary to prevent significant yield loss. The best time to apply insecticides is 10-15 days after sowing. Thiamethoxam 12.6% + Lambda-Cyhalothrin 9.5% ZC: A popular and effective pre-mix. Apply at a rate of 50 ml per acre.",Oilseeds,2020,9,4,Soybean,SAGAR,Sagar,Agriculture,Agriculture,Kharif,Plant Protection,Chaitanya Sameera Sandaka,23.8083,78.7583,944,7,2-9-2025,https://www.global-agriculture.com/farming-agriculture/icar-nsri-issues-advisory-on-initial-stem-fly-infestation-in-soybean-crops/,3870,"{""id_"": ""34d92270-28b4-4f11-b4fb-4fdd86da13e0"", ""embedding"": null, ""metadata"": {""Category"": ""Oilseeds"", ""Year"": ""2020"", ""Month"": ""9"", ""Day"": ""4"", ""Crop"": ""Soybean"", ""State"": ""MADHYA PRADESH"", ""District"": ""SAGAR"", ""BlockName"": ""SAGAR"", ""Sector"": ""AGRICULTURE"", ""Sector (A)"": ""AGRICULTURE"", ""Season"": ""KHARIF"", ""QueryType"": ""Plant Protection"", ""Agri Specialist"": ""Chaitanya Sameera Sandaka"", ""latitude"": ""23.8083"", ""longitude"": ""78.7583"", ""cluster"": ""944"", ""num_questions_in_cluster"": ""7"", ""Date"": ""2-9-2025"", ""Source [Name and Link]"": ""https://www.global-agriculture.com/farming-agriculture/icar-nsri-issues-advisory-on-initial-stem-fly-infestation-in-soybean-crops/"", ""SL No."": ""3870""}, ""excluded_embed_metadata_keys"": [], ""excluded_llm_metadata_keys"": [], ""relationships"": {""1"": {""node_id"": ""eaaa6c1a62b8518a8bc967a2"", ""node_type"": ""4"", ""metadata"": {""Category"": ""Oilseeds"", ""Year"": ""2020"", ""Month"": ""9"", ""Day"": ""4"", ""Crop"": ""Soybean"", ""State"": ""MADHYA PRADESH"", ""District"": ""SAGAR"", ""BlockName"": ""SAGAR"", ""Sector"": ""AGRICULTURE"", ""Sector (A)"": ""AGRICULTURE"", ""Season"": ""KHARIF"", ""QueryType"": ""Plant Protection"", ""Agri Specialist"": ""Chaitanya Sameera Sandaka"", ""latitude"": ""23.8083"", ""longitude"": ""78.7583"", ""cluster"": ""944"", ""num_questions_in_cluster"": ""7"", ""Date"": ""2-9-2025"", ""Source [Name and Link]"": ""https://www.global-agriculture.com/farming-agriculture/icar-nsri-issues-advisory-on-initial-stem-fly-infestation-in-soybean-crops/"", ""SL No."": ""3870""}, ""hash"": ""53c92e2eb78c9eb54b68f9bf63ec04e0d147a3645682cb961d22e0ed593c2d8b"", ""class_name"": ""RelatedNodeInfo""}}, ""metadata_template"": ""{key}: {value}"", ""metadata_separator"": ""\n"", ""text"": """", ""mimetype"": ""text/plain"", ""start_char_idx"": 0, ""end_char_idx"": 971, ""metadata_seperator"": ""\n"", ""text_template"": ""{metadata_str}\n\n{content}"", ""class_name"": ""TextNode""}",TextNode,eaaa6c1a62b8518a8bc967a2,eaaa6c1a62b8518a8bc967a2,eaaa6c1a62b8518a8bc967a2,Madhya Pradesh
27df04c1-7961-4ff7-8024-1997e02668e0,"Question: What is the process of cutting Nilgiris tree in own farm?

Answer: Cutting a Nilgiri tree (Eucalyptus) on your own farm depends on state forestry laws and farm ownership conditions. If planted on private land by the farmer- Eucalyptus (Nilgiri) is usually categorized as a fast-growing species not requiring strict felling permission in many states, including Maharashtra, However, some local regulations require intimation or transit permit for transporting logs outside your farm, If it is a naturally grown tree (not planted by you), Cutting may require permission from Forest Department. Transit Permit Requirement- For moving cut timber to markets or sawmills, you usually need a Transit Pass (TP) issued by the Forest Department. Steps to cut legally - Check with Gram Panchayat or Talathi: They will tell if prior intimation is enough, Contact Range Forest Office: Apply for a Transit Pass if you plan to transport wood, Maintain Proof of Ownership: Show land documents and proof that trees were planted by you. Penalty for illegal cutting- Unauthorized felling and transportation can lead to seizure of wood and fines under Indian Forest Act.",all,2009,6,19,all,PUNE,all,Agriculture,Agriculture,Zaid,,Gonnabathula Girishma,,,-1,,8-9-2025,https://nmsa.dac.gov.in/pdfDoc/circulers/1%20State-wise%20status%20regarding%20felling%20&%20transit%20rules%20of%20tree%20species%20for%20promotion%20of%20Agroforestry.pdf,955,"{""id_"": ""27df04c1-7961-4ff7-8024-1997e02668e0"", ""embedding"": null, ""metadata"": {""Category"": """", ""Year"": ""2009"", ""Month"": ""6"", ""Day"": ""19"", ""Crop"": ""Gen"", ""State"": ""MAHARASHTRA"", ""District"": ""PUNE"", ""BlockName"": """", ""Sector"": ""AGRICULTURE"", ""Sector (A)"": ""AGRICULTURE"", ""Season"": ""JAYAD"", ""QueryType"": """", ""Agri Specialist"": ""Gonnabathula Girishma"", ""latitude"": """", ""longitude"": """", ""cluster"": ""-1"", ""num_questions_in_cluster"": """", ""Date"": ""8-9-2025"", ""Source [Name and Link]"": ""https://nmsa.dac.gov.in/pdfDoc/circulers/1%20State-wise%20status%20regarding%20felling%20&%20transit%20rules%20of%20tree%20species%20for%20promotion%20of%20Agroforestry.pdf"", ""SL No."": ""955""}, ""excluded_embed_metadata_keys"": [], ""excluded_llm_metadata_keys"": [], ""relationships"": {""1"": {""node_id"": ""c808913baadfa924e8e2ab43"", ""node_type"": ""4"", ""metadata"": {""Category"": """", ""Year"": ""2009"", ""Month"": ""6"", ""Day"": ""19"", ""Crop"": ""Gen"", ""State"": ""MAHARASHTRA"", ""District"": ""PUNE"", ""BlockName"": """", ""Sector"": ""AGRICULTURE"", ""Sector (A)"": ""AGRICULTURE"", ""Season"": ""JAYAD"", ""QueryType"": """", ""Agri Specialist"": ""Gonnabathula Girishma"", ""latitude"": """", ""longitude"": """", ""cluster"": ""-1"", ""num_questions_in_cluster"": """", ""Date"": ""8-9-2025"", ""Source [Name and Link]"": ""https://nmsa.dac.gov.in/pdfDoc/circulers/1%20State-wise%20status%20regarding%20felling%20&%20transit%20rules%20of%20tree%20species%20for%20promotion%20of%20Agroforestry.pdf"", ""SL No."": ""955""}, ""hash"": ""c2390c9aba5ddee2d48ef19cb22370fda0c030fe3417b4299499958f4549daa6"", ""class_name"": ""RelatedNodeInfo""}}, ""metadata_template"": ""{key}: {value}"", ""metadata_separator"": ""\n"", ""text"": """", ""mimetype"": ""text/plain"", ""start_char_idx"": 0, ""end_char_idx"": 1160, ""metadata_seperator"": ""\n"", ""text_template"": ""{metadata_str}\n\n{content}"", ""class_name"": ""TextNode""}",TextNode,c808913baadfa924e8e2ab43,c808913baadfa924e8e2ab43,c808913baadfa924e8e2ab43,Maharashtra
5be38c81-0d22-4aad-b2c2-b4110ed16a97,"Question: What are the recommended practices for controlling Fruit Borer in Pomegranate?

Answer: Fruit borer is a silent invader in Pomegranate, often going unnoticed until it drills into the fruits, causing holes, internal damage, and rotting. To manage this pest effectively, you should regularly inspect the orchard and remove and destroy any infested fruits to stop further spread. As a preventive step, bagging healthy fruits using paper or cloth bags after fruit set can also protect them from borer attack. If the infestation is visible or expected during the fruit development stage, you can spray Lambda-cyhalothrin 04.90 CS at 0.5 ml per litre of water, or 160 ml per acre, ensuring good coverage. This spray should be done during the early fruiting stage, when young fruits are forming, and repeated as per pest pressure while following label instructions. Early monitoring, physical control, and timely spraying together can help save your crop and improve fruit quality. For pomegranate, the Pre Harvest Interval is 7 days for Lambda-cyhalothrin 04.90 CS, meaning you should stop spraying this insecticide 7 days before harvest.",all,2009,8,24,Pomegranate,Kurkshetra,all,Horticulture,Horticulture,Zaid,3,Anjali Chauhan,29,76,790,6,4-8-2025,https://www.ppqs.gov.in/sites/default/files/1._mup_insecticide_03.04.2025.pdf,189,"{""id_"": ""5be38c81-0d22-4aad-b2c2-b4110ed16a97"", ""embedding"": null, ""metadata"": {""Category"": ""0"", ""Year"": ""2009"", ""Month"": ""8"", ""Day"": ""24"", ""Crop"": ""Pomegranate"", ""State"": ""Haryana"", ""District"": ""Kurkshetra"", ""BlockName"": """", ""Sector"": ""HORTICULTURE"", ""Sector (A)"": ""HORTICULTURE"", ""Season"": ""Jayad"", ""QueryType"": ""3"", ""Agri Specialist"": ""Anjali Chauhan"", ""latitude"": ""29"", ""longitude"": ""76"", ""cluster"": ""790"", ""num_questions_in_cluster"": ""6"", ""Date"": ""4-8-2025"", ""Source [Name and Link]"": ""https://www.ppqs.gov.in/sites/default/files/1._mup_insecticide_03.04.2025.pdf"", ""SL No."": ""189""}, ""excluded_embed_metadata_keys"": [], ""excluded_llm_metadata_keys"": [], ""relationships"": {""1"": {""node_id"": ""74b711b8203a2afd78294130"", ""node_type"": ""4"", ""metadata"": {""Category"": ""0"", ""Year"": ""2009"", ""Month"": ""8"", ""Day"": ""24"", ""Crop"": ""Pomegranate"", ""State"": ""Haryana"", ""District"": ""Kurkshetra"", ""BlockName"": """", ""Sector"": ""HORTICULTURE"", ""Sector (A)"": ""HORTICULTURE"", ""Season"": ""Jayad"", ""QueryType"": ""3"", ""Agri Specialist"": ""Anjali Chauhan"", ""latitude"": ""29"", ""longitude"": ""76"", ""cluster"": ""790"", ""num_questions_in_cluster"": ""6"", ""Date"": ""4-8-2025"", ""Source [Name and Link]"": ""https://www.ppqs.gov.in/sites/default/files/1._mup_insecticide_03.04.2025.pdf"", ""SL No."": ""189""}, ""hash"": ""d758a097c95701839b3dc670f59788221f4772fdbe97a79fe2f9d6b1c584f636"", ""class_name"": ""RelatedNodeInfo""}}, ""metadata_template"": ""{key}: {value}"", ""metadata_separator"": ""\n"", ""text"": """", ""mimetype"": ""text/plain"", ""start_char_idx"": 0, ""end_char_idx"": 1142, ""metadata_seperator"": ""\n"", ""text_template"": ""{metadata_str}\n\n{content}"", ""class_name"": ""TextNode""}",TextNode,74b711b8203a2afd78294130,74b711b8203a2afd78294130,74b711b8203a2afd78294130,Haryana
56628c74-dbb6-4ba6-b096-7a7b84df61a9,"Question: How to enhances the growth of Soybean?

Answer: Soyabean is a major kharif season crop in Madhya Pradesh. Prepare the land to get fine tilth and form beds and channels. Treat the seeds with Thiram @ 2g/kg of seed 24hrs before sowing or with talc formulation of Trichoderma viride @ 4 g/kg seed (or) Pseudomonas fluorescens @ 10 g/kg seed. add biofertilizers PSB is used to convert phosphorus into soluble state and make it available to plants when mixed in the field at the rate of 2.50 kg per acre. apply fertilizer Foliar spray of NAA 40 mg/litre and Salicylic acid 100 mg/litre once at pre-flowering and another at 15 days thereafter, Foliar spray of DAP 20 g/litre or urea 20 g/litre once at flowering and another at 15 days thereafter. sowing methods- Dibble or drill the seeds.",all,2009,9,3,Soybean,SAGAR,all,Agriculture,Agriculture,Zaid,9999,Gonnabathula Girishma,23.8083,78.7583,-1,,4-9-2025,https://agritech.tnau.ac.in/agriculture/CropProduction/Pulses/pulses_soybean.html,4323,"{""id_"": ""56628c74-dbb6-4ba6-b096-7a7b84df61a9"", ""embedding"": null, ""metadata"": {""Category"": ""0"", ""Year"": ""2009"", ""Month"": ""9"", ""Day"": ""3"", ""Crop"": ""Soybean"", ""State"": ""MADHYA PRADESH"", ""District"": ""SAGAR"", ""BlockName"": ""0"", ""Sector"": ""AGRICULTURE"", ""Sector (A)"": ""AGRICULTURE"", ""Season"": ""JAYAD"", ""QueryType"": ""9999"", ""Agri Specialist"": ""Gonnabathula Girishma"", ""latitude"": ""23.8083"", ""longitude"": ""78.7583"", ""cluster"": ""-1"", ""num_questions_in_cluster"": """", ""Date"": ""4-9-2025"", ""Source [Name and Link]"": ""https://agritech.tnau.ac.in/agriculture/CropProduction/Pulses/pulses_soybean.html"", ""SL No."": ""4323""}, ""excluded_embed_metadata_keys"": [], ""excluded_llm_metadata_keys"": [], ""relationships"": {""1"": {""node_id"": ""a210bafc53db4089d45f675e"", ""node_type"": ""4"", ""metadata"": {""Category"": ""0"", ""Year"": ""2009"", ""Month"": ""9"", ""Day"": ""3"", ""Crop"": ""Soybean"", ""State"": ""MADHYA PRADESH"", ""District"": ""SAGAR"", ""BlockName"": ""0"", ""Sector"": ""AGRICULTURE"", ""Sector (A)"": ""AGRICULTURE"", ""Season"": ""JAYAD"", ""QueryType"": ""9999"", ""Agri Specialist"": ""Gonnabathula Girishma"", ""latitude"": ""23.8083"", ""longitude"": ""78.7583"", ""cluster"": ""-1"", ""num_questions_in_cluster"": """", ""Date"": ""4-9-2025"", ""Source [Name and Link]"": ""https://agritech.tnau.ac.in/agriculture/CropProduction/Pulses/pulses_soybean.html"", ""SL No."": ""4323""}, ""hash"": ""f6f49a791122a8db820baa80b44e6f5d9a8e3ee06671493551e0d14bf8ee944f"", ""class_name"": ""RelatedNodeInfo""}}, ""metadata_template"": ""{key}: {value}"", ""metadata_separator"": ""\n"", ""text"": """", ""mimetype"": ""text/plain"", ""start_char_idx"": 0, ""end_char_idx"": 793, ""metadata_seperator"": ""\n"", ""text_template"": ""{metadata_str}\n\n{content}"", ""class_name"": ""TextNode""}",TextNode,a210bafc53db4089d45f675e,a210bafc53db4089d45f675e,a210bafc53db4089d45f675e,Madhya Pradesh
771d2613-dd96-4f66-a37a-ed1d508ea6ec,"Question: How can I control army worm infestation in wheat crop in Ludhiana, Punjab?

Answer: Army worm usually attack wheat in  March to April, however it can also damage in December if higher amount of paddy straw present in field. Armyworm mainly feed on leaves, cut them from edges and in severe cases larvae cut entire seedlings and create patches of defoliated wheat. To control this an integrated approach combining cultural, biological and chemical method is adopted. Do deep summer ploughing, keep the field free from grassy weeds(canary grass and wild oats), encourage natural enemies like birds, predatory mites and ladybird beetles and spray biopesticides like Bacillus thuringiensis (Bt) @ 1 g/litre of water or Neem-based formulations (Azadirachtin 1500 ppm) @ 2–2.5 ml/litre of water. Spray Chlorantraniliprole 18.5 SC @ 40 ml/acre in 80-100 litres of water or Lambda-cyhalothrin 5% EC @ 300 ml/acre in 120 litres of water, preferably at the late evening when armyworm larvae are most active. Alternatively, broadcast  Fipronil 0.3 GR @ 7 kg per acre mixed with 20 kg of moist sand before first irrigation for effectively control armyworm in wheat. A PHI(Pre Harvest Interval) or waiting period of 7-14 days should be followed for both Chlorantraniliprole and Lambda-cyhalothrin 5% EC.",all,2018,10,31,Wheat,LUDHIANA,all,Agriculture,Agriculture,Rabi,,Salim Sahaji,,,-1,,,,2482,"{""id_"": ""771d2613-dd96-4f66-a37a-ed1d508ea6ec"", ""embedding"": null, ""metadata"": {""Category"": """", ""Year"": ""2018"", ""Month"": ""10"", ""Day"": ""31"", ""Crop"": ""Wheat"", ""State"": ""PUNJAB"", ""District"": ""LUDHIANA"", ""BlockName"": """", ""Sector"": ""AGRICULTURE"", ""Sector (A)"": ""AGRICULTURE"", ""Season"": ""Rabi"", ""QueryType"": """", ""Agri Specialist"": ""Salim Sahaji"", ""latitude"": """", ""longitude"": """", ""cluster"": ""-1"", ""num_questions_in_cluster"": """", ""Date"": """", ""Source [Name and Link]"": """", ""SL No."": ""2482""}, ""excluded_embed_metadata_keys"": [], ""excluded_llm_metadata_keys"": [], ""relationships"": {""1"": {""node_id"": ""92962da6b1d4c9bc4e4ead7b"", ""node_type"": ""4"", ""metadata"": {""Category"": """", ""Year"": ""2018"", ""Month"": ""10"", ""Day"": ""31"", ""Crop"": ""Wheat"", ""State"": ""PUNJAB"", ""District"": ""LUDHIANA"", ""BlockName"": """", ""Sector"": ""AGRICULTURE"", ""Sector (A)"": ""AGRICULTURE"", ""Season"": ""Rabi"", ""QueryType"": """", ""Agri Specialist"": ""Salim Sahaji"", ""latitude"": """", ""longitude"": """", ""cluster"": ""-1"", ""num_questions_in_cluster"": """", ""Date"": """", ""Source [Name and Link]"": """", ""SL No."": ""2482""}, ""hash"": ""3fed4f69b195660d7612d0a5a2694f272be81fcf052184180370e6bd261f4bd5"", ""class_name"": ""RelatedNodeInfo""}}, ""metadata_template"": ""{key}: {value}"", ""metadata_separator"": ""\n"", ""text"": """", ""mimetype"": ""text/plain"", ""start_char_idx"": 0, ""end_char_idx"": 1300, ""metadata_seperator"": ""\n"", ""text_template"": ""{metadata_str}\n\n{content}"", ""class_name"": ""TextNode""}",TextNode,92962da6b1d4c9bc4e4ead7b,92962da6b1d4c9bc4e4ead7b,92962da6b1d4c9bc4e4ead7b,Punjab
d3c00f23-1013-4351-a39c-2b371b49def7,"Question: What is the recommended seed rate for Dhaincha?

Answer: If you are planning to grow Dhaincha as green manure, use about 20 kg of seeds per acre. For seed production, 8 kg of seeds per acre is sufficient. To improve germination, soak the seeds in water for 6–8 hours before sowing. The best time to sow Dhaincha is usually just before the onset of the monsoon or with the first rains, ensuring good soil moisture for quick seedling growth.",Cereals,2013,5,6,Dhaincha,Sirsa,Dabwali,Agriculture,Agriculture,Zaid,Cultural Practices,Anjali Chauhan,29.6063,74.9037,201,25,5-8-2025,https://www.apnikheti.com/en/pn/agriculture/crops/green-manure/dhaincha,251,"{""id_"": ""d3c00f23-1013-4351-a39c-2b371b49def7"", ""embedding"": null, ""metadata"": {""Category"": ""Cereals"", ""Year"": ""2013"", ""Month"": ""5"", ""Day"": ""6"", ""Crop"": ""Dhaincha"", ""State"": ""Haryana"", ""District"": ""Sirsa"", ""BlockName"": ""Dabwali"", ""Sector"": ""AGRICULTURE"", ""Sector (A)"": ""AGRICULTURE"", ""Season"": ""Jayad"", ""QueryType"": ""Cultural Practices"", ""Agri Specialist"": ""Anjali Chauhan"", ""latitude"": ""29.6063"", ""longitude"": ""74.9037"", ""cluster"": ""201"", ""num_questions_in_cluster"": ""25"", ""Date"": ""5-8-2025"", ""Source [Name and Link]"": ""https://www.apnikheti.com/en/pn/agriculture/crops/green-manure/dhaincha"", ""SL No."": ""251""}, ""excluded_embed_metadata_keys"": [], ""excluded_llm_metadata_keys"": [], ""relationships"": {""1"": {""node_id"": ""f92bc27e77a52b500cefa624"", ""node_type"": ""4"", ""metadata"": {""Category"": ""Cereals"", ""Year"": ""2013"", ""Month"": ""5"", ""Day"": ""6"", ""Crop"": ""Dhaincha"", ""State"": ""Haryana"", ""District"": ""Sirsa"", ""BlockName"": ""Dabwali"", ""Sector"": ""AGRICULTURE"", ""Sector (A)"": ""AGRICULTURE"", ""Season"": ""Jayad"", ""QueryType"": ""Cultural Practices"", ""Agri Specialist"": ""Anjali Chauhan"", ""latitude"": ""29.6063"", ""longitude"": ""74.9037"", ""cluster"": ""201"", ""num_questions_in_cluster"": ""25"", ""Date"": ""5-8-2025"", ""Source [Name and Link]"": ""https://www.apnikheti.com/en/pn/agriculture/crops/green-manure/dhaincha"", ""SL No."": ""251""}, ""hash"": ""f2f4fb63366665d6760d54f64f7b088d51dd39537506a7d7dcda330ab90d06b0"", ""class_name"": ""RelatedNodeInfo""}}, ""metadata_template"": ""{key}: {value}"", ""metadata_separator"": ""\n"", ""text"": """", ""mimetype"": ""text/plain"", ""start_char_idx"": 0, ""end_char_idx"": 449, ""metadata_seperator"": ""\n"", ""text_template"": ""{metadata_str}\n\n{content}"", ""class_name"": ""TextNode""}",TextNode,f92bc27e77a52b500cefa624,f92bc27e77a52b500cefa624,f92bc27e77a52b500cefa624,Haryana
563ac36a-0d5e-4e84-a6e6-ac7c571d957d,"Question: whom do i contact to enquire about Research station?

Answer: Here’s the contact information for the Horticultural Research Station, Pechiparai, which is the TNAU station located in the Pachiparai region (Kanniyakumari District, Tamil Nadu): Professor and Head, Horticultural Research Station, Pechiparai, Phone: (04651) 281191 and 281192, Email: hrsppi@tnau.ac.in.",all,2009,9,25,all,Dharmapuri,all,Horticulture,Horticulture,Zaid,,Gonnabathula Girishma,,,-1,,6-8-2025,,2694,"{""id_"": ""563ac36a-0d5e-4e84-a6e6-ac7c571d957d"", ""embedding"": null, ""metadata"": {""Category"": """", ""Year"": ""2009"", ""Month"": ""9"", ""Day"": ""25"", ""Crop"": ""Gen"", ""State"": ""TAMILNADU"", ""District"": ""DHARMAPURI"", ""BlockName"": """", ""Sector"": ""HORTICULTURE"", ""Sector (A)"": ""HORTICULTURE"", ""Season"": ""JAYAD"", ""QueryType"": """", ""Agri Specialist"": ""Gonnabathula Girishma"", ""latitude"": """", ""longitude"": """", ""cluster"": ""-1"", ""num_questions_in_cluster"": """", ""Date"": ""6-8-2025"", ""Source [Name and Link]"": """", ""SL No."": ""2694""}, ""excluded_embed_metadata_keys"": [], ""excluded_llm_metadata_keys"": [], ""relationships"": {""1"": {""node_id"": ""3031567a93dd504d9d2b82e4"", ""node_type"": ""4"", ""metadata"": {""Category"": """", ""Year"": ""2009"", ""Month"": ""9"", ""Day"": ""25"", ""Crop"": ""Gen"", ""State"": ""TAMILNADU"", ""District"": ""DHARMAPURI"", ""BlockName"": """", ""Sector"": ""HORTICULTURE"", ""Sector (A)"": ""HORTICULTURE"", ""Season"": ""JAYAD"", ""QueryType"": """", ""Agri Specialist"": ""Gonnabathula Girishma"", ""latitude"": """", ""longitude"": """", ""cluster"": ""-1"", ""num_questions_in_cluster"": """", ""Date"": ""6-8-2025"", ""Source [Name and Link]"": """", ""SL No."": ""2694""}, ""hash"": ""8fc000bb8f8df831ed17fdfeaa0203672b4f67fa81d1b838db6f36282d5f35cc"", ""class_name"": ""RelatedNodeInfo""}}, ""metadata_template"": ""{key}: {value}"", ""metadata_separator"": ""\n"", ""text"": """", ""mimetype"": ""text/plain"", ""start_char_idx"": 0, ""end_char_idx"": 375, ""metadata_seperator"": ""\n"", ""text_template"": ""{metadata_str}\n\n{content}"", ""class_name"": ""TextNode""}",TextNode,3031567a93dd504d9d2b82e4,3031567a93dd504d9d2b82e4,3031567a93dd504d9d2b82e4,Tamil Nadu
cd19dbc4-15c1-4035-883d-f4254941819a,"Question: How To Control Aphids In Barley Crop?

Answer: While barley is mostly grown in the Rabi season, if it is cultivated in the Kharif season (under special trial or fodder conditions), aphids can still pose a threat by sucking sap and potentially transmitting viral diseases. Symptoms include curling or yellowing of leaves, sticky honeydew on foliage, stunted tillers, and reduced grain formation. Follow (IPM) Cultural/Biological control: Use yellow sticky traps and release natural enemies. Chemical control: If the economic threshold level (ETL) is exceeded, spray systemic insecticides. Quinalphos 25% EC @ 1 L/acre may be applied (around 27 days after sowing). According to CCS HAU guidelines, Quinalphos is recommended for foliar aphid control, and sprays should be based on thresholds to avoid unnecessary chemical use. Apply sprays early in the morning or evening, and avoid flowering time to protect pollinators.",Cereals,2013,4,1,Barley,Hisar,Barwala,Agriculture,Agriculture,Kharif,,Gonnabathula Girishma,29.8573,76.4545,1580,8,5-8-2025,https://pmc.ncbi.nlm.nih.gov/articles/PMC8784848/,754,"{""id_"": ""cd19dbc4-15c1-4035-883d-f4254941819a"", ""embedding"": null, ""metadata"": {""Category"": ""Cereals"", ""Year"": ""2013"", ""Month"": ""4"", ""Day"": ""1"", ""Crop"": ""Barley"", ""State"": ""Haryana"", ""District"": ""Hissar"", ""BlockName"": ""Barwala"", ""Sector"": ""AGRICULTURE"", ""Sector (A)"": ""AGRICULTURE"", ""Season"": ""Kharif"", ""QueryType"": """", ""Agri Specialist"": ""Gonnabathula Girishma"", ""latitude"": ""29.8573"", ""longitude"": ""76.4545"", ""cluster"": ""1580"", ""num_questions_in_cluster"": ""8"", ""Date"": ""5-8-2025"", ""Source [Name and Link]"": ""https://pmc.ncbi.nlm.nih.gov/articles/PMC8784848/"", ""SL No."": ""754""}, ""excluded_embed_metadata_keys"": [], ""excluded_llm_metadata_keys"": [], ""relationships"": {""1"": {""node_id"": ""9da72e082863828e23e439a1"", ""node_type"": ""4"", ""metadata"": {""Category"": ""Cereals"", ""Year"": ""2013"", ""Month"": ""4"", ""Day"": ""1"", ""Crop"": ""Barley"", ""State"": ""Haryana"", ""District"": ""Hissar"", ""BlockName"": ""Barwala"", ""Sector"": ""AGRICULTURE"", ""Sector (A)"": ""AGRICULTURE"", ""Season"": ""Kharif"", ""QueryType"": """", ""Agri Specialist"": ""Gonnabathula Girishma"", ""latitude"": ""29.8573"", ""longitude"": ""76.4545"", ""cluster"": ""1580"", ""num_questions_in_cluster"": ""8"", ""Date"": ""5-8-2025"", ""Source [Name and Link]"": ""https://pmc.ncbi.nlm.nih.gov/articles/PMC8784848/"", ""SL No."": ""754""}, ""hash"": ""d8942a388183c5175f531a6320d3b062239d0025328709919bb1dc52b523265b"", ""class_name"": ""RelatedNodeInfo""}}, ""metadata_template"": ""{key}: {value}"", ""metadata_separator"": ""\n"", ""text"": """", ""mimetype"": ""text/plain"", ""start_char_idx"": 0, ""end_char_idx"": 928, ""metadata_seperator"": ""\n"", ""text_template"": ""{metadata_str}\n\n{content}"", ""class_name"": ""TextNode""}",TextNode,9da72e082863828e23e439a1,9da72e082863828e23e439a1,9da72e082863828e23e439a1,Haryana
18876f22-c638-4d50-91ea-dfa0df5c4a3b,"Question: What are the control measures of Purple Blotch of Onion?

Answer: Purple blotch in onions, a fungal disease, can inflict significant yield and quality losses, especially under the high humidity (80–90%) and moderate temperatures (25–30 °C) typical of Sagar’s Rabi season . Managing this disease effectively requires a combination of cultural practices and timely fungicide application. Start with crop rotation for 2–3 years with non-host crops, maintain proper plant spacing, and use drip or furrow irrigation to reduce leaf wetness . Post-harvest, ensure thorough sanitation by removing and destroying infected residues. At the first signs of disease, spray Mancozeb 75% WP at 500g per acre or Chlorothalonil 75% WP at 800 g per acre, each mixed in 200 liters of water. For stronger and longer-lasting protection, use systemic fungicides like Propiconazole 25% EC or Tebuconazole 25% EC at 200 ml per acre, also in 200 liters of water. Repeat sprays every 10–15 days, depending on disease pressure and weather.",all,2009,12,18,Onion,SAGAR,all,Horticulture,Horticulture,all,75,Chaitanya Sameera Sandaka,23.8083,78.7583,-1,,6-9-2025,https://mpkrishi.mp.gov.in/hindisite_New/krishi_Onion_New.aspx https://www.researchgate.net/publication/352817433_Management_of_purple_blotch_of_onion_caused_by_Alternaria_porri_by_using_some_novel_fungicides_under_field_condition_in_western_Odisha,4450,"{""id_"": ""18876f22-c638-4d50-91ea-dfa0df5c4a3b"", ""embedding"": null, ""metadata"": {""Category"": ""0"", ""Year"": ""2009"", ""Month"": ""12"", ""Day"": ""18"", ""Crop"": ""Onion"", ""State"": ""MADHYA PRADESH"", ""District"": ""SAGAR"", ""BlockName"": ""0"", ""Sector"": ""HORTICULTURE"", ""Sector (A)"": ""HORTICULTURE"", ""Season"": """", ""QueryType"": ""75"", ""Agri Specialist"": ""Chaitanya Sameera Sandaka"", ""latitude"": ""23.8083"", ""longitude"": ""78.7583"", ""cluster"": ""-1"", ""num_questions_in_cluster"": """", ""Date"": ""6-9-2025"", ""Source [Name and Link]"": ""https://mpkrishi.mp.gov.in/hindisite_New/krishi_Onion_New.aspx https://www.researchgate.net/publication/352817433_Management_of_purple_blotch_of_onion_caused_by_Alternaria_porri_by_using_some_novel_fungicides_under_field_condition_in_western_Odisha"", ""SL No."": ""4450""}, ""excluded_embed_metadata_keys"": [], ""excluded_llm_metadata_keys"": [], ""relationships"": {""1"": {""node_id"": ""a41f8a53dc899f131ef57103"", ""node_type"": ""4"", ""metadata"": {""Category"": ""0"", ""Year"": ""2009"", ""Month"": ""12"", ""Day"": ""18"", ""Crop"": ""Onion"", ""State"": ""MADHYA PRADESH"", ""District"": ""SAGAR"", ""BlockName"": ""0"", ""Sector"": ""HORTICULTURE"", ""Sector (A)"": ""HORTICULTURE"", ""Season"": """", ""QueryType"": ""75"", ""Agri Specialist"": ""Chaitanya Sameera Sandaka"", ""latitude"": ""23.8083"", ""longitude"": ""78.7583"", ""cluster"": ""-1"", ""num_questions_in_cluster"": """", ""Date"": ""6-9-2025"", ""Source [Name and Link]"": ""https://mpkrishi.mp.gov.in/hindisite_New/krishi_Onion_New.aspx https://www.researchgate.net/publication/352817433_Management_of_purple_blotch_of_onion_caused_by_Alternaria_porri_by_using_some_novel_fungicides_under_field_condition_in_western_Odisha"", ""SL No."": ""4450""}, ""hash"": ""e676589993be4824f14839f434028455a0b83325dea3365a98c20543d40675fa"", ""class_name"": ""RelatedNodeInfo""}}, ""metadata_template"": ""{key}: {value}"", ""metadata_separator"": ""\n"", ""text"": """", ""mimetype"": ""text/plain"", ""start_char_idx"": 0, ""end_char_idx"": 1022, ""metadata_seperator"": ""\n"", ""text_template"": ""{metadata_str}\n\n{content}"", ""class_name"": ""TextNode""}",TextNode,a41f8a53dc899f131ef57103,a41f8a53dc899f131ef57103,a41f8a53dc899f131ef57103,Madhya Pradesh
d195f058-1644-4820-a1ac-c177cc3baf76,"Question: How to control Wilt disease in Moong(Green gram)?

Answer: Moong is not suitable for Rabi season in Madhya Pradesh because the crop needs warm and humid weather, while the Rabi season is cool and dry; it grows best in Kharif with good rainfall and in Zaid (summer) with irrigation and higher temperature. Wilt disease in Moong(Green gram) is mainly caused by  Fusarium oxysporum. The disease can lead to significant yield losses, and once the pathogens are in the soil, they are very difficult to eradicate. Infected plant show sudden wilting, root may rot and plant growth stunted. To control this, an integrated disease management approach, combining cultural, biological, and chemical measures are recommended. Avoid continuous cropping of moong in the same field, practice crop rotation with sorghum or maize, remove and destroy all infected plant debris after harvest, and solarize soil using transparent polythene before sowing. Treat seed with Captan 50% WP @ 2g/kg seed or Carbendazim 50 WP @ 2g/kg or Thiram 75% WP @ 3g/kg or bioagent like Trichoderma viride/harzianum @ 4-6 g/kg  before sowing. Apply neem cake 80-100 kg per acre along with farm yard manure in soil during sowing, which can reduce wilt incidence.",all,2009,3,22,Green Gram-Moong,SAGAR,all,Agriculture,Agriculture,Rabi,9999,Salim Sahaji,23.8083,78.7583,-1,,4-9-2025,https://www.thepharmajournal.com/archives/2023/vol12issue12/PartI/12-12-94-130.pdf,4110,"{""id_"": ""d195f058-1644-4820-a1ac-c177cc3baf76"", ""embedding"": null, ""metadata"": {""Category"": ""0"", ""Year"": ""2009"", ""Month"": ""3"", ""Day"": ""22"", ""Crop"": ""Moong"", ""State"": ""MADHYA PRADESH"", ""District"": ""SAGAR"", ""BlockName"": ""0"", ""Sector"": ""AGRICULTURE"", ""Sector (A)"": ""AGRICULTURE"", ""Season"": ""RABI"", ""QueryType"": ""9999"", ""Agri Specialist"": ""Salim Sahaji"", ""latitude"": ""23.8083"", ""longitude"": ""78.7583"", ""cluster"": ""-1"", ""num_questions_in_cluster"": """", ""Date"": ""4-9-2025"", ""Source [Name and Link]"": ""https://www.thepharmajournal.com/archives/2023/vol12issue12/PartI/12-12-94-130.pdf"", ""SL No."": ""4110""}, ""excluded_embed_metadata_keys"": [], ""excluded_llm_metadata_keys"": [], ""relationships"": {""1"": {""node_id"": ""6cc66c45261d7945cc6b2ea4"", ""node_type"": ""4"", ""metadata"": {""Category"": ""0"", ""Year"": ""2009"", ""Month"": ""3"", ""Day"": ""22"", ""Crop"": ""Moong"", ""State"": ""MADHYA PRADESH"", ""District"": ""SAGAR"", ""BlockName"": ""0"", ""Sector"": ""AGRICULTURE"", ""Sector (A)"": ""AGRICULTURE"", ""Season"": ""RABI"", ""QueryType"": ""9999"", ""Agri Specialist"": ""Salim Sahaji"", ""latitude"": ""23.8083"", ""longitude"": ""78.7583"", ""cluster"": ""-1"", ""num_questions_in_cluster"": """", ""Date"": ""4-9-2025"", ""Source [Name and Link]"": ""https://www.thepharmajournal.com/archives/2023/vol12issue12/PartI/12-12-94-130.pdf"", ""SL No."": ""4110""}, ""hash"": ""f59f71bda113db4951094d9534853364e5d14135ba36e3b4de3dfb9cdbafb45c"", ""class_name"": ""RelatedNodeInfo""}}, ""metadata_template"": ""{key}: {value}"", ""metadata_separator"": ""\n"", ""text"": """", ""mimetype"": ""text/plain"", ""start_char_idx"": 0, ""end_char_idx"": 1233, ""metadata_seperator"": ""\n"", ""text_template"": ""{metadata_str}\n\n{content}"", ""class_name"": ""TextNode""}",TextNode,6cc66c45261d7945cc6b2ea4,6cc66c45261d7945cc6b2ea4,6cc66c45261d7945cc6b2ea4,Madhya Pradesh
c6059e9f-b403-48b1-a1b8-06c03a94ab43,"Question: What is the procedure for making Nimboli ark (Neem Seed Kernel Extract)?

Answer: Nimboli Ark is a traditional, eco-friendly insecticide and growth booster prepared from neem seeds (nimboli) and widely used by farmers in Maharashtra for controlling sucking pests like aphids, jassids, thrips, whiteflies, and caterpillars in crops such as cotton, vegetables, pulses, and fruits. It works mainly because neem contains Azadirachtin, which acts as a feeding deterrent, growth regulator, and repellent. To prepare Nimboli ark, First Collect mature neem seeds (nimboli) from healthy neem trees. Remove the pulp if fresh fruits are used, and dry the seeds in shade for 2–3 days until the moisture is reduced. Then take 5 kg dried neem seeds and crush them coarsely using a grinder or mortar-pestle (do not make a fine powder, as this makes filtering difficult). Then soak the crushed seeds in 10 liters of clean water in an earthen, plastic, or wooden container (avoid metal) for 12 hours (overnight). Then the Next morning, knead and squeeze the soaked material well with your hands, and then filter it through a clean cotton cloth or fine mesh to remove solid particles. Add more water to make a final volume of 100 liters of neem extract. For better sticking to leaves, add 10–15 g of mild soap powder or 10 ml liquid soap while preparing the spray solution. Spray 5% Nimboli Ark: This means 5 liters of prepared neem seed extract in 100 liters of water, for small-scale preparation, on 500 ml extract in 10 liters of water. For thorough coverage of a field crop, spray 150-200 litres of the final solution per acre. Spray on both sides of the leaves to ensure full coverage. Start spraying at the early stage of pest appearance; do not wait for severe infestation. Use during cooler hours of the day (morning or evening) to increase effectiveness. Repeat spray every 7–10 days if pests persist. It can be used in all seasons, but in Kharif and Rabi crops in Maharashtra, it is particularly useful during high humidity and pest-prone periods. It is very Safe for beneficial insects like honeybees and natural enemies. No chemical residues suitable for organic farming, reduces pest population gradually and prevents resistance buildup, has a low cost, and can be prepared on-farm.",all,2009,4,16,all,SATARA,all,Agriculture,Agriculture,Rabi,,Souvik Roy,,,-1,,11-8-2025,https://vikaspedia.in/agriculture/crop-production/integrated-pest-managment/bio-pesticides/neem-based-pesticides https://ncof.dacnet.nic.in/ https://mpkv.ac.in/,465,"{""id_"": ""c6059e9f-b403-48b1-a1b8-06c03a94ab43"", ""embedding"": null, ""metadata"": {""Category"": """", ""Year"": ""2009"", ""Month"": ""4"", ""Day"": ""16"", ""Crop"": ""GEN"", ""State"": ""MAHARASHTRA"", ""District"": ""SATARA"", ""BlockName"": """", ""Sector"": ""AGRICULTURE"", ""Sector (A)"": ""AGRICULTURE"", ""Season"": ""RABI"", ""QueryType"": """", ""Agri Specialist"": ""Khaja Suhaib Khaja Azharuddin"", ""latitude"": """", ""longitude"": """", ""cluster"": ""-1"", ""num_questions_in_cluster"": """", ""Date"": ""11-8-2025"", ""Source [Name and Link]"": ""https://vikaspedia.in/agriculture/crop-production/integrated-pest-managment/bio-pesticides/neem-based-pesticides https://ncof.dacnet.nic.in/ https://mpkv.ac.in/"", ""SL No."": ""465""}, ""excluded_embed_metadata_keys"": [], ""excluded_llm_metadata_keys"": [], ""relationships"": {""1"": {""node_id"": ""dd5c8dd185c50b1cb63e0191"", ""node_type"": ""4"", ""metadata"": {""Category"": """", ""Year"": ""2009"", ""Month"": ""4"", ""Day"": ""16"", ""Crop"": ""GEN"", ""State"": ""MAHARASHTRA"", ""District"": ""SATARA"", ""BlockName"": """", ""Sector"": ""AGRICULTURE"", ""Sector (A)"": ""AGRICULTURE"", ""Season"": ""RABI"", ""QueryType"": """", ""Agri Specialist"": ""Khaja Suhaib Khaja Azharuddin"", ""latitude"": """", ""longitude"": """", ""cluster"": ""-1"", ""num_questions_in_cluster"": """", ""Date"": ""11-8-2025"", ""Source [Name and Link]"": ""https://vikaspedia.in/agriculture/crop-production/integrated-pest-managment/bio-pesticides/neem-based-pesticides https://ncof.dacnet.nic.in/ https://mpkv.ac.in/"", ""SL No."": ""465""}, ""hash"": ""6077ebef4503acfb177b656e15d5a2f51f803a38377a47d3e9c22a37cb334203"", ""class_name"": ""RelatedNodeInfo""}}, ""metadata_template"": ""{key}: {value}"", ""metadata_separator"": ""\n"", ""text"": """", ""mimetype"": ""text/plain"", ""start_char_idx"": 0, ""end_char_idx"": 2287, ""metadata_seperator"": ""\n"", ""text_template"": ""{metadata_str}\n\n{content}"", ""class_name"": ""TextNode""}",TextNode,dd5c8dd185c50b1cb63e0191,dd5c8dd185c50b1cb63e0191,dd5c8dd185c50b1cb63e0191,Maharashtra
e2077449-19f6-4eff-9cca-f0de346855f1,"Question: Which flax (alsi) varieties are best for cultivation in Muktsar, Punjab?

Answer: For growing Alsi (flax) in Punjab, the best sowing time is mid-October to mid-November, because the crop likes cool weather and matures well before peak winter. Use 10 - 15 kg seed per acre for a good stand. PAU-approved varieties are NIA-7 (sturdy, disease tolerant, high yield), T-397 (early maturing with good fiber), and Shalimar Flax-2 (high oil content, resistant to major diseases, LC 2063 (this variety is for irrigated areas, resistant to powdery mildew. Its average yield is 4-5 qtl per acre), LC 2023 (This variety is suggested in irrigated as well as rain fed areas, seed contain 37.5% oil and yield 4.5 q/acre, resistent to downey mildew), Lc 54 (White flowers, brown seeds; lodging-resistant; adapted to multiple northern states), These varieties suit Punjab’s soil and climate, and can give you around 12–15 quintals yield per acre. Treat seed with Thiram @ 2 g/kg or Trichoderma viride 5 gram per kg of seeds to protect from seed and soil-borne diseases. For fertilizers, apply 25 - 30 kg Nitrogen (half at sowing, half at early growth after 35 days of sowing), 16 kg Phosphorus at sowing, and 20 kg Potash (if soil test shows deficiency, if needed only). Keep row spacing at 23 cm and plant spacing at 7 - 10 cm for proper growth. The crop gets ready in 110–120 days, harvest when capsules turn brown and straw dries, but cut carefully to avoid seed loss. Rotate with wheat or mustard to keep soil healthy and reduce disease. By following these steps, you will get good oil quality, higher yield, and better profit from your Alsi crop in Punjab.",all,2017,9,27,Flax,MUKTSAR,all,Agriculture,Agriculture,Rabi,,Satarupa Saha,,,-1,,,,2460,"{""id_"": ""e2077449-19f6-4eff-9cca-f0de346855f1"", ""embedding"": null, ""metadata"": {""Category"": """", ""Year"": ""2017"", ""Month"": ""9"", ""Day"": ""27"", ""Crop"": ""Flax"", ""State"": ""PUNJAB"", ""District"": ""MUKTSAR"", ""BlockName"": """", ""Sector"": ""AGRICULTURE"", ""Sector (A)"": ""AGRICULTURE"", ""Season"": ""RABI"", ""QueryType"": """", ""Agri Specialist"": ""Satarupa Saha"", ""latitude"": """", ""longitude"": """", ""cluster"": ""-1"", ""num_questions_in_cluster"": """", ""Date"": """", ""Source [Name and Link]"": """", ""SL No."": ""2460""}, ""excluded_embed_metadata_keys"": [], ""excluded_llm_metadata_keys"": [], ""relationships"": {""1"": {""node_id"": ""51030302e406518fa1cc67a5"", ""node_type"": ""4"", ""metadata"": {""Category"": """", ""Year"": ""2017"", ""Month"": ""9"", ""Day"": ""27"", ""Crop"": ""Flax"", ""State"": ""PUNJAB"", ""District"": ""MUKTSAR"", ""BlockName"": """", ""Sector"": ""AGRICULTURE"", ""Sector (A)"": ""AGRICULTURE"", ""Season"": ""RABI"", ""QueryType"": """", ""Agri Specialist"": ""Satarupa Saha"", ""latitude"": """", ""longitude"": """", ""cluster"": ""-1"", ""num_questions_in_cluster"": """", ""Date"": """", ""Source [Name and Link]"": """", ""SL No."": ""2460""}, ""hash"": ""e6029227e4be28579566845854d74317fea783f18f09c855d579d4794b305198"", ""class_name"": ""RelatedNodeInfo""}}, ""metadata_template"": ""{key}: {value}"", ""metadata_separator"": ""\n"", ""text"": """", ""mimetype"": ""text/plain"", ""start_char_idx"": 0, ""end_char_idx"": 1654, ""metadata_seperator"": ""\n"", ""text_template"": ""{metadata_str}\n\n{content}"", ""class_name"": ""TextNode""}",TextNode,51030302e406518fa1cc67a5,51030302e406518fa1cc67a5,51030302e406518fa1cc67a5,Punjab
84a293e5-f278-4d01-9ce5-3306e7cd7909,"Question: How can I prepare fertilizer grade 23:23:00 at my farm using DAP and Urea?

Answer: You can make fertilizer grade 23:23:00 in your farm using DAP and Urea. First, you need to understand the content of DAP and Urea, which is that DAP contains 18% Nitrogen and 46% Phosphorus, which makes its grade 18:46:00, and Urea contains only 46% Nitrogen, which makes its grade 46:00:00. To create 100 kg of 23:23:00, which contains 23% Nitrogen 23% Phosphorus, and some nitrogen. You need to mix the 50kg DAP, which gives you 23% phosphorus, and 30.5 kg Urea, which gives the remaining Nitrogen to complete the 23% and 15 kg filler material (sand, soil, dolomite powder).  Mix these fertilizers only for the amount required and for immediate use. Do not mix and store them for a long time. Wear appropriate safety gear such as a mask, gloves, full sleeve shirts, and boots while mixing the fertilizer. Make fertilizer under an expert's supervision",all,2009,6,22,all,Jalna,all,Agriculture,Agriculture,Zaid,,Souvik Roy,,,-1,,11-8-2025,https://vikaspedia.in/agriculture/crop-production/integrated-nutrient-management/chemical-fertilizers,783,"{""id_"": ""84a293e5-f278-4d01-9ce5-3306e7cd7909"", ""embedding"": null, ""metadata"": {""Category"": """", ""Year"": ""2009"", ""Month"": ""6"", ""Day"": ""22"", ""Crop"": ""GEN"", ""State"": ""MAHARASHTRA"", ""District"": ""JALNA"", ""BlockName"": """", ""Sector"": ""AGRICULTURE"", ""Sector (A)"": ""AGRICULTURE"", ""Season"": ""JAYAD"", ""QueryType"": """", ""Agri Specialist"": ""Khaja Suhaib Khaja Azharuddin"", ""latitude"": """", ""longitude"": """", ""cluster"": ""-1"", ""num_questions_in_cluster"": """", ""Date"": ""11-8-2025"", ""Source [Name and Link]"": ""https://vikaspedia.in/agriculture/crop-production/integrated-nutrient-management/chemical-fertilizers"", ""SL No."": ""783""}, ""excluded_embed_metadata_keys"": [], ""excluded_llm_metadata_keys"": [], ""relationships"": {""1"": {""node_id"": ""79d176027c67b91c9663b1d3"", ""node_type"": ""4"", ""metadata"": {""Category"": """", ""Year"": ""2009"", ""Month"": ""6"", ""Day"": ""22"", ""Crop"": ""GEN"", ""State"": ""MAHARASHTRA"", ""District"": ""JALNA"", ""BlockName"": """", ""Sector"": ""AGRICULTURE"", ""Sector (A)"": ""AGRICULTURE"", ""Season"": ""JAYAD"", ""QueryType"": """", ""Agri Specialist"": ""Khaja Suhaib Khaja Azharuddin"", ""latitude"": """", ""longitude"": """", ""cluster"": ""-1"", ""num_questions_in_cluster"": """", ""Date"": ""11-8-2025"", ""Source [Name and Link]"": ""https://vikaspedia.in/agriculture/crop-production/integrated-nutrient-management/chemical-fertilizers"", ""SL No."": ""783""}, ""hash"": ""8809065d5ec7333f762ef2078a9ed267ba0ea5f4b7cc2db5634ee34f8d083deb"", ""class_name"": ""RelatedNodeInfo""}}, ""metadata_template"": ""{key}: {value}"", ""metadata_separator"": ""\n"", ""text"": """", ""mimetype"": ""text/plain"", ""start_char_idx"": 0, ""end_char_idx"": 946, ""metadata_seperator"": ""\n"", ""text_template"": ""{metadata_str}\n\n{content}"", ""class_name"": ""TextNode""}",TextNode,79d176027c67b91c9663b1d3,79d176027c67b91c9663b1d3,79d176027c67b91c9663b1d3,Maharashtra
c664811f-6c38-4c8b-9165-4dd5fe3ad723,"Question: How to control Fungal attack in Moong crop?

Answer: Mungbean (green gram) foliar diseases (Cercospora/Alternaria leaf spots, anthracnose), powdery mildew and root/stem rots are best managed by an integrated approach.

Use certified seed (4–6 kg/acre) and treat seed with either carbendazim 50% WP @ 2 g/kg seed (8–12 g/acre for 4–6 kg seed) or Trichoderma harzianum talc @ 4 g/kg seed (≈16–24 g/acre).

enrich FYM with Trichoderma (2–2.5 kg culture per 100 kg FYM) and apply to the field to reduce soil inoculum; monitor and at first disease appearance apply a protective Chlorothalonil 75% WP 500–800 g / acre and the Pre Harvest Interval of 14 days needed and if the disease is esatblished  use  strobilurin+triazole product (e.g., trifloxystrobin+tebuconazole) ≈120–160 g/acre and PHI is usually 7–14 days.",Pulses,2014,5,10,Green Gram-Moong,Jabalpur,Sihora,Agriculture,Agriculture,Rabi,Plant Protection,Adheena Victor,23.1702,79.9324,666,7,,"https://mpkrishi.mp.gov.in/Englishsite_New/krishi_capsules_Chana_New.aspx

https://nriipm.res.in/NCIPMPDFs/publish/mungbean_.pdf",3577,"{""id_"": ""c664811f-6c38-4c8b-9165-4dd5fe3ad723"", ""embedding"": null, ""metadata"": {""Category"": ""Pulses"", ""Year"": ""2014"", ""Month"": ""5"", ""Day"": ""10"", ""Crop"": ""Green Gram Moong Bean Moong"", ""State"": ""MADHYA PRADESH"", ""District"": ""JABALPUR"", ""BlockName"": ""SIHORA"", ""Sector"": ""AGRICULTURE"", ""Sector (A)"": ""AGRICULTURE"", ""Season"": ""RABI"", ""QueryType"": ""Plant Protection"", ""Agri Specialist"": ""Adheena Victor"", ""latitude"": ""23.1702"", ""longitude"": ""79.9324"", ""cluster"": ""666"", ""num_questions_in_cluster"": ""7"", ""Date"": """", ""Source [Name and Link]"": ""https://mpkrishi.mp.gov.in/Englishsite_New/krishi_capsules_Chana_New.aspx\n\nhttps://nriipm.res.in/NCIPMPDFs/publish/mungbean_.pdf"", ""SL No."": ""3577""}, ""excluded_embed_metadata_keys"": [], ""excluded_llm_metadata_keys"": [], ""relationships"": {""1"": {""node_id"": ""af196991da91bb9180cf01bb"", ""node_type"": ""4"", ""metadata"": {""Category"": ""Pulses"", ""Year"": ""2014"", ""Month"": ""5"", ""Day"": ""10"", ""Crop"": ""Green Gram Moong Bean Moong"", ""State"": ""MADHYA PRADESH"", ""District"": ""JABALPUR"", ""BlockName"": ""SIHORA"", ""Sector"": ""AGRICULTURE"", ""Sector (A)"": ""AGRICULTURE"", ""Season"": ""RABI"", ""QueryType"": ""Plant Protection"", ""Agri Specialist"": ""Adheena Victor"", ""latitude"": ""23.1702"", ""longitude"": ""79.9324"", ""cluster"": ""666"", ""num_questions_in_cluster"": ""7"", ""Date"": """", ""Source [Name and Link]"": ""https://mpkrishi.mp.gov.in/Englishsite_New/krishi_capsules_Chana_New.aspx\n\nhttps://nriipm.res.in/NCIPMPDFs/publish/mungbean_.pdf"", ""SL No."": ""3577""}, ""hash"": ""c660d6c68c2fb1009071b650ff431fca56c2797b3bf3995160169bbb3e2cad8a"", ""class_name"": ""RelatedNodeInfo""}}, ""metadata_template"": ""{key}: {value}"", ""metadata_separator"": ""\n"", ""text"": """", ""mimetype"": ""text/plain"", ""start_char_idx"": 0, ""end_char_idx"": 820, ""metadata_seperator"": ""\n"", ""text_template"": ""{metadata_str}\n\n{content}"", ""class_name"": ""TextNode""}",TextNode,af196991da91bb9180cf01bb,af196991da91bb9180cf01bb,af196991da91bb9180cf01bb,Madhya Pradesh
a61b19b9-662e-4aa1-9b43-6e51d6c60dc2,"Question: How to control red cotton bug in okra?

Answer: Okra is a warm-season crop and is cultivated throughout the year in Madhya Pradesh, with the following main sowing periods: Kharif (Monsoon) season: The main sowing season is from June to July. Summer season: Sowing is typically done in February to March. The Red Cotton Bug (Dysdercus cingulatus), commonly name the ""red fly"" among farmers, is a common pest of Okra (Bhindi) in Madhya Pradesh. Both the nymphs and adult Red Cotton Bugs are sap-sucking pests. They feed on the tender shoots, leaves, and particularly the developing pods. Feeding on the pods causes the seeds to shrivel and the pods to become stunted and deformed. The bugs excrete a sticky, reddish fluid that stains the pods, making them unattractive and unmarketable. This also affects the quality of the seeds if the crop is grown for seed production. Their feeding can create entry points for fungal and bacterial pathogens, further damaging the pods. An integrated pest management (IPM) approach is the most effective way to control the Red Cotton Bug (Red fly). Remove and destroy crop residue from previous seasons, as it can harbor pests and their eggs. Keep the field and surrounding areas free of weeds, which can act as alternative host plants. In the early stages of infestation, you can manually collect and destroy the bugs, especially from the tender pods and leaves.  In the early stages of infestation, you can manually collect and destroy the bugs, especially from the tender pods and leaves. Sowing at the recommended time can help the crop escape the peak pest population. If the infestation is severe and other methods are not sufficient, chemical control can be used, such as Lambda-cyhalothrin 5% EC @ 200 ml per acre (PHI-5 days), Acetamiprid 20% SP @ 40-60 grams per acre (PHI-3 days), Imidacloprid 17.8% SL @ 60-80 ml per acre (PHI- 3 days). Always use a high volume of water, typically 200 liters per acre, to ensure complete coverage of the plants, especially the underside of the leaves and the developing pods where the bugs congregate. To prevent the development of insecticide resistance, it is crucial to rotate different classes of chemicals. Do not use the same chemical repeatedly. Always wear personal protective equipment (PPE) like gloves, a mask, and goggles while handling and spraying chemicals.",all,2009,6,14,Okra,SAGAR,all,Horticulture,Horticulture,Rabi,9999,Souvik Roy,23.8083,78.7583,-1,,25-8-2025,,4232,"{""id_"": ""a61b19b9-662e-4aa1-9b43-6e51d6c60dc2"", ""embedding"": null, ""metadata"": {""Category"": ""0"", ""Year"": ""2009"", ""Month"": ""6"", ""Day"": ""14"", ""Crop"": ""OKRA"", ""State"": ""MADHYA PRADESH"", ""District"": ""SAGAR"", ""BlockName"": ""0"", ""Sector"": ""HORTICULTURE"", ""Sector (A)"": ""HORTICULTURE"", ""Season"": ""RABI"", ""QueryType"": ""9999"", ""Agri Specialist"": ""Khaja Suhaib Khaja Azharuddin"", ""latitude"": ""23.8083"", ""longitude"": ""78.7583"", ""cluster"": ""-1"", ""num_questions_in_cluster"": """", ""Date"": ""25-8-2025"", ""Source [Name and Link]"": """", ""SL No."": ""4232""}, ""excluded_embed_metadata_keys"": [], ""excluded_llm_metadata_keys"": [], ""relationships"": {""1"": {""node_id"": ""03912168b87acd9ff31696e9"", ""node_type"": ""4"", ""metadata"": {""Category"": ""0"", ""Year"": ""2009"", ""Month"": ""6"", ""Day"": ""14"", ""Crop"": ""OKRA"", ""State"": ""MADHYA PRADESH"", ""District"": ""SAGAR"", ""BlockName"": ""0"", ""Sector"": ""HORTICULTURE"", ""Sector (A)"": ""HORTICULTURE"", ""Season"": ""RABI"", ""QueryType"": ""9999"", ""Agri Specialist"": ""Khaja Suhaib Khaja Azharuddin"", ""latitude"": ""23.8083"", ""longitude"": ""78.7583"", ""cluster"": ""-1"", ""num_questions_in_cluster"": """", ""Date"": ""25-8-2025"", ""Source [Name and Link]"": """", ""SL No."": ""4232""}, ""hash"": ""fcfdcb1e2f75d72c79bf427b7e532c5eac3fbf37df2c5a6879caab73fbd254dd"", ""class_name"": ""RelatedNodeInfo""}}, ""metadata_template"": ""{key}: {value}"", ""metadata_separator"": ""\n"", ""text"": """", ""mimetype"": ""text/plain"", ""start_char_idx"": 0, ""end_char_idx"": 2362, ""metadata_seperator"": ""\n"", ""text_template"": ""{metadata_str}\n\n{content}"", ""class_name"": ""TextNode""}",TextNode,03912168b87acd9ff31696e9,03912168b87acd9ff31696e9,03912168b87acd9ff31696e9,Madhya Pradesh
3cdd1539-b6d4-441f-a383-ce55f8301292,"Question: How to control weeds in Barley?

Answer: Common broadleaf weeds in barley, such as Bathua, Senji (Methi), and Hirankhuri, can be effectively controlled by spraying Metsulfuron-methyl at 8 g per acre around 25–30 days after sowing. For grass weeds like Madusi (Phalaris minor) and Wild oat, post-emergence herbicides such as Axial (Pinoxaden 5% EC) at 400 ml per acre or Atlantis (Mesosulfuron-methyl 3% + Iodosulfuron-methyl sodium 0.6% WG) at 160 g per acre are recommended. For early weed control, apply a pre-emergence herbicide like Stomp (Pendimethalin 30% EC) at 1.3 liters per acre either just before or within two days of sowing. It is important to rotate herbicides with different modes of action each year. Always remember that when applying Atlantis, always add a recommended surfactant (such as a non-ionic surfactant or company-approved adjuvant) to ensure effective absorption and control.",Cereals,2014,11,21,Barley,Hisar,Hansi-I,Agriculture,Agriculture,Rabi,Crop Insurance,Ponugoti Kavya,29.8573,76.4545,1728,42,5-8-2025,Barley | Barley Crop Farming | Apni Kheti,87,"{""id_"": ""3cdd1539-b6d4-441f-a383-ce55f8301292"", ""embedding"": null, ""metadata"": {""Category"": ""Cereals"", ""Year"": ""2014"", ""Month"": ""11"", ""Day"": ""21"", ""Crop"": ""Barley"", ""State"": ""Haryana"", ""District"": ""Hissar"", ""BlockName"": ""Hansi-I"", ""Sector"": ""AGRICULTURE"", ""Sector (A)"": ""AGRICULTURE"", ""Season"": ""Rabi"", ""QueryType"": ""Crop Insurance"", ""Agri Specialist"": ""Ponugoti Kavya"", ""latitude"": ""29.8573"", ""longitude"": ""76.4545"", ""cluster"": ""1728"", ""num_questions_in_cluster"": ""42"", ""Date"": ""5-8-2025"", ""Source [Name and Link]"": ""Barley | Barley Crop Farming | Apni Kheti"", ""SL No."": ""87""}, ""excluded_embed_metadata_keys"": [], ""excluded_llm_metadata_keys"": [], ""relationships"": {""1"": {""node_id"": ""34230789f142c672903a2f2e"", ""node_type"": ""4"", ""metadata"": {""Category"": ""Cereals"", ""Year"": ""2014"", ""Month"": ""11"", ""Day"": ""21"", ""Crop"": ""Barley"", ""State"": ""Haryana"", ""District"": ""Hissar"", ""BlockName"": ""Hansi-I"", ""Sector"": ""AGRICULTURE"", ""Sector (A)"": ""AGRICULTURE"", ""Season"": ""Rabi"", ""QueryType"": ""Crop Insurance"", ""Agri Specialist"": ""Ponugoti Kavya"", ""latitude"": ""29.8573"", ""longitude"": ""76.4545"", ""cluster"": ""1728"", ""num_questions_in_cluster"": ""42"", ""Date"": ""5-8-2025"", ""Source [Name and Link]"": ""Barley | Barley Crop Farming | Apni Kheti"", ""SL No."": ""87""}, ""hash"": ""eaf09bad447be35c2a8fbf509b6ec0be7109c12389f7376adf10208c9fbca186"", ""class_name"": ""RelatedNodeInfo""}}, ""metadata_template"": ""{key}: {value}"", ""metadata_separator"": ""\n"", ""text"": """", ""mimetype"": ""text/plain"", ""start_char_idx"": 0, ""end_char_idx"": 913, ""metadata_seperator"": ""\n"", ""text_template"": ""{metadata_str}\n\n{content}"", ""class_name"": ""TextNode""}",TextNode,34230789f142c672903a2f2e,34230789f142c672903a2f2e,34230789f142c672903a2f2e,Haryana
313a952f-3dba-463b-9456-715e9f96358c,"Question: How to control Downy Mildew in Muskmelon?

Answer: Downy mildew in muskmelon causes yellow angular spots on the upper leaf surface, grayish-purple fungal growth on the lower leaf surface, and reduced fruit quality and yield. To control downy mildew in muskmelon, an integrated disease management approach combining cultural, mechanical, and chemical measures is recommended. Avoid planting muskmelons or other cucurbits (cucumber, bottle gourd) in the same field year after year and rotate with legumes or vegetables. Grow muskmelon in well-drained soil with good sunlight exposure, and avoid overhead irrigation to reduce leaf wetness. Spray protective fungicides, i.e., Mancozeb 75 WP @ 600-800 grams per acre mixed in 200 litres of water, before the disease appears or at the first sign of infection at 7-12 day intervals, or spray a combination of Metalaxyl 8% + Mancozeb 64% WP @ 500-800 grams per acre mixed with 200-250 litres of water and spray at every 7-10 day interval depending on disease pressure. The PHI (pre-harvest interval) period for mancozeb and metalaxyl + mancozeb is 7 days.",Vegetables,2013,4,13,Muskmelon,Panipat,Bapoli,Horticulture,Horticulture,Kharif,Plant Protection,Salim Sahaji,29.3913,76.9772,389,16,6-8-2025,https://agritech.tnau.ac.in/crop_protection/water_melon_8.html,115,"{""id_"": ""313a952f-3dba-463b-9456-715e9f96358c"", ""embedding"": null, ""metadata"": {""Category"": ""Vegetables"", ""Year"": ""2013"", ""Month"": ""4"", ""Day"": ""13"", ""Crop"": ""Muskmelon"", ""State"": ""Haryana"", ""District"": ""Panipat"", ""BlockName"": ""Bapoli"", ""Sector"": ""HORTICULTURE"", ""Sector (A)"": ""HORTICULTURE"", ""Season"": ""Kharif"", ""QueryType"": ""Plant Protection"", ""Agri Specialist"": ""Salim Sahaji"", ""latitude"": ""29.3913"", ""longitude"": ""76.9772"", ""cluster"": ""389"", ""num_questions_in_cluster"": ""16"", ""Date"": ""6-8-2025"", ""Source [Name and Link]"": ""https://agritech.tnau.ac.in/crop_protection/water_melon_8.html"", ""SL No."": ""115""}, ""excluded_embed_metadata_keys"": [], ""excluded_llm_metadata_keys"": [], ""relationships"": {""1"": {""node_id"": ""6334c8e1e382e30d41a77651"", ""node_type"": ""4"", ""metadata"": {""Category"": ""Vegetables"", ""Year"": ""2013"", ""Month"": ""4"", ""Day"": ""13"", ""Crop"": ""Muskmelon"", ""State"": ""Haryana"", ""District"": ""Panipat"", ""BlockName"": ""Bapoli"", ""Sector"": ""HORTICULTURE"", ""Sector (A)"": ""HORTICULTURE"", ""Season"": ""Kharif"", ""QueryType"": ""Plant Protection"", ""Agri Specialist"": ""Salim Sahaji"", ""latitude"": ""29.3913"", ""longitude"": ""76.9772"", ""cluster"": ""389"", ""num_questions_in_cluster"": ""16"", ""Date"": ""6-8-2025"", ""Source [Name and Link]"": ""https://agritech.tnau.ac.in/crop_protection/water_melon_8.html"", ""SL No."": ""115""}, ""hash"": ""51ddb34d8071ecdddf9d0d02f401d1dd38f676ef20a92c895a9e2b5887b92e9e"", ""class_name"": ""RelatedNodeInfo""}}, ""metadata_template"": ""{key}: {value}"", ""metadata_separator"": ""\n"", ""text"": """", ""mimetype"": ""text/plain"", ""start_char_idx"": 0, ""end_char_idx"": 1107, ""metadata_seperator"": ""\n"", ""text_template"": ""{metadata_str}\n\n{content}"", ""class_name"": ""TextNode""}",TextNode,6334c8e1e382e30d41a77651,6334c8e1e382e30d41a77651,6334c8e1e382e30d41a77651,Haryana
bf188e4e-b5f1-49f2-ad28-d7c0d67c3063,"Question: Information regarding the plantation of Jasmine?

Answer: Jasmine thrives in well-drained, rich loamy soils with a pH ranging from 6.5 to 7.5. It prefers a mild, tropical climate with warm summers, mild winters, moderate rainfall, and sunny days. Jasmine is propagated through cuttings, layering, suckers, grafting, budding, and tissue culture. Cuttings: Semi-hardwood cuttings (15–20 cm long) are a popular method. Layering: This involves burying a mature shoot in the soil, which then develops roots. The cultivation of jasmine is quite popular, primarily for its fragrant flowers used in garlands, religious offerings, and the extraction of essential oils for perfumes and cosmetics. The best time for planting in North India (including Punjab) is July–August or January–February. Flowers are harvested as unopened buds by hand-picking in the early morning. Jasmine begins to produce commercial yields from the third year onwards and can continue for 10–15 years. The high-yielding jasmine variety officially recommended by PAU is Punjab Motiya. Spacing: 1.5 m × 1.5 m (about 1,799 plants per acre). Pruning: Mid-January is generally recommended for pruning in this region. Pruning during this time helps promote a maximum number of branches and a higher flower yield.",all,2013,7,23,Jasmine,PATIALA,all,Horticulture,Horticulture,All,,Gonnabathula Girishma,,,-1,,13-8-2025,https://agritech.tnau.ac.in/horticulture/horti_flower%20crops_malligai.html,1704,"{""id_"": ""bf188e4e-b5f1-49f2-ad28-d7c0d67c3063"", ""embedding"": null, ""metadata"": {""Category"": """", ""Year"": ""2013"", ""Month"": ""7"", ""Day"": ""23"", ""Crop"": ""Jasmine"", ""State"": ""PUNJAB"", ""District"": ""PATIALA"", ""BlockName"": """", ""Sector"": ""HORTICULTURE"", ""Sector (A)"": ""HORTICULTURE"", ""Season"": ""KHARIF,RABI,JAYAD"", ""QueryType"": """", ""Agri Specialist"": ""Gonnabathula Girishma"", ""latitude"": """", ""longitude"": """", ""cluster"": ""-1"", ""num_questions_in_cluster"": """", ""Date"": ""13-8-2025"", ""Source [Name and Link]"": ""https://agritech.tnau.ac.in/horticulture/horti_flower%20crops_malligai.html"", ""SL No."": ""1704""}, ""excluded_embed_metadata_keys"": [], ""excluded_llm_metadata_keys"": [], ""relationships"": {""1"": {""node_id"": ""fabf7cf2cbdbebb0529a1c8d"", ""node_type"": ""4"", ""metadata"": {""Category"": """", ""Year"": ""2013"", ""Month"": ""7"", ""Day"": ""23"", ""Crop"": ""Jasmine"", ""State"": ""PUNJAB"", ""District"": ""PATIALA"", ""BlockName"": """", ""Sector"": ""HORTICULTURE"", ""Sector (A)"": ""HORTICULTURE"", ""Season"": ""KHARIF,RABI,JAYAD"", ""QueryType"": """", ""Agri Specialist"": ""Gonnabathula Girishma"", ""latitude"": """", ""longitude"": """", ""cluster"": ""-1"", ""num_questions_in_cluster"": """", ""Date"": ""13-8-2025"", ""Source [Name and Link]"": ""https://agritech.tnau.ac.in/horticulture/horti_flower%20crops_malligai.html"", ""SL No."": ""1704""}, ""hash"": ""7292df30e9a4f4e00c2c174bbe4dd3e357554d8f2175149ddc7309a117e2d06f"", ""class_name"": ""RelatedNodeInfo""}}, ""metadata_template"": ""{key}: {value}"", ""metadata_separator"": ""\n"", ""text"": """", ""mimetype"": ""text/plain"", ""start_char_idx"": 0, ""end_char_idx"": 1281, ""metadata_seperator"": ""\n"", ""text_template"": ""{metadata_str}\n\n{content}"", ""class_name"": ""TextNode""}",TextNode,fabf7cf2cbdbebb0529a1c8d,fabf7cf2cbdbebb0529a1c8d,fabf7cf2cbdbebb0529a1c8d,Punjab
2a8cfc66-15a6-4100-aa29-18918e28d6bb,"Question: How to control fruit flies in a bottle gourd?

Answer: Fruit fly is a serious pest in the bottle guard, causing fruits to rot from the inside, drop early and un unfit for market sale. To control fruit flies in a bottle guard, use 8-12 pheromone traps per acre to attract and lure the fruit flies. Use bait sprays like Hydrolysed protein bait spray @10-20 litres per acre, or you can mix 20 kg jaggery + Malathion 50 EC @ 10-30 ml mix in 20 litres of water and use as a bait spray for 1 acre. Give spray spinosad 45% SC @ 0.4 ml/litre of water or Lambda cyhalothrin 5% EC @ 1.5-2 ml/litre of water. Always rotate sprays so pests can not develop resistance to only one content. Collect and bury the fallen or infected fruits, and cover young fruits with polybags.",all,2009,7,7,Bottle Gourd,Hisar,all,Horticulture,Horticulture,Zaid,29,Souvik Roy,29.8573,76.4545,1309,13,5-8-2025,https://vikaspedia.in/agriculture/crop-production/integrated-pest-managment/ipm-for-vegetable-crops/ipm-strategies-for-cucurbits,672,"{""id_"": ""2a8cfc66-15a6-4100-aa29-18918e28d6bb"", ""embedding"": null, ""metadata"": {""Category"": ""0"", ""Year"": ""2009"", ""Month"": ""7"", ""Day"": ""7"", ""Crop"": ""Bottle Gourd"", ""State"": ""Haryana"", ""District"": ""Hissar"", ""BlockName"": """", ""Sector"": ""HORTICULTURE"", ""Sector (A)"": ""HORTICULTURE"", ""Season"": ""Jayad"", ""QueryType"": ""29"", ""Agri Specialist"": ""Khaja Suhaib Khaja Azharuddin"", ""latitude"": ""29.8573"", ""longitude"": ""76.4545"", ""cluster"": ""1309"", ""num_questions_in_cluster"": ""13"", ""Date"": ""5-8-2025"", ""Source [Name and Link]"": ""https://vikaspedia.in/agriculture/crop-production/integrated-pest-managment/ipm-for-vegetable-crops/ipm-strategies-for-cucurbits"", ""SL No."": ""672""}, ""excluded_embed_metadata_keys"": [], ""excluded_llm_metadata_keys"": [], ""relationships"": {""1"": {""node_id"": ""7720e789420447ff556d0834"", ""node_type"": ""4"", ""metadata"": {""Category"": ""0"", ""Year"": ""2009"", ""Month"": ""7"", ""Day"": ""7"", ""Crop"": ""Bottle Gourd"", ""State"": ""Haryana"", ""District"": ""Hissar"", ""BlockName"": """", ""Sector"": ""HORTICULTURE"", ""Sector (A)"": ""HORTICULTURE"", ""Season"": ""Jayad"", ""QueryType"": ""29"", ""Agri Specialist"": ""Khaja Suhaib Khaja Azharuddin"", ""latitude"": ""29.8573"", ""longitude"": ""76.4545"", ""cluster"": ""1309"", ""num_questions_in_cluster"": ""13"", ""Date"": ""5-8-2025"", ""Source [Name and Link]"": ""https://vikaspedia.in/agriculture/crop-production/integrated-pest-managment/ipm-for-vegetable-crops/ipm-strategies-for-cucurbits"", ""SL No."": ""672""}, ""hash"": ""0a7f4e259e9dbd6ea7ceb5060d0fd954b262648b61a6b6d687787fa62664ea5a"", ""class_name"": ""RelatedNodeInfo""}}, ""metadata_template"": ""{key}: {value}"", ""metadata_separator"": ""\n"", ""text"": """", ""mimetype"": ""text/plain"", ""start_char_idx"": 0, ""end_char_idx"": 771, ""metadata_seperator"": ""\n"", ""text_template"": ""{metadata_str}\n\n{content}"", ""class_name"": ""TextNode""}",TextNode,7720e789420447ff556d0834,7720e789420447ff556d0834,7720e789420447ff556d0834,Haryana
7bb0bcbe-82a5-4027-a80b-6ba1319984ec,"Question: What is the use of axial in wheat crop?

Answer: Axial is a post emergence herbicide widely used in Punjab for controlling Phalaris Minor(gulli danda) weed in Wheat cultivation. It contains Pinoxaden 5.1%. The recommended dose of Axial is 400 ml per acre in 200-250 litres of water and best time of spray when phalaris minor weed is at 3-5 leaf stage, usually around 30-35 days after sowing. Axial should be sprayed using a knapsack sprayer or tractor-mounted sprayer with a flat fan or floodjet nozzle to ensure thorough coverage of the weeds.",all,2015,1,5,Wheat,PATIALA,all,Agriculture,Agriculture,Rabi,,Salim Sahaji,,,-1,,,,2205,"{""id_"": ""7bb0bcbe-82a5-4027-a80b-6ba1319984ec"", ""embedding"": null, ""metadata"": {""Category"": """", ""Year"": ""2015"", ""Month"": ""1"", ""Day"": ""5"", ""Crop"": ""Wheat"", ""State"": ""PUNJAB"", ""District"": ""PATIALA"", ""BlockName"": """", ""Sector"": ""AGRICULTURE"", ""Sector (A)"": ""AGRICULTURE"", ""Season"": ""RABI"", ""QueryType"": """", ""Agri Specialist"": ""Salim Sahaji"", ""latitude"": """", ""longitude"": """", ""cluster"": ""-1"", ""num_questions_in_cluster"": """", ""Date"": """", ""Source [Name and Link]"": """", ""SL No."": ""2205""}, ""excluded_embed_metadata_keys"": [], ""excluded_llm_metadata_keys"": [], ""relationships"": {""1"": {""node_id"": ""65f027ff93a6204bec793e04"", ""node_type"": ""4"", ""metadata"": {""Category"": """", ""Year"": ""2015"", ""Month"": ""1"", ""Day"": ""5"", ""Crop"": ""Wheat"", ""State"": ""PUNJAB"", ""District"": ""PATIALA"", ""BlockName"": """", ""Sector"": ""AGRICULTURE"", ""Sector (A)"": ""AGRICULTURE"", ""Season"": ""RABI"", ""QueryType"": """", ""Agri Specialist"": ""Salim Sahaji"", ""latitude"": """", ""longitude"": """", ""cluster"": ""-1"", ""num_questions_in_cluster"": """", ""Date"": """", ""Source [Name and Link]"": """", ""SL No."": ""2205""}, ""hash"": ""629881b3ce1e0b995487675832cb29b194d7c3758f0d869173349797bfcf00e6"", ""class_name"": ""RelatedNodeInfo""}}, ""metadata_template"": ""{key}: {value}"", ""metadata_separator"": ""\n"", ""text"": """", ""mimetype"": ""text/plain"", ""start_char_idx"": 0, ""end_char_idx"": 554, ""metadata_seperator"": ""\n"", ""text_template"": ""{metadata_str}\n\n{content}"", ""class_name"": ""TextNode""}",TextNode,65f027ff93a6204bec793e04,65f027ff93a6204bec793e04,65f027ff93a6204bec793e04,Punjab
ddbd54de-50c1-4195-a3ac-132ec11554d6,"Question: When should I destroy the paddy plant?

Answer: Paddy stubble and leftover plants should be destroyed promptly after harvest completion. In some regions, this destruction should ideally be completed before November 15 each year. Timely destruction prevents various insect pests from surviving and multiplying in the crop residues.
The yellow stem borer and pink stem borer larvae remain protected inside leftover stems. These borers cause dead hearts in young plants and white ear heads in mature crops during subsequent seasons. Leaf folder larvae also survive in crop residues, hiding within folded leaves where they damage plants by scraping green tissue.
Planthoppers, including the brown plant hopper and white-backed plant hopper, take shelter in stubble. These sap-sucking insects not only weaken plants but also transmit dangerous viral diseases. Heavy infestations lead to hopper burn symptoms. Armyworm caterpillars feed on remaining plant material before moving to new crops, capable of rapid defoliation. Rice hispa beetles and their grubs survive in stubble, causing characteristic white streaks on leaves of new plants. You can do deep ploughing to 10-12 inch depth, which completely buries stubble and associated pests. Chemical options involve spraying glyphosate at 10 ml/liter or paraquat at 5 ml/liter on standing stubble within one week post-harvest. These applications kill pests and prevent regrowth.",all,2015,7,15,Paddy,SANGRUR,all,Agriculture,Agriculture,Kharif,,Tejas R. Dange,,,-1,,18-8-2025,"https://www.moef.gov.in/stubble-management
https://www.maharashtraagriculture.gov.in/Crops/Paddy.html
https://www.icar.org.in/stubble-management-guidelines
https://agritech.tnau.ac.in/agriculture/agri_stubble_management.html",2230,"{""id_"": ""ddbd54de-50c1-4195-a3ac-132ec11554d6"", ""embedding"": null, ""metadata"": {""Category"": """", ""Year"": ""2015"", ""Month"": ""7"", ""Day"": ""15"", ""Crop"": ""Paddy/Rice"", ""State"": ""PUNJAB"", ""District"": ""SANGRUR"", ""BlockName"": """", ""Sector"": ""AGRICULTURE"", ""Sector (A)"": ""AGRICULTURE"", ""Season"": ""KHARIF"", ""QueryType"": """", ""Agri Specialist"": ""Tejas R. Dange"", ""latitude"": """", ""longitude"": """", ""cluster"": ""-1"", ""num_questions_in_cluster"": """", ""Date"": ""18-8-2025"", ""Source [Name and Link]"": ""https://www.moef.gov.in/stubble-management\nhttps://www.maharashtraagriculture.gov.in/Crops/Paddy.html\nhttps://www.icar.org.in/stubble-management-guidelines\nhttps://agritech.tnau.ac.in/agriculture/agri_stubble_management.html"", ""SL No."": ""2230""}, ""excluded_embed_metadata_keys"": [], ""excluded_llm_metadata_keys"": [], ""relationships"": {""1"": {""node_id"": ""7dabbfc014afb59d05e26818"", ""node_type"": ""4"", ""metadata"": {""Category"": """", ""Year"": ""2015"", ""Month"": ""7"", ""Day"": ""15"", ""Crop"": ""Paddy/Rice"", ""State"": ""PUNJAB"", ""District"": ""SANGRUR"", ""BlockName"": """", ""Sector"": ""AGRICULTURE"", ""Sector (A)"": ""AGRICULTURE"", ""Season"": ""KHARIF"", ""QueryType"": """", ""Agri Specialist"": ""Tejas R. Dange"", ""latitude"": """", ""longitude"": """", ""cluster"": ""-1"", ""num_questions_in_cluster"": """", ""Date"": ""18-8-2025"", ""Source [Name and Link]"": ""https://www.moef.gov.in/stubble-management\nhttps://www.maharashtraagriculture.gov.in/Crops/Paddy.html\nhttps://www.icar.org.in/stubble-management-guidelines\nhttps://agritech.tnau.ac.in/agriculture/agri_stubble_management.html"", ""SL No."": ""2230""}, ""hash"": ""15af2883f92843c9cb2b5d188c3494e8e3e7adc1e6979d00a0d489be8d573fe0"", ""class_name"": ""RelatedNodeInfo""}}, ""metadata_template"": ""{key}: {value}"", ""metadata_separator"": ""\n"", ""text"": """", ""mimetype"": ""text/plain"", ""start_char_idx"": 0, ""end_char_idx"": 1432, ""metadata_seperator"": ""\n"", ""text_template"": ""{metadata_str}\n\n{content}"", ""class_name"": ""TextNode""}",TextNode,7dabbfc014afb59d05e26818,7dabbfc014afb59d05e26818,7dabbfc014afb59d05e26818,Punjab
f07c2db3-e161-4b50-a1b8-cb5aa0735537,"Question: Which improved paddy varieties are best for cultivation in Ferozepur, Punjab?

Answer: Recommended improved non basmati paddy transplanting varieties for Punjab: PR 131(lodging tolerant, bacterial blight resistance, matures in 110 DAP, yield 31 quintals per acre), PR 130(lodging tolerant, bacterial blight resistance, matures in 105 DAP, yield 30 quintals per acre), PR 129(bacterial blight resistance, matures in 108 DAP, yield 30 quintals per acre), PR 128(bacterial blight resistance, matures in 111 DAP, yield 30.5 quintals per acre).                                                                                                                       Recommended improved basmati paddy transplanting varieties for Punjab: Pusa Basmati 1847(resistance to bacterial blight, matures within 99 days after transplanting, yield 19 quintals per acre), Pusa Basmati 7(resistance to bacterial blight, matures within 101 days after transplanting, yield 19 quintals per acre), and Pusa Basmati 1718(resistance to bacterial blight, matures within 114days after transplanting, yield 17 quintals per acre).",all,2018,4,26,Paddy,Ferozepur,all,Agriculture,Agriculture,Kharif,,Salim Sahaji,,,-1,,,,2485,"{""id_"": ""f07c2db3-e161-4b50-a1b8-cb5aa0735537"", ""embedding"": null, ""metadata"": {""Category"": """", ""Year"": ""2018"", ""Month"": ""4"", ""Day"": ""26"", ""Crop"": ""Paddy Dhan"", ""State"": ""PUNJAB"", ""District"": ""FEROZPUR"", ""BlockName"": """", ""Sector"": ""AGRICULTURE"", ""Sector (A)"": ""AGRICULTURE"", ""Season"": ""KHARIF"", ""QueryType"": """", ""Agri Specialist"": ""Salim Sahaji"", ""latitude"": """", ""longitude"": """", ""cluster"": ""-1"", ""num_questions_in_cluster"": """", ""Date"": """", ""Source [Name and Link]"": """", ""SL No."": ""2485""}, ""excluded_embed_metadata_keys"": [], ""excluded_llm_metadata_keys"": [], ""relationships"": {""1"": {""node_id"": ""985343f69286b23dedf415d0"", ""node_type"": ""4"", ""metadata"": {""Category"": """", ""Year"": ""2018"", ""Month"": ""4"", ""Day"": ""26"", ""Crop"": ""Paddy Dhan"", ""State"": ""PUNJAB"", ""District"": ""FEROZPUR"", ""BlockName"": """", ""Sector"": ""AGRICULTURE"", ""Sector (A)"": ""AGRICULTURE"", ""Season"": ""KHARIF"", ""QueryType"": """", ""Agri Specialist"": ""Salim Sahaji"", ""latitude"": """", ""longitude"": """", ""cluster"": ""-1"", ""num_questions_in_cluster"": """", ""Date"": """", ""Source [Name and Link]"": """", ""SL No."": ""2485""}, ""hash"": ""3ea30cb6eb9c0ba54785c50181a9c010ce23b63078293a1e8b7517f037fb5248"", ""class_name"": ""RelatedNodeInfo""}}, ""metadata_template"": ""{key}: {value}"", ""metadata_separator"": ""\n"", ""text"": """", ""mimetype"": ""text/plain"", ""start_char_idx"": 0, ""end_char_idx"": 1109, ""metadata_seperator"": ""\n"", ""text_template"": ""{metadata_str}\n\n{content}"", ""class_name"": ""TextNode""}",TextNode,985343f69286b23dedf415d0,985343f69286b23dedf415d0,985343f69286b23dedf415d0,Punjab
f73daccd-a7df-4f2e-9760-4b76e7f36247,"Question: For Finger millet, which method is better: dibbling or transplanting?

Answer: Dibbling is better than transplanting for finger millet. Dibbling saves labour, needs less water, conserves moisture for a long time, is easier for hilly and rainfed areas, and is cost-effective. Growing plants by direct dibbling after the first good rain gives better crop stand and root development. Transplanting is more labour-intensive and needs a nursery, which is not practical for many farmers in the region. Use improved, region-tested varieties like VM 4 (VL Mandua 4) or Narendra Mandua 4, which are promoted by ICAR-RCNEH, Basar and the Arunachal Pradesh Krishi Vigyan Kendras for local rainfed conditions. They are known for good yield potential and adaptability to the Northeast’s climate. The recommended seed rate of 6-7 kg per acre and spacing of 25 × 10 cm are correct for this method. After sowing, to control weeds, apply Pendimethalin 30% EC @ 1 litre per acre as pre-emergence within 3 days of sowing. Mix in 200 - 250 litres of water and spray evenly for full coverage. If a second flush of weeds appears, do one hand weeding at 20–25 days after sowing. Before sowing, apply 2 quintals of compost and 5 kg Trichoderma per acre to improve soil health and manage soil-borne diseases. This is a highly recommended and sustainable approach. Keep the field clean for the first 40 days. This simple method gives strong root growth, better tillering, and good yield under Arunachal’s local conditions.",all,2011,12,23,Finger Millet,East Kameng,all,Agriculture,Agriculture,Kharif,,Satarupa Saha,,,-1,,6-8-2025,,273,"{""id_"": ""f73daccd-a7df-4f2e-9760-4b76e7f36247"", ""embedding"": null, ""metadata"": {""Category"": """", ""Year"": ""2011"", ""Month"": ""12"", ""Day"": ""23"", ""Crop"": ""FINGER MILLET"", ""State"": ""ARUNACHAL PRADESH"", ""District"": ""EAST KAMENG"", ""BlockName"": """", ""Sector"": ""AGRICULTURE"", ""Sector (A)"": ""AGRICULTURE"", ""Season"": ""KHARIF"", ""QueryType"": """", ""Agri Specialist"": ""Satarupa Saha"", ""latitude"": """", ""longitude"": """", ""cluster"": ""-1"", ""num_questions_in_cluster"": """", ""Date"": ""6-8-2025"", ""Source [Name and Link]"": """", ""SL No."": ""273""}, ""excluded_embed_metadata_keys"": [], ""excluded_llm_metadata_keys"": [], ""relationships"": {""1"": {""node_id"": ""3ec29477e43dd48f0794b75f"", ""node_type"": ""4"", ""metadata"": {""Category"": """", ""Year"": ""2011"", ""Month"": ""12"", ""Day"": ""23"", ""Crop"": ""FINGER MILLET"", ""State"": ""ARUNACHAL PRADESH"", ""District"": ""EAST KAMENG"", ""BlockName"": """", ""Sector"": ""AGRICULTURE"", ""Sector (A)"": ""AGRICULTURE"", ""Season"": ""KHARIF"", ""QueryType"": """", ""Agri Specialist"": ""Satarupa Saha"", ""latitude"": """", ""longitude"": """", ""cluster"": ""-1"", ""num_questions_in_cluster"": """", ""Date"": ""6-8-2025"", ""Source [Name and Link]"": """", ""SL No."": ""273""}, ""hash"": ""bd9a14c96ed7fdd39e1a3801d160cf3e275c1ef83c9e0b8739cb17a79c6e9e6f"", ""class_name"": ""RelatedNodeInfo""}}, ""metadata_template"": ""{key}: {value}"", ""metadata_separator"": ""\n"", ""text"": """", ""mimetype"": ""text/plain"", ""start_char_idx"": 0, ""end_char_idx"": 1506, ""metadata_seperator"": ""\n"", ""text_template"": ""{metadata_str}\n\n{content}"", ""class_name"": ""TextNode""}",TextNode,3ec29477e43dd48f0794b75f,3ec29477e43dd48f0794b75f,3ec29477e43dd48f0794b75f,Arunachal Pradesh
262e8e81-9d4e-445d-88a1-dcf5fc4f87a3,"Question: Information regarding Cineraria Plants

Answer: Cineraria is a popular ornamental flowering plant grown for its bright, daisy-like blooms in various colors. There are some popular varieties include Grandiflora, Senetti, and Cruentus Hybrids, which offer vibrant flowers. The recommended seed rate for cineraria is 100-150 grams per acre for commercial cultivation. For home gardening, sowing 2-3 seeds per small pot is sufficient before transplanting. The ideal sowing time in your region is September to October for winter flowering displays. For pot cultivation, you can produce 50,000-60,000 marketable plants/acre. Seeds typically germinate in 10-15 days under optimal conditions. Transplanting should be done 4-5 weeks after sowing for best results. Flowering begins 12-14 weeks after sowing and continues for 6-8 weeks. Peak flowering occurs from December to February in Punjab's climate. Cineraria prefers well-drained, fertile soil. Pests like aphids can be controlled using neem-based organic sprays. You should apply 5-6 tons of FYM per acre as basal fertilizer.Supplemental NPK fertilizer at 20:20:20 kg per acre enhances plant growth. Proper post-harvest handling maintains flower quality for a longer shelf life.",all,2017,5,15,Cineraria,PATIALA,all,Floriculture,Horticulture,Kharif,,Tejas R. Dange,,,-1,,18-8-2025,"https://www.iihr.res.in/cineraria-cultivation
https://www.maharashtraagriculture.gov.in/Crops/Flowers.html
https://nhb.gov.in/model-project-reports/Flowers/Cineraria/Cineraria.htm
https://agritech.tnau.ac.in/horticulture/horti_flowers_cineraria.html",2440,"{""id_"": ""262e8e81-9d4e-445d-88a1-dcf5fc4f87a3"", ""embedding"": null, ""metadata"": {""Category"": """", ""Year"": ""2017"", ""Month"": ""5"", ""Day"": ""15"", ""Crop"": ""Cineraria"", ""State"": ""PUNJAB"", ""District"": ""PATIALA"", ""BlockName"": """", ""Sector"": ""Floriculture"", ""Sector (A)"": ""HORTICULTURE"", ""Season"": ""KHARIF"", ""QueryType"": """", ""Agri Specialist"": ""Tejas R. Dange"", ""latitude"": """", ""longitude"": """", ""cluster"": ""-1"", ""num_questions_in_cluster"": """", ""Date"": ""18-8-2025"", ""Source [Name and Link]"": ""https://www.iihr.res.in/cineraria-cultivation\nhttps://www.maharashtraagriculture.gov.in/Crops/Flowers.html\nhttps://nhb.gov.in/model-project-reports/Flowers/Cineraria/Cineraria.htm\nhttps://agritech.tnau.ac.in/horticulture/horti_flowers_cineraria.html"", ""SL No."": ""2440""}, ""excluded_embed_metadata_keys"": [], ""excluded_llm_metadata_keys"": [], ""relationships"": {""1"": {""node_id"": ""968e0f073d2715661df6a694"", ""node_type"": ""4"", ""metadata"": {""Category"": """", ""Year"": ""2017"", ""Month"": ""5"", ""Day"": ""15"", ""Crop"": ""Cineraria"", ""State"": ""PUNJAB"", ""District"": ""PATIALA"", ""BlockName"": """", ""Sector"": ""Floriculture"", ""Sector (A)"": ""HORTICULTURE"", ""Season"": ""KHARIF"", ""QueryType"": """", ""Agri Specialist"": ""Tejas R. Dange"", ""latitude"": """", ""longitude"": """", ""cluster"": ""-1"", ""num_questions_in_cluster"": """", ""Date"": ""18-8-2025"", ""Source [Name and Link]"": ""https://www.iihr.res.in/cineraria-cultivation\nhttps://www.maharashtraagriculture.gov.in/Crops/Flowers.html\nhttps://nhb.gov.in/model-project-reports/Flowers/Cineraria/Cineraria.htm\nhttps://agritech.tnau.ac.in/horticulture/horti_flowers_cineraria.html"", ""SL No."": ""2440""}, ""hash"": ""8d50fac8c822d3be143ec0c7e15056c3a7983b58ae79824b061d3bebd9541de5"", ""class_name"": ""RelatedNodeInfo""}}, ""metadata_template"": ""{key}: {value}"", ""metadata_separator"": ""\n"", ""text"": """", ""mimetype"": ""text/plain"", ""start_char_idx"": 0, ""end_char_idx"": 1235, ""metadata_seperator"": ""\n"", ""text_template"": ""{metadata_str}\n\n{content}"", ""class_name"": ""TextNode""}",TextNode,968e0f073d2715661df6a694,968e0f073d2715661df6a694,968e0f073d2715661df6a694,Punjab
96ab1ef9-0152-48a8-a086-28a4ecfda98f,"Question: How to control burn in Maize?

Answer: If burn or toxicity appears in maize, then first remember everything must be done in balance. Apply fertilizers based on soil test, because excess nitrogen or potash will burn the leaves. Use farmyard manure or compost to keep the soil healthy and reduce stress on plants. Irrigation must be given timely, neither too much nor too little—because both drought and waterlogging increase burn. Keep the field clean of weeds, as they take away water and nutrients. When using herbicides like Atrazine or Tembotrione, always maintain the right dose, otherwise it will harm the maize itself. Proper pest control keeps plants strong and reduces the chance of burn. Crop rotation is also very important, changing crops keeps soil healthy and reduces disease pressure. After harvest, always remove leftover crop residues, otherwise soil-borne problems will increase. Use tolerant maize varieties whenever possible, and always sow treated seeds so seedlings grow strong. If needed, foliar sprays like Mancozeb or Metalaxyl can be used to control fungal problems, but only at the recommended dose, because overdose will worsen the burn. Maintain proper spraying intervals and follow safety rules. By managing these small but important practices, maize plants will stay healthy, burn will be less, and yield will be better.",all,2009,9,8,all,SAGAR,all,Agriculture,Agriculture,Zaid,2,Satarupa Saha,23.8083,78.7583,-1,,,,4332,"{""id_"": ""96ab1ef9-0152-48a8-a086-28a4ecfda98f"", ""embedding"": null, ""metadata"": {""Category"": ""0"", ""Year"": ""2009"", ""Month"": ""9"", ""Day"": ""8"", ""Crop"": ""1075"", ""State"": ""MADHYA PRADESH"", ""District"": ""SAGAR"", ""BlockName"": ""0"", ""Sector"": ""AGRICULTURE"", ""Sector (A)"": ""AGRICULTURE"", ""Season"": ""JAYAD"", ""QueryType"": ""2"", ""Agri Specialist"": ""Satarupa Saha"", ""latitude"": ""23.8083"", ""longitude"": ""78.7583"", ""cluster"": ""-1"", ""num_questions_in_cluster"": """", ""Date"": """", ""Source [Name and Link]"": """", ""SL No."": ""4332""}, ""excluded_embed_metadata_keys"": [], ""excluded_llm_metadata_keys"": [], ""relationships"": {""1"": {""node_id"": ""07b6cdf9768d9ecb57a34894"", ""node_type"": ""4"", ""metadata"": {""Category"": ""0"", ""Year"": ""2009"", ""Month"": ""9"", ""Day"": ""8"", ""Crop"": ""1075"", ""State"": ""MADHYA PRADESH"", ""District"": ""SAGAR"", ""BlockName"": ""0"", ""Sector"": ""AGRICULTURE"", ""Sector (A)"": ""AGRICULTURE"", ""Season"": ""JAYAD"", ""QueryType"": ""2"", ""Agri Specialist"": ""Satarupa Saha"", ""latitude"": ""23.8083"", ""longitude"": ""78.7583"", ""cluster"": ""-1"", ""num_questions_in_cluster"": """", ""Date"": """", ""Source [Name and Link]"": """", ""SL No."": ""4332""}, ""hash"": ""6891b3f47fe34ef984842179b67dd1a2142117478107ec8e08f034cb26e70f8d"", ""class_name"": ""RelatedNodeInfo""}}, ""metadata_template"": ""{key}: {value}"", ""metadata_separator"": ""\n"", ""text"": """", ""mimetype"": ""text/plain"", ""start_char_idx"": 0, ""end_char_idx"": 1360, ""metadata_seperator"": ""\n"", ""text_template"": ""{metadata_str}\n\n{content}"", ""class_name"": ""TextNode""}",TextNode,07b6cdf9768d9ecb57a34894,07b6cdf9768d9ecb57a34894,07b6cdf9768d9ecb57a34894,Madhya Pradesh
932b67b7-3d6f-4d91-bd86-780ac54ebab0,"Question: When is the sowing time of Turmeric?

Answer: Turmeric being a water dependent long duration crop it is advisable to use some irrigation methods along with selection of well drained soil. 
The ideal timing of sowing Turmeric from April to May(Kharif season crop) .It should preferably coincide with the summer rains. If sowing is done during summer irrigation is necessary. 
The seed rate of turmeric is around 8-10 quintals for an acre. 
The most famous variety to choose is IISR Pragati which is a short duration variety with a potential yield of 21 tons for an acre.
Pre-sprouting of selected rhizomes should be ensure sprout viability. It is achieved by keeping the rhizomes in warm humid place mostly in moist sand, saw dust or coconut husk. New green shoots will emerge within 7-15 days.",Condiments and Spices,2014,11,30,Turmeric,Sonepat,Ganaur,Horticulture,Horticulture,Rabi,Cultural Practices,Adheena Victor,28.992,77.0343,743,12,5-8-2025,https://www.indianspices.com/sites/default/files/cultivation_practices-TURMERIC-1.pdf,609,"{""id_"": ""932b67b7-3d6f-4d91-bd86-780ac54ebab0"", ""embedding"": null, ""metadata"": {""Category"": ""Condiments and Spices"", ""Year"": ""2014"", ""Month"": ""11"", ""Day"": ""30"", ""Crop"": ""Turmeric"", ""State"": ""Haryana"", ""District"": ""Sonepat"", ""BlockName"": ""Ganaur"", ""Sector"": ""HORTICULTURE"", ""Sector (A)"": ""HORTICULTURE"", ""Season"": ""Rabi"", ""QueryType"": ""Cultural Practices"", ""Agri Specialist"": ""Adheena Victor"", ""latitude"": ""28.992"", ""longitude"": ""77.0343"", ""cluster"": ""743"", ""num_questions_in_cluster"": ""12"", ""Date"": ""5-8-2025"", ""Source [Name and Link]"": ""https://www.indianspices.com/sites/default/files/cultivation_practices-TURMERIC-1.pdf"", ""SL No."": ""609""}, ""excluded_embed_metadata_keys"": [], ""excluded_llm_metadata_keys"": [], ""relationships"": {""1"": {""node_id"": ""5b679d1d3ffe21bdeb8b00db"", ""node_type"": ""4"", ""metadata"": {""Category"": ""Condiments and Spices"", ""Year"": ""2014"", ""Month"": ""11"", ""Day"": ""30"", ""Crop"": ""Turmeric"", ""State"": ""Haryana"", ""District"": ""Sonepat"", ""BlockName"": ""Ganaur"", ""Sector"": ""HORTICULTURE"", ""Sector (A)"": ""HORTICULTURE"", ""Season"": ""Rabi"", ""QueryType"": ""Cultural Practices"", ""Agri Specialist"": ""Adheena Victor"", ""latitude"": ""28.992"", ""longitude"": ""77.0343"", ""cluster"": ""743"", ""num_questions_in_cluster"": ""12"", ""Date"": ""5-8-2025"", ""Source [Name and Link]"": ""https://www.indianspices.com/sites/default/files/cultivation_practices-TURMERIC-1.pdf"", ""SL No."": ""609""}, ""hash"": ""a88ef99044e4fa232973ab5abf513f48e538487e9cbc7b4c5d60d898430b5758"", ""class_name"": ""RelatedNodeInfo""}}, ""metadata_template"": ""{key}: {value}"", ""metadata_separator"": ""\n"", ""text"": """", ""mimetype"": ""text/plain"", ""start_char_idx"": 0, ""end_char_idx"": 803, ""metadata_seperator"": ""\n"", ""text_template"": ""{metadata_str}\n\n{content}"", ""class_name"": ""TextNode""}",TextNode,5b679d1d3ffe21bdeb8b00db,5b679d1d3ffe21bdeb8b00db,5b679d1d3ffe21bdeb8b00db,Haryana
3e0201a0-3f76-4da9-ac4a-78d8125abfc5,"Question: What is the yellow revolution?

Answer: The Yellow Revolution in India refers to the national drive to increase oilseed production, particularly soybean, sunflower, mustard, groundnut, and safflower. It began in 1986–1990 under the Technology Mission on Oilseeds (TMO), launched to reduce India’s dependence on edible oil imports, Adopt modern techniques for oil seeds crop, enhance farmer income,. Maharashtra played a pivotal part because large areas, especially Vidarbha and Marathwada, are ideally suited for oilseed crops. Soybean emerged as a dominant Kharif crop in these regions, while safflower and sunflower became key Rabi season crops. Using strategies like high-yielding seed varieties, improved irrigation methods, timely pest and disease control, and balanced fertilizer use. Government support through seed subsidies, irrigation incentives, MSP for oilseeds, and farmer training programs. Before the mission, India’s oilseed production was about 11–12 million metric tonnes (MMT). By the mid-1990s, the Yellow Revolution had doubled production to around 25 MMT. This breakthrough laid the foundation for continued growth, reaching 40–60 MMT in later decades through sustained research, better technology, and supportive policies. Maharashtra earned the title of India’s soybean capital during this period. Bodies like the Maharashtra State Oilseeds Growers’ Federation (MSOILFED) continue to promote oilseed farming through seed distribution, market linkages, and processing support. Future Goals of the yellow revolutions are doubling oilseed yield by 2030 through advanced breeding and adoption of GM crops (e.g., herbicide-tolerant mustard), solar-powered oil mills to cut processing costs and improve profitability",all,2009,1,28,all,SATARA,all,Agriculture,Agriculture,Zaid,,Souvik Roy,,,-1,,11-8-2025,https://agriwelfare.gov.in/ https://www.icar-iior.org.in/ https://maharashtra.gov.in/Site/Common/OrganizationDetails.aspx?OrganizationID=1134,641,"{""id_"": ""3e0201a0-3f76-4da9-ac4a-78d8125abfc5"", ""embedding"": null, ""metadata"": {""Category"": """", ""Year"": ""2009"", ""Month"": ""1"", ""Day"": ""28"", ""Crop"": ""GEN"", ""State"": ""MAHARASHTRA"", ""District"": ""SATARA"", ""BlockName"": """", ""Sector"": ""AGRICULTURE"", ""Sector (A)"": ""AGRICULTURE"", ""Season"": ""JAYAD"", ""QueryType"": """", ""Agri Specialist"": ""Khaja Suhaib Khaja Azharuddin"", ""latitude"": """", ""longitude"": """", ""cluster"": ""-1"", ""num_questions_in_cluster"": """", ""Date"": ""11-8-2025"", ""Source [Name and Link]"": ""https://agriwelfare.gov.in/ https://www.icar-iior.org.in/ https://maharashtra.gov.in/Site/Common/OrganizationDetails.aspx?OrganizationID=1134"", ""SL No."": ""641""}, ""excluded_embed_metadata_keys"": [], ""excluded_llm_metadata_keys"": [], ""relationships"": {""1"": {""node_id"": ""bcd66e1725cd88190d9bd492"", ""node_type"": ""4"", ""metadata"": {""Category"": """", ""Year"": ""2009"", ""Month"": ""1"", ""Day"": ""28"", ""Crop"": ""GEN"", ""State"": ""MAHARASHTRA"", ""District"": ""SATARA"", ""BlockName"": """", ""Sector"": ""AGRICULTURE"", ""Sector (A)"": ""AGRICULTURE"", ""Season"": ""JAYAD"", ""QueryType"": """", ""Agri Specialist"": ""Khaja Suhaib Khaja Azharuddin"", ""latitude"": """", ""longitude"": """", ""cluster"": ""-1"", ""num_questions_in_cluster"": """", ""Date"": ""11-8-2025"", ""Source [Name and Link]"": ""https://agriwelfare.gov.in/ https://www.icar-iior.org.in/ https://maharashtra.gov.in/Site/Common/OrganizationDetails.aspx?OrganizationID=1134"", ""SL No."": ""641""}, ""hash"": ""4b8f891a9fe2520e3eb4660aa1a21902bdd70a7315ea6f9cd7970580e8e86190"", ""class_name"": ""RelatedNodeInfo""}}, ""metadata_template"": ""{key}: {value}"", ""metadata_separator"": ""\n"", ""text"": """", ""mimetype"": ""text/plain"", ""start_char_idx"": 0, ""end_char_idx"": 1744, ""metadata_seperator"": ""\n"", ""text_template"": ""{metadata_str}\n\n{content}"", ""class_name"": ""TextNode""}",TextNode,bcd66e1725cd88190d9bd492,bcd66e1725cd88190d9bd492,bcd66e1725cd88190d9bd492,Maharashtra
15ba773d-bf74-4fe1-8947-cdfc7f56e22f,"Question: What are the varieties of Tomato in Jabalpur?

Answer: For a farmer in Madhya Pradesh, the best strategy is to select a variety based on their specific needs and the time of year they are planting.                                                                                                                For the rabi season season the recommended tomato varieties are: Pusa Ruby(mature within 60-65 days, use for table and processing purpose and yield 130 quintals per acre), Pusa early dwarf(matures within 75-80 days after transplanting, suitable for both table and processing, yield 140 quintals per acre), and Kashi Chyan(matures in 140 days, resistant to ToYLCVD, yield 280 quintals per acre).                                                                                                                                                           Varieties recommended for kharif season: Kashi Vishesh(tolerance to the challenges of the rainy season, matures within 73 days after planting), Arka Rakshak(offers triple resistance to Bacterial Wilt, Tomato Leaf Curl Virus (ToLCV), and Early Blight disease), Arka Anupam( tolerance to Tomato Yellow Leaf Curl Virus) and Kashi Chyan(it is also suitable for humid condition).                                    Varieties suitable for Zaid season are: Pusa Shakti(heat tolerant, yield 140 quintals per acre), Vaishali and Pusa Hybrid 1.",all,2009,4,8,Tomato,Jabalpur,all,Horticulture,Horticulture,Rabi,5,Salim Sahaji,23.1702,79.9324,16,13,,,2982,"{""id_"": ""15ba773d-bf74-4fe1-8947-cdfc7f56e22f"", ""embedding"": null, ""metadata"": {""Category"": ""0"", ""Year"": ""2009"", ""Month"": ""4"", ""Day"": ""8"", ""Crop"": ""Tomato"", ""State"": ""MADHYA PRADESH"", ""District"": ""JABALPUR"", ""BlockName"": ""0"", ""Sector"": ""HORTICULTURE"", ""Sector (A)"": ""HORTICULTURE"", ""Season"": ""RABI"", ""QueryType"": ""5"", ""Agri Specialist"": ""Salim Sahaji"", ""latitude"": ""23.1702"", ""longitude"": ""79.9324"", ""cluster"": ""16"", ""num_questions_in_cluster"": ""13"", ""Date"": """", ""Source [Name and Link]"": """", ""SL No."": ""2982""}, ""excluded_embed_metadata_keys"": [], ""excluded_llm_metadata_keys"": [], ""relationships"": {""1"": {""node_id"": ""adafa66980eace2e3984167c"", ""node_type"": ""4"", ""metadata"": {""Category"": ""0"", ""Year"": ""2009"", ""Month"": ""4"", ""Day"": ""8"", ""Crop"": ""Tomato"", ""State"": ""MADHYA PRADESH"", ""District"": ""JABALPUR"", ""BlockName"": ""0"", ""Sector"": ""HORTICULTURE"", ""Sector (A)"": ""HORTICULTURE"", ""Season"": ""RABI"", ""QueryType"": ""5"", ""Agri Specialist"": ""Salim Sahaji"", ""latitude"": ""23.1702"", ""longitude"": ""79.9324"", ""cluster"": ""16"", ""num_questions_in_cluster"": ""13"", ""Date"": """", ""Source [Name and Link]"": """", ""SL No."": ""2982""}, ""hash"": ""d4f46df0466c843edd811bdbb2ebb155028e3a3504e5228573c6965160b21c0e"", ""class_name"": ""RelatedNodeInfo""}}, ""metadata_template"": ""{key}: {value}"", ""metadata_separator"": ""\n"", ""text"": """", ""mimetype"": ""text/plain"", ""start_char_idx"": 0, ""end_char_idx"": 1402, ""metadata_seperator"": ""\n"", ""text_template"": ""{metadata_str}\n\n{content}"", ""class_name"": ""TextNode""}",TextNode,adafa66980eace2e3984167c,adafa66980eace2e3984167c,adafa66980eace2e3984167c,Madhya Pradesh
b4fa8e19-d054-4960-80ef-59e21c273b5e,"Question: How to control Caterpillar attack in Gram?

Answer: The pod borer (Helicoverpa armigera) is the most destructive pest of gram, causing 20–30% yield loss, and in severe cases up to 70–80%. The caterpillars hatch from round, pearl-like eggs and initially scrape tender leaves before boring into pods and feeding on the grains inside. For management, an integrated approach is essential.

Install sex pheromone traps (when 4–5 moths/trap/night are caught, control measures should start), adopt agronomic practices like deep summer plowing, timely sowing, and intercropping with mustard, coriander, or linseed, and plant yellow marigold as a trap crop to divert egg-laying.

Biological control includes spraying Nuclear Polyhedrosis Virus (NPV) @ 250 larval equivalents per acre, conserving insectivorous birds by erecting T-shaped perches, and encouraging parasitoids by growing pollen-rich crops. Neem seed (Nimboli) extract prepared from 5 kg seed in 10 litres water plus 200 g washing powder, diluted in 100 litres water, can be sprayed per acre.

When necessary, chemical options include Spinosad 45 SC @ 75 ml or Chlorantraniliprole 18.5 SC @ 60 ml/acre in 200 litres of water. The pre-harvest interval needed is 21 days for Spinosad and 18 days for Chlorantraniliprole.",Pulses,2014,12,21,"Bengal Gram - Chick Pea, Kabuli Chana",SAGAR,Malthone,Agriculture,Agriculture,Rabi,Plant Protection,Adheena Victor,23.8083,78.7583,667,18,,https://mpkrishi.mp.gov.in/hindisite_New/krishi_capsules_Chana_New.aspx,3567,"{""id_"": ""b4fa8e19-d054-4960-80ef-59e21c273b5e"", ""embedding"": null, ""metadata"": {""Category"": ""Pulses"", ""Year"": ""2014"", ""Month"": ""12"", ""Day"": ""21"", ""Crop"": ""Bengal Gram GramChick PeaKabuliChana"", ""State"": ""MADHYA PRADESH"", ""District"": ""SAGAR"", ""BlockName"": ""MALTHONE"", ""Sector"": ""AGRICULTURE"", ""Sector (A)"": ""AGRICULTURE"", ""Season"": ""RABI"", ""QueryType"": ""Plant Protection"", ""Agri Specialist"": ""Adheena Victor"", ""latitude"": ""23.8083"", ""longitude"": ""78.7583"", ""cluster"": ""667"", ""num_questions_in_cluster"": ""18"", ""Date"": """", ""Source [Name and Link]"": ""https://mpkrishi.mp.gov.in/hindisite_New/krishi_capsules_Chana_New.aspx"", ""SL No."": ""3567""}, ""excluded_embed_metadata_keys"": [], ""excluded_llm_metadata_keys"": [], ""relationships"": {""1"": {""node_id"": ""73f3fae479cc7319a238eaa3"", ""node_type"": ""4"", ""metadata"": {""Category"": ""Pulses"", ""Year"": ""2014"", ""Month"": ""12"", ""Day"": ""21"", ""Crop"": ""Bengal Gram GramChick PeaKabuliChana"", ""State"": ""MADHYA PRADESH"", ""District"": ""SAGAR"", ""BlockName"": ""MALTHONE"", ""Sector"": ""AGRICULTURE"", ""Sector (A)"": ""AGRICULTURE"", ""Season"": ""RABI"", ""QueryType"": ""Plant Protection"", ""Agri Specialist"": ""Adheena Victor"", ""latitude"": ""23.8083"", ""longitude"": ""78.7583"", ""cluster"": ""667"", ""num_questions_in_cluster"": ""18"", ""Date"": """", ""Source [Name and Link]"": ""https://mpkrishi.mp.gov.in/hindisite_New/krishi_capsules_Chana_New.aspx"", ""SL No."": ""3567""}, ""hash"": ""9bfcaa659b44e0e985657ee2b0610f772431f4431c660bad97396947e4455a8b"", ""class_name"": ""RelatedNodeInfo""}}, ""metadata_template"": ""{key}: {value}"", ""metadata_separator"": ""\n"", ""text"": """", ""mimetype"": ""text/plain"", ""start_char_idx"": 0, ""end_char_idx"": 1282, ""metadata_seperator"": ""\n"", ""text_template"": ""{metadata_str}\n\n{content}"", ""class_name"": ""TextNode""}",TextNode,73f3fae479cc7319a238eaa3,73f3fae479cc7319a238eaa3,73f3fae479cc7319a238eaa3,Madhya Pradesh
a867a5d7-e0b9-48b2-b779-3d6c65085526,"Question: Give me the information regarding price details of Mustard in Kumbh raj mandi?

Answer: As of August 28, 2025, the mustard prices in Kumbhraj Mandi, Madhya Pradesh, are as follows: Minimum Price: ₹5,340 per quintal, Maximum Price: ₹5,395 per quintal, Average Price: ₹5,390 per quintal. These prices are subject to daily fluctuations based on market demand, quality, and other factors. For the most accurate and up-to-date information, it's recommended to consult the local mandi or online platforms.",Oilseeds,2020,1,17,Rapeseed and Mustard,Guna,Raghogarh,Agriculture,Agriculture,all,Market Information,Gonnabathula Girishma,24.5002,77.2601,996,28,3-9-2025,https://www.commodityonline.com/mandiprices/mustard/madhya-pradesh/kumbhraj?utm_source=chatgpt.com,3919,"{""id_"": ""a867a5d7-e0b9-48b2-b779-3d6c65085526"", ""embedding"": null, ""metadata"": {""Category"": ""Oilseeds"", ""Year"": ""2020"", ""Month"": ""1"", ""Day"": ""17"", ""Crop"": ""Mustard"", ""State"": ""MADHYA PRADESH"", ""District"": ""GUNA"", ""BlockName"": ""RAGHOGARH"", ""Sector"": ""AGRICULTURE"", ""Sector (A)"": ""AGRICULTURE"", ""Season"": """", ""QueryType"": ""Market Information"", ""Agri Specialist"": ""Gonnabathula Girishma"", ""latitude"": ""24.5002"", ""longitude"": ""77.2601"", ""cluster"": ""996"", ""num_questions_in_cluster"": ""28"", ""Date"": ""3-9-2025"", ""Source [Name and Link]"": ""https://www.commodityonline.com/mandiprices/mustard/madhya-pradesh/kumbhraj?utm_source=chatgpt.com"", ""SL No."": ""3919""}, ""excluded_embed_metadata_keys"": [], ""excluded_llm_metadata_keys"": [], ""relationships"": {""1"": {""node_id"": ""0307a3f81ead269077abbe50"", ""node_type"": ""4"", ""metadata"": {""Category"": ""Oilseeds"", ""Year"": ""2020"", ""Month"": ""1"", ""Day"": ""17"", ""Crop"": ""Mustard"", ""State"": ""MADHYA PRADESH"", ""District"": ""GUNA"", ""BlockName"": ""RAGHOGARH"", ""Sector"": ""AGRICULTURE"", ""Sector (A)"": ""AGRICULTURE"", ""Season"": """", ""QueryType"": ""Market Information"", ""Agri Specialist"": ""Gonnabathula Girishma"", ""latitude"": ""24.5002"", ""longitude"": ""77.2601"", ""cluster"": ""996"", ""num_questions_in_cluster"": ""28"", ""Date"": ""3-9-2025"", ""Source [Name and Link]"": ""https://www.commodityonline.com/mandiprices/mustard/madhya-pradesh/kumbhraj?utm_source=chatgpt.com"", ""SL No."": ""3919""}, ""hash"": ""a6ba9663c555560a05944397832681a24aab9c4d73caeebc2990ddb0534653f3"", ""class_name"": ""RelatedNodeInfo""}}, ""metadata_template"": ""{key}: {value}"", ""metadata_separator"": ""\n"", ""text"": """", ""mimetype"": ""text/plain"", ""start_char_idx"": 0, ""end_char_idx"": 509, ""metadata_seperator"": ""\n"", ""text_template"": ""{metadata_str}\n\n{content}"", ""class_name"": ""TextNode""}",TextNode,0307a3f81ead269077abbe50,0307a3f81ead269077abbe50,0307a3f81ead269077abbe50,Madhya Pradesh
118d4176-92fe-4989-800e-2e743944d1be,"Question: Information regarding the management of the crop from frost

Answer: Frost can be a significant threat to crops in Guna, Madhya Pradesh, especially during the winter months of December and January. Effective management involves both passive and active techniques to mitigate damage. Avoid planting frost-sensitive crops in low-lying areas where cold air can accumulate. Choose crop varieties that are more tolerant to frost or have a later flowering/bud break period. Keep the soil moist through irrigation before a frost event. Wet soil stores and transfers heat better than dry soil. This can help release heat during the night, slightly raising the air temperature near the ground. Avoid applying nitrogen fertilizer in late summer or early autumn, as this can promote vegetative growth that is more susceptible to frost. Ensure that plants are not deficient in potassium, which can help them maintain cell water content and potentially improve their tolerance to frost. Using row covers, frost blankets, or plastic sheeting can help trap heat and create a microclimate around the plants. Applying mulch (e.g., straw, leaves) at the base of plants can insulate the soil and roots, reducing temperature fluctuations. Pradhan Mantri Fasal Bima Yojana (PMFBY): This is a key crop insurance scheme that provides comprehensive coverage against crop losses due to natural calamities, including frost. Farmers in notified areas cultivating notified crops can avail themselves of this scheme.",Others,2020,1,13,Others,Guna,Guna,Agriculture,Agriculture,all,Plant Protection,Chaitanya Sameera Sandaka,24.5002,77.2601,973,11,3-9-2025,https://www.fao.org/4/y7223e/y7223e08.htm,3876,"{""id_"": ""118d4176-92fe-4989-800e-2e743944d1be"", ""embedding"": null, ""metadata"": {""Category"": ""Others"", ""Year"": ""2020"", ""Month"": ""1"", ""Day"": ""13"", ""Crop"": ""Others"", ""State"": ""MADHYA PRADESH"", ""District"": ""GUNA"", ""BlockName"": ""GUNA"", ""Sector"": ""AGRICULTURE"", ""Sector (A)"": ""AGRICULTURE"", ""Season"": """", ""QueryType"": ""Plant Protection"", ""Agri Specialist"": ""Chaitanya Sameera Sandaka"", ""latitude"": ""24.5002"", ""longitude"": ""77.2601"", ""cluster"": ""973"", ""num_questions_in_cluster"": ""11"", ""Date"": ""3-9-2025"", ""Source [Name and Link]"": ""https://www.fao.org/4/y7223e/y7223e08.htm"", ""SL No."": ""3876""}, ""excluded_embed_metadata_keys"": [], ""excluded_llm_metadata_keys"": [], ""relationships"": {""1"": {""node_id"": ""15ebd888c52ee7f6e096ce71"", ""node_type"": ""4"", ""metadata"": {""Category"": ""Others"", ""Year"": ""2020"", ""Month"": ""1"", ""Day"": ""13"", ""Crop"": ""Others"", ""State"": ""MADHYA PRADESH"", ""District"": ""GUNA"", ""BlockName"": ""GUNA"", ""Sector"": ""AGRICULTURE"", ""Sector (A)"": ""AGRICULTURE"", ""Season"": """", ""QueryType"": ""Plant Protection"", ""Agri Specialist"": ""Chaitanya Sameera Sandaka"", ""latitude"": ""24.5002"", ""longitude"": ""77.2601"", ""cluster"": ""973"", ""num_questions_in_cluster"": ""11"", ""Date"": ""3-9-2025"", ""Source [Name and Link]"": ""https://www.fao.org/4/y7223e/y7223e08.htm"", ""SL No."": ""3876""}, ""hash"": ""ba1e5260cb40ced72466e725e19e20a38fa8d1c71e4c36cf332d2f6e31b17652"", ""class_name"": ""RelatedNodeInfo""}}, ""metadata_template"": ""{key}: {value}"", ""metadata_separator"": ""\n"", ""text"": """", ""mimetype"": ""text/plain"", ""start_char_idx"": 0, ""end_char_idx"": 1497, ""metadata_seperator"": ""\n"", ""text_template"": ""{metadata_str}\n\n{content}"", ""class_name"": ""TextNode""}",TextNode,15ebd888c52ee7f6e096ce71,15ebd888c52ee7f6e096ce71,15ebd888c52ee7f6e096ce71,Madhya Pradesh
b4809c44-0956-402d-b81c-7ddbfbce7542,"Question: What subsidies are available for purchasing a drill machine in Punjab?

Answer: The Punjab Government, through the Department of Agriculture and Farmers' Welfare, is giving subsidy on seed drill machine under the Sub-Mission on Agricultural Mechanization (SMAM) scheme. Depending on your category you can get 40% subsidy, while SC category and marginal farmers can get up to 50% subsidy. Also, farmer groups, cooperatives, panchayats, and FPOs can take benefit of this scheme. You can check full details and apply online through the official website of the Department of Agriculture, Punjab. Please keep documents like Aadhaar card, land papers, bank details, and a dealer quotation ready. Apply early, as the subsidy is given on a first-come, first-served basis. If you need help with the application or documents, feel free to contact your Assistant Agricultural Engineer (AAE).",all,2013,8,29,all,SANGRUR,all,Agriculture,Agriculture,Zaid,,Anjali Chauhan,,,-1,,13-8-2025,,1734,"{""id_"": ""b4809c44-0956-402d-b81c-7ddbfbce7542"", ""embedding"": null, ""metadata"": {""Category"": """", ""Year"": ""2013"", ""Month"": ""8"", ""Day"": ""29"", ""Crop"": ""GEN"", ""State"": ""PUNJAB"", ""District"": ""SANGRUR"", ""BlockName"": """", ""Sector"": ""AGRICULTURE"", ""Sector (A)"": ""AGRICULTURE"", ""Season"": ""JAYAD"", ""QueryType"": """", ""Agri Specialist"": ""Anjali Chauhan"", ""latitude"": """", ""longitude"": """", ""cluster"": ""-1"", ""num_questions_in_cluster"": """", ""Date"": ""13-8-2025"", ""Source [Name and Link]"": """", ""SL No."": ""1734""}, ""excluded_embed_metadata_keys"": [], ""excluded_llm_metadata_keys"": [], ""relationships"": {""1"": {""node_id"": ""64c5aa7c9d80f2381c31a1b9"", ""node_type"": ""4"", ""metadata"": {""Category"": """", ""Year"": ""2013"", ""Month"": ""8"", ""Day"": ""29"", ""Crop"": ""GEN"", ""State"": ""PUNJAB"", ""District"": ""SANGRUR"", ""BlockName"": """", ""Sector"": ""AGRICULTURE"", ""Sector (A)"": ""AGRICULTURE"", ""Season"": ""JAYAD"", ""QueryType"": """", ""Agri Specialist"": ""Anjali Chauhan"", ""latitude"": """", ""longitude"": """", ""cluster"": ""-1"", ""num_questions_in_cluster"": """", ""Date"": ""13-8-2025"", ""Source [Name and Link]"": """", ""SL No."": ""1734""}, ""hash"": ""564393efbb70392a83091af463c56d8f90ea1b6256a56febfd91393f05f0ffab"", ""class_name"": ""RelatedNodeInfo""}}, ""metadata_template"": ""{key}: {value}"", ""metadata_separator"": ""\n"", ""text"": """", ""mimetype"": ""text/plain"", ""start_char_idx"": 0, ""end_char_idx"": 890, ""metadata_seperator"": ""\n"", ""text_template"": ""{metadata_str}\n\n{content}"", ""class_name"": ""TextNode""}",TextNode,64c5aa7c9d80f2381c31a1b9,64c5aa7c9d80f2381c31a1b9,64c5aa7c9d80f2381c31a1b9,Punjab
ee975905-5f1b-483f-ab99-029b26b80ee0,"Question: Information regarding the seed treatment of green Gram

Answer: Seed treatment in green gram before sowing is very important because it protects the seed from fungus and soil brone diases along with helps the crop to grow fast and healthy. First do fungicide treatment – mix Carbendazim 1 g + Captan 2 g per kg seed (total 3 gram per kg of seed) (but. applied onlu under exapert guidance as it have under some restriction). This protects the seed from rot, damping off, and soil fungi. After that, do biofertilizer treatment – apply Rhizobium culture 5 gram per kg of seed. Rhizobium fixes nitrogen from the air into the soil, which saves fertilizer cost and increases yield. The method is simple – first coat the seeds well with fungicide powder in a dry container, then dry for 15–20 minutes. After that, prepare a solution of jaggery or sugar water, mix Rhizobium in it, and coat the seeds so the culture sticks properly. Sowing should be done immediately after treatment; do not store treated seeds for long. As carbendazim have restriction in that case you may use Thiram 2.5 g/kg or Captan 3 g/kg alone, but Rhizobium treatment is a must in pulses for nitrogen fixation. If you follow this step, seeds will be safe, crop will be strong, nitrogen will be available naturally, and production will definitely increase.",Pulses,2013,4,3,Green Gram-Moong,Narmadapuram,Seoni Malwa,Agriculture,Agriculture,Rabi,,Satarupa Saha,22.7546,77.7198,556,6,,https://mpkrishi.mp.gov.in/hindisite_New/krishi_capsules_Moong_New.aspx,3508,"{""id_"": ""ee975905-5f1b-483f-ab99-029b26b80ee0"", ""embedding"": null, ""metadata"": {""Category"": ""Pulses"", ""Year"": ""2013"", ""Month"": ""4"", ""Day"": ""3"", ""Crop"": ""Green Gram Moong Bean Moong"", ""State"": ""MADHYA PRADESH"", ""District"": ""HOSHANGABAD"", ""BlockName"": ""SEONI MALWA"", ""Sector"": ""AGRICULTURE"", ""Sector (A)"": ""AGRICULTURE"", ""Season"": ""RABI"", ""QueryType"": """", ""Agri Specialist"": ""Satarupa Saha"", ""latitude"": ""22.7546"", ""longitude"": ""77.7198"", ""cluster"": ""556"", ""num_questions_in_cluster"": ""6"", ""Date"": """", ""Source [Name and Link]"": ""https://mpkrishi.mp.gov.in/hindisite_New/krishi_capsules_Moong_New.aspx"", ""SL No."": ""3508""}, ""excluded_embed_metadata_keys"": [], ""excluded_llm_metadata_keys"": [], ""relationships"": {""1"": {""node_id"": ""4dafefa43d86cd10ebe75893"", ""node_type"": ""4"", ""metadata"": {""Category"": ""Pulses"", ""Year"": ""2013"", ""Month"": ""4"", ""Day"": ""3"", ""Crop"": ""Green Gram Moong Bean Moong"", ""State"": ""MADHYA PRADESH"", ""District"": ""HOSHANGABAD"", ""BlockName"": ""SEONI MALWA"", ""Sector"": ""AGRICULTURE"", ""Sector (A)"": ""AGRICULTURE"", ""Season"": ""RABI"", ""QueryType"": """", ""Agri Specialist"": ""Satarupa Saha"", ""latitude"": ""22.7546"", ""longitude"": ""77.7198"", ""cluster"": ""556"", ""num_questions_in_cluster"": ""6"", ""Date"": """", ""Source [Name and Link]"": ""https://mpkrishi.mp.gov.in/hindisite_New/krishi_capsules_Moong_New.aspx"", ""SL No."": ""3508""}, ""hash"": ""421bd564d822a19a5b747ac429a6a75869dc585e55edc7435ab92ebdeb075ad3"", ""class_name"": ""RelatedNodeInfo""}}, ""metadata_template"": ""{key}: {value}"", ""metadata_separator"": ""\n"", ""text"": """", ""mimetype"": ""text/plain"", ""start_char_idx"": 0, ""end_char_idx"": 1331, ""metadata_seperator"": ""\n"", ""text_template"": ""{metadata_str}\n\n{content}"", ""class_name"": ""TextNode""}",TextNode,4dafefa43d86cd10ebe75893,4dafefa43d86cd10ebe75893,4dafefa43d86cd10ebe75893,Madhya Pradesh
db4b142d-d6b5-4e8a-9036-d7b972e43a55,"Question: what is samba variety in rice?

Answer: For the Zaid season (March to June) in Thiruvallur, Tamil Nadu, it is crucial to choose extra-short duration rice varieties that can mature within the limited window of this hot and dry season. Kar/Kuruvai varieties are the right choice for Zaid, as they are bred to withstand the heat and shorter growing period. Varieties such as ADT 36 (maturing in 90–100 days), ADT 39 (100–110 days), and TNAU Rice 1 (around 100 days) are well-suited for this season. These varieties are highly resistant to pests and diseases, and they can thrive under water-scarce conditions, ensuring a better yield for farmers even during this dry period.",all,2009,9,17,Paddy,THIRUVALLUR,all,Agriculture,Agriculture,Zaid,,Chaitanya Sameera Sandaka,,,-1,,9-8-2025,,2808,"{""id_"": ""db4b142d-d6b5-4e8a-9036-d7b972e43a55"", ""embedding"": null, ""metadata"": {""Category"": """", ""Year"": ""2009"", ""Month"": ""9"", ""Day"": ""17"", ""Crop"": ""Paddy"", ""State"": ""TAMILNADU"", ""District"": ""THIRUVALLUR"", ""BlockName"": """", ""Sector"": ""AGRICULTURE"", ""Sector (A)"": ""AGRICULTURE"", ""Season"": ""JAYAD"", ""QueryType"": """", ""Agri Specialist"": ""Chaitanya Sameera Sandaka"", ""latitude"": """", ""longitude"": """", ""cluster"": ""-1"", ""num_questions_in_cluster"": """", ""Date"": ""9-8-2025"", ""Source [Name and Link]"": """", ""SL No."": ""2808""}, ""excluded_embed_metadata_keys"": [], ""excluded_llm_metadata_keys"": [], ""relationships"": {""1"": {""node_id"": ""f59703cf3bf3b7d30e90e266"", ""node_type"": ""4"", ""metadata"": {""Category"": """", ""Year"": ""2009"", ""Month"": ""9"", ""Day"": ""17"", ""Crop"": ""Paddy"", ""State"": ""TAMILNADU"", ""District"": ""THIRUVALLUR"", ""BlockName"": """", ""Sector"": ""AGRICULTURE"", ""Sector (A)"": ""AGRICULTURE"", ""Season"": ""JAYAD"", ""QueryType"": """", ""Agri Specialist"": ""Chaitanya Sameera Sandaka"", ""latitude"": """", ""longitude"": """", ""cluster"": ""-1"", ""num_questions_in_cluster"": """", ""Date"": ""9-8-2025"", ""Source [Name and Link]"": """", ""SL No."": ""2808""}, ""hash"": ""6dc39e54d29a9dd11f2fda87736278e5c525726e20a4de4d190bd83c8151bf87"", ""class_name"": ""RelatedNodeInfo""}}, ""metadata_template"": ""{key}: {value}"", ""metadata_separator"": ""\n"", ""text"": """", ""mimetype"": ""text/plain"", ""start_char_idx"": 0, ""end_char_idx"": 681, ""metadata_seperator"": ""\n"", ""text_template"": ""{metadata_str}\n\n{content}"", ""class_name"": ""TextNode""}",TextNode,f59703cf3bf3b7d30e90e266,f59703cf3bf3b7d30e90e266,f59703cf3bf3b7d30e90e266,Tamil Nadu
98dbb6ca-5ab7-47a9-bab8-d4d77029a672,"Question: What is the msp of mint crop?

Answer: The MSP policy in India has only 23 commodities including staples like cereals, pulses, oilseeds, and commercial crops such as cotton and jute—but mint is not there Because mint isn’t included in the MSP list and isn’t a widely procured crop, there is no government-set MSP for mint.That said, horticultural or perishable crops like mint may sometimes receive temporary support through schemes like the Market Intervention Scheme (MIS), but such measures are case-specific and limited.",all,2015,6,4,Mint,Ferozepur,all,Agriculture,Agriculture,Kharif,,Ponugoti Kavya,,,-1,,,,2159,"{""id_"": ""98dbb6ca-5ab7-47a9-bab8-d4d77029a672"", ""embedding"": null, ""metadata"": {""Category"": """", ""Year"": ""2015"", ""Month"": ""6"", ""Day"": ""4"", ""Crop"": ""Mint (Pudina)"", ""State"": ""PUNJAB"", ""District"": ""FEROZPUR"", ""BlockName"": """", ""Sector"": ""AGRICULTURE"", ""Sector (A)"": ""AGRICULTURE"", ""Season"": ""KHARIF"", ""QueryType"": """", ""Agri Specialist"": ""Ponugoti Kavya"", ""latitude"": """", ""longitude"": """", ""cluster"": ""-1"", ""num_questions_in_cluster"": """", ""Date"": """", ""Source [Name and Link]"": """", ""SL No."": ""2159""}, ""excluded_embed_metadata_keys"": [], ""excluded_llm_metadata_keys"": [], ""relationships"": {""1"": {""node_id"": ""648c909846b12cf2749d22fe"", ""node_type"": ""4"", ""metadata"": {""Category"": """", ""Year"": ""2015"", ""Month"": ""6"", ""Day"": ""4"", ""Crop"": ""Mint (Pudina)"", ""State"": ""PUNJAB"", ""District"": ""FEROZPUR"", ""BlockName"": """", ""Sector"": ""AGRICULTURE"", ""Sector (A)"": ""AGRICULTURE"", ""Season"": ""KHARIF"", ""QueryType"": """", ""Agri Specialist"": ""Ponugoti Kavya"", ""latitude"": """", ""longitude"": """", ""cluster"": ""-1"", ""num_questions_in_cluster"": """", ""Date"": """", ""Source [Name and Link]"": """", ""SL No."": ""2159""}, ""hash"": ""970fce02c1a6485086c9ab9b957f3d429de7e98c4d812e83b60d543489052ea0"", ""class_name"": ""RelatedNodeInfo""}}, ""metadata_template"": ""{key}: {value}"", ""metadata_separator"": ""\n"", ""text"": """", ""mimetype"": ""text/plain"", ""start_char_idx"": 0, ""end_char_idx"": 534, ""metadata_seperator"": ""\n"", ""text_template"": ""{metadata_str}\n\n{content}"", ""class_name"": ""TextNode""}",TextNode,648c909846b12cf2749d22fe,648c909846b12cf2749d22fe,648c909846b12cf2749d22fe,Punjab
63ba81b9-08d5-4350-9120-43bf63ec48b6,"Question: How to control early blight in Tomato?

Answer: Early blight in tomato is caused by the fungus Alternaria solani and is a major disease that affects leaves, stems, and sometimes fruits, leading to yield loss. symptoms- Leaf spots: Brown to black concentric rings (target-board pattern) on older leaves, Leaf drying: Starts from lower leaves and progresses upward, Stem lesions: Dark, elongated spots on stems, Fruit infection: Dark sunken spots near the stalk end. To control early blight in tomato should follow (IDM) Cultural practices- Use disease-free seeds and resistant varieties, Remove and destroy infected plant debris, mulching to prevent soil splash on leaves. Treat the seeds Carbendazim 50 WP @ 2 g/kg seed or Thiram @ 2.5 g/kg seed. Biological control-Apply Trichoderma harzianum or viride @ 5 g/kg seed, Drench soil with Trichoderma formulation mixed in FYM at transplanting. Chemical control- Apply a protective fungicide such as Hexaconazole early in the season, alternate with curative options like Difenoconazole or the Azoxystrobin + Tebuconazole mix once disease symptoms begin. Spray Carbendazim 12% + Mancozeb 63% WP: 300 grams per acre, PHI- 7 days or Azoxystrobin 18.2% + Difenoconazole 11.4% SC: 200 ml per acre, 3 days, Mix the recommended dose with 200-300 liters of water for a thorough foliar spray.",Vegetables,2020,8,15,Tomato,Chhindwara,Amarwara,Horticulture,Horticulture,all,Plant Protection,Gonnabathula Girishma,22.2072,78.7988,992,8,2-9-2025,https://mpkrishi.mp.gov.in/hindisite_New/krishi_capsules_tamatar_New.aspxhttps://www.researchgate.net/publication/338770223_Management_of_early_blight_of_tomato_Alternaria_solani_through_new_generation_fungicides_under_field_condition,3909,"{""id_"": ""63ba81b9-08d5-4350-9120-43bf63ec48b6"", ""embedding"": null, ""metadata"": {""Category"": ""Vegetables"", ""Year"": ""2020"", ""Month"": ""8"", ""Day"": ""15"", ""Crop"": ""Tomato"", ""State"": ""MADHYA PRADESH"", ""District"": ""CHHINDWARA"", ""BlockName"": ""AMARWARA"", ""Sector"": ""HORTICULTURE"", ""Sector (A)"": ""HORTICULTURE"", ""Season"": """", ""QueryType"": ""Plant Protection"", ""Agri Specialist"": ""Gonnabathula Girishma"", ""latitude"": ""22.2072"", ""longitude"": ""78.7988"", ""cluster"": ""992"", ""num_questions_in_cluster"": ""8"", ""Date"": ""2-9-2025"", ""Source [Name and Link]"": ""https://mpkrishi.mp.gov.in/hindisite_New/krishi_capsules_tamatar_New.aspxhttps://www.researchgate.net/publication/338770223_Management_of_early_blight_of_tomato_Alternaria_solani_through_new_generation_fungicides_under_field_condition"", ""SL No."": ""3909""}, ""excluded_embed_metadata_keys"": [], ""excluded_llm_metadata_keys"": [], ""relationships"": {""1"": {""node_id"": ""197fe85f9e80ccb37b80d1e6"", ""node_type"": ""4"", ""metadata"": {""Category"": ""Vegetables"", ""Year"": ""2020"", ""Month"": ""8"", ""Day"": ""15"", ""Crop"": ""Tomato"", ""State"": ""MADHYA PRADESH"", ""District"": ""CHHINDWARA"", ""BlockName"": ""AMARWARA"", ""Sector"": ""HORTICULTURE"", ""Sector (A)"": ""HORTICULTURE"", ""Season"": """", ""QueryType"": ""Plant Protection"", ""Agri Specialist"": ""Gonnabathula Girishma"", ""latitude"": ""22.2072"", ""longitude"": ""78.7988"", ""cluster"": ""992"", ""num_questions_in_cluster"": ""8"", ""Date"": ""2-9-2025"", ""Source [Name and Link]"": ""https://mpkrishi.mp.gov.in/hindisite_New/krishi_capsules_tamatar_New.aspxhttps://www.researchgate.net/publication/338770223_Management_of_early_blight_of_tomato_Alternaria_solani_through_new_generation_fungicides_under_field_condition"", ""SL No."": ""3909""}, ""hash"": ""53b51dec1c099d023eb734a03000615147a2a67800c475a2d179c5c77d0b1f0c"", ""class_name"": ""RelatedNodeInfo""}}, ""metadata_template"": ""{key}: {value}"", ""metadata_separator"": ""\n"", ""text"": """", ""mimetype"": ""text/plain"", ""start_char_idx"": 0, ""end_char_idx"": 1339, ""metadata_seperator"": ""\n"", ""text_template"": ""{metadata_str}\n\n{content}"", ""class_name"": ""TextNode""}",TextNode,197fe85f9e80ccb37b80d1e6,197fe85f9e80ccb37b80d1e6,197fe85f9e80ccb37b80d1e6,Madhya Pradesh
182135a3-5a9b-4e77-bcc1-922e881fceae,"Question: What are the improved varieties of Garlic?

Answer: Garlic is a high-value crop, and choosing the right variety can increase your profit. Agrifound White (G-41) is a popular choice, giving around 50–55 quintals per acre, with compact white bulbs that store well. Yamuna Safed (G-282) performs well too, offering a yield of about 60-70 quintals per acre, with uniform large bulbs and good market price. For those aiming for extra-large cloves and even better yield, G-323 is a strong option, giving 65-70 quintals per acre. These varieties not only fetch better rates but also reduce storage losses.",Condiments and Spices,2016,9,10,Garlic,Kaithal,Pundri,Horticulture,Horticulture,Kharif,Seeds and Planting Material,Anjali Chauhan,29.7997,76.399,638,20,5-8-2025,"https://www.global-agriculture.com/seed-industry/high-yielding-garlic-varieties-for-indian-farmers/#:~:text=Yamuna%20Safed%2D3%20(G%2D,%2C%20Uttar%20Pradesh%2C%20and%20Chhattisgarh.",201,"{""id_"": ""182135a3-5a9b-4e77-bcc1-922e881fceae"", ""embedding"": null, ""metadata"": {""Category"": ""Condiments and Spices"", ""Year"": ""2016"", ""Month"": ""9"", ""Day"": ""10"", ""Crop"": ""Garlic"", ""State"": ""Haryana"", ""District"": ""Kaithal"", ""BlockName"": ""Pundri"", ""Sector"": ""HORTICULTURE"", ""Sector (A)"": ""HORTICULTURE"", ""Season"": ""Kharif"", ""QueryType"": ""Seeds and Planting Material"", ""Agri Specialist"": ""Anjali Chauhan"", ""latitude"": ""29.7997"", ""longitude"": ""76.399"", ""cluster"": ""638"", ""num_questions_in_cluster"": ""20"", ""Date"": ""5-8-2025"", ""Source [Name and Link]"": ""https://www.global-agriculture.com/seed-industry/high-yielding-garlic-varieties-for-indian-farmers/#:~:text=Yamuna%20Safed%2D3%20(G%2D,%2C%20Uttar%20Pradesh%2C%20and%20Chhattisgarh."", ""SL No."": ""201""}, ""excluded_embed_metadata_keys"": [], ""excluded_llm_metadata_keys"": [], ""relationships"": {""1"": {""node_id"": ""6b27779afce67c9e574bbac1"", ""node_type"": ""4"", ""metadata"": {""Category"": ""Condiments and Spices"", ""Year"": ""2016"", ""Month"": ""9"", ""Day"": ""10"", ""Crop"": ""Garlic"", ""State"": ""Haryana"", ""District"": ""Kaithal"", ""BlockName"": ""Pundri"", ""Sector"": ""HORTICULTURE"", ""Sector (A)"": ""HORTICULTURE"", ""Season"": ""Kharif"", ""QueryType"": ""Seeds and Planting Material"", ""Agri Specialist"": ""Anjali Chauhan"", ""latitude"": ""29.7997"", ""longitude"": ""76.399"", ""cluster"": ""638"", ""num_questions_in_cluster"": ""20"", ""Date"": ""5-8-2025"", ""Source [Name and Link]"": ""https://www.global-agriculture.com/seed-industry/high-yielding-garlic-varieties-for-indian-farmers/#:~:text=Yamuna%20Safed%2D3%20(G%2D,%2C%20Uttar%20Pradesh%2C%20and%20Chhattisgarh."", ""SL No."": ""201""}, ""hash"": ""73048c0b993309139904744f3f6189667f2dd14188931f34c70c56ee629d06c2"", ""class_name"": ""RelatedNodeInfo""}}, ""metadata_template"": ""{key}: {value}"", ""metadata_separator"": ""\n"", ""text"": """", ""mimetype"": ""text/plain"", ""start_char_idx"": 0, ""end_char_idx"": 608, ""metadata_seperator"": ""\n"", ""text_template"": ""{metadata_str}\n\n{content}"", ""class_name"": ""TextNode""}",TextNode,6b27779afce67c9e574bbac1,6b27779afce67c9e574bbac1,6b27779afce67c9e574bbac1,Haryana
505b9b05-dd66-4e31-b3ba-f5c09b665d7a,"Question: Information regarding the HRC 127 and HRC 47 varieties

Answer: Cotton varieties like HRC 127 and HRC 47 are not officially recommended for cultivation in Punjab. Farmers must plant only the current year’s PAU-certified Bt cotton hybrids (87 approved hybrids in 2025), which are resistant to Pink Bollworm and other pests. Select desi varieties like LD 949, LD 1019, and FDK 124 are also promoted for diversification. Effective pest management practices are also critical, such as removing cotton stalks and residues after harvest, controlling weeds to reduce whitefly populations, and maintaining hygiene in ginning facilities to prevent pest spread. Farmers should always source seeds from official, certified suppliers and avoid outdated varieties to maximize yield and minimize pest damage.",all,2012,5,17,Cotton,MUKTSAR,all,Agriculture,Agriculture,Kharif,,Chaitanya Sameera Sandaka,,,-1,,12-8-2025,"https://www.pau.edu/index.php?_act=manageEvent&DO=viewEventDetail&intID=6373#:~:text=PAU%20Bt%202%20is%20a,cotton%20leaf%20curl%20virus%20disease.",1432,"{""id_"": ""505b9b05-dd66-4e31-b3ba-f5c09b665d7a"", ""embedding"": null, ""metadata"": {""Category"": """", ""Year"": ""2012"", ""Month"": ""5"", ""Day"": ""17"", ""Crop"": ""Cotton"", ""State"": ""PUNJAB"", ""District"": ""MUKTSAR"", ""BlockName"": """", ""Sector"": ""AGRICULTURE"", ""Sector (A)"": ""AGRICULTURE"", ""Season"": ""Kharif"", ""QueryType"": """", ""Agri Specialist"": ""Chaitanya Sameera Sandaka"", ""latitude"": """", ""longitude"": """", ""cluster"": ""-1"", ""num_questions_in_cluster"": """", ""Date"": ""12-8-2025"", ""Source [Name and Link]"": ""https://www.pau.edu/index.php?_act=manageEvent&DO=viewEventDetail&intID=6373#:~:text=PAU%20Bt%202%20is%20a,cotton%20leaf%20curl%20virus%20disease."", ""SL No."": ""1432""}, ""excluded_embed_metadata_keys"": [], ""excluded_llm_metadata_keys"": [], ""relationships"": {""1"": {""node_id"": ""036bcd56d5ad5697efdf09b1"", ""node_type"": ""4"", ""metadata"": {""Category"": """", ""Year"": ""2012"", ""Month"": ""5"", ""Day"": ""17"", ""Crop"": ""Cotton"", ""State"": ""PUNJAB"", ""District"": ""MUKTSAR"", ""BlockName"": """", ""Sector"": ""AGRICULTURE"", ""Sector (A)"": ""AGRICULTURE"", ""Season"": ""Kharif"", ""QueryType"": """", ""Agri Specialist"": ""Chaitanya Sameera Sandaka"", ""latitude"": """", ""longitude"": """", ""cluster"": ""-1"", ""num_questions_in_cluster"": """", ""Date"": ""12-8-2025"", ""Source [Name and Link]"": ""https://www.pau.edu/index.php?_act=manageEvent&DO=viewEventDetail&intID=6373#:~:text=PAU%20Bt%202%20is%20a,cotton%20leaf%20curl%20virus%20disease."", ""SL No."": ""1432""}, ""hash"": ""bab1cd6dd8951aea0a37b4a2ff25033119026296d422cd6c0a1c89f95afc17d9"", ""class_name"": ""RelatedNodeInfo""}}, ""metadata_template"": ""{key}: {value}"", ""metadata_separator"": ""\n"", ""text"": """", ""mimetype"": ""text/plain"", ""start_char_idx"": 0, ""end_char_idx"": 804, ""metadata_seperator"": ""\n"", ""text_template"": ""{metadata_str}\n\n{content}"", ""class_name"": ""TextNode""}",TextNode,036bcd56d5ad5697efdf09b1,036bcd56d5ad5697efdf09b1,036bcd56d5ad5697efdf09b1,Punjab
64b04d9b-7a61-429b-b909-a2fa36e2bc4f,"Question: How to control Yellow Mosaic in Papaya?

Answer: Yellow mosaic in papaya is a devastating viral disease, transmitted by aphid and whitefly. Symptoms including yellowing of leaves in a mosaic pattern, leaf curling, stunted growth, and reduced fruit size. There is no direct cure for viral infection once the plant is infected. Therefore, it is necessary to control whiteflies and aphids to prevent spreading of the disease. As soon as you see the first symptoms of yellow mosaic, immediately uproot and destroy the entire plants. Plant virus free seedlings from a reliable nursery. Keep the field and and surrounding areas free of weeds, maintain proper plant spacing, Apply silver or white plastic mulch can repel whiteflies, especially during the early stages of plant growth and spray sturdy plants with a strong jet of water which can deter whiteflies and aphids. Encourage natural predators such as ladybird beetles and lacewings. For organic control, prepare a tobacco decoction by boiling 1 kg of tobacco in 10 litres of water for 30 minutes, then dilute the mixture to 30 litres and add 100 g of insecticidal soap, which can reduce whiteflies and aphids population. In case of severe infestation or if you see mosaic symptoms such as yellowing or mosaic patterns on new leaves, spray Imidacloprid 17.8 SL @ 0.3-0.5 ml per litre of water or Thiamethoxam 25 WG @ 0.3 gram per litre of water at 10-15 days interval.",all,2009,10,5,Papaya,SAGAR,all,Horticulture,Horticulture,Zaid,29,Salim Sahaji,23.8083,78.7583,-1,,,https://mpkrishi.mp.gov.in/hindisite_New/krishi_capsules_papita_New.aspx,4380,"{""id_"": ""64b04d9b-7a61-429b-b909-a2fa36e2bc4f"", ""embedding"": null, ""metadata"": {""Category"": ""0"", ""Year"": ""2009"", ""Month"": ""10"", ""Day"": ""5"", ""Crop"": ""Papaya"", ""State"": ""MADHYA PRADESH"", ""District"": ""SAGAR"", ""BlockName"": ""0"", ""Sector"": ""HORTICULTURE"", ""Sector (A)"": ""HORTICULTURE"", ""Season"": ""JAYAD"", ""QueryType"": ""29"", ""Agri Specialist"": ""Salim Sahaji"", ""latitude"": ""23.8083"", ""longitude"": ""78.7583"", ""cluster"": ""-1"", ""num_questions_in_cluster"": """", ""Date"": """", ""Source [Name and Link]"": ""https://mpkrishi.mp.gov.in/hindisite_New/krishi_capsules_papita_New.aspx"", ""SL No."": ""4380""}, ""excluded_embed_metadata_keys"": [], ""excluded_llm_metadata_keys"": [], ""relationships"": {""1"": {""node_id"": ""a6ba16e48fdb4d09fa282dd7"", ""node_type"": ""4"", ""metadata"": {""Category"": ""0"", ""Year"": ""2009"", ""Month"": ""10"", ""Day"": ""5"", ""Crop"": ""Papaya"", ""State"": ""MADHYA PRADESH"", ""District"": ""SAGAR"", ""BlockName"": ""0"", ""Sector"": ""HORTICULTURE"", ""Sector (A)"": ""HORTICULTURE"", ""Season"": ""JAYAD"", ""QueryType"": ""29"", ""Agri Specialist"": ""Salim Sahaji"", ""latitude"": ""23.8083"", ""longitude"": ""78.7583"", ""cluster"": ""-1"", ""num_questions_in_cluster"": """", ""Date"": """", ""Source [Name and Link]"": ""https://mpkrishi.mp.gov.in/hindisite_New/krishi_capsules_papita_New.aspx"", ""SL No."": ""4380""}, ""hash"": ""e72ed593498d0a679f447e104d06e68cebd5da97233a49d5765ac4bdc6225d60"", ""class_name"": ""RelatedNodeInfo""}}, ""metadata_template"": ""{key}: {value}"", ""metadata_separator"": ""\n"", ""text"": """", ""mimetype"": ""text/plain"", ""start_char_idx"": 0, ""end_char_idx"": 1429, ""metadata_seperator"": ""\n"", ""text_template"": ""{metadata_str}\n\n{content}"", ""class_name"": ""TextNode""}",TextNode,a6ba16e48fdb4d09fa282dd7,a6ba16e48fdb4d09fa282dd7,a6ba16e48fdb4d09fa282dd7,Madhya Pradesh
c96437ff-03b2-48b5-bf86-67c36a63b723,"Question: What is the trade name of Indoxacarb?

Answer: Indoxacarb was available in the market with trade names of Doxagan (indoxacarb 14.5%SC) from Adama ,K-Indox (indoxacarb 14.5%SC) from Katyayani organics ,King doxa(indoxacarb 14.5%SC) from Gharda chemicals. This chemical mainly used to control Borers and ,sucking pests.",all,2009,7,24,all,KOLHAPUR,all,Agriculture,Agriculture,Zaid,,Ponugoti Kavya,,,-1,,4-8-2025,https://ppqs.gov.in/hi/divisions/cib-rc,397,"{""id_"": ""c96437ff-03b2-48b5-bf86-67c36a63b723"", ""embedding"": null, ""metadata"": {""Category"": """", ""Year"": ""2009"", ""Month"": ""7"", ""Day"": ""24"", ""Crop"": ""GEN"", ""State"": ""MAHARASHTRA"", ""District"": ""KOLHAPUR"", ""BlockName"": """", ""Sector"": ""AGRICULTURE"", ""Sector (A)"": ""AGRICULTURE"", ""Season"": ""JAYAD"", ""QueryType"": """", ""Agri Specialist"": ""Ponugoti Kavya"", ""latitude"": """", ""longitude"": """", ""cluster"": ""-1"", ""num_questions_in_cluster"": """", ""Date"": ""4-8-2025"", ""Source [Name and Link]"": ""https://ppqs.gov.in/hi/divisions/cib-rc"", ""SL No."": ""397""}, ""excluded_embed_metadata_keys"": [], ""excluded_llm_metadata_keys"": [], ""relationships"": {""1"": {""node_id"": ""30624acc67a6267928c2153a"", ""node_type"": ""4"", ""metadata"": {""Category"": """", ""Year"": ""2009"", ""Month"": ""7"", ""Day"": ""24"", ""Crop"": ""GEN"", ""State"": ""MAHARASHTRA"", ""District"": ""KOLHAPUR"", ""BlockName"": """", ""Sector"": ""AGRICULTURE"", ""Sector (A)"": ""AGRICULTURE"", ""Season"": ""JAYAD"", ""QueryType"": """", ""Agri Specialist"": ""Ponugoti Kavya"", ""latitude"": """", ""longitude"": """", ""cluster"": ""-1"", ""num_questions_in_cluster"": """", ""Date"": ""4-8-2025"", ""Source [Name and Link]"": ""https://ppqs.gov.in/hi/divisions/cib-rc"", ""SL No."": ""397""}, ""hash"": ""d3bbc5cbfa75ceffa816483d1e4bf746c31b19b807527a9caf7a6b10d551e9e3"", ""class_name"": ""RelatedNodeInfo""}}, ""metadata_template"": ""{key}: {value}"", ""metadata_separator"": ""\n"", ""text"": """", ""mimetype"": ""text/plain"", ""start_char_idx"": 0, ""end_char_idx"": 327, ""metadata_seperator"": ""\n"", ""text_template"": ""{metadata_str}\n\n{content}"", ""class_name"": ""TextNode""}",TextNode,30624acc67a6267928c2153a,30624acc67a6267928c2153a,30624acc67a6267928c2153a,Maharashtra
44ccba75-2955-4d9a-824d-cb41e8fbb4fc,"Question: Which are the diseases in methi and how can I control it?

Answer: Fenugreek (Methi) is a strong plant, but sometimes it gets sick, especially when the soil is too wet. One common problem is Powdery Mildew. It looks like white powder on the leaves and stems and makes the plant weak. Another problem is Root Rot and Damping Off. These make young plants fall over and die. Downy Mildew shows yellow spots on the leaves and gray color underneath..For Powdery Mildew, foliar spray with Sulphur 80% WP at 2.5 g/litre of water with waiting period of 15 days or Carbendazim 50% WP at 1 g/litre with waiting period of10 days is recommended. For Downy Mildew, spraying Mancozeb 75% WP at 2.5 g/litre with waiting period of 7 days or Metalaxyl + Mancozeb (e.g., Ridomil Gold) at 2 g/litre with waiting period of 21 days is effective. For Root Rot and Damping Off, soil drenching with Carbendazim or Captan at 2 g/litre is useful, with a general waiting period of 15 days before harvest. Alongside chemical control, farmers should also follow cultural practices like using clean soil, avoiding excess watering, maintaining proper spacing, and removing infected plants. These steps ensure healthy growth and reduce the risk of disease in the fenugreek crop.",all,2015,10,16,Fenugreek,PATIALA,all,Horticulture,Horticulture,Rabi,,Ponugoti Kavya,,,-1,,,,2221,"{""id_"": ""44ccba75-2955-4d9a-824d-cb41e8fbb4fc"", ""embedding"": null, ""metadata"": {""Category"": """", ""Year"": ""2015"", ""Month"": ""10"", ""Day"": ""16"", ""Crop"": ""Methi Fenugreek"", ""State"": ""PUNJAB"", ""District"": ""PATIALA"", ""BlockName"": """", ""Sector"": ""HORTICULTURE"", ""Sector (A)"": ""HORTICULTURE"", ""Season"": ""RABI"", ""QueryType"": """", ""Agri Specialist"": ""Ponugoti Kavya"", ""latitude"": """", ""longitude"": """", ""cluster"": ""-1"", ""num_questions_in_cluster"": """", ""Date"": """", ""Source [Name and Link]"": """", ""SL No."": ""2221""}, ""excluded_embed_metadata_keys"": [], ""excluded_llm_metadata_keys"": [], ""relationships"": {""1"": {""node_id"": ""a6e843132f4475b39dc60020"", ""node_type"": ""4"", ""metadata"": {""Category"": """", ""Year"": ""2015"", ""Month"": ""10"", ""Day"": ""16"", ""Crop"": ""Methi Fenugreek"", ""State"": ""PUNJAB"", ""District"": ""PATIALA"", ""BlockName"": """", ""Sector"": ""HORTICULTURE"", ""Sector (A)"": ""HORTICULTURE"", ""Season"": ""RABI"", ""QueryType"": """", ""Agri Specialist"": ""Ponugoti Kavya"", ""latitude"": """", ""longitude"": """", ""cluster"": ""-1"", ""num_questions_in_cluster"": """", ""Date"": """", ""Source [Name and Link]"": """", ""SL No."": ""2221""}, ""hash"": ""e9a99b17b8decbb3af7bb1ed74c10f8bde25ce347ba7fcb42f5f2458013d5277"", ""class_name"": ""RelatedNodeInfo""}}, ""metadata_template"": ""{key}: {value}"", ""metadata_separator"": ""\n"", ""text"": """", ""mimetype"": ""text/plain"", ""start_char_idx"": 0, ""end_char_idx"": 1256, ""metadata_seperator"": ""\n"", ""text_template"": ""{metadata_str}\n\n{content}"", ""class_name"": ""TextNode""}",TextNode,a6e843132f4475b39dc60020,a6e843132f4475b39dc60020,a6e843132f4475b39dc60020,Punjab
1f5c4def-1b1a-4325-aa47-70ae3d1c67f5,"Question: How can I control blast disease in mustard crops in Bathinda, Punjab?

Answer: Cumin (Jeera) is a major spice crop, traditionally cultivated in Rajasthan and Gujarat. However, with the right practices, it can be a profitable crop for farmers in Punjab, including Sangrur. The key to successful cumin cultivation is managing the specific climatic requirements, as the crop is very sensitive to humidity and frost. The optimal sowing time for cumin in Sangrur is from mid-October to mid-November. Sowing should be done in a way that the crop's flowering period avoids the peak humidity that can occur with unseasonal winter rains, which have become a normal phenomenon in Punjab. The correct seed rate for cumin is 8-10 kg/acre for line sowing or 10-12 kg/acre for broadcasting. Treat the seeds with a fungicide like Carbendazim 50% WP @ 2-3 grams per kilogram of seed to prevent seed-borne diseases.",all,2019,1,1,Cumin,SANGRUR,all,Horticulture,Horticulture,Rabi,,Chaitanya Sameera Sandaka,,,-1,,,,2586,"{""id_"": ""1f5c4def-1b1a-4325-aa47-70ae3d1c67f5"", ""embedding"": null, ""metadata"": {""Category"": """", ""Year"": ""2019"", ""Month"": ""1"", ""Day"": ""1"", ""Crop"": ""Cumin"", ""State"": ""PUNJAB"", ""District"": ""SANGRUR"", ""BlockName"": """", ""Sector"": ""HORTICULTURE"", ""Sector (A)"": ""HORTICULTURE"", ""Season"": ""Rabi"", ""QueryType"": """", ""Agri Specialist"": ""Chaitanya Sameera Sandaka"", ""latitude"": """", ""longitude"": """", ""cluster"": ""-1"", ""num_questions_in_cluster"": """", ""Date"": """", ""Source [Name and Link]"": """", ""SL No."": ""2586""}, ""excluded_embed_metadata_keys"": [], ""excluded_llm_metadata_keys"": [], ""relationships"": {""1"": {""node_id"": ""7d5767a8f5d0a9bf8fdcfe4c"", ""node_type"": ""4"", ""metadata"": {""Category"": """", ""Year"": ""2019"", ""Month"": ""1"", ""Day"": ""1"", ""Crop"": ""Cumin"", ""State"": ""PUNJAB"", ""District"": ""SANGRUR"", ""BlockName"": """", ""Sector"": ""HORTICULTURE"", ""Sector (A)"": ""HORTICULTURE"", ""Season"": ""Rabi"", ""QueryType"": """", ""Agri Specialist"": ""Chaitanya Sameera Sandaka"", ""latitude"": """", ""longitude"": """", ""cluster"": ""-1"", ""num_questions_in_cluster"": """", ""Date"": """", ""Source [Name and Link]"": """", ""SL No."": ""2586""}, ""hash"": ""57a7c4d9b987ff348e8ae3690b173dcd069e520becf66762b931b3815e95ec49"", ""class_name"": ""RelatedNodeInfo""}}, ""metadata_template"": ""{key}: {value}"", ""metadata_separator"": ""\n"", ""text"": """", ""mimetype"": ""text/plain"", ""start_char_idx"": 0, ""end_char_idx"": 908, ""metadata_seperator"": ""\n"", ""text_template"": ""{metadata_str}\n\n{content}"", ""class_name"": ""TextNode""}",TextNode,7d5767a8f5d0a9bf8fdcfe4c,7d5767a8f5d0a9bf8fdcfe4c,7d5767a8f5d0a9bf8fdcfe4c,Punjab
8f52dd75-0893-47e0-b060-1ba0b0580e7c,"Question: There is  too much saline in my field how can I manage it?

Answer: In Punjab some fields have saline soil where too much salt in the top layer stops good germination, burns young roots, and cuts crop yield badly. As per PAU, the first step is always to do a soil test from an authorised lab to know the exact salt problem and calculate the right dose of amendment. For chemical control, apply Gypsum (CaSO₄·2H₂O) @ about 1.5 - 6 tones per acre or as per soil test report. Broadcast it evenly on a moist, well-prepared field, mix it into the top 10–15 cm soil, and give one good irrigation. Gypsum replaces harmful sodium salts with calcium and improves soil structure for many years. You can also use Phospho-gypsum of equal purity and dose. For biological control, grow salt-tolerant green manure crops like Dhaincha (Sesbania aculeata) or Sunhemp in summer, then plough them into the soil at flowering stage. This adds organic matter, improves drainage, and reduces salt effect naturally. For cultural control, you can use PAU‑recommended salt‑tolerant varieties like CSR‑30 (paddy), PR‑126 (early paddy), PBW‑869 (wheat), keep fields well‑levelled, give light but frequent irrigations, ensure drainage to flush salts, avoid stagnant water, and rotate with tolerant crops like berseem or mustard. Since these are soil amendments, PHI does not apply, and crops can be sown immediately after reclamation irrigation. This integrated method improves yield, keeps soil healthy, and gives lasting benefit.",all,2012,7,1,all,Faridkot,all,Agriculture,Agriculture,Zaid,,Satarupa Saha,,,-1,,,,1373,"{""id_"": ""8f52dd75-0893-47e0-b060-1ba0b0580e7c"", ""embedding"": null, ""metadata"": {""Category"": """", ""Year"": ""2012"", ""Month"": ""7"", ""Day"": ""1"", ""Crop"": ""Gen"", ""State"": ""PUNJAB"", ""District"": ""FARIDKOT"", ""BlockName"": """", ""Sector"": ""AGRICULTURE"", ""Sector (A)"": ""AGRICULTURE"", ""Season"": ""JAYAD"", ""QueryType"": """", ""Agri Specialist"": ""Satarupa Saha"", ""latitude"": """", ""longitude"": """", ""cluster"": ""-1"", ""num_questions_in_cluster"": """", ""Date"": """", ""Source [Name and Link]"": """", ""SL No."": ""1373""}, ""excluded_embed_metadata_keys"": [], ""excluded_llm_metadata_keys"": [], ""relationships"": {""1"": {""node_id"": ""ad9f03ee4c4b342042356cb0"", ""node_type"": ""4"", ""metadata"": {""Category"": """", ""Year"": ""2012"", ""Month"": ""7"", ""Day"": ""1"", ""Crop"": ""Gen"", ""State"": ""PUNJAB"", ""District"": ""FARIDKOT"", ""BlockName"": """", ""Sector"": ""AGRICULTURE"", ""Sector (A)"": ""AGRICULTURE"", ""Season"": ""JAYAD"", ""QueryType"": """", ""Agri Specialist"": ""Satarupa Saha"", ""latitude"": """", ""longitude"": """", ""cluster"": ""-1"", ""num_questions_in_cluster"": """", ""Date"": """", ""Source [Name and Link]"": """", ""SL No."": ""1373""}, ""hash"": ""08f2aacb2264a4be108dfa5cb3ac5f82f9266dfd1fd3d9a2508cb0764019d50e"", ""class_name"": ""RelatedNodeInfo""}}, ""metadata_template"": ""{key}: {value}"", ""metadata_separator"": ""\n"", ""text"": """", ""mimetype"": ""text/plain"", ""start_char_idx"": 0, ""end_char_idx"": 1512, ""metadata_seperator"": ""\n"", ""text_template"": ""{metadata_str}\n\n{content}"", ""class_name"": ""TextNode""}",TextNode,ad9f03ee4c4b342042356cb0,ad9f03ee4c4b342042356cb0,ad9f03ee4c4b342042356cb0,Punjab
6c93bd8d-0a40-4bc5-9882-bfbaf6ff7efa,"Question: What is the seed rate of the Lentil crop?

Answer: Lentil in Haryana is grown as a Rabi season crop than Kharif crop due to its sensitivity to moisture.

Seed rate for small seeded lentil under both rainfed and irrigated condition is 15-18Kg/acre. For Bold seeded type under both rainfed and irrigated condition is 18-20Kg/acre. The sowing season is from Mid-October to Mid-November.",Pulses,2012,11,10,Lentil,Jind,Uchana,Agriculture,Agriculture,Kharif,19,Adheena Victor,29.314,76.3179,335,7,5-8-2025,https://haryanaseeds.org.in/products/field-crops/rabi-crops/lentil,569,"{""id_"": ""6c93bd8d-0a40-4bc5-9882-bfbaf6ff7efa"", ""embedding"": null, ""metadata"": {""Category"": ""Pulses"", ""Year"": ""2012"", ""Month"": ""11"", ""Day"": ""10"", ""Crop"": ""Lentil"", ""State"": ""Haryana"", ""District"": ""Jind"", ""BlockName"": ""Uchana"", ""Sector"": ""AGRICULTURE"", ""Sector (A)"": ""AGRICULTURE"", ""Season"": ""Kharif"", ""QueryType"": ""19"", ""Agri Specialist"": ""Adheena Victor"", ""latitude"": ""29.314"", ""longitude"": ""76.3179"", ""cluster"": ""335"", ""num_questions_in_cluster"": ""7"", ""Date"": ""5-8-2025"", ""Source [Name and Link]"": ""https://haryanaseeds.org.in/products/field-crops/rabi-crops/lentil"", ""SL No."": ""569""}, ""excluded_embed_metadata_keys"": [], ""excluded_llm_metadata_keys"": [], ""relationships"": {""1"": {""node_id"": ""832e2222a934392e6746ad00"", ""node_type"": ""4"", ""metadata"": {""Category"": ""Pulses"", ""Year"": ""2012"", ""Month"": ""11"", ""Day"": ""10"", ""Crop"": ""Lentil"", ""State"": ""Haryana"", ""District"": ""Jind"", ""BlockName"": ""Uchana"", ""Sector"": ""AGRICULTURE"", ""Sector (A)"": ""AGRICULTURE"", ""Season"": ""Kharif"", ""QueryType"": ""19"", ""Agri Specialist"": ""Adheena Victor"", ""latitude"": ""29.314"", ""longitude"": ""76.3179"", ""cluster"": ""335"", ""num_questions_in_cluster"": ""7"", ""Date"": ""5-8-2025"", ""Source [Name and Link]"": ""https://haryanaseeds.org.in/products/field-crops/rabi-crops/lentil"", ""SL No."": ""569""}, ""hash"": ""32c878e2782d8e2a7110b078eea8ecf42052c21b2701925972f0ddaed7023339"", ""class_name"": ""RelatedNodeInfo""}}, ""metadata_template"": ""{key}: {value}"", ""metadata_separator"": ""\n"", ""text"": """", ""mimetype"": ""text/plain"", ""start_char_idx"": 0, ""end_char_idx"": 393, ""metadata_seperator"": ""\n"", ""text_template"": ""{metadata_str}\n\n{content}"", ""class_name"": ""TextNode""}",TextNode,832e2222a934392e6746ad00,832e2222a934392e6746ad00,832e2222a934392e6746ad00,Haryana
252f3220-d858-4dd9-9100-adbf0d2d8c6b,"Question: What care should I take while preparing a nursery bed for vegetable crops?

Answer: The major crops grown on raised seedlings in nursery beds are vegetables like tomato, brinjal, cucumber, chilli, cabbage, capsicum, papaya, citrus, and paddy, especially in regions with heavy black soils. Because it improves drainage, helps in root development, and is easy for drip irrigation. Prepare raised beds about 15-20 cm high to prevent waterlogging. Width: 1m-1.2 m (for easy management), length: As per space. Treating raised beds before sowings is very important to ensure healthy soil, reduce pest and disease risks, and improve crop productivity.  To treat nursery beds, you can do First soil solarization 3-4 weeks before sowing, give organic treatment like FYM (2-3 tonnes/acre), Vermicompost  (4-5 tonnes/acre), Neem cake  (200-300 kg/acre) at the time of land preparation. You can also use mulch to prevent weeds and moisture retention, and to reduce soil-borne diseases.",all,2009,7,8,all,Aurangabad,all,Agriculture,Agriculture,Zaid,,Souvik Roy,,,-1,,11-8-2025,https://www.vnmkv.ac.in https://iivr.icar.gov.in/  https://www.nhb.gov.in/,281,"{""id_"": ""252f3220-d858-4dd9-9100-adbf0d2d8c6b"", ""embedding"": null, ""metadata"": {""Category"": """", ""Year"": ""2009"", ""Month"": ""7"", ""Day"": ""8"", ""Crop"": ""GEN"", ""State"": ""MAHARASHTRA"", ""District"": ""AURANGABAD"", ""BlockName"": """", ""Sector"": ""AGRICULTURE"", ""Sector (A)"": ""AGRICULTURE"", ""Season"": ""JAYAD"", ""QueryType"": """", ""Agri Specialist"": ""Khaja Suhaib Khaja Azharuddin"", ""latitude"": """", ""longitude"": """", ""cluster"": ""-1"", ""num_questions_in_cluster"": """", ""Date"": ""11-8-2025"", ""Source [Name and Link]"": ""https://www.vnmkv.ac.in https://iivr.icar.gov.in/  https://www.nhb.gov.in/"", ""SL No."": ""281""}, ""excluded_embed_metadata_keys"": [], ""excluded_llm_metadata_keys"": [], ""relationships"": {""1"": {""node_id"": ""2c924d755d2249c65d7c94c0"", ""node_type"": ""4"", ""metadata"": {""Category"": """", ""Year"": ""2009"", ""Month"": ""7"", ""Day"": ""8"", ""Crop"": ""GEN"", ""State"": ""MAHARASHTRA"", ""District"": ""AURANGABAD"", ""BlockName"": """", ""Sector"": ""AGRICULTURE"", ""Sector (A)"": ""AGRICULTURE"", ""Season"": ""JAYAD"", ""QueryType"": """", ""Agri Specialist"": ""Khaja Suhaib Khaja Azharuddin"", ""latitude"": """", ""longitude"": """", ""cluster"": ""-1"", ""num_questions_in_cluster"": """", ""Date"": ""11-8-2025"", ""Source [Name and Link]"": ""https://www.vnmkv.ac.in https://iivr.icar.gov.in/  https://www.nhb.gov.in/"", ""SL No."": ""281""}, ""hash"": ""049003ca2d430bd34cda08122865fc134704da59481a615e93815f383c6015ca"", ""class_name"": ""RelatedNodeInfo""}}, ""metadata_template"": ""{key}: {value}"", ""metadata_separator"": ""\n"", ""text"": """", ""mimetype"": ""text/plain"", ""start_char_idx"": 0, ""end_char_idx"": 983, ""metadata_seperator"": ""\n"", ""text_template"": ""{metadata_str}\n\n{content}"", ""class_name"": ""TextNode""}",TextNode,2c924d755d2249c65d7c94c0,2c924d755d2249c65d7c94c0,2c924d755d2249c65d7c94c0,Maharashtra
749c103f-9574-42f0-80a5-56ce9ffa0259,"Question: What are the recommended seed treatment practices in soybean?

Answer: Treat the seed with a mixture of  Thiram + Carboxin @ 2.5-3 g/kg seed, or Thiamethoxam 78WS @ 12 g/kg seed, or Trichoderma viride @ 4-5 g/kg seed.

Biofertilizers like Rhizobium (Bradyrhizobium japonicum) @ 5-10 g/kg seed and PSB (Phosphate Solubilizing Bacteria) @ 5-10 g/kg seed should also be applied a few hours before sowing, while 2.5 kg PSB per acre may be mixed in the soil for better phosphorus availability.

Sowing should ideally be done between the last week of June and the first week of July, once there is 4–5 inches of rainfall. For less spreading varieties (JS 93-05, JS 95-60), maintain 40 cm row spacing, while for wide spreading ones (JS 335, NRC 7, JS 97-52), keep 45 cm spacing. The seed rate for an acre is 24–28 kg for small grain varieties and 32–36 kg for large grain varieties, targeting a population of 1.6–1.8 lakh plants per acre. In deep black soils and high rainfall areas, sowing is best done with Ridger Seeder Planter using furrow ridge method or Raised Bed Planter. It should avoid mixing chemical fertilizers directly with seeds during sowing.",Oilseeds,2018,6,10,Soybean,Narmadapuram,Seoni Malwa,Agriculture,Agriculture,Kharif,Seeds,Adheena Victor,22.7546,77.7198,792,6,,https://mpkrishi.mp.gov.in/Englishsite_New/krishi_capsules_soyabean_New.aspx,3729,"{""id_"": ""749c103f-9574-42f0-80a5-56ce9ffa0259"", ""embedding"": null, ""metadata"": {""Category"": ""Oilseeds"", ""Year"": ""2018"", ""Month"": ""6"", ""Day"": ""10"", ""Crop"": ""Soybean bhat"", ""State"": ""MADHYA PRADESH"", ""District"": ""HOSHANGABAD"", ""BlockName"": ""SEONI MALWA"", ""Sector"": ""AGRICULTURE"", ""Sector (A)"": ""AGRICULTURE"", ""Season"": ""Kharif"", ""QueryType"": ""Seeds"", ""Agri Specialist"": ""Adheena Victor"", ""latitude"": ""22.7546"", ""longitude"": ""77.7198"", ""cluster"": ""792"", ""num_questions_in_cluster"": ""6"", ""Date"": """", ""Source [Name and Link]"": ""https://mpkrishi.mp.gov.in/Englishsite_New/krishi_capsules_soyabean_New.aspx"", ""SL No."": ""3729""}, ""excluded_embed_metadata_keys"": [], ""excluded_llm_metadata_keys"": [], ""relationships"": {""1"": {""node_id"": ""e93996b5cc6452bfe46b6049"", ""node_type"": ""4"", ""metadata"": {""Category"": ""Oilseeds"", ""Year"": ""2018"", ""Month"": ""6"", ""Day"": ""10"", ""Crop"": ""Soybean bhat"", ""State"": ""MADHYA PRADESH"", ""District"": ""HOSHANGABAD"", ""BlockName"": ""SEONI MALWA"", ""Sector"": ""AGRICULTURE"", ""Sector (A)"": ""AGRICULTURE"", ""Season"": ""Kharif"", ""QueryType"": ""Seeds"", ""Agri Specialist"": ""Adheena Victor"", ""latitude"": ""22.7546"", ""longitude"": ""77.7198"", ""cluster"": ""792"", ""num_questions_in_cluster"": ""6"", ""Date"": """", ""Source [Name and Link]"": ""https://mpkrishi.mp.gov.in/Englishsite_New/krishi_capsules_soyabean_New.aspx"", ""SL No."": ""3729""}, ""hash"": ""3190df52093d7e9668340e98010e3e8fce5b18641f8d8b6c75e7ddac44eae3c3"", ""class_name"": ""RelatedNodeInfo""}}, ""metadata_template"": ""{key}: {value}"", ""metadata_separator"": ""\n"", ""text"": """", ""mimetype"": ""text/plain"", ""start_char_idx"": 0, ""end_char_idx"": 1161, ""metadata_seperator"": ""\n"", ""text_template"": ""{metadata_str}\n\n{content}"", ""class_name"": ""TextNode""}",TextNode,e93996b5cc6452bfe46b6049,e93996b5cc6452bfe46b6049,e93996b5cc6452bfe46b6049,Madhya Pradesh
58ff3720-42c3-4b37-8ccf-c658c5e82fd5,"Question: How to control Gall midge (GANGAI) in Paddy crop?

Answer: Gall midge in paddy can be managed well if we follow proper integrated practices from the start. After harvest, plough the ratoon crop deeply and remove grassy weeds or wild rice around the field because they act as host plants. Do not do staggered planting; finish sowing within 3 weeks, and prefer early planting with resistant varieties like Bhadrakali, Pavitra, Panchami, Indursamba, Vasundhara, Shaktiman, Divya, Suraksha, Rashmi, Karna Mahavir, Rajendradhan 202, Birsa Dhan 202 and others suitable for Madhya Pradesh. Apply nitrogen and potash in split doses, but avoid excess nitrogen as it increases pest attack. In nursery, clip the tips of seedlings before transplanting, remove and burn infested plants, and use coir rope dragging to dislodge pests. Also drain the crop for 5–7 days during sensitive stage to reduce larvae. For biological help, protect natural enemies like parasitoid wasp Platygaster oryzae, predatory mites, and spiders, release parasitized eggs per acre at egg stage, about 10 days after transplanting. For chemical protection, in nursery or early crop stage, you may use Carbosulfan 6% G 6.7 kg per acre in nursery. As an another option you may choose Carbosulfan 25% EC 320 to 400 ml per acre Mix this dose in 150 to 200 liters of water per acre for even spraying coverage. At at 20 days after transplanting apply Fipronil 0.3% GR 6.7 to 10 lbs per acre or as an alternatilvely also you can use  Chlorantraniliprole 18.5% SC at a dose of 40-50 ml/acre in 200 liters of water with 47 days of interval period. Alternatively, spray Thiamethoxam 25% WG at a dose of 40 grams/acre in 200 liters of water with 21 days of interval period. Another effective option is Imidacloprid 17.8% SL at a dose of 40-50 ml/acre in 200 liters of water with 40 days of interval period. For best results, apply the spray during the early morning or late evening hours. Avoid repeated use of the same chemical class to prevent the development of resistance in the pest population. Use pheromone and light traps (5 traps per acre) for monitoring pest, and spray only when pest population crosses economic threshold to check pest activity. Remember PHI (waiting period before harvest) for Carbosulfan and Fipronil is 60 days, and also mentioned others chemical, so plan spray accordingly. By following these combined steps gall midge problem will stay under control and you will get a healthy and profitable paddy crop.",all,2009,9,14,all,SAGAR,all,all,all,Zaid,9999,Satarupa Saha,23.8083,78.7583,-1,,,https://niphm.gov.in/IPMPackages/Rice.pdf / https://agritech.tnau.ac.in/crop_protection/crop_pdf/rice.pdf,4340,"{""id_"": ""58ff3720-42c3-4b37-8ccf-c658c5e82fd5"", ""embedding"": null, ""metadata"": {""Category"": ""0"", ""Year"": ""2009"", ""Month"": ""9"", ""Day"": ""14"", ""Crop"": ""9999"", ""State"": ""MADHYA PRADESH"", ""District"": ""SAGAR"", ""BlockName"": ""0"", ""Sector"": ""9999"", ""Sector (A)"": """", ""Season"": ""JAYAD"", ""QueryType"": ""9999"", ""Agri Specialist"": ""Satarupa Saha"", ""latitude"": ""23.8083"", ""longitude"": ""78.7583"", ""cluster"": ""-1"", ""num_questions_in_cluster"": """", ""Date"": """", ""Source [Name and Link]"": ""https://niphm.gov.in/IPMPackages/Rice.pdf / https://agritech.tnau.ac.in/crop_protection/crop_pdf/rice.pdf"", ""SL No."": ""4340""}, ""excluded_embed_metadata_keys"": [], ""excluded_llm_metadata_keys"": [], ""relationships"": {""1"": {""node_id"": ""71b2f718ac5108d6ac031e98"", ""node_type"": ""4"", ""metadata"": {""Category"": ""0"", ""Year"": ""2009"", ""Month"": ""9"", ""Day"": ""14"", ""Crop"": ""9999"", ""State"": ""MADHYA PRADESH"", ""District"": ""SAGAR"", ""BlockName"": ""0"", ""Sector"": ""9999"", ""Sector (A)"": """", ""Season"": ""JAYAD"", ""QueryType"": ""9999"", ""Agri Specialist"": ""Satarupa Saha"", ""latitude"": ""23.8083"", ""longitude"": ""78.7583"", ""cluster"": ""-1"", ""num_questions_in_cluster"": """", ""Date"": """", ""Source [Name and Link]"": ""https://niphm.gov.in/IPMPackages/Rice.pdf / https://agritech.tnau.ac.in/crop_protection/crop_pdf/rice.pdf"", ""SL No."": ""4340""}, ""hash"": ""fb9671898fa56ac62006b7e2bf7c0f22c32723dbbdd545ac981a2c228daabb22"", ""class_name"": ""RelatedNodeInfo""}}, ""metadata_template"": ""{key}: {value}"", ""metadata_separator"": ""\n"", ""text"": """", ""mimetype"": ""text/plain"", ""start_char_idx"": 0, ""end_char_idx"": 2496, ""metadata_seperator"": ""\n"", ""text_template"": ""{metadata_str}\n\n{content}"", ""class_name"": ""TextNode""}",TextNode,71b2f718ac5108d6ac031e98,71b2f718ac5108d6ac031e98,71b2f718ac5108d6ac031e98,Madhya Pradesh
a5ac5d64-7e42-4e85-9510-274965068a0e,"Question: What are the recommended cultivation practices for Citronella and from where I can procure seedlings?

Answer: Citronella is a fragrant grass plant known for its mosquito-repelling oil. It grows well due to its humid climate and rainfall. Farmers should use high-yielding varieties like Mandakini, Manjusha, or Jor Lab C-5, which are suitable for hilly areas and give higher oil yield. Use rooted slips only (not seeds), about 12,000–14,000 slips per acre, and maintain proper spacing of 60 cm × 60 cm, as it ensures proper plant growth and good air flow. The best time for planting is April to June, before the peak monsoon, and select well-drained, light loamy soil with good organic content. Apply 4–5 tons of FYM per acre before planting, and a basal dose of 40 kg of Nitrogen, 20 kg of Phosphorus, and 20 kg of Potash per acre. After each harvest, you can apply 40 kg of Nitrogen per acre to boost regrowth. You can get quality planting materials from a trusted source like ICAR Basar, KVK Papum Pare, or KVK West Siang. If you are doing it naturally, then keep the field weed-free for 2 months, and practice manual 2-round weeding at 20 and 40 days after planting and give light mulching with rice husk or straw to suppress weeds, which is cost-effective and safe. For chemical control, apply Glyphosate 41% SL @ 800 ml per acre in 200 – 250 litres of water before planting (on moist soil only). Do not spray on or near the citronella slips, as it is a non-selective herbicide that can damage the crop and cause phytotoxicity. Use 2% salt solution spray after planting for soft weeds. Citronella has low pest risk, but for leaf spot disease, spray Copper oxychloride 50% WP @ 600 grams per acre mixed in 200 liters of water and ensure sprayed evenly over the crop, and for insect safety, use Neem-based pesticide (Azadirachtin 1500 ppm) @ 500 ml per acre also mixed in 200 liters of water. First harvest starts after 4 months, then every 2.5–3 months, 4–5 cuttings per year are possible. Oil should be distilled within 24 hours for better quality. Use a knapsack or power sprayer, and spray in the morning or late afternoon when the temperature is cooler for best results. Always wear protective gear while spraying.",all,2010,8,6,Citronella,PAPUMPARE,all,Agriculture,Agriculture,all,,Satarupa Saha,,,-1,,6-8-2025,https://nhb.gov.in/bulletin_files/aromatic/citronella/cit010.pdf / https://www.advancingnortheast.in/wp-content/uploads/2021/08/Citronella-Pp-converted.pdf / https://agritech.tnau.ac.in/horticulture/horti_aromatic%20crops_citronella.html/ https://agriculture.vikaspedia.in/viewcontent/agriculture/crop-production/package-of-practices/aromatic-crops/citronella,83,"{""id_"": ""a5ac5d64-7e42-4e85-9510-274965068a0e"", ""embedding"": null, ""metadata"": {""Category"": """", ""Year"": ""2010"", ""Month"": ""8"", ""Day"": ""6"", ""Crop"": ""CITRONELA"", ""State"": ""ARUNACHAL PRADESH"", ""District"": ""PAPUMPARE"", ""BlockName"": """", ""Sector"": ""AGRICULTURE"", ""Sector (A)"": ""AGRICULTURE"", ""Season"": ""BLANK"", ""QueryType"": """", ""Agri Specialist"": ""Satarupa Saha"", ""latitude"": """", ""longitude"": """", ""cluster"": ""-1"", ""num_questions_in_cluster"": """", ""Date"": ""6-8-2025"", ""Source [Name and Link]"": ""https://nhb.gov.in/bulletin_files/aromatic/citronella/cit010.pdf / https://www.advancingnortheast.in/wp-content/uploads/2021/08/Citronella-Pp-converted.pdf / https://agritech.tnau.ac.in/horticulture/horti_aromatic%20crops_citronella.html/ https://agriculture.vikaspedia.in/viewcontent/agriculture/crop-production/package-of-practices/aromatic-crops/citronella"", ""SL No."": ""83""}, ""excluded_embed_metadata_keys"": [], ""excluded_llm_metadata_keys"": [], ""relationships"": {""1"": {""node_id"": ""a4e1b0daa687d4b9db378fc0"", ""node_type"": ""4"", ""metadata"": {""Category"": """", ""Year"": ""2010"", ""Month"": ""8"", ""Day"": ""6"", ""Crop"": ""CITRONELA"", ""State"": ""ARUNACHAL PRADESH"", ""District"": ""PAPUMPARE"", ""BlockName"": """", ""Sector"": ""AGRICULTURE"", ""Sector (A)"": ""AGRICULTURE"", ""Season"": ""BLANK"", ""QueryType"": """", ""Agri Specialist"": ""Satarupa Saha"", ""latitude"": """", ""longitude"": """", ""cluster"": ""-1"", ""num_questions_in_cluster"": """", ""Date"": ""6-8-2025"", ""Source [Name and Link]"": ""https://nhb.gov.in/bulletin_files/aromatic/citronella/cit010.pdf / https://www.advancingnortheast.in/wp-content/uploads/2021/08/Citronella-Pp-converted.pdf / https://agritech.tnau.ac.in/horticulture/horti_aromatic%20crops_citronella.html/ https://agriculture.vikaspedia.in/viewcontent/agriculture/crop-production/package-of-practices/aromatic-crops/citronella"", ""SL No."": ""83""}, ""hash"": ""2781130dc8a9baf9970236a05312975f9c5e6766cb757da1ac55075f5d4324e6"", ""class_name"": ""RelatedNodeInfo""}}, ""metadata_template"": ""{key}: {value}"", ""metadata_separator"": ""\n"", ""text"": """", ""mimetype"": ""text/plain"", ""start_char_idx"": 0, ""end_char_idx"": 2232, ""metadata_seperator"": ""\n"", ""text_template"": ""{metadata_str}\n\n{content}"", ""class_name"": ""TextNode""}",TextNode,a4e1b0daa687d4b9db378fc0,a4e1b0daa687d4b9db378fc0,a4e1b0daa687d4b9db378fc0,Arunachal Pradesh
009125dd-b0ad-4f68-9a31-cc78db17a4af,"Question: Why are young garlic plants drying, and how can I prevent damping-off disease ?

Answer: One of the reasons for drying of young garlic plants can be a disease called damping-off, which is caused by soil-borne fungi like Pythium, Rhizoctonia, or Fusarium. In this disease, seedlings turn pale, their growth becomes stunted, and the stem portion near the soil line starts to soften, rot, and collapse. Often, the plants fall over and dry up in patches. The problem is more severe in waterlogged or poorly drained soils, and in fields where garlic or onion has been grown repeatedly. To prevent and control damping-off, always use healthy, disease-free cloves for planting and avoid sowing in infected soil. Before planting, treat cloves with thiram 75 WP (3 g per litre of water) and shade dry before sowing. If the symptoms appear on standing crop do drenching near the root zone using Copper Oxychloride 50 WP ( 3 gm per litre of water or 600 gm per acre) or Metalaxyl-M 4 + Mancozeb 64 WP (2.5 gm per litre of water) . Ensure proper field drainage and avoid over-irrigation. Crop rotation with non-host crops for at least 3 years also helps in reducing disease buildup. Timely care and field hygiene will protect your garlic crop and improve yield quality.",all,2013,11,4,Garlic,SANGRUR,all,Horticulture,Horticulture,Rabi,,Anjali Chauhan,,,-1,,13-8-2025,,1736,"{""id_"": ""009125dd-b0ad-4f68-9a31-cc78db17a4af"", ""embedding"": null, ""metadata"": {""Category"": """", ""Year"": ""2013"", ""Month"": ""11"", ""Day"": ""4"", ""Crop"": ""Garlic"", ""State"": ""PUNJAB"", ""District"": ""SANGRUR"", ""BlockName"": """", ""Sector"": ""HORTICULTURE"", ""Sector (A)"": ""HORTICULTURE"", ""Season"": ""RABI"", ""QueryType"": """", ""Agri Specialist"": ""Anjali Chauhan"", ""latitude"": """", ""longitude"": """", ""cluster"": ""-1"", ""num_questions_in_cluster"": """", ""Date"": ""13-8-2025"", ""Source [Name and Link]"": """", ""SL No."": ""1736""}, ""excluded_embed_metadata_keys"": [], ""excluded_llm_metadata_keys"": [], ""relationships"": {""1"": {""node_id"": ""5118936b9463071a93234ae2"", ""node_type"": ""4"", ""metadata"": {""Category"": """", ""Year"": ""2013"", ""Month"": ""11"", ""Day"": ""4"", ""Crop"": ""Garlic"", ""State"": ""PUNJAB"", ""District"": ""SANGRUR"", ""BlockName"": """", ""Sector"": ""HORTICULTURE"", ""Sector (A)"": ""HORTICULTURE"", ""Season"": ""RABI"", ""QueryType"": """", ""Agri Specialist"": ""Anjali Chauhan"", ""latitude"": """", ""longitude"": """", ""cluster"": ""-1"", ""num_questions_in_cluster"": """", ""Date"": ""13-8-2025"", ""Source [Name and Link]"": """", ""SL No."": ""1736""}, ""hash"": ""edc4f08b191d0cb390f7953b555a3f153ebeca05003e662e3a328ecd2df72b21"", ""class_name"": ""RelatedNodeInfo""}}, ""metadata_template"": ""{key}: {value}"", ""metadata_separator"": ""\n"", ""text"": """", ""mimetype"": ""text/plain"", ""start_char_idx"": 0, ""end_char_idx"": 1267, ""metadata_seperator"": ""\n"", ""text_template"": ""{metadata_str}\n\n{content}"", ""class_name"": ""TextNode""}",TextNode,5118936b9463071a93234ae2,5118936b9463071a93234ae2,5118936b9463071a93234ae2,Punjab
90232348-e900-4f64-bb20-f337792a6768,"Question: What is the growing period of arbi in Ludhiana region?

Answer: In Punjab, the recommended growing period for arum (arbi) is highly dependent on the crop season. You can sow arbi during the first fortnight of February for the summer season, or in June to July for the rainy season crop. The crop requires about 160 to 180 days, approximately five to six months to reach maturity, depending on the specific variety and cultivation practices used. For the summer crop sown in February, harvesting generally takes place around July or August, while arbi planted in the rainy season is harvested in November or December. Optimal growth necessitates a warm climate, regular irrigation, and well-drained, organic-rich sandy loam soil, which helps prevent tuber rot and ensures healthy corm development throughout the growing period.",all,2015,4,24,Taro,LUDHIANA,all,Horticulture,Horticulture,Kharif,,Anjali Chauhan,,,-1,,16-8-2025,,2142,"{""id_"": ""90232348-e900-4f64-bb20-f337792a6768"", ""embedding"": null, ""metadata"": {""Category"": """", ""Year"": ""2015"", ""Month"": ""4"", ""Day"": ""24"", ""Crop"": ""ARUM"", ""State"": ""PUNJAB"", ""District"": ""LUDHIANA"", ""BlockName"": """", ""Sector"": ""HORTICULTURE"", ""Sector (A)"": ""HORTICULTURE"", ""Season"": ""KHARIF"", ""QueryType"": """", ""Agri Specialist"": ""Anjali Chauhan"", ""latitude"": """", ""longitude"": """", ""cluster"": ""-1"", ""num_questions_in_cluster"": """", ""Date"": ""16-8-2025"", ""Source [Name and Link]"": """", ""SL No."": ""2142""}, ""excluded_embed_metadata_keys"": [], ""excluded_llm_metadata_keys"": [], ""relationships"": {""1"": {""node_id"": ""62f5b43e7848a9252d4cea4d"", ""node_type"": ""4"", ""metadata"": {""Category"": """", ""Year"": ""2015"", ""Month"": ""4"", ""Day"": ""24"", ""Crop"": ""ARUM"", ""State"": ""PUNJAB"", ""District"": ""LUDHIANA"", ""BlockName"": """", ""Sector"": ""HORTICULTURE"", ""Sector (A)"": ""HORTICULTURE"", ""Season"": ""KHARIF"", ""QueryType"": """", ""Agri Specialist"": ""Anjali Chauhan"", ""latitude"": """", ""longitude"": """", ""cluster"": ""-1"", ""num_questions_in_cluster"": """", ""Date"": ""16-8-2025"", ""Source [Name and Link]"": """", ""SL No."": ""2142""}, ""hash"": ""fccd54aef1165938228112a89f07d4db2b787a6326f5db571655c9d9c61b2925"", ""class_name"": ""RelatedNodeInfo""}}, ""metadata_template"": ""{key}: {value}"", ""metadata_separator"": ""\n"", ""text"": """", ""mimetype"": ""text/plain"", ""start_char_idx"": 0, ""end_char_idx"": 836, ""metadata_seperator"": ""\n"", ""text_template"": ""{metadata_str}\n\n{content}"", ""class_name"": ""TextNode""}",TextNode,62f5b43e7848a9252d4cea4d,62f5b43e7848a9252d4cea4d,62f5b43e7848a9252d4cea4d,Punjab
e732a236-0cae-4b91-b463-be81af3916c0,"Question: What is KCC & its advantages to the farmers?

Answer: The Kisan Credit Card (KCC) scheme in Madhya Pradesh is a central government scheme designed to provide timely and adequate credit support to farmers for their agricultural and allied activities. It is available to all types of farmers, including owner farmers, tenant farmers, Self Help Groups (SHGs), and Joint Liability Groups (JLGs). Farmers can use the loan amount for purchasing seeds, fertilizers, pesticides, irrigation, machinery, dairy, poultry, fisheries, goatery, and even limited household needs. The loan limit is decided based on landholding, cropping pattern, and scale of finance fixed by the District Level Technical Committee (DLTC). Loan amounts start from around ₹10,000 to ₹50,000 for small and marginal farmers and go up to ₹3–5 lakhs or more depending on requirements. The normal interest rate is 7% per annum, but farmers who repay on time may get a 3% interest subvention, so the effective interest rate becomes only 4%. The repayment period is one year for short-term crop loans and 3–5 years for term loans like tractors, pump sets, or dairy units. For loans up to ₹1.6 lakh, generally no collateral is required, while higher loans may need land documents as security. Farmers can apply for KCC in any nationalized bank, cooperative bank, or regional rural bank in Madhya Pradesh, such as SBI, PNB, Central Bank of India, MP Gramin Bank, or District Cooperative Bank, by filling the KCC application form. The documents required are an Aadhaar card, Voter ID or PAN card, land records (Khasra/Khatauni) or lease agreement in the case of tenants, passport-size photographs, and bank account details.",all,2009,2,21,all,SAGAR,all,Agriculture,Agriculture,Zaid,9999,Salim Sahaji,23.8083,78.7583,5,15,,,2977,"{""id_"": ""e732a236-0cae-4b91-b463-be81af3916c0"", ""embedding"": null, ""metadata"": {""Category"": ""0"", ""Year"": ""2009"", ""Month"": ""2"", ""Day"": ""21"", ""Crop"": ""GEN"", ""State"": ""MADHYA PRADESH"", ""District"": ""SAGAR"", ""BlockName"": ""0"", ""Sector"": ""Agriculture"", ""Sector (A)"": ""AGRICULTURE"", ""Season"": ""JAYAD"", ""QueryType"": ""9999"", ""Agri Specialist"": ""Salim Sahaji"", ""latitude"": ""23.8083"", ""longitude"": ""78.7583"", ""cluster"": ""5"", ""num_questions_in_cluster"": ""15"", ""Date"": """", ""Source [Name and Link]"": """", ""SL No."": ""2977""}, ""excluded_embed_metadata_keys"": [], ""excluded_llm_metadata_keys"": [], ""relationships"": {""1"": {""node_id"": ""313c9d1ff3deef28cd7648ba"", ""node_type"": ""4"", ""metadata"": {""Category"": ""0"", ""Year"": ""2009"", ""Month"": ""2"", ""Day"": ""21"", ""Crop"": ""GEN"", ""State"": ""MADHYA PRADESH"", ""District"": ""SAGAR"", ""BlockName"": ""0"", ""Sector"": ""Agriculture"", ""Sector (A)"": ""AGRICULTURE"", ""Season"": ""JAYAD"", ""QueryType"": ""9999"", ""Agri Specialist"": ""Salim Sahaji"", ""latitude"": ""23.8083"", ""longitude"": ""78.7583"", ""cluster"": ""5"", ""num_questions_in_cluster"": ""15"", ""Date"": """", ""Source [Name and Link]"": """", ""SL No."": ""2977""}, ""hash"": ""6e0d65d72eb18e8b1b7d66ecddf31657e65d85431a17eb931ba5dc1602ffaf2a"", ""class_name"": ""RelatedNodeInfo""}}, ""metadata_template"": ""{key}: {value}"", ""metadata_separator"": ""\n"", ""text"": """", ""mimetype"": ""text/plain"", ""start_char_idx"": 0, ""end_char_idx"": 1689, ""metadata_seperator"": ""\n"", ""text_template"": ""{metadata_str}\n\n{content}"", ""class_name"": ""TextNode""}",TextNode,313c9d1ff3deef28cd7648ba,313c9d1ff3deef28cd7648ba,313c9d1ff3deef28cd7648ba,Madhya Pradesh
840fd0c1-58c7-4230-875e-1856e0bf9916,"Question: How to cultivate Rubber in Arunachala Pradesh?

Answer: Rubber cultivation is possible in the Doimukh area of Arunachal Pradesh due to suitable rainfall and climate. Farmers should first select high-yielding varieties like RRII 105, RRII 430, RRIM 600 or PB 260, which are in good demand and suitable for hilly Northeast regions and are recommended by the Rubber Board. These varieties give good latex yield and are disease-tolerant. To get healthy and certified planting material, farmers can contact the Rubber Board Field Office at Naharlagun and approach registered nurseries under the Rubber Board or ICAR centres that supply certified planting materials. It is always better to use budded stumps or polybag plants of 6–8 months age for good survival and growth. Before planting, clear the land, do proper pit digging (60cm x 60cm x 60cm), and apply 5 kg compost and 50 gram single super phosphate (SSP) per pit. Maintain spacing of 3m x 7m which allows about 220 trees per acre for better growth and tapping access. After planting, mulch the base to retain moisture and control weeds. For weed control, apply pendimethalin 30% EC @ 1 litre per acre 200–240 litres of water, as a pre-emergence spray immediately after planting, which is safer and suitable for upland plantations. Use flat fan nozzle for uniform spray. Rubber trees require 6–7 years of growth before they are ready for tapping. Tapping begins when the tree reaches a girth of 50 cm at 120 cm height. Tapping should be done by using a sharp tapping knife to make a thin, half-spiral cut on the bark early in the morning. This technique allows latex to flow without harming the tree. Tapping should be done on alternate days or following a proper schedule, which helps in getting better and longer-lasting yields. Ethrel (ethephon) should only be used at 1.5% concentration after the third tapping season once in 30–45 days,  to avoid bark damage  — do not overuse. To earn a good price, farmers should collect latex in clean cups, use formic acid (150 ml per 10 litres latex) for coagulation, and avoid adding water or impurities. The rubber sheets must be well-washed, smoked, and dried properly. Selling through registered cooperatives or Rubber Producers’ Societies (RPS) ensures better market access and fair prices. Apply NPK 12:6:6 @ 12 kg per tree per year in 2–3 splits. Use Trichoderma during monsoon to protect roots. You can also grow pineapple or ginger between rows in early years for extra income. Register your plantation with Rubber Board to get subsidy, training, and support. With proper care, one acre can yield 300–500 kg of dry rubber annually from the 8th year onwards. Farmers are advised to start small, take expert guidance, and maintain the plantation properly. Rubber offers long-term income and growing market demand in Arunachal, making it a promising option for farmers in this region.",all,2010,7,18,Rubber,PAPUMPARE,all,Agriculture,Agriculture,"Rabi, Zaid",,Satarupa Saha,,,-1,,6-8-2025,https://megsoil.gov.in/mccdb/rubbergrowing.html / https://rubberboard.gov.in/ https://agritech.tnau.ac.in/horticulture/RPDS%20NORTH%20EAST.pdf,523,"{""id_"": ""840fd0c1-58c7-4230-875e-1856e0bf9916"", ""embedding"": null, ""metadata"": {""Category"": """", ""Year"": ""2010"", ""Month"": ""7"", ""Day"": ""18"", ""Crop"": ""Rubber"", ""State"": ""ARUNACHAL PRADESH"", ""District"": ""PAPUMPARE"", ""BlockName"": """", ""Sector"": ""AGRICULTURE"", ""Sector (A)"": ""AGRICULTURE"", ""Season"": ""Rabi/Jayad"", ""QueryType"": """", ""Agri Specialist"": ""Satarupa Saha"", ""latitude"": """", ""longitude"": """", ""cluster"": ""-1"", ""num_questions_in_cluster"": """", ""Date"": ""6-8-2025"", ""Source [Name and Link]"": ""https://megsoil.gov.in/mccdb/rubbergrowing.html / https://rubberboard.gov.in/ https://agritech.tnau.ac.in/horticulture/RPDS%20NORTH%20EAST.pdf"", ""SL No."": ""523""}, ""excluded_embed_metadata_keys"": [], ""excluded_llm_metadata_keys"": [], ""relationships"": {""1"": {""node_id"": ""7b680b523174c588c48cada0"", ""node_type"": ""4"", ""metadata"": {""Category"": """", ""Year"": ""2010"", ""Month"": ""7"", ""Day"": ""18"", ""Crop"": ""Rubber"", ""State"": ""ARUNACHAL PRADESH"", ""District"": ""PAPUMPARE"", ""BlockName"": """", ""Sector"": ""AGRICULTURE"", ""Sector (A)"": ""AGRICULTURE"", ""Season"": ""Rabi/Jayad"", ""QueryType"": """", ""Agri Specialist"": ""Satarupa Saha"", ""latitude"": """", ""longitude"": """", ""cluster"": ""-1"", ""num_questions_in_cluster"": """", ""Date"": ""6-8-2025"", ""Source [Name and Link]"": ""https://megsoil.gov.in/mccdb/rubbergrowing.html / https://rubberboard.gov.in/ https://agritech.tnau.ac.in/horticulture/RPDS%20NORTH%20EAST.pdf"", ""SL No."": ""523""}, ""hash"": ""66aecf5d67a378b0aae9153a787be20e954a8776d2e2302348526121dd503818"", ""class_name"": ""RelatedNodeInfo""}}, ""metadata_template"": ""{key}: {value}"", ""metadata_separator"": ""\n"", ""text"": """", ""mimetype"": ""text/plain"", ""start_char_idx"": 0, ""end_char_idx"": 2896, ""metadata_seperator"": ""\n"", ""text_template"": ""{metadata_str}\n\n{content}"", ""class_name"": ""TextNode""}",TextNode,7b680b523174c588c48cada0,7b680b523174c588c48cada0,7b680b523174c588c48cada0,Arunachal Pradesh
1e732e49-2ac3-4e39-a9cf-4337291d9cf9,"Question: How can I control Milk fever in Buffalo?

Answer: Milk fever is a metabolic disorder caused by low blood calcium levels, typically occurring around calving in high-yielding buffaloes. Early symptoms include restlessness, muscle tremors, stiffness while walking, and reduced appetite. Advanced symptoms include the animal being unable to stand, its head turned to the side in an S-shape, cold ears and body, lethargy, and coma. Immediate veterinary treatment is essential as this is a medical emergency. The standard treatment is a slow intravenous injection of Calcium Borogluconate administered by a veterinarian. A typical dosage is 200-300 ml of a 20-25% solution given slowly to avoid heart complications. Supportive care includes keeping the animal warm and comfortable during recovery. Do not give oral fluids or medicine to a downed animal due to the risk of choking. Prevention focuses on dietary management during the dry period. Feed a low calcium diet for 2-3 weeks before calving to activate the animal's calcium regulation. Avoid lush legume fodder like berseem which is high in potassium and can trigger milk fever. Veterinarians may recommend anionic salts to acidify the blood and help mobilize calcium. Give oral calcium boluses immediately after calving and again 12 hours later as a preventive measure. Avoid over- fattening animals during the dry period and provide a clean, non-slippery calving area. A veterinarian is essential for correct diagnosis, safe treatment, and designing a preventive plan.",all,2009,3,18,Buffalo,SAGAR,all,Animal Husbandry,Animal Husbandry,Rabi,Disease Management,Tejas R. Dange,23.8083,78.7583,-1,,4-9-2025,"https://www.mpanimalhusbandry.com/
http://www.rvskvv.net/Colleges/Details/8
https://nivedi.icar.gov.in/",4102,"{""id_"": ""1e732e49-2ac3-4e39-a9cf-4337291d9cf9"", ""embedding"": null, ""metadata"": {""Category"": ""0"", ""Year"": ""2009"", ""Month"": ""3"", ""Day"": ""18"", ""Crop"": ""Buffalo"", ""State"": ""MADHYA PRADESH"", ""District"": ""SAGAR"", ""BlockName"": ""0"", ""Sector"": ""ANIMAL HUSBANDRY"", ""Sector (A)"": ""ANIMAL HUSBANDRY"", ""Season"": ""RABI"", ""QueryType"": ""Disease Management"", ""Agri Specialist"": ""Tejas R. Dange"", ""latitude"": ""23.8083"", ""longitude"": ""78.7583"", ""cluster"": ""-1"", ""num_questions_in_cluster"": """", ""Date"": ""4-9-2025"", ""Source [Name and Link]"": ""https://www.mpanimalhusbandry.com/\nhttp://www.rvskvv.net/Colleges/Details/8\nhttps://nivedi.icar.gov.in/"", ""SL No."": ""4102""}, ""excluded_embed_metadata_keys"": [], ""excluded_llm_metadata_keys"": [], ""relationships"": {""1"": {""node_id"": ""ddca7811cb22a6625f5457c1"", ""node_type"": ""4"", ""metadata"": {""Category"": ""0"", ""Year"": ""2009"", ""Month"": ""3"", ""Day"": ""18"", ""Crop"": ""Buffalo"", ""State"": ""MADHYA PRADESH"", ""District"": ""SAGAR"", ""BlockName"": ""0"", ""Sector"": ""ANIMAL HUSBANDRY"", ""Sector (A)"": ""ANIMAL HUSBANDRY"", ""Season"": ""RABI"", ""QueryType"": ""Disease Management"", ""Agri Specialist"": ""Tejas R. Dange"", ""latitude"": ""23.8083"", ""longitude"": ""78.7583"", ""cluster"": ""-1"", ""num_questions_in_cluster"": """", ""Date"": ""4-9-2025"", ""Source [Name and Link]"": ""https://www.mpanimalhusbandry.com/\nhttp://www.rvskvv.net/Colleges/Details/8\nhttps://nivedi.icar.gov.in/"", ""SL No."": ""4102""}, ""hash"": ""ab1eebdaa24165b3e52acfeb310ad0406f89e99bef293f88f8e78ad1559c6de0"", ""class_name"": ""RelatedNodeInfo""}}, ""metadata_template"": ""{key}: {value}"", ""metadata_separator"": ""\n"", ""text"": """", ""mimetype"": ""text/plain"", ""start_char_idx"": 0, ""end_char_idx"": 1531, ""metadata_seperator"": ""\n"", ""text_template"": ""{metadata_str}\n\n{content}"", ""class_name"": ""TextNode""}",TextNode,ddca7811cb22a6625f5457c1,ddca7811cb22a6625f5457c1,ddca7811cb22a6625f5457c1,Madhya Pradesh
0378020a-21f0-4433-b401-95c42c8e6802,"Question: What is the process of Rearing chicks?

Answer: Chicken rearing in Tamil Nadu is a simple and sure income work if we follow right steps, broilers like Cobb 500, Vencobb and Ross 308 grow fast and reach near 2 kg weight in just 6–7 weeks, while layers like White Leghorn and Rhode Island Red lay around 250–280 eggs in a year, so first make clean shed with good airflow and dry litter using rice husk or sawdust, keep chicks warm at 32–35°C in starting and slowly reduce to 24°C when they grow, always give clean drinking water and proper feed with 22–24% protein for broilers and 16–18% for layers, layers also need 14–16 hours of light daily to maintain egg laying, keep shed neat, separate sick birds, disinfect well, and use probiotics for good digestion, medicines should be given only with doctor advice and remember withdrawal time before sale, vaccination against New Castle and Marek’s disease must be done in time, feed cost is big so save by giving right feed at right time, and if you use poultry droppings in farm do soil and water testing to avoid damage, always buy chicks from government hatcheries or TNAU recommended suppliers, if you do all these simple things, birds will be healthy, grow well and surely give you good money.",all,2012,7,10,Hen,SALEM,all,Animal Husbandry,Animal Husbandry,Zaid,,Satarupa Saha,,,-1,,21-8-2025,,2902,"{""id_"": ""0378020a-21f0-4433-b401-95c42c8e6802"", ""embedding"": null, ""metadata"": {""Category"": """", ""Year"": ""2012"", ""Month"": ""7"", ""Day"": ""10"", ""Crop"": ""Hen (chicks)"", ""State"": ""TAMILNADU"", ""District"": ""SALEM"", ""BlockName"": """", ""Sector"": ""ANIMAL HUSBANDRY"", ""Sector (A)"": ""ANIMAL HUSBANDRY"", ""Season"": ""JAYAD"", ""QueryType"": """", ""Agri Specialist"": ""Satarupa Saha"", ""latitude"": """", ""longitude"": """", ""cluster"": ""-1"", ""num_questions_in_cluster"": """", ""Date"": ""21-8-2025"", ""Source [Name and Link]"": """", ""SL No."": ""2902""}, ""excluded_embed_metadata_keys"": [], ""excluded_llm_metadata_keys"": [], ""relationships"": {""1"": {""node_id"": ""b87ad5cb40166126d3bbf1f1"", ""node_type"": ""4"", ""metadata"": {""Category"": """", ""Year"": ""2012"", ""Month"": ""7"", ""Day"": ""10"", ""Crop"": ""Hen (chicks)"", ""State"": ""TAMILNADU"", ""District"": ""SALEM"", ""BlockName"": """", ""Sector"": ""ANIMAL HUSBANDRY"", ""Sector (A)"": ""ANIMAL HUSBANDRY"", ""Season"": ""JAYAD"", ""QueryType"": """", ""Agri Specialist"": ""Satarupa Saha"", ""latitude"": """", ""longitude"": """", ""cluster"": ""-1"", ""num_questions_in_cluster"": """", ""Date"": ""21-8-2025"", ""Source [Name and Link]"": """", ""SL No."": ""2902""}, ""hash"": ""6d5c402a10e01508c9bb4538fcd2fc4e0b8604790f85748b799daa35eff4950c"", ""class_name"": ""RelatedNodeInfo""}}, ""metadata_template"": ""{key}: {value}"", ""metadata_separator"": ""\n"", ""text"": """", ""mimetype"": ""text/plain"", ""start_char_idx"": 0, ""end_char_idx"": 1254, ""metadata_seperator"": ""\n"", ""text_template"": ""{metadata_str}\n\n{content}"", ""class_name"": ""TextNode""}",TextNode,b87ad5cb40166126d3bbf1f1,b87ad5cb40166126d3bbf1f1,b87ad5cb40166126d3bbf1f1,Tamil Nadu
e2484865-a2e6-42d7-b0c6-62041179eee6,"Question: How To Control Tela in Potato?

Answer: Jassids damage potato crops by sucking sap from the leaves, ans shows leaf curling, yellowing, and scorching along the margins, which can reduce photosynthesis and ultimately yield. To control them chemically, spray Confidor (Imidacloprid 17.8 SL) at 50-60 ml/acre, Actara (Thiamethoxam 25 WG) at 50 g/acre, or Pride (Acetamiprid 20 SP) at 50 g/acre. Ensure proper rotation of insecticides to delay resistance buildup. Importantly, waiting period must be 7–10 days before last spray to to avoid chemical residues in the tubers. Adopt cultural practices such as early planting to escape peak pest pressure, maintaining optimal plant spacing to improve airflow, and removing weeds and crop residues.",all,2009,12,5,Potato,Sirsa,all,Horticulture,Horticulture,Kharif,76,Ponugoti Kavya,29.6063,74.9037,1290,9,5-8-2025,https://agri.bot/docs/control-of-jassid/,408,"{""id_"": ""e2484865-a2e6-42d7-b0c6-62041179eee6"", ""embedding"": null, ""metadata"": {""Category"": ""0"", ""Year"": ""2009"", ""Month"": ""12"", ""Day"": ""5"", ""Crop"": ""potato"", ""State"": ""Haryana"", ""District"": ""Sirsa"", ""BlockName"": """", ""Sector"": ""HORTICULTURE"", ""Sector (A)"": ""HORTICULTURE"", ""Season"": ""Kharif"", ""QueryType"": ""76"", ""Agri Specialist"": ""Ponugoti Kavya"", ""latitude"": ""29.6063"", ""longitude"": ""74.9037"", ""cluster"": ""1290"", ""num_questions_in_cluster"": ""9"", ""Date"": ""5-8-2025"", ""Source [Name and Link]"": ""https://agri.bot/docs/control-of-jassid/"", ""SL No."": ""408""}, ""excluded_embed_metadata_keys"": [], ""excluded_llm_metadata_keys"": [], ""relationships"": {""1"": {""node_id"": ""29fb42a7f878cf640960cbd0"", ""node_type"": ""4"", ""metadata"": {""Category"": ""0"", ""Year"": ""2009"", ""Month"": ""12"", ""Day"": ""5"", ""Crop"": ""potato"", ""State"": ""Haryana"", ""District"": ""Sirsa"", ""BlockName"": """", ""Sector"": ""HORTICULTURE"", ""Sector (A)"": ""HORTICULTURE"", ""Season"": ""Kharif"", ""QueryType"": ""76"", ""Agri Specialist"": ""Ponugoti Kavya"", ""latitude"": ""29.6063"", ""longitude"": ""74.9037"", ""cluster"": ""1290"", ""num_questions_in_cluster"": ""9"", ""Date"": ""5-8-2025"", ""Source [Name and Link]"": ""https://agri.bot/docs/control-of-jassid/"", ""SL No."": ""408""}, ""hash"": ""afe1180c9aa0db9e0254bfd10e06fe0b13807e6309fbee384b2e5e28a866e908"", ""class_name"": ""RelatedNodeInfo""}}, ""metadata_template"": ""{key}: {value}"", ""metadata_separator"": ""\n"", ""text"": """", ""mimetype"": ""text/plain"", ""start_char_idx"": 0, ""end_char_idx"": 747, ""metadata_seperator"": ""\n"", ""text_template"": ""{metadata_str}\n\n{content}"", ""class_name"": ""TextNode""}",TextNode,29fb42a7f878cf640960cbd0,29fb42a7f878cf640960cbd0,29fb42a7f878cf640960cbd0,Haryana
74bbc484-5167-441b-9ef1-ff7071db5b41,"Question: What is khumba farming (mushroom cultivation)?

Answer: In Punjab, Khumba farming (mushroom cultivation) is becoming popular because it gives high returns in a short time and needs only a small space. The most common type grown here is white button mushroom (Agaricus bisporus), but farmers also grow oyster mushroom (Pleurotus species) and paddy straw mushroom (Volvariella species). For white button mushroom, the best season in Punjab is October to March, when the temperature is 14–22 °C. It is usually grown in a controlled room or shed using pasteurised compost prepared from wheat straw, poultry manure, and gypsum. For oyster mushroom, which grows well at 20–30 °C, farmers can use simple rooms and polybags filled with pasteurised straw. Use good quality spawn from reliable sources like Punjab Agricultural University (PAU), Ludhiana. For button mushrooms, the standard metric is the yield per quintal (100 kg) of ready compost. PAU and KVKs provide training in khumba farming, covering compost preparation, spawn running, harvesting, and marketing.",all,2012,6,4,Mushroom,Ferozepur,all,Agriculture,Agriculture,all,,Anjali Chauhan,,,-1,,9-8-2025,,1220,"{""id_"": ""74bbc484-5167-441b-9ef1-ff7071db5b41"", ""embedding"": null, ""metadata"": {""Category"": """", ""Year"": ""2012"", ""Month"": ""6"", ""Day"": ""4"", ""Crop"": ""Mushroom"", ""State"": ""PUNJAB"", ""District"": ""FEROZPUR"", ""BlockName"": """", ""Sector"": ""AGRICULTURE"", ""Sector (A)"": ""AGRICULTURE"", ""Season"": """", ""QueryType"": """", ""Agri Specialist"": ""Anjali Chauhan"", ""latitude"": """", ""longitude"": """", ""cluster"": ""-1"", ""num_questions_in_cluster"": """", ""Date"": ""9-8-2025"", ""Source [Name and Link]"": """", ""SL No."": ""1220""}, ""excluded_embed_metadata_keys"": [], ""excluded_llm_metadata_keys"": [], ""relationships"": {""1"": {""node_id"": ""8e996016a435837877627959"", ""node_type"": ""4"", ""metadata"": {""Category"": """", ""Year"": ""2012"", ""Month"": ""6"", ""Day"": ""4"", ""Crop"": ""Mushroom"", ""State"": ""PUNJAB"", ""District"": ""FEROZPUR"", ""BlockName"": """", ""Sector"": ""AGRICULTURE"", ""Sector (A)"": ""AGRICULTURE"", ""Season"": """", ""QueryType"": """", ""Agri Specialist"": ""Anjali Chauhan"", ""latitude"": """", ""longitude"": """", ""cluster"": ""-1"", ""num_questions_in_cluster"": """", ""Date"": ""9-8-2025"", ""Source [Name and Link]"": """", ""SL No."": ""1220""}, ""hash"": ""11d019c240631a908429e81e51fbc80925900e27b12c85e6aa4def56c33212a9"", ""class_name"": ""RelatedNodeInfo""}}, ""metadata_template"": ""{key}: {value}"", ""metadata_separator"": ""\n"", ""text"": """", ""mimetype"": ""text/plain"", ""start_char_idx"": 0, ""end_char_idx"": 1069, ""metadata_seperator"": ""\n"", ""text_template"": ""{metadata_str}\n\n{content}"", ""class_name"": ""TextNode""}",TextNode,8e996016a435837877627959,8e996016a435837877627959,8e996016a435837877627959,Punjab
5070a989-47bc-4142-82c6-eff469400a88,"Question: How to increase growth of Guava Tree?

Answer: To promote vigorous growth in guava trees, young trees (1–3 years old) benefit significantly from an annual dose of around 10–15 kg of well-decomposed farmyard manure (FYM) per tree, supplemented with balanced inorganic nutrients of approximately 50–100 g nitrogen , 25–50 g phosphorus , and 50–75 g potassium ,DAP 55–110 g, Urea 90–175 g and MOP 85–125 g) divided over 3–4 applications during the growing season. For mature trees (4+ years), raise the nutritional level to 20–25 kg FYM and apply 200–300 g N, 100–150 g P, and 200–250 g K (DAP 220–325 g, Urea 350–525 g, and MOP 335–420 g.) per tree annually, timed at critical stages: before flowering (Feb–Mar), post-fruit set (May–June), and post-harvest. Additionally, structured pruning—such as maintaining a low-headed open or modified leader system and thinning overcrowded branches—encourages a sturdy canopy structure, improves light penetration, and supports sustained growth and fruiting.",all,2009,4,8,Guava,SAGAR,all,Horticulture,Horticulture,Rabi,Plant Growth,Adheena Victor,23.8083,78.7583,-1,,,"https://microbiologyjournal.org/effect-of-plant-growth-regulators-on-fruit-yield-and-quality-of-guava-psidiumguajava-cv-allahabad-safeda/
https://www.nhb.gov.in/report_files/guava/GUAVA.htm",4145,"{""id_"": ""5070a989-47bc-4142-82c6-eff469400a88"", ""embedding"": null, ""metadata"": {""Category"": ""0"", ""Year"": ""2009"", ""Month"": ""4"", ""Day"": ""8"", ""Crop"": ""Guava"", ""State"": ""MADHYA PRADESH"", ""District"": ""SAGAR"", ""BlockName"": ""0"", ""Sector"": ""HORTICULTURE"", ""Sector (A)"": ""HORTICULTURE"", ""Season"": ""RABI"", ""QueryType"": ""Plant Growth"", ""Agri Specialist"": ""Adheena Victor"", ""latitude"": ""23.8083"", ""longitude"": ""78.7583"", ""cluster"": ""-1"", ""num_questions_in_cluster"": """", ""Date"": """", ""Source [Name and Link]"": ""https://microbiologyjournal.org/effect-of-plant-growth-regulators-on-fruit-yield-and-quality-of-guava-psidiumguajava-cv-allahabad-safeda/\nhttps://www.nhb.gov.in/report_files/guava/GUAVA.htm"", ""SL No."": ""4145""}, ""excluded_embed_metadata_keys"": [], ""excluded_llm_metadata_keys"": [], ""relationships"": {""1"": {""node_id"": ""49897efcd186c22d5a677f83"", ""node_type"": ""4"", ""metadata"": {""Category"": ""0"", ""Year"": ""2009"", ""Month"": ""4"", ""Day"": ""8"", ""Crop"": ""Guava"", ""State"": ""MADHYA PRADESH"", ""District"": ""SAGAR"", ""BlockName"": ""0"", ""Sector"": ""HORTICULTURE"", ""Sector (A)"": ""HORTICULTURE"", ""Season"": ""RABI"", ""QueryType"": ""Plant Growth"", ""Agri Specialist"": ""Adheena Victor"", ""latitude"": ""23.8083"", ""longitude"": ""78.7583"", ""cluster"": ""-1"", ""num_questions_in_cluster"": """", ""Date"": """", ""Source [Name and Link]"": ""https://microbiologyjournal.org/effect-of-plant-growth-regulators-on-fruit-yield-and-quality-of-guava-psidiumguajava-cv-allahabad-safeda/\nhttps://www.nhb.gov.in/report_files/guava/GUAVA.htm"", ""SL No."": ""4145""}, ""hash"": ""0e1ab9851a31fe3d0e8236918f923db0ab80a566ba18eb8faba71ba4f1031fbf"", ""class_name"": ""RelatedNodeInfo""}}, ""metadata_template"": ""{key}: {value}"", ""metadata_separator"": ""\n"", ""text"": """", ""mimetype"": ""text/plain"", ""start_char_idx"": 0, ""end_char_idx"": 1006, ""metadata_seperator"": ""\n"", ""text_template"": ""{metadata_str}\n\n{content}"", ""class_name"": ""TextNode""}",TextNode,49897efcd186c22d5a677f83,49897efcd186c22d5a677f83,49897efcd186c22d5a677f83,Madhya Pradesh
dbb729c5-7463-4bba-ac67-aeaf6bf0fbd1,"Question: How to control larvae in Gram (Chick Pea)?

Answer: Chickpea (Gram) is primarily a Rabi season crop. Gram Pod Borer Symptoms:
Grown-up larvae feed on buds, flowers, and pods. Developing and partly matured seeds are completely eaten by the larvae. While feeding, the head of the larva is inserted into the pod, and the rest of the body remains outside. A single larva may destroy 30–40 pods before it reaches maturity. To control Gram Pod Borer, follow Integrated Pest Management (IPM): Cultural Measures: Sow three rows of sorghum or maize as a border crop. Mechanical Control: Install pheromone traps for Helicoverpa armigera @ 4–5 per acre to monitor the population. Use light traps to attract and kill the adult moths. Biological Control: Apply, as needed, any one of the following: Azadirachtin 0.03% WSP (300 PPM) @ 1000 ml/acre. Bacillus thuringiensis var. kurstaki @ 200–250 ml/acre. Chemical Control: Emamectin benzoate 5 SG @ 80–90 g/acre in 200 liters of water, Spinosad 45 SC @ 50–64 ml/acre in 200 liters of water.",all,2011,1,3,all,SAGAR,all,Agriculture,Agriculture,Kharif,3,Gonnabathula Girishma,23.8083,78.7583,337,6,26-8-2025,https://niphm.gov.in/IPMPackages/Chickpea.pdf,3242,"{""id_"": ""dbb729c5-7463-4bba-ac67-aeaf6bf0fbd1"", ""embedding"": null, ""metadata"": {""Category"": ""0"", ""Year"": ""2011"", ""Month"": ""1"", ""Day"": ""3"", ""Crop"": ""1037"", ""State"": ""MADHYA PRADESH"", ""District"": ""SAGAR"", ""BlockName"": ""0"", ""Sector"": ""AGRICULTURE"", ""Sector (A)"": ""AGRICULTURE"", ""Season"": ""KHARIF"", ""QueryType"": ""3"", ""Agri Specialist"": ""Gonnabathula Girishma"", ""latitude"": ""23.8083"", ""longitude"": ""78.7583"", ""cluster"": ""337"", ""num_questions_in_cluster"": ""6"", ""Date"": ""26-8-2025"", ""Source [Name and Link]"": ""https://niphm.gov.in/IPMPackages/Chickpea.pdf"", ""SL No."": ""3242""}, ""excluded_embed_metadata_keys"": [], ""excluded_llm_metadata_keys"": [], ""relationships"": {""1"": {""node_id"": ""3e0a1b6e6956671f033c114b"", ""node_type"": ""4"", ""metadata"": {""Category"": ""0"", ""Year"": ""2011"", ""Month"": ""1"", ""Day"": ""3"", ""Crop"": ""1037"", ""State"": ""MADHYA PRADESH"", ""District"": ""SAGAR"", ""BlockName"": ""0"", ""Sector"": ""AGRICULTURE"", ""Sector (A)"": ""AGRICULTURE"", ""Season"": ""KHARIF"", ""QueryType"": ""3"", ""Agri Specialist"": ""Gonnabathula Girishma"", ""latitude"": ""23.8083"", ""longitude"": ""78.7583"", ""cluster"": ""337"", ""num_questions_in_cluster"": ""6"", ""Date"": ""26-8-2025"", ""Source [Name and Link]"": ""https://niphm.gov.in/IPMPackages/Chickpea.pdf"", ""SL No."": ""3242""}, ""hash"": ""7e5fde36f216e5a6983b39f8b4bf90cd0f6a97eb6258db2aaa3969474398f637"", ""class_name"": ""RelatedNodeInfo""}}, ""metadata_template"": ""{key}: {value}"", ""metadata_separator"": ""\n"", ""text"": """", ""mimetype"": ""text/plain"", ""start_char_idx"": 0, ""end_char_idx"": 1036, ""metadata_seperator"": ""\n"", ""text_template"": ""{metadata_str}\n\n{content}"", ""class_name"": ""TextNode""}",TextNode,3e0a1b6e6956671f033c114b,3e0a1b6e6956671f033c114b,3e0a1b6e6956671f033c114b,Madhya Pradesh
27815a29-f9de-4813-b06f-8af7f538c738,"Question: How to control fruit and flower drops In Pomegranate?

Answer: To control flower and fruit drop in pomegranate under the Mrig Bahar system (June–July flowering for winter harvest), ensure timely irrigation without water stagnation, spray Borax at 0.1-0.2% (i.e., 1-2 grams per liter of water) to improve flower retention, apply NAA at 20–40 ppm (i.e., 1 ml of Planofix 4.5 SL in 4.5–5 liters of water) to reduce fruit drop, and control aphids by spraying Imidacloprid 17.8 SL @ 0.3 ml per liter of water during early infestation.",Fruits,2014,5,27,Pomegranate,Hisar,Barwala,Horticulture,Horticulture,Kharif,,Salim Sahaji,29.8573,76.4545,1479,142,4-8-2025,https://emausamhau.com/,681,"{""id_"": ""27815a29-f9de-4813-b06f-8af7f538c738"", ""embedding"": null, ""metadata"": {""Category"": ""Fruits"", ""Year"": ""2014"", ""Month"": ""5"", ""Day"": ""27"", ""Crop"": ""Pomegranate"", ""State"": ""Haryana"", ""District"": ""Hissar"", ""BlockName"": ""Barwala"", ""Sector"": ""HORTICULTURE"", ""Sector (A)"": ""HORTICULTURE"", ""Season"": ""Kharif"", ""QueryType"": """", ""Agri Specialist"": ""Salim Sahaji"", ""latitude"": ""29.8573"", ""longitude"": ""76.4545"", ""cluster"": ""1479"", ""num_questions_in_cluster"": ""142"", ""Date"": ""4-8-2025"", ""Source [Name and Link]"": ""https://emausamhau.com/"", ""SL No."": ""681""}, ""excluded_embed_metadata_keys"": [], ""excluded_llm_metadata_keys"": [], ""relationships"": {""1"": {""node_id"": ""52eb59d99016069d30028e44"", ""node_type"": ""4"", ""metadata"": {""Category"": ""Fruits"", ""Year"": ""2014"", ""Month"": ""5"", ""Day"": ""27"", ""Crop"": ""Pomegranate"", ""State"": ""Haryana"", ""District"": ""Hissar"", ""BlockName"": ""Barwala"", ""Sector"": ""HORTICULTURE"", ""Sector (A)"": ""HORTICULTURE"", ""Season"": ""Kharif"", ""QueryType"": """", ""Agri Specialist"": ""Salim Sahaji"", ""latitude"": ""29.8573"", ""longitude"": ""76.4545"", ""cluster"": ""1479"", ""num_questions_in_cluster"": ""142"", ""Date"": ""4-8-2025"", ""Source [Name and Link]"": ""https://emausamhau.com/"", ""SL No."": ""681""}, ""hash"": ""160bae7f0775d65bc40e8ae42efd7a93bcc8c9ef366748322f829880603fb91d"", ""class_name"": ""RelatedNodeInfo""}}, ""metadata_template"": ""{key}: {value}"", ""metadata_separator"": ""\n"", ""text"": """", ""mimetype"": ""text/plain"", ""start_char_idx"": 0, ""end_char_idx"": 539, ""metadata_seperator"": ""\n"", ""text_template"": ""{metadata_str}\n\n{content}"", ""class_name"": ""TextNode""}",TextNode,52eb59d99016069d30028e44,52eb59d99016069d30028e44,52eb59d99016069d30028e44,Haryana
d6c1eb01-b35a-4d79-89d4-5b74f3b8965a,"Question: How can I control fungal diseases in Coriander?

Answer: In coriander crop fungal diseases like powdery mildew, stem gall and seed-borne rots trouble farmers badly, plants become weak, leaves dry, seed setting goes down and finally yield and quality both suffer, especially when crop is late-sown and weather is humid with fog. To control this problem you must follow integrated management in simple step-by-step way. First is cultural control – always sow coriander timely between 30th October to 15th November to escape peak disease period, never sow again and again in same infested field, rotate with cereals or other non-host crops, keep proper spacing so sunlight and air circulation remain, and after harvest remove and destroy infected plant debris. For biological control – treat seed and soil with Trichoderma viride @ 2 kg per acre in 200 litres water, this suppresses fungi and improves root health, also use garlic clove extract spray or grow garlic and eucalyptus nearby as natural protectors. Do seed treatment – instead of only Carbendazim 3g/ kg of seeds, safer alternatives are Thiram 75 WP @ 500- 600g per kg seed, or Trichoderma viride @ 4 g per kg seed, even combination of GA3 (100 ppm) + Trichoderma 15 to 20 kg of coriander seeds in 10 to 15 litres of waters (2 ml per litre water). For chemical control use foliar spray for powdery mildew spray Propiconazole 25 EC @ 300 ml per acre in 400 litres water, or Hexaconazole 5 EC @ 400 ml per acre in 400 litres water, both sprayed twice at 15-day gap with PHI 14 days; for organic or low residue farming spray Wettable Sulphur 80 WP @ 2 kg per acre in 400 litres water, PHI 7 days; for stem gall, treat seed with Thiram 75 WP @ 3 g per kg and spray same @ 2 kg per acre in 400 litres water, PHI 7 days. Always do soil testing before sowing, balance fertilizers as per test, because healthy plants resist fungi better. And, very important is to rotate fungicides, never use same chemical repeatedly, spray in morning or evening for best effect, and always follow PHI strictly so that produce remains safe. If you can follow these combined method then coriander crop will stay healthy, diseases will remain under control, and finally yield and market price both will improve.",all,2009,5,1,Coriander,SAGAR,all,Horticulture,Horticulture,Rabi,29,Satarupa Saha,23.8083,78.7583,-1,,,,4189,"{""id_"": ""d6c1eb01-b35a-4d79-89d4-5b74f3b8965a"", ""embedding"": null, ""metadata"": {""Category"": ""0"", ""Year"": ""2009"", ""Month"": ""5"", ""Day"": ""1"", ""Crop"": ""Coriander"", ""State"": ""MADHYA PRADESH"", ""District"": ""SAGAR"", ""BlockName"": ""0"", ""Sector"": ""HORTICULTURE"", ""Sector (A)"": ""HORTICULTURE"", ""Season"": ""RABI"", ""QueryType"": ""29"", ""Agri Specialist"": ""Satarupa Saha"", ""latitude"": ""23.8083"", ""longitude"": ""78.7583"", ""cluster"": ""-1"", ""num_questions_in_cluster"": """", ""Date"": """", ""Source [Name and Link]"": """", ""SL No."": ""4189""}, ""excluded_embed_metadata_keys"": [], ""excluded_llm_metadata_keys"": [], ""relationships"": {""1"": {""node_id"": ""6cfd6b4dac3fcd694ca32806"", ""node_type"": ""4"", ""metadata"": {""Category"": ""0"", ""Year"": ""2009"", ""Month"": ""5"", ""Day"": ""1"", ""Crop"": ""Coriander"", ""State"": ""MADHYA PRADESH"", ""District"": ""SAGAR"", ""BlockName"": ""0"", ""Sector"": ""HORTICULTURE"", ""Sector (A)"": ""HORTICULTURE"", ""Season"": ""RABI"", ""QueryType"": ""29"", ""Agri Specialist"": ""Satarupa Saha"", ""latitude"": ""23.8083"", ""longitude"": ""78.7583"", ""cluster"": ""-1"", ""num_questions_in_cluster"": """", ""Date"": """", ""Source [Name and Link]"": """", ""SL No."": ""4189""}, ""hash"": ""46832cc2dee0f54b2556be5dd934d05a44d23fe48c8aabe6ecadb5db93adbaa9"", ""class_name"": ""RelatedNodeInfo""}}, ""metadata_template"": ""{key}: {value}"", ""metadata_separator"": ""\n"", ""text"": """", ""mimetype"": ""text/plain"", ""start_char_idx"": 0, ""end_char_idx"": 2254, ""metadata_seperator"": ""\n"", ""text_template"": ""{metadata_str}\n\n{content}"", ""class_name"": ""TextNode""}",TextNode,6cfd6b4dac3fcd694ca32806,6cfd6b4dac3fcd694ca32806,6cfd6b4dac3fcd694ca32806,Madhya Pradesh
7fb00a5a-e87a-4de3-8e19-ab9db7792977,"Question: what is the control of the curra murra disease (Leaf curl) of chilli?

Answer: ""Curra Murra"" is a local name for the devastating Chilli Leaf Curl Virus (ChiLCV), a viral disease that is a major problem for chilli farmers in Katni and other parts of Madhya Pradesh. The most prominent symptom is the upward curling, crinkling, and puckering of leaves. Infected plants show stunted growth with shortened internodes. Leaves are significantly smaller than normal and may appear brittle and leathery. Flowering is poor, and fruit formation is minimal or nonexistent. Any fruits that do develop are often small and deformed. Install yellow sticky traps at a rate of 4-6 traps per acre in your field to monitor and trap whiteflies. Plant two rows of maize, jowar, or bajra around the chilli field. Treat seeds with an insecticide like Thiamethoxam 70% WS @ 5 g/kg of seed before sowing. Drench the seedlings with Imidacloprid 17.8% SL @ 3.0 ml/10 liters of water for 30 minutes before transplanting. Apply Carbofuran 3G @ 4-5 Kg/acre in the mainfield.",all,2010,10,4,Chilli,KATNI,all,Horticulture,Horticulture,Kharif,76,Chaitanya Sameera Sandaka,23.7176,80.261,213,6,26-8-2025,"https://agritech.tnau.ac.in/crop_protection/chilli_diseases_7.html#:~:text=Leaves%20curl%20towards%20midrib%20and,is%20generally%20transmitted%20by%20whitefly.",3188,"{""id_"": ""7fb00a5a-e87a-4de3-8e19-ab9db7792977"", ""embedding"": null, ""metadata"": {""Category"": ""0"", ""Year"": ""2010"", ""Month"": ""10"", ""Day"": ""4"", ""Crop"": ""Chillies"", ""State"": ""MADHYA PRADESH"", ""District"": ""KATNI"", ""BlockName"": ""0"", ""Sector"": ""HORTICULTURE"", ""Sector (A)"": ""HORTICULTURE"", ""Season"": ""KHARIF"", ""QueryType"": ""76"", ""Agri Specialist"": ""Chaitanya Sameera Sandaka"", ""latitude"": ""23.7176"", ""longitude"": ""80.261"", ""cluster"": ""213"", ""num_questions_in_cluster"": ""6"", ""Date"": ""26-8-2025"", ""Source [Name and Link]"": ""https://agritech.tnau.ac.in/crop_protection/chilli_diseases_7.html#:~:text=Leaves%20curl%20towards%20midrib%20and,is%20generally%20transmitted%20by%20whitefly."", ""SL No."": ""3188""}, ""excluded_embed_metadata_keys"": [], ""excluded_llm_metadata_keys"": [], ""relationships"": {""1"": {""node_id"": ""d3cb5cd191fb24b1a6b7bca9"", ""node_type"": ""4"", ""metadata"": {""Category"": ""0"", ""Year"": ""2010"", ""Month"": ""10"", ""Day"": ""4"", ""Crop"": ""Chillies"", ""State"": ""MADHYA PRADESH"", ""District"": ""KATNI"", ""BlockName"": ""0"", ""Sector"": ""HORTICULTURE"", ""Sector (A)"": ""HORTICULTURE"", ""Season"": ""KHARIF"", ""QueryType"": ""76"", ""Agri Specialist"": ""Chaitanya Sameera Sandaka"", ""latitude"": ""23.7176"", ""longitude"": ""80.261"", ""cluster"": ""213"", ""num_questions_in_cluster"": ""6"", ""Date"": ""26-8-2025"", ""Source [Name and Link]"": ""https://agritech.tnau.ac.in/crop_protection/chilli_diseases_7.html#:~:text=Leaves%20curl%20towards%20midrib%20and,is%20generally%20transmitted%20by%20whitefly."", ""SL No."": ""3188""}, ""hash"": ""f3fd44bc20270a53032060bfbbb3b9ef411fe68d751f82fe8e7c88a1c85c9747"", ""class_name"": ""RelatedNodeInfo""}}, ""metadata_template"": ""{key}: {value}"", ""metadata_separator"": ""\n"", ""text"": """", ""mimetype"": ""text/plain"", ""start_char_idx"": 0, ""end_char_idx"": 1054, ""metadata_seperator"": ""\n"", ""text_template"": ""{metadata_str}\n\n{content}"", ""class_name"": ""TextNode""}",TextNode,d3cb5cd191fb24b1a6b7bca9,d3cb5cd191fb24b1a6b7bca9,d3cb5cd191fb24b1a6b7bca9,Madhya Pradesh
b3870be9-c0bb-4ed9-a4c5-87864e5de59f,"Question: How can i get subsidy on paddy planter?

Answer: Farmers are eligible for government subsidies on the purchase of paddy transplanter machines to promote mechanized farming and reduce labor costs. Under this scheme, general category farmers can avail a 40% subsidy, while SC, ST, backward class, and women farmers are eligible for a higher subsidy of 50%. To apply, farmers must visit the e-Krishi Yantra Anudan Portal and submit required documents such as Aadhaar card, caste certificate (if applicable), B-1 land document, and a copy of their bank passbook. Additionally, a demand draft (DD) of ₹5,000 must be submitted to the district’s Assistant Agriculture Engineer as part of the application process. This subsidy helps make modern farming equipment more accessible, ultimately improving efficiency and productivity in paddy cultivation.",all,2009,7,1,Paddy,SAGAR,all,all,Agriculture,Zaid,9999,Ponugoti Kavya,23.8083,78.7583,-1,,25-8-2025,,4250,"{""id_"": ""b3870be9-c0bb-4ed9-a4c5-87864e5de59f"", ""embedding"": null, ""metadata"": {""Category"": ""0"", ""Year"": ""2009"", ""Month"": ""7"", ""Day"": ""1"", ""Crop"": ""Paddy Dhan"", ""State"": ""MADHYA PRADESH"", ""District"": ""SAGAR"", ""BlockName"": ""0"", ""Sector"": ""9999"", ""Sector (A)"": ""AGRICULTURE"", ""Season"": ""JAYAD"", ""QueryType"": ""9999"", ""Agri Specialist"": ""Ponugoti Kavya"", ""latitude"": ""23.8083"", ""longitude"": ""78.7583"", ""cluster"": ""-1"", ""num_questions_in_cluster"": """", ""Date"": ""25-8-2025"", ""Source [Name and Link]"": """", ""SL No."": ""4250""}, ""excluded_embed_metadata_keys"": [], ""excluded_llm_metadata_keys"": [], ""relationships"": {""1"": {""node_id"": ""e084f485def3c59b34c2fc6b"", ""node_type"": ""4"", ""metadata"": {""Category"": ""0"", ""Year"": ""2009"", ""Month"": ""7"", ""Day"": ""1"", ""Crop"": ""Paddy Dhan"", ""State"": ""MADHYA PRADESH"", ""District"": ""SAGAR"", ""BlockName"": ""0"", ""Sector"": ""9999"", ""Sector (A)"": ""AGRICULTURE"", ""Season"": ""JAYAD"", ""QueryType"": ""9999"", ""Agri Specialist"": ""Ponugoti Kavya"", ""latitude"": ""23.8083"", ""longitude"": ""78.7583"", ""cluster"": ""-1"", ""num_questions_in_cluster"": """", ""Date"": ""25-8-2025"", ""Source [Name and Link]"": """", ""SL No."": ""4250""}, ""hash"": ""b389932d2272cfc94113b539d1785e99d9932c06b41a7d570e7009aa5a7b547f"", ""class_name"": ""RelatedNodeInfo""}}, ""metadata_template"": ""{key}: {value}"", ""metadata_separator"": ""\n"", ""text"": """", ""mimetype"": ""text/plain"", ""start_char_idx"": 0, ""end_char_idx"": 852, ""metadata_seperator"": ""\n"", ""text_template"": ""{metadata_str}\n\n{content}"", ""class_name"": ""TextNode""}",TextNode,e084f485def3c59b34c2fc6b,e084f485def3c59b34c2fc6b,e084f485def3c59b34c2fc6b,Madhya Pradesh
aecb8e33-3940-4774-be70-ef63b2793ba4,"Question: What are the causes and management practices for leaf drying in Jamun in Sahibzada Ajit Singh Nagar region of Punjab?

Answer: Jamun is a summer–rainy season fruit crop, though the tree itself is perennial and remains green year-round. It is an evergreen fruit tree. Flowering: occurs in spring season (March–April). Fruiting/Harvesting: in summer to rainy season (June–July), sometimes extending till August depending on variety and region. symptoms small brown to dark spots appears on leaves (fungal leaf spot / blight). Margins of leaves turn yellow or brown, later become dry. Leaf tip or edges start scorching and curling. In case of dieback disease, the drying starts from leaf tip and twig ends, moving downward. If due to fungal disease (Anthracnose, Alternaria, Colletotrichum) → irregular necrotic patches, shot holes sometimes spray Copper Oxychloride (50 WP) → 500–600 g per acre in 200 L water, Mancozeb 75 WP (M-45) → 500 g per acre in 200 L water. If due to nutrient deficiency (esp. Zinc, Potash) → leaves become small, yellowed veins, later dry. If due to environmental stress → hot dry winds (loo), drought, or waterlogging cause general wilting and drying. for insect & pests (aphids, whitefly & caterpillar) - spray Dimethoate 30 EC → 400 ml per acre in 200 L water OR Malathion 50 EC → 400 ml per acre in 200 L water.",all,2016,7,26,Jamun,SAHIBZADA AJIT SINGH NAGAR,all,Horticulture,Horticulture,Kharif,,Gonnabathula Girishma,,,-1,,18-8-2025,,2387,"{""id_"": ""aecb8e33-3940-4774-be70-ef63b2793ba4"", ""embedding"": null, ""metadata"": {""Category"": """", ""Year"": ""2016"", ""Month"": ""7"", ""Day"": ""26"", ""Crop"": ""Jamun"", ""State"": ""PUNJAB"", ""District"": ""SAHIBZADA AJIT SINGH NAGAR"", ""BlockName"": """", ""Sector"": ""HORTICULTURE"", ""Sector (A)"": ""HORTICULTURE"", ""Season"": ""KHARIF"", ""QueryType"": """", ""Agri Specialist"": ""Gonnabathula Girishma"", ""latitude"": """", ""longitude"": """", ""cluster"": ""-1"", ""num_questions_in_cluster"": """", ""Date"": ""18-8-2025"", ""Source [Name and Link]"": """", ""SL No."": ""2387""}, ""excluded_embed_metadata_keys"": [], ""excluded_llm_metadata_keys"": [], ""relationships"": {""1"": {""node_id"": ""68f479ef5ea48c27e2be20bc"", ""node_type"": ""4"", ""metadata"": {""Category"": """", ""Year"": ""2016"", ""Month"": ""7"", ""Day"": ""26"", ""Crop"": ""Jamun"", ""State"": ""PUNJAB"", ""District"": ""SAHIBZADA AJIT SINGH NAGAR"", ""BlockName"": """", ""Sector"": ""HORTICULTURE"", ""Sector (A)"": ""HORTICULTURE"", ""Season"": ""KHARIF"", ""QueryType"": """", ""Agri Specialist"": ""Gonnabathula Girishma"", ""latitude"": """", ""longitude"": """", ""cluster"": ""-1"", ""num_questions_in_cluster"": """", ""Date"": ""18-8-2025"", ""Source [Name and Link]"": """", ""SL No."": ""2387""}, ""hash"": ""ff3de85e4ffe07c461ec5c61b8f1b6eb6df87564c522a63fe4f5823a0a262d66"", ""class_name"": ""RelatedNodeInfo""}}, ""metadata_template"": ""{key}: {value}"", ""metadata_separator"": ""\n"", ""text"": """", ""mimetype"": ""text/plain"", ""start_char_idx"": 0, ""end_char_idx"": 1349, ""metadata_seperator"": ""\n"", ""text_template"": ""{metadata_str}\n\n{content}"", ""class_name"": ""TextNode""}",TextNode,68f479ef5ea48c27e2be20bc,68f479ef5ea48c27e2be20bc,68f479ef5ea48c27e2be20bc,Punjab
284b80c0-5c3e-48de-b9f7-68aba56823df,"Question: What are some of the varieties of Bottle Gourd?

Answer: Bottle gourd is cultivated in Kharif and spring-summer seasons using improved varieties like PBOG-89 (GBPUAT, Pantnagar, 2010), which gives around 140 q/acre yield with a seed rate of 1.6-2 kg/acre. 
 The hybrid Anurag (Nuziveedu Seeds Pvt. Ltd., 2013) produces 120-140 q/acre, suitable for long-distance transport, with a seed rate of 0.8-1.2 kg/acre. 
Another variety, NDBG-10 (Narendra Pooja) (NDUA&T, Faizabad, 2013), tolerant to downy mildew, yields 120–200 q/acre with a seed rate of 1.6-2.0 kg/acre.",all,2009,2,12,Bottle Gourd,SAGAR,all,Horticulture,Horticulture,Kharif,,Adheena Victor,23.8083,78.7583,-1,,,https://seednet.gov.in/CMS/Home/Noticeandother/list%20of%20new%20varieity%20of%20vegetaple%20crops.pdf?utm,4048,"{""id_"": ""284b80c0-5c3e-48de-b9f7-68aba56823df"", ""embedding"": null, ""metadata"": {""Category"": ""0"", ""Year"": ""2009"", ""Month"": ""2"", ""Day"": ""12"", ""Crop"": ""Bottle Gourd"", ""State"": ""MADHYA PRADESH"", ""District"": ""SAGAR"", ""BlockName"": ""0"", ""Sector"": ""HORTICULTURE"", ""Sector (A)"": ""HORTICULTURE"", ""Season"": ""KHARIF"", ""QueryType"": """", ""Agri Specialist"": ""Adheena Victor"", ""latitude"": ""23.8083"", ""longitude"": ""78.7583"", ""cluster"": ""-1"", ""num_questions_in_cluster"": """", ""Date"": """", ""Source [Name and Link]"": ""https://seednet.gov.in/CMS/Home/Noticeandother/list%20of%20new%20varieity%20of%20vegetaple%20crops.pdf?utm"", ""SL No."": ""4048""}, ""excluded_embed_metadata_keys"": [], ""excluded_llm_metadata_keys"": [], ""relationships"": {""1"": {""node_id"": ""be682447a64f318632746c39"", ""node_type"": ""4"", ""metadata"": {""Category"": ""0"", ""Year"": ""2009"", ""Month"": ""2"", ""Day"": ""12"", ""Crop"": ""Bottle Gourd"", ""State"": ""MADHYA PRADESH"", ""District"": ""SAGAR"", ""BlockName"": ""0"", ""Sector"": ""HORTICULTURE"", ""Sector (A)"": ""HORTICULTURE"", ""Season"": ""KHARIF"", ""QueryType"": """", ""Agri Specialist"": ""Adheena Victor"", ""latitude"": ""23.8083"", ""longitude"": ""78.7583"", ""cluster"": ""-1"", ""num_questions_in_cluster"": """", ""Date"": """", ""Source [Name and Link]"": ""https://seednet.gov.in/CMS/Home/Noticeandother/list%20of%20new%20varieity%20of%20vegetaple%20crops.pdf?utm"", ""SL No."": ""4048""}, ""hash"": ""5239daa9efcb6bc8584c19eb0e91bb03ff3e62aebcb83ed1867b80ca784c31f7"", ""class_name"": ""RelatedNodeInfo""}}, ""metadata_template"": ""{key}: {value}"", ""metadata_separator"": ""\n"", ""text"": """", ""mimetype"": ""text/plain"", ""start_char_idx"": 0, ""end_char_idx"": 573, ""metadata_seperator"": ""\n"", ""text_template"": ""{metadata_str}\n\n{content}"", ""class_name"": ""TextNode""}",TextNode,be682447a64f318632746c39,be682447a64f318632746c39,be682447a64f318632746c39,Madhya Pradesh
6275fd01-fc3f-4d39-b441-b7440aec4ffd,"Question: What are the varieties of moong suitable?

Answer: ML 1808 is a variety that is resistant to mungbean yellow mosaic virus, cercospora leaf spot and bacterial leaf spot diseases. Grains
 are shining green and medium bold with good cooking quality. The average grain yield is 4.8 quintals per acre.

Anotherhigh-yieldingg variety  ML 2056 is tolerant to mungbean yellow mosaic virus,
 cercospora leaf spot and bacterial leaf spot diseases. It matures in about 71 days. Grains are shining green and medium bold with good cooking quality. The average grain yield is about 4.6 quintals per acre.

ML 818 is a variety tolerant to mungbean yellow mosaic virus, cercospora leaf spot and bacterial leaf spot diseases. It matures in about 72 days. Its’ average grain yield is about 4.2 quintals per acre.

IPM 410-3 (Shikha) is high-yielding variety with a maturity period of 65-70 days and is resistant to Yellow Mosaic Virus anhasve a yield potential of 4 quintals in an acre.

The seed rate of moong dal is 8-10Kg for an acre.",all,2009,8,18,Green Gram-Moong,Kapurthala,all,Agriculture,Agriculture,Zaid,,Adheena Victor,,,-1,,6-8-2025,https://dpd.gov.in/3.%20Mungbean%20varieties.pdf,630,"{""id_"": ""6275fd01-fc3f-4d39-b441-b7440aec4ffd"", ""embedding"": null, ""metadata"": {""Category"": """", ""Year"": ""2009"", ""Month"": ""8"", ""Day"": ""18"", ""Crop"": ""Moong"", ""State"": ""PUNJAB"", ""District"": ""KAPURTHALA"", ""BlockName"": """", ""Sector"": ""AGRICULTURE"", ""Sector (A)"": ""AGRICULTURE"", ""Season"": ""JAYAD"", ""QueryType"": """", ""Agri Specialist"": ""Adheena Victor"", ""latitude"": """", ""longitude"": """", ""cluster"": ""-1"", ""num_questions_in_cluster"": """", ""Date"": ""6-8-2025"", ""Source [Name and Link]"": ""https://dpd.gov.in/3.%20Mungbean%20varieties.pdf"", ""SL No."": ""630""}, ""excluded_embed_metadata_keys"": [], ""excluded_llm_metadata_keys"": [], ""relationships"": {""1"": {""node_id"": ""8cb69c0f82f8e68657c7c413"", ""node_type"": ""4"", ""metadata"": {""Category"": """", ""Year"": ""2009"", ""Month"": ""8"", ""Day"": ""18"", ""Crop"": ""Moong"", ""State"": ""PUNJAB"", ""District"": ""KAPURTHALA"", ""BlockName"": """", ""Sector"": ""AGRICULTURE"", ""Sector (A)"": ""AGRICULTURE"", ""Season"": ""JAYAD"", ""QueryType"": """", ""Agri Specialist"": ""Adheena Victor"", ""latitude"": """", ""longitude"": """", ""cluster"": ""-1"", ""num_questions_in_cluster"": """", ""Date"": ""6-8-2025"", ""Source [Name and Link]"": ""https://dpd.gov.in/3.%20Mungbean%20varieties.pdf"", ""SL No."": ""630""}, ""hash"": ""3c3d3081ac59a13ebac3a23791e9ebd634ebc71c7d61167a65481e2e176db1ab"", ""class_name"": ""RelatedNodeInfo""}}, ""metadata_template"": ""{key}: {value}"", ""metadata_separator"": ""\n"", ""text"": """", ""mimetype"": ""text/plain"", ""start_char_idx"": 0, ""end_char_idx"": 1029, ""metadata_seperator"": ""\n"", ""text_template"": ""{metadata_str}\n\n{content}"", ""class_name"": ""TextNode""}",TextNode,8cb69c0f82f8e68657c7c413,8cb69c0f82f8e68657c7c413,8cb69c0f82f8e68657c7c413,Punjab
8c8e4760-2976-48d9-a9eb-d0fc048cbdfc,"Question: Information regarding the seed rate of Okra

Answer: For okra, use 4–5 kg of healthy, certified seed per acre for both summer and rainy seasons. Soak seeds in clean water for 6–8 hours before sowing to improve germination. Maintain row spacing of 45–60 cm and plant spacing of 15–30 cm for proper airflow and growth. Use resistant and high-yielding varieties like Hisar Unnat, Arka Anamika, or Parbhani Kranti, which are suitable for Haryana’s climate. You can buy certified seeds from local agri shops, FPOs, IFFCO, or authorized agri dealers such as the Haryana State Seed Certification Agency (HSSCA) or the Haryana Seeds Development Corporation (HSDC), to ensure better crop stand and pest tolerance. Avoid using old or damaged seed to prevent poor yield.",all,2009,6,30,Okra,Karnal,all,Horticulture,Horticulture,Zaid,9999,Satarupa Saha,29.7256,76.9107,921,21,5-8-2025,https://hau.ac.in/public/notification-documents/1931/1621839815.pdf / https://www.pau.edu/content/ccil/pf/pp_veg.pdf,170,"{""id_"": ""8c8e4760-2976-48d9-a9eb-d0fc048cbdfc"", ""embedding"": null, ""metadata"": {""Category"": ""0"", ""Year"": ""2009"", ""Month"": ""6"", ""Day"": ""30"", ""Crop"": ""Okra"", ""State"": ""Haryana"", ""District"": ""Karnal"", ""BlockName"": """", ""Sector"": ""HORTICULTURE"", ""Sector (A)"": ""HORTICULTURE"", ""Season"": ""Jayad"", ""QueryType"": ""9999"", ""Agri Specialist"": ""Satarupa Saha"", ""latitude"": ""29.7256"", ""longitude"": ""76.9107"", ""cluster"": ""921"", ""num_questions_in_cluster"": ""21"", ""Date"": ""5-8-2025"", ""Source [Name and Link]"": ""https://hau.ac.in/public/notification-documents/1931/1621839815.pdf / https://www.pau.edu/content/ccil/pf/pp_veg.pdf"", ""SL No."": ""170""}, ""excluded_embed_metadata_keys"": [], ""excluded_llm_metadata_keys"": [], ""relationships"": {""1"": {""node_id"": ""833e74b4d7ad4881d1b524ea"", ""node_type"": ""4"", ""metadata"": {""Category"": ""0"", ""Year"": ""2009"", ""Month"": ""6"", ""Day"": ""30"", ""Crop"": ""Okra"", ""State"": ""Haryana"", ""District"": ""Karnal"", ""BlockName"": """", ""Sector"": ""HORTICULTURE"", ""Sector (A)"": ""HORTICULTURE"", ""Season"": ""Jayad"", ""QueryType"": ""9999"", ""Agri Specialist"": ""Satarupa Saha"", ""latitude"": ""29.7256"", ""longitude"": ""76.9107"", ""cluster"": ""921"", ""num_questions_in_cluster"": ""21"", ""Date"": ""5-8-2025"", ""Source [Name and Link]"": ""https://hau.ac.in/public/notification-documents/1931/1621839815.pdf / https://www.pau.edu/content/ccil/pf/pp_veg.pdf"", ""SL No."": ""170""}, ""hash"": ""65f302103872ce712ebf02d729754dd54c3c5f1795e9c1c793b5970e1743783f"", ""class_name"": ""RelatedNodeInfo""}}, ""metadata_template"": ""{key}: {value}"", ""metadata_separator"": ""\n"", ""text"": """", ""mimetype"": ""text/plain"", ""start_char_idx"": 0, ""end_char_idx"": 769, ""metadata_seperator"": ""\n"", ""text_template"": ""{metadata_str}\n\n{content}"", ""class_name"": ""TextNode""}",TextNode,833e74b4d7ad4881d1b524ea,833e74b4d7ad4881d1b524ea,833e74b4d7ad4881d1b524ea,Haryana
e61fdf59-73d0-4c75-8267-a16496f751a3,"Question: How to control powdery mildew in the Ladyfinger crop?

Answer: Powdery mildew in Okra (Lady finger) is a common but severe disease caused by the fungus Erysiphe cichoracearum, which can significantly reduce plant vigour and crop yield. It appears as white flour-like powder on leaves and sometimes on fruits. It thrives in humid, cloudy weather. To manage this, use resistant varieties such as Arrka Anamika, Phule Utkarsha, maintain proper spacing for good air circulation in between, and avoid overhead irrigation. Or spray Neem oil 2% @20 ml/litre of water, or Wettable sulphur 80% @ 2-2.5 g/litre of water (800 g-1 kg per acre), or Hexaconazole 5% SC @ 1-2 ml/litre of water (200 ml per acre), or Tebuconazole 50%  + Trifloxystrobin 25% WG @ 0.5 g/litre (100 g per acre). Always spray in the morning or evening to avoid evaporation and better results. Rotate fungicides to prevent the development of resistance. Use appropriate safety gear such as a mask, gloves, goggles, full sleeve shirts, and boots. Always follow the PHI, that is, 7-10 days.",all,2009,9,21,Okra,Aurangabad,all,Agriculture,Agriculture,Zaid,,Souvik Roy,,,-1,,11-8-2025,https://krishi.maharashtra.gov.in/ https://www.vnmkv.ac.in/ https://vikaspedia.in/agriculture,501,"{""id_"": ""e61fdf59-73d0-4c75-8267-a16496f751a3"", ""embedding"": null, ""metadata"": {""Category"": """", ""Year"": ""2009"", ""Month"": ""9"", ""Day"": ""21"", ""Crop"": ""Okra"", ""State"": ""MAHARASHTRA"", ""District"": ""AURANGABAD"", ""BlockName"": """", ""Sector"": ""AGRICULTURE"", ""Sector (A)"": ""AGRICULTURE"", ""Season"": ""JAYAD"", ""QueryType"": """", ""Agri Specialist"": ""Khaja Suhaib Khaja Azharuddin"", ""latitude"": """", ""longitude"": """", ""cluster"": ""-1"", ""num_questions_in_cluster"": """", ""Date"": ""11-8-2025"", ""Source [Name and Link]"": ""https://krishi.maharashtra.gov.in/ https://www.vnmkv.ac.in/ https://vikaspedia.in/agriculture"", ""SL No."": ""501""}, ""excluded_embed_metadata_keys"": [], ""excluded_llm_metadata_keys"": [], ""relationships"": {""1"": {""node_id"": ""33eaaaa407b98832ff97baa4"", ""node_type"": ""4"", ""metadata"": {""Category"": """", ""Year"": ""2009"", ""Month"": ""9"", ""Day"": ""21"", ""Crop"": ""Okra"", ""State"": ""MAHARASHTRA"", ""District"": ""AURANGABAD"", ""BlockName"": """", ""Sector"": ""AGRICULTURE"", ""Sector (A)"": ""AGRICULTURE"", ""Season"": ""JAYAD"", ""QueryType"": """", ""Agri Specialist"": ""Khaja Suhaib Khaja Azharuddin"", ""latitude"": """", ""longitude"": """", ""cluster"": ""-1"", ""num_questions_in_cluster"": """", ""Date"": ""11-8-2025"", ""Source [Name and Link]"": ""https://krishi.maharashtra.gov.in/ https://www.vnmkv.ac.in/ https://vikaspedia.in/agriculture"", ""SL No."": ""501""}, ""hash"": ""7991f862b4eaf671ab309c6c5da6d6553bca4d63cc2d1b78101789e98e6c7b5a"", ""class_name"": ""RelatedNodeInfo""}}, ""metadata_template"": ""{key}: {value}"", ""metadata_separator"": ""\n"", ""text"": """", ""mimetype"": ""text/plain"", ""start_char_idx"": 0, ""end_char_idx"": 1060, ""metadata_seperator"": ""\n"", ""text_template"": ""{metadata_str}\n\n{content}"", ""class_name"": ""TextNode""}",TextNode,33eaaaa407b98832ff97baa4,33eaaaa407b98832ff97baa4,33eaaaa407b98832ff97baa4,Maharashtra
d5bffc39-e61a-4c79-b475-1882a904107c,"Question: What is the Kisan Credit Card (KCC) scheme?

Answer: Farmers can access short-term crop loans and credit for allied agricultural activities through the central government's Kisan Credit Card (KCC) scheme, which provides loans up to ₹3 lakh at a interest rate of 7% per annum and loans up to ₹1.6 lakh under the KCC scheme are collateral-free, meaning the farmer does not need to mortgage their land or provide any other security to the bank.  Additionally the Government of Arunachal Pradesh has launched the Chief Minister’s Krishi Rinn Yojana, a state-level initiative providing an additional interest subvention of 4% reducing the effective interest rate to just 3% for eligible farmers. Moreover if the farmer repays the loan within one year an extra 3% rebate is given, it may be changes yearly. If you want to apply Kisan Credit card visit your nearest bank with land documents and ID proof.",all,2014,11,21,all,LOHIT,all,Agriculture,Agriculture,all,,Salim Sahaji,,,-1,,6-8-2025,https://sbi.bank.in/web/agri-rural/agriculture-banking/crop-loan/kisan-credit-card,274,"{""id_"": ""d5bffc39-e61a-4c79-b475-1882a904107c"", ""embedding"": null, ""metadata"": {""Category"": """", ""Year"": ""2014"", ""Month"": ""11"", ""Day"": ""21"", ""Crop"": ""GEN"", ""State"": ""ARUNACHAL PRADESH"", ""District"": ""LOHIT"", ""BlockName"": """", ""Sector"": ""AGRICULTURE"", ""Sector (A)"": ""AGRICULTURE"", ""Season"": """", ""QueryType"": """", ""Agri Specialist"": ""Salim Sahaji"", ""latitude"": """", ""longitude"": """", ""cluster"": ""-1"", ""num_questions_in_cluster"": """", ""Date"": ""6-8-2025"", ""Source [Name and Link]"": ""https://sbi.bank.in/web/agri-rural/agriculture-banking/crop-loan/kisan-credit-card"", ""SL No."": ""274""}, ""excluded_embed_metadata_keys"": [], ""excluded_llm_metadata_keys"": [], ""relationships"": {""1"": {""node_id"": ""5a6c1d3d3a722de878f57263"", ""node_type"": ""4"", ""metadata"": {""Category"": """", ""Year"": ""2014"", ""Month"": ""11"", ""Day"": ""21"", ""Crop"": ""GEN"", ""State"": ""ARUNACHAL PRADESH"", ""District"": ""LOHIT"", ""BlockName"": """", ""Sector"": ""AGRICULTURE"", ""Sector (A)"": ""AGRICULTURE"", ""Season"": """", ""QueryType"": """", ""Agri Specialist"": ""Salim Sahaji"", ""latitude"": """", ""longitude"": """", ""cluster"": ""-1"", ""num_questions_in_cluster"": """", ""Date"": ""6-8-2025"", ""Source [Name and Link]"": ""https://sbi.bank.in/web/agri-rural/agriculture-banking/crop-loan/kisan-credit-card"", ""SL No."": ""274""}, ""hash"": ""7a46df8191d4af5716b0ebfb240397cea6f9b53e36adb477e6157359d621e7d5"", ""class_name"": ""RelatedNodeInfo""}}, ""metadata_template"": ""{key}: {value}"", ""metadata_separator"": ""\n"", ""text"": """", ""mimetype"": ""text/plain"", ""start_char_idx"": 0, ""end_char_idx"": 907, ""metadata_seperator"": ""\n"", ""text_template"": ""{metadata_str}\n\n{content}"", ""class_name"": ""TextNode""}",TextNode,5a6c1d3d3a722de878f57263,5a6c1d3d3a722de878f57263,5a6c1d3d3a722de878f57263,Arunachal Pradesh
636d2cfb-a16e-4287-82d1-6cf14060f75f,"Question: How to control ear caterpillars in Wheat?

Answer: Wheat is a rabi crop in India it is sown from October to November and harvested in March-April, It is not summer season crop. The ear caterpillar attacks wheat ear head  it is highly destructive pest it eats developing grains when they are in their milky or soft dough stage resulting in hallowed grains and significant yield loss. When you find 1-2 larvae per meter crop row immediately spray Emamectin Benzoate  5%SG @80-100 g/acre (PHI-14days), or Lambda Cyhalothrin 5% EC @ 200 ml/acre (PHI-15days), or Chlorantraniliprole 18.5% SC @ 60ml/acre (PHI-25-30days). Always spray in the morning or evening to avoid evaporation and better results. Rotate Insecticides to prevent the development of resistance. Use appropriate safety gear such as a mask, gloves, goggles, full sleeve shirts, and boots.",all,2013,4,9,Wheat,Bathinda,all,Agriculture,Agriculture,Zaid,,Souvik Roy,,,-1,,,,1653,"{""id_"": ""636d2cfb-a16e-4287-82d1-6cf14060f75f"", ""embedding"": null, ""metadata"": {""Category"": """", ""Year"": ""2013"", ""Month"": ""4"", ""Day"": ""9"", ""Crop"": ""Wheat"", ""State"": ""PUNJAB"", ""District"": ""BHATINDA"", ""BlockName"": """", ""Sector"": ""AGRICULTURE"", ""Sector (A)"": ""AGRICULTURE"", ""Season"": ""JAYAD"", ""QueryType"": """", ""Agri Specialist"": ""Khaja Suhaib Khaja Azharuddin"", ""latitude"": """", ""longitude"": """", ""cluster"": ""-1"", ""num_questions_in_cluster"": """", ""Date"": """", ""Source [Name and Link]"": """", ""SL No."": ""1653""}, ""excluded_embed_metadata_keys"": [], ""excluded_llm_metadata_keys"": [], ""relationships"": {""1"": {""node_id"": ""8138d2f1106f47bb8a0c3bc5"", ""node_type"": ""4"", ""metadata"": {""Category"": """", ""Year"": ""2013"", ""Month"": ""4"", ""Day"": ""9"", ""Crop"": ""Wheat"", ""State"": ""PUNJAB"", ""District"": ""BHATINDA"", ""BlockName"": """", ""Sector"": ""AGRICULTURE"", ""Sector (A)"": ""AGRICULTURE"", ""Season"": ""JAYAD"", ""QueryType"": """", ""Agri Specialist"": ""Khaja Suhaib Khaja Azharuddin"", ""latitude"": """", ""longitude"": """", ""cluster"": ""-1"", ""num_questions_in_cluster"": """", ""Date"": """", ""Source [Name and Link]"": """", ""SL No."": ""1653""}, ""hash"": ""419e1bb32667ce533eb7db76fddd6b7679fe4d75b0d2817346158a1775a60efb"", ""class_name"": ""RelatedNodeInfo""}}, ""metadata_template"": ""{key}: {value}"", ""metadata_separator"": ""\n"", ""text"": """", ""mimetype"": ""text/plain"", ""start_char_idx"": 0, ""end_char_idx"": 859, ""metadata_seperator"": ""\n"", ""text_template"": ""{metadata_str}\n\n{content}"", ""class_name"": ""TextNode""}",TextNode,8138d2f1106f47bb8a0c3bc5,8138d2f1106f47bb8a0c3bc5,8138d2f1106f47bb8a0c3bc5,Punjab
0c8b3247-73b9-4a18-9340-151c623f0c85,"Question: Price details of Maize and Wheat in Chhindwara mandi

Answer: The most recent price information for Wheat and Maize in Chhindwara mandi is September 01,2025. The average Maize price in Chhindwara is ₹2200/Quintal. The lowest market price is ₹1750/Quintal. The costliest market price is ₹2272/Quintal. The average Wheat price in Chhindwara is ₹2700/Quintal. The lowest market price is ₹2625/Quintal. The costliest market price is ₹2700/Quintal.",Others,2020,2,19,all,Chhindwara,Bichhua,Agriculture,Agriculture,all,Market Information,Chaitanya Sameera Sandaka,22.2072,78.7988,995,59,2-9-2025,https://www.commodityonline.com/mandiprices/maize/madhya-pradesh/chhindwara https://www.commodityonline.com/mandiprices/wheat/madhya-pradesh/chhindwara,3885,"{""id_"": ""0c8b3247-73b9-4a18-9340-151c623f0c85"", ""embedding"": null, ""metadata"": {""Category"": ""Others"", ""Year"": ""2020"", ""Month"": ""2"", ""Day"": ""19"", ""Crop"": ""GEN"", ""State"": ""MADHYA PRADESH"", ""District"": ""CHHINDWARA"", ""BlockName"": ""BICHHUA"", ""Sector"": ""AGRICULTURE"", ""Sector (A)"": ""AGRICULTURE"", ""Season"": """", ""QueryType"": ""Market Information"", ""Agri Specialist"": ""Chaitanya Sameera Sandaka"", ""latitude"": ""22.2072"", ""longitude"": ""78.7988"", ""cluster"": ""995"", ""num_questions_in_cluster"": ""59"", ""Date"": ""2-9-2025"", ""Source [Name and Link]"": ""https://www.commodityonline.com/mandiprices/maize/madhya-pradesh/chhindwara https://www.commodityonline.com/mandiprices/wheat/madhya-pradesh/chhindwara"", ""SL No."": ""3885""}, ""excluded_embed_metadata_keys"": [], ""excluded_llm_metadata_keys"": [], ""relationships"": {""1"": {""node_id"": ""ca92eb1f61b3564013f9f2d8"", ""node_type"": ""4"", ""metadata"": {""Category"": ""Others"", ""Year"": ""2020"", ""Month"": ""2"", ""Day"": ""19"", ""Crop"": ""GEN"", ""State"": ""MADHYA PRADESH"", ""District"": ""CHHINDWARA"", ""BlockName"": ""BICHHUA"", ""Sector"": ""AGRICULTURE"", ""Sector (A)"": ""AGRICULTURE"", ""Season"": """", ""QueryType"": ""Market Information"", ""Agri Specialist"": ""Chaitanya Sameera Sandaka"", ""latitude"": ""22.2072"", ""longitude"": ""78.7988"", ""cluster"": ""995"", ""num_questions_in_cluster"": ""59"", ""Date"": ""2-9-2025"", ""Source [Name and Link]"": ""https://www.commodityonline.com/mandiprices/maize/madhya-pradesh/chhindwara https://www.commodityonline.com/mandiprices/wheat/madhya-pradesh/chhindwara"", ""SL No."": ""3885""}, ""hash"": ""d97e4c558cd5066039bbc7642e25d2d94ffb247bdf1cddf919373f52a79f7b1e"", ""class_name"": ""RelatedNodeInfo""}}, ""metadata_template"": ""{key}: {value}"", ""metadata_separator"": ""\n"", ""text"": """", ""mimetype"": ""text/plain"", ""start_char_idx"": 0, ""end_char_idx"": 453, ""metadata_seperator"": ""\n"", ""text_template"": ""{metadata_str}\n\n{content}"", ""class_name"": ""TextNode""}",TextNode,ca92eb1f61b3564013f9f2d8,ca92eb1f61b3564013f9f2d8,ca92eb1f61b3564013f9f2d8,Madhya Pradesh
9f311a97-595e-4295-97b3-afb02623478f,"Question: How to control Cotton boll cracking?

Answer: Boll cracking is seen in cotton may be due to pest attack such as pink bollworm, which bores larvae into cotton bolls, irregular watering, or due to nutrient imbalances. The damage can cause premature ball opening or cracking and expose fibre and seeds to pests, diseases, and adverse weather, leading to reduced yield and fibre quality. To control this, sowing should be done at the recommended time(April to mid-May), apply a balanced fertilizer dose based on soil test recommendations, irrigate at critical stages, especially during flowering and ball development stage, avoid waterlogging situations, use Bt cotton and resistant varieties against bollworm, and remove and destroy infected cotton crop residue to reduce bollworm population.",all,2012,11,8,Cotton,MANSA,all,Agriculture,Agriculture,Kharif,,Salim Sahaji,,,-1,,12-8-2025,https://www.pau.edu/content/ccil/pf/pp_kharif.pdf,1405,"{""id_"": ""9f311a97-595e-4295-97b3-afb02623478f"", ""embedding"": null, ""metadata"": {""Category"": """", ""Year"": ""2012"", ""Month"": ""11"", ""Day"": ""8"", ""Crop"": ""Cotton (Kapah)"", ""State"": ""PUNJAB"", ""District"": ""MANSA"", ""BlockName"": """", ""Sector"": ""AGRICULTURE"", ""Sector (A)"": ""AGRICULTURE"", ""Season"": ""Kharif"", ""QueryType"": """", ""Agri Specialist"": ""Salim Sahaji"", ""latitude"": """", ""longitude"": """", ""cluster"": ""-1"", ""num_questions_in_cluster"": """", ""Date"": ""12-8-2025"", ""Source [Name and Link]"": ""https://www.pau.edu/content/ccil/pf/pp_kharif.pdf"", ""SL No."": ""1405""}, ""excluded_embed_metadata_keys"": [], ""excluded_llm_metadata_keys"": [], ""relationships"": {""1"": {""node_id"": ""ded2ed72aa7398562e026bef"", ""node_type"": ""4"", ""metadata"": {""Category"": """", ""Year"": ""2012"", ""Month"": ""11"", ""Day"": ""8"", ""Crop"": ""Cotton (Kapah)"", ""State"": ""PUNJAB"", ""District"": ""MANSA"", ""BlockName"": """", ""Sector"": ""AGRICULTURE"", ""Sector (A)"": ""AGRICULTURE"", ""Season"": ""Kharif"", ""QueryType"": """", ""Agri Specialist"": ""Salim Sahaji"", ""latitude"": """", ""longitude"": """", ""cluster"": ""-1"", ""num_questions_in_cluster"": """", ""Date"": ""12-8-2025"", ""Source [Name and Link]"": ""https://www.pau.edu/content/ccil/pf/pp_kharif.pdf"", ""SL No."": ""1405""}, ""hash"": ""c169ef240e8718dd324e8af59ffd55386eb19d2109add0cf83afe385d59bc37b"", ""class_name"": ""RelatedNodeInfo""}}, ""metadata_template"": ""{key}: {value}"", ""metadata_separator"": ""\n"", ""text"": """", ""mimetype"": ""text/plain"", ""start_char_idx"": 0, ""end_char_idx"": 799, ""metadata_seperator"": ""\n"", ""text_template"": ""{metadata_str}\n\n{content}"", ""class_name"": ""TextNode""}",TextNode,ded2ed72aa7398562e026bef,ded2ed72aa7398562e026bef,ded2ed72aa7398562e026bef,Punjab
07e898a1-c0e8-467f-98ec-40033d5a0116,"Question: How can i do seed seed treatment in gram crop ?

Answer: No, chickpea (also known as gram) is not a major crop grown during the Zaid season in Madhya Pradesh. Chickpea is a major Rabi crop. The primary goal is to protect the seeds and young seedlings from key soil and seed-borne diseases such as wilt and dry root rot.  It helps protect the seedlings from early-stage insect pests. It promotes uniform germination and vigorous growth of seedlings. It facilitates better nutrient availability, particularly through bio-fertilizers. The recommended fungicides are Carbendazim (50% WP) at a dose of 2 grams per kg of seed or a combination of Carbendazim (1 g/kg of seed) + Thiram (2 g/kg of seed). The recommended bio-fertilizers are Rhizobium culture (for nitrogen fixation) and Phosphate Solubilizing Bacteria (PSB) or Phosphate Solubilizing Fungi (PSF) (for phosphorus availability). Use 100-200 grams of each culture per 10 kg of seed. Insecticide treatment protects the seedlings from pests like termites and cutworms during the early growth stage. Imidacloprid (70% WS) is a common systemic insecticide used for this purpose. The recommended dose is 3-5 grams per kg of seed. Apply the insecticide after the fungicide.",all,2009,10,2,Bengal Gram - Chick Pea,SAGAR,all,Agriculture,Agriculture,Zaid,29,Chaitanya Sameera Sandaka,23.8083,78.7583,40,9,25-8-2025,,3017,"{""id_"": ""07e898a1-c0e8-467f-98ec-40033d5a0116"", ""embedding"": null, ""metadata"": {""Category"": ""0"", ""Year"": ""2009"", ""Month"": ""10"", ""Day"": ""2"", ""Crop"": ""CHICKPEA"", ""State"": ""MADHYA PRADESH"", ""District"": ""SAGAR"", ""BlockName"": ""0"", ""Sector"": ""AGRICULTURE"", ""Sector (A)"": ""AGRICULTURE"", ""Season"": ""JAYAD"", ""QueryType"": ""29"", ""Agri Specialist"": ""Chaitanya Sameera Sandaka"", ""latitude"": ""23.8083"", ""longitude"": ""78.7583"", ""cluster"": ""40"", ""num_questions_in_cluster"": ""9"", ""Date"": ""25-8-2025"", ""Source [Name and Link]"": """", ""SL No."": ""3017""}, ""excluded_embed_metadata_keys"": [], ""excluded_llm_metadata_keys"": [], ""relationships"": {""1"": {""node_id"": ""f894f8bc37c83762d141a400"", ""node_type"": ""4"", ""metadata"": {""Category"": ""0"", ""Year"": ""2009"", ""Month"": ""10"", ""Day"": ""2"", ""Crop"": ""CHICKPEA"", ""State"": ""MADHYA PRADESH"", ""District"": ""SAGAR"", ""BlockName"": ""0"", ""Sector"": ""AGRICULTURE"", ""Sector (A)"": ""AGRICULTURE"", ""Season"": ""JAYAD"", ""QueryType"": ""29"", ""Agri Specialist"": ""Chaitanya Sameera Sandaka"", ""latitude"": ""23.8083"", ""longitude"": ""78.7583"", ""cluster"": ""40"", ""num_questions_in_cluster"": ""9"", ""Date"": ""25-8-2025"", ""Source [Name and Link]"": """", ""SL No."": ""3017""}, ""hash"": ""b2bc0a0715d9c6c553ae50bd319e2f41ab2210f03ed90de4220b9799a4cc35d8"", ""class_name"": ""RelatedNodeInfo""}}, ""metadata_template"": ""{key}: {value}"", ""metadata_separator"": ""\n"", ""text"": """", ""mimetype"": ""text/plain"", ""start_char_idx"": 0, ""end_char_idx"": 1232, ""metadata_seperator"": ""\n"", ""text_template"": ""{metadata_str}\n\n{content}"", ""class_name"": ""TextNode""}",TextNode,f894f8bc37c83762d141a400,f894f8bc37c83762d141a400,f894f8bc37c83762d141a400,Madhya Pradesh
a1a5900c-fd54-4935-b448-8f59f5b23be8,"Question: Information regarding the hisar kisan mela

Answer: Mainly kisan mela are organised by haryana Agriculture University which also known as Haryana Agriculture development fair and this kisan mela held in Two times like in March and in September approximately where they arrange different themes like last time they arrange a drone technology programe where they know about digital technologies as well as spraying of insecticides by drones, giving irrigation by drone etc. also there are some exhibitors stalls where farmers access advanced seeds, biofertilizers, farm machinery, soil and water testing facilities, goverment scheme etc. farmers can directly contact with scientists and in improve agriculture fields.",all,2011,3,9,all,Rewari,Bawal,Agriculture,Agriculture,Kharif,29,Tejas R. Dange,28.1956,76.6165,309,26,5-8-2025,"https://hau.ac.in/kisan-mela
https://kvk.icar.gov.in
https://agriharyana.gov.in/kisan-mela
https://www.hau.ac.in/events
https://farmer.gov.in/kisan-mela",427,"{""id_"": ""a1a5900c-fd54-4935-b448-8f59f5b23be8"", ""embedding"": null, ""metadata"": {""Category"": ""0"", ""Year"": ""2011"", ""Month"": ""3"", ""Day"": ""9"", ""Crop"": ""GEN"", ""State"": ""Haryana"", ""District"": ""Rewari"", ""BlockName"": ""Bawal"", ""Sector"": ""AGRICULTURE"", ""Sector (A)"": ""AGRICULTURE"", ""Season"": ""Kharif"", ""QueryType"": ""29"", ""Agri Specialist"": ""Tejas R. Dange"", ""latitude"": ""28.1956"", ""longitude"": ""76.6165"", ""cluster"": ""309"", ""num_questions_in_cluster"": ""26"", ""Date"": ""5-8-2025"", ""Source [Name and Link]"": ""https://hau.ac.in/kisan-mela\nhttps://kvk.icar.gov.in\nhttps://agriharyana.gov.in/kisan-mela\nhttps://www.hau.ac.in/events\nhttps://farmer.gov.in/kisan-mela"", ""SL No."": ""427""}, ""excluded_embed_metadata_keys"": [], ""excluded_llm_metadata_keys"": [], ""relationships"": {""1"": {""node_id"": ""fde5a10eb76dbc6063e4f437"", ""node_type"": ""4"", ""metadata"": {""Category"": ""0"", ""Year"": ""2011"", ""Month"": ""3"", ""Day"": ""9"", ""Crop"": ""GEN"", ""State"": ""Haryana"", ""District"": ""Rewari"", ""BlockName"": ""Bawal"", ""Sector"": ""AGRICULTURE"", ""Sector (A)"": ""AGRICULTURE"", ""Season"": ""Kharif"", ""QueryType"": ""29"", ""Agri Specialist"": ""Tejas R. Dange"", ""latitude"": ""28.1956"", ""longitude"": ""76.6165"", ""cluster"": ""309"", ""num_questions_in_cluster"": ""26"", ""Date"": ""5-8-2025"", ""Source [Name and Link]"": ""https://hau.ac.in/kisan-mela\nhttps://kvk.icar.gov.in\nhttps://agriharyana.gov.in/kisan-mela\nhttps://www.hau.ac.in/events\nhttps://farmer.gov.in/kisan-mela"", ""SL No."": ""427""}, ""hash"": ""dfe5540d7e207a0e18a2ae667a84721a4b2668c9e4abcbf5d157e4b2993766e5"", ""class_name"": ""RelatedNodeInfo""}}, ""metadata_template"": ""{key}: {value}"", ""metadata_separator"": ""\n"", ""text"": """", ""mimetype"": ""text/plain"", ""start_char_idx"": 0, ""end_char_idx"": 725, ""metadata_seperator"": ""\n"", ""text_template"": ""{metadata_str}\n\n{content}"", ""class_name"": ""TextNode""}",TextNode,fde5a10eb76dbc6063e4f437,fde5a10eb76dbc6063e4f437,fde5a10eb76dbc6063e4f437,Haryana
f8078c66-dae8-4f9a-b6d6-86406c07282f,"Question: How can I control White grub in Paddy crop?

Answer: White grubs are the larval stage of scarab beetles and are serious soil-dwelling pests of paddy. They feed on the roots of rice plants,causing reduced nutrient uptake, stunted growth, yellowing, and even plant death. Effective management requires an Integrated Pest Management approach combining cultural, biological, and chemical methods. Chemical control is most effective when targeted at the early larval stages,coinciding with pre-monsoon rains or soon after transplanting. Imidacloprid 17.8%WS is recommended at a dose of 10 -15 gm/kg seed. Chlorantraniliprole 18.5%SC is  effective option applied at 60-80 ml/acre as a soil drench. It provides long residual control and is generally safer for beneficial insects. Thiamethoxam 25%WG can be used at 80-100 grams/acre applied as a soil drench during peak adult activity. For a bio-rational approach, a combination of Metarhizium anisopliae fungus (2.5 kg) with a reduced rate of Imidacloprid (8 ml) mixed with FYM and broadcast per acre is highly effective. Always ensure the field has adequate soil moisture at the time of application for the insecticide to reach the root zone. Apply all chemicals during the evening hours to minimize degradation and target the pest when it is most active. Cultural controls like deep summer plowing to expose grubs and setting up light traps to catch adult beetles are crucial. Biological control using entomopathogenic fungi like Beauveria bassiana or nematodes provides sustainable management. Regular monitoring is essential; a threshold of 5-6 grubs/square meter is considered economically damaging.",Others,2017,11,26,Paddy,TIKAMGARH,Baldeogarh,Agriculture,Agriculture,Kharif,Weather,Tejas R. Dange,24.8552,79.0473,712,29,,"https://www.academia.edu/35806126/Combined_efficacy_of_entomopathogenes_and_insecticides_against_white_grub_Leucopholis_lepidophora_Blanchard_infesting_sugarcane https://extension.entm.purdue.edu/publications/E-271/E-271.html https://hort.extension.wisc.edu/articles/grub-control-home-lawn/
https://www.turffiles.ncsu.edu/insects/white-grubs-in-turf/",3656,"{""id_"": ""f8078c66-dae8-4f9a-b6d6-86406c07282f"", ""embedding"": null, ""metadata"": {""Category"": ""Others"", ""Year"": ""2017"", ""Month"": ""11"", ""Day"": ""26"", ""Crop"": ""Paddy"", ""State"": ""MADHYA PRADESH"", ""District"": ""TIKAMGARH"", ""BlockName"": ""BALDEOGARH"", ""Sector"": ""AGRICULTURE"", ""Sector (A)"": ""AGRICULTURE"", ""Season"": ""kharif"", ""QueryType"": ""Weather"", ""Agri Specialist"": ""Tejas R. Dange"", ""latitude"": ""24.8552"", ""longitude"": ""79.0473"", ""cluster"": ""712"", ""num_questions_in_cluster"": ""29"", ""Date"": """", ""Source [Name and Link]"": ""https://www.academia.edu/35806126/Combined_efficacy_of_entomopathogenes_and_insecticides_against_white_grub_Leucopholis_lepidophora_Blanchard_infesting_sugarcane https://extension.entm.purdue.edu/publications/E-271/E-271.html https://hort.extension.wisc.edu/articles/grub-control-home-lawn/\nhttps://www.turffiles.ncsu.edu/insects/white-grubs-in-turf/"", ""SL No."": ""3656""}, ""excluded_embed_metadata_keys"": [], ""excluded_llm_metadata_keys"": [], ""relationships"": {""1"": {""node_id"": ""1448abad34ba07cb08251d7b"", ""node_type"": ""4"", ""metadata"": {""Category"": ""Others"", ""Year"": ""2017"", ""Month"": ""11"", ""Day"": ""26"", ""Crop"": ""Paddy"", ""State"": ""MADHYA PRADESH"", ""District"": ""TIKAMGARH"", ""BlockName"": ""BALDEOGARH"", ""Sector"": ""AGRICULTURE"", ""Sector (A)"": ""AGRICULTURE"", ""Season"": ""kharif"", ""QueryType"": ""Weather"", ""Agri Specialist"": ""Tejas R. Dange"", ""latitude"": ""24.8552"", ""longitude"": ""79.0473"", ""cluster"": ""712"", ""num_questions_in_cluster"": ""29"", ""Date"": """", ""Source [Name and Link]"": ""https://www.academia.edu/35806126/Combined_efficacy_of_entomopathogenes_and_insecticides_against_white_grub_Leucopholis_lepidophora_Blanchard_infesting_sugarcane https://extension.entm.purdue.edu/publications/E-271/E-271.html https://hort.extension.wisc.edu/articles/grub-control-home-lawn/\nhttps://www.turffiles.ncsu.edu/insects/white-grubs-in-turf/"", ""SL No."": ""3656""}, ""hash"": ""7e3b24292718ea67d2fbf57f9b7ac1bcdb480ad85229113e082a14462f65100f"", ""class_name"": ""RelatedNodeInfo""}}, ""metadata_template"": ""{key}: {value}"", ""metadata_separator"": ""\n"", ""text"": """", ""mimetype"": ""text/plain"", ""start_char_idx"": 0, ""end_char_idx"": 1657, ""metadata_seperator"": ""\n"", ""text_template"": ""{metadata_str}\n\n{content}"", ""class_name"": ""TextNode""}",TextNode,1448abad34ba07cb08251d7b,1448abad34ba07cb08251d7b,1448abad34ba07cb08251d7b,Madhya Pradesh
dfbec019-9a31-4825-a4af-458d85351475,"Question: How can I control zinc deficiency in paddy crop?

Answer: The symptoms of zinc deficiency appear in paddy at 2-3 weeks after transplanting. The lower leaves become rusty brown near the base and ultimately dry up, yellow or white spot appear on older leaves,  while seedlings with zinc deficiency remain stunted and tillerless. To control this, apply 25 kg of zinc sulphate heptahydrate or 16 kg zinc sulphate monohydrate per acre to the soil at the time of last puddling before transplanting rice. In highly deteriorated soils, the symptoms of zinc deficiency sometimes appear in patches even after the application of the recommended dose of zinc sulphate. In that case, broadcast 10 kg of zinc sulphate heptahydrate or 6.5 kg zinc sulphate monohydrate per acre mixed with an equal quantity of dry soils on the affected patches. If deficiency symptoms appear during crop growth stage, foliar spray of 0.5% zinc sulphate solution(1 kg zinc sulphate heptahydrate per acre mixed with 500 gram unslaked lime in 100 litres of water) at weekly interval can help to correct the problem.",all,2015,8,7,Paddy,MOGA,all,Agriculture,Agriculture,Kharif,,Salim Sahaji,,,-1,,,,2267,"{""id_"": ""dfbec019-9a31-4825-a4af-458d85351475"", ""embedding"": null, ""metadata"": {""Category"": """", ""Year"": ""2015"", ""Month"": ""8"", ""Day"": ""7"", ""Crop"": ""Paddy Dhan"", ""State"": ""PUNJAB"", ""District"": ""MOGA"", ""BlockName"": """", ""Sector"": ""AGRICULTURE"", ""Sector (A)"": ""AGRICULTURE"", ""Season"": ""KHARIF"", ""QueryType"": """", ""Agri Specialist"": ""Salim Sahaji"", ""latitude"": """", ""longitude"": """", ""cluster"": ""-1"", ""num_questions_in_cluster"": """", ""Date"": """", ""Source [Name and Link]"": """", ""SL No."": ""2267""}, ""excluded_embed_metadata_keys"": [], ""excluded_llm_metadata_keys"": [], ""relationships"": {""1"": {""node_id"": ""ba166cb3918bd08129c4dddd"", ""node_type"": ""4"", ""metadata"": {""Category"": """", ""Year"": ""2015"", ""Month"": ""8"", ""Day"": ""7"", ""Crop"": ""Paddy Dhan"", ""State"": ""PUNJAB"", ""District"": ""MOGA"", ""BlockName"": """", ""Sector"": ""AGRICULTURE"", ""Sector (A)"": ""AGRICULTURE"", ""Season"": ""KHARIF"", ""QueryType"": """", ""Agri Specialist"": ""Salim Sahaji"", ""latitude"": """", ""longitude"": """", ""cluster"": ""-1"", ""num_questions_in_cluster"": """", ""Date"": """", ""Source [Name and Link]"": """", ""SL No."": ""2267""}, ""hash"": ""ecc64655e47e85865fb027bd03c5a6f6dc45dda202c149060c3ba4f91eaaf651"", ""class_name"": ""RelatedNodeInfo""}}, ""metadata_template"": ""{key}: {value}"", ""metadata_separator"": ""\n"", ""text"": """", ""mimetype"": ""text/plain"", ""start_char_idx"": 0, ""end_char_idx"": 1089, ""metadata_seperator"": ""\n"", ""text_template"": ""{metadata_str}\n\n{content}"", ""class_name"": ""TextNode""}",TextNode,ba166cb3918bd08129c4dddd,ba166cb3918bd08129c4dddd,ba166cb3918bd08129c4dddd,Punjab
c4e68b0d-c2fb-4d91-bb6b-82f837362357,"Question: give an information about SRI technology in Rice?

Answer: The System of Rice Intensification (SRI) is an innovative method of rice cultivation that helps improve productivity while using less water, seed, and fertilizer. In this method, very young seedlings (12-14days old) are transplanted with wider spacing of 25 × 20 cm, which promotes stronger plant and root growth. Irrigation is managed by alternate wetting and drying instead of continuous flooding, which saves about 30–40% water. Using a cono weeder regularly helps in controlling weeds and improving soil aeration and microbial activity. The use of organic manures like farmyard manure and compost instead of chemical fertilizers makes the method more environmentally friendly. Under proper management, SRI can increase yields to about 2.5–3.2 tonnes per acre, compared to 1.6–2 tonnes per acre in conventional methods, with better grain quality and lower pest incidence.",all,2009,4,2,Paddy,SALEM,all,Agriculture,Agriculture,Kharif,,Ponugoti Kavya,,,-1,,6-8-2025,"Sources:
http://www.tatatrusts.org/our-work/livelihood/agriculture-practices/system-rice-intensification-initiative 
https://www.wassan.org/wp-content/uploads/2022/12/SRI_Book_Final_Version.pdf",2666,"{""id_"": ""c4e68b0d-c2fb-4d91-bb6b-82f837362357"", ""embedding"": null, ""metadata"": {""Category"": """", ""Year"": ""2009"", ""Month"": ""4"", ""Day"": ""2"", ""Crop"": ""Paddy"", ""State"": ""TAMILNADU"", ""District"": ""SALEM"", ""BlockName"": """", ""Sector"": ""AGRICULTURE"", ""Sector (A)"": ""AGRICULTURE"", ""Season"": ""KHARIF"", ""QueryType"": """", ""Agri Specialist"": ""Ponugoti Kavya"", ""latitude"": """", ""longitude"": """", ""cluster"": ""-1"", ""num_questions_in_cluster"": """", ""Date"": ""6-8-2025"", ""Source [Name and Link]"": ""Sources:\nhttp://www.tatatrusts.org/our-work/livelihood/agriculture-practices/system-rice-intensification-initiative \nhttps://www.wassan.org/wp-content/uploads/2022/12/SRI_Book_Final_Version.pdf"", ""SL No."": ""2666""}, ""excluded_embed_metadata_keys"": [], ""excluded_llm_metadata_keys"": [], ""relationships"": {""1"": {""node_id"": ""de3ec8585b892e5f4d776b17"", ""node_type"": ""4"", ""metadata"": {""Category"": """", ""Year"": ""2009"", ""Month"": ""4"", ""Day"": ""2"", ""Crop"": ""Paddy"", ""State"": ""TAMILNADU"", ""District"": ""SALEM"", ""BlockName"": """", ""Sector"": ""AGRICULTURE"", ""Sector (A)"": ""AGRICULTURE"", ""Season"": ""KHARIF"", ""QueryType"": """", ""Agri Specialist"": ""Ponugoti Kavya"", ""latitude"": """", ""longitude"": """", ""cluster"": ""-1"", ""num_questions_in_cluster"": """", ""Date"": ""6-8-2025"", ""Source [Name and Link]"": ""Sources:\nhttp://www.tatatrusts.org/our-work/livelihood/agriculture-practices/system-rice-intensification-initiative \nhttps://www.wassan.org/wp-content/uploads/2022/12/SRI_Book_Final_Version.pdf"", ""SL No."": ""2666""}, ""hash"": ""5f0a5f026d79725619087a5316722772886cf56e590142b99956704c2dfd7f4e"", ""class_name"": ""RelatedNodeInfo""}}, ""metadata_template"": ""{key}: {value}"", ""metadata_separator"": ""\n"", ""text"": """", ""mimetype"": ""text/plain"", ""start_char_idx"": 0, ""end_char_idx"": 943, ""metadata_seperator"": ""\n"", ""text_template"": ""{metadata_str}\n\n{content}"", ""class_name"": ""TextNode""}",TextNode,de3ec8585b892e5f4d776b17,de3ec8585b892e5f4d776b17,de3ec8585b892e5f4d776b17,Tamil Nadu
70c8503f-eae9-4565-b2c9-9fd5d9465f83,"Question: What is the nursery sowing time of paddy in Faridabad?

Answer: The correct nursery sowing time for Kharif paddy depends on the specific variety you plant. For high-yielding non-Basmati (Parmal) types like PR 126 or PR 131, the ideal window for nursery sowing is from mid-May to the first week of June. For premium Basmati varieties like the world-famous Pusa Basmati 1121 or the early-maturing Pusa Basmati 1509, you must sow the nursery later, from the first week to the third week of June. This later sowing for Basmati is critical because it allows the crop to flower in cooler weather, which is the secret to getting its famous long grain and strong aroma that fetches the highest market price.",all,2010,5,31,Paddy,Faridabad,all,Agriculture,Agriculture,Kharif,12,Rounaq Ansari,28.4031,77.3106,1424,21,4-8-2025,"Paddy Nursery Sowing Timehttps://dpd.gov.in/iii)%20Mungbean%20varieties.pdf
https://dpd.gov.in/3.%20Mungbean%20varieties.pdf
https://www.pau.edu/content/ccil/pf/pp_veg.pdf
https://www.icar-crida.res.in/CP/Haryana/CCSHAU,%20Hisar/HAR1-Hisar-30-06-2011.",591,"{""id_"": ""70c8503f-eae9-4565-b2c9-9fd5d9465f83"", ""embedding"": null, ""metadata"": {""Category"": ""0"", ""Year"": ""2010"", ""Month"": ""5"", ""Day"": ""31"", ""Crop"": ""paddy"", ""State"": ""Haryana"", ""District"": ""Faridabad"", ""BlockName"": """", ""Sector"": ""AGRICULTURE"", ""Sector (A)"": ""AGRICULTURE"", ""Season"": ""Kharif"", ""QueryType"": ""12"", ""Agri Specialist"": ""Rounaq Ansari"", ""latitude"": ""28.4031"", ""longitude"": ""77.3106"", ""cluster"": ""1424"", ""num_questions_in_cluster"": ""21"", ""Date"": ""4-8-2025"", ""Source [Name and Link]"": ""Paddy Nursery Sowing Timehttps://dpd.gov.in/iii)%20Mungbean%20varieties.pdf\nhttps://dpd.gov.in/3.%20Mungbean%20varieties.pdf\nhttps://www.pau.edu/content/ccil/pf/pp_veg.pdf\nhttps://www.icar-crida.res.in/CP/Haryana/CCSHAU,%20Hisar/HAR1-Hisar-30-06-2011."", ""SL No."": ""591""}, ""excluded_embed_metadata_keys"": [], ""excluded_llm_metadata_keys"": [], ""relationships"": {""1"": {""node_id"": ""93f3a8eed657d8910e107828"", ""node_type"": ""4"", ""metadata"": {""Category"": ""0"", ""Year"": ""2010"", ""Month"": ""5"", ""Day"": ""31"", ""Crop"": ""paddy"", ""State"": ""Haryana"", ""District"": ""Faridabad"", ""BlockName"": """", ""Sector"": ""AGRICULTURE"", ""Sector (A)"": ""AGRICULTURE"", ""Season"": ""Kharif"", ""QueryType"": ""12"", ""Agri Specialist"": ""Rounaq Ansari"", ""latitude"": ""28.4031"", ""longitude"": ""77.3106"", ""cluster"": ""1424"", ""num_questions_in_cluster"": ""21"", ""Date"": ""4-8-2025"", ""Source [Name and Link]"": ""Paddy Nursery Sowing Timehttps://dpd.gov.in/iii)%20Mungbean%20varieties.pdf\nhttps://dpd.gov.in/3.%20Mungbean%20varieties.pdf\nhttps://www.pau.edu/content/ccil/pf/pp_veg.pdf\nhttps://www.icar-crida.res.in/CP/Haryana/CCSHAU,%20Hisar/HAR1-Hisar-30-06-2011."", ""SL No."": ""591""}, ""hash"": ""b2b5a1baf754b8b343b77ed39cfd061359f481b28d6f0a2064555c179fec5925"", ""class_name"": ""RelatedNodeInfo""}}, ""metadata_template"": ""{key}: {value}"", ""metadata_separator"": ""\n"", ""text"": """", ""mimetype"": ""text/plain"", ""start_char_idx"": 0, ""end_char_idx"": 709, ""metadata_seperator"": ""\n"", ""text_template"": ""{metadata_str}\n\n{content}"", ""class_name"": ""TextNode""}",TextNode,93f3a8eed657d8910e107828,93f3a8eed657d8910e107828,93f3a8eed657d8910e107828,Haryana
5d528488-5894-4eb0-9549-d2fd4c97c776,"Question: How to control basal rot in Onion?

Answer: Basal rot infected Onions show yellowing and dieback of the leaf tips at the early disease stage, which then progresses downwards. Below the soil, the roots rot, and the basal portion of the bulb becomes soft and watery. A whitish or pinkish fungal growth may be visible on the scales and roots of the bulb and the rot often continues to develop in storage, turning the bulbs into a soft, mushy mass. To control basal rot, an integrated approach combining cultural, biological and chemical measures is recommended. Practice crop rotation with non-host crops like cereals, avoid planting onions, garlic, or other Allium crops in the same field year after year, use disease-free planting material, remove and destroy infected plant debris to reduce the spread of the fungus, and ensure proper drainage to prevent waterlogging. Treat onion seeds with Carbendazim 50 WP at 2 grams per kg of seed or Thiram 75 WS at 2-3 grams per kg of seed. Drench soil around root zone with Carbendazim 50% WP @ 1 gram per litre of water at the appearance of early symptoms. If the symptoms persist, apply foliar spray of Carbendazim 12% + Mancozeb 63% WP @ 2.5 gram per litre of water, followed by second spray at 45 days using Tebuconazole 25% EC @ 1 gram per litre of water. Always rotate fungicide to prevent resistance and apply at 15 days interval for effective control. If you want to use biological option, treat seed with Trichoderma viride @ 6-10 gram per kg of seed before sowing, and apply Trichoderma viride 2.5 kg per acre in soil along with FYM before planting. In standing plants, you can drench soil with Trichoderma powder @ 10 g/litre of water near the stem region. For better control, dip the roots of the onion seedlings in a suspension of 10 grams of Trichoderma powder mixed with 100 grams of well-rotted FYM per litre of water for about 10 minutes.",all,2010,4,7,Onion,Dewas,all,Horticulture,Horticulture,"Rabi, Zaid",75,Salim Sahaji,22.8057,76.294,243,8,26-8-2025,"https://www.thepharmajournal.com/archives/2022/vol11issue8S/PartS/S-11-8-192-453.pdf https://www.researchgate.net/publication/281024275_Management_of_major_diseases_and_insect_pests_of_onion_and_garlic_A_comprehensive_review https://agritech.tnau.ac.in/crop_protection/onion_diseases_1.html#:~:text=The%20affected%20plant%20shows%20drying,Yellow%20Leaves",3145,"{""id_"": ""5d528488-5894-4eb0-9549-d2fd4c97c776"", ""embedding"": null, ""metadata"": {""Category"": ""0"", ""Year"": ""2010"", ""Month"": ""4"", ""Day"": ""7"", ""Crop"": ""Onion"", ""State"": ""MADHYA PRADESH"", ""District"": ""DEWAS"", ""BlockName"": ""0"", ""Sector"": ""HORTICULTURE"", ""Sector (A)"": ""HORTICULTURE"", ""Season"": ""RABI/JAYAD"", ""QueryType"": ""75"", ""Agri Specialist"": ""Salim Sahaji"", ""latitude"": ""22.8057"", ""longitude"": ""76.294"", ""cluster"": ""243"", ""num_questions_in_cluster"": ""8"", ""Date"": ""26-8-2025"", ""Source [Name and Link]"": ""https://www.thepharmajournal.com/archives/2022/vol11issue8S/PartS/S-11-8-192-453.pdf https://www.researchgate.net/publication/281024275_Management_of_major_diseases_and_insect_pests_of_onion_and_garlic_A_comprehensive_review https://agritech.tnau.ac.in/crop_protection/onion_diseases_1.html#:~:text=The%20affected%20plant%20shows%20drying,Yellow%20Leaves"", ""SL No."": ""3145""}, ""excluded_embed_metadata_keys"": [], ""excluded_llm_metadata_keys"": [], ""relationships"": {""1"": {""node_id"": ""d312a3495f4a3af013181e7a"", ""node_type"": ""4"", ""metadata"": {""Category"": ""0"", ""Year"": ""2010"", ""Month"": ""4"", ""Day"": ""7"", ""Crop"": ""Onion"", ""State"": ""MADHYA PRADESH"", ""District"": ""DEWAS"", ""BlockName"": ""0"", ""Sector"": ""HORTICULTURE"", ""Sector (A)"": ""HORTICULTURE"", ""Season"": ""RABI/JAYAD"", ""QueryType"": ""75"", ""Agri Specialist"": ""Salim Sahaji"", ""latitude"": ""22.8057"", ""longitude"": ""76.294"", ""cluster"": ""243"", ""num_questions_in_cluster"": ""8"", ""Date"": ""26-8-2025"", ""Source [Name and Link]"": ""https://www.thepharmajournal.com/archives/2022/vol11issue8S/PartS/S-11-8-192-453.pdf https://www.researchgate.net/publication/281024275_Management_of_major_diseases_and_insect_pests_of_onion_and_garlic_A_comprehensive_review https://agritech.tnau.ac.in/crop_protection/onion_diseases_1.html#:~:text=The%20affected%20plant%20shows%20drying,Yellow%20Leaves"", ""SL No."": ""3145""}, ""hash"": ""732067eb0e273b622b3ed08c9ee12481fde6fcd0b96aa9b8a0491a8ac5b26f8f"", ""class_name"": ""RelatedNodeInfo""}}, ""metadata_template"": ""{key}: {value}"", ""metadata_separator"": ""\n"", ""text"": """", ""mimetype"": ""text/plain"", ""start_char_idx"": 0, ""end_char_idx"": 1906, ""metadata_seperator"": ""\n"", ""text_template"": ""{metadata_str}\n\n{content}"", ""class_name"": ""TextNode""}",TextNode,d312a3495f4a3af013181e7a,d312a3495f4a3af013181e7a,d312a3495f4a3af013181e7a,Madhya Pradesh
63e7d526-6460-4107-bc63-c640df9cd23b,"Question: How should I treat Poplar cuttings before planting in Sangrur, Punjab?

Answer: The treatment of poplar cuttings is a crucial step in ensuring successful establishment and growth of the trees, especially in a region like Sangrur, Punjab, which is a major area for poplar agroforestry. Proper treatment helps prevent diseases and pests and promotes healthy root development. Rooting Hormones (Plant Growth Regulators) stimulate the development of a strong and healthy root system. IBA is a widely used and highly effective rooting hormone. To make your own solution, dissolve 10 mg of pure IBA powder in a small amount of  ethanol and then add water to make a final volume of 100 ml. Dip the basal (bottom) 2-3 cm of each cutting into the hormone solution just before planting. Fungicide treatment protect the cuttings from soil-borne fungal diseases that can cause rot and kill the young plant. The recommended dose for the fungicide Emisan 6 is 200 grams per 100 liters of water, while the insecticide Chlorpyrifos should be used at a dose of 250 ml per 100 liters of water. The cuttings should be submerged in this mixture for about 15-20 minutes. After this dip, and just before planting, the basal (bottom) end of each cutting should be treated with a rooting hormone to stimulate root development. This two-step process of chemical protection and hormone-induced rooting significantly increases the survival rate and ensures the healthy initial growth of the poplar trees.",all,2018,11,24,Poplar,SANGRUR,all,Agriculture,Agriculture,all,,Chaitanya Sameera Sandaka,,,-1,,,,2524,"{""id_"": ""63e7d526-6460-4107-bc63-c640df9cd23b"", ""embedding"": null, ""metadata"": {""Category"": """", ""Year"": ""2018"", ""Month"": ""11"", ""Day"": ""24"", ""Crop"": ""Popular"", ""State"": ""PUNJAB"", ""District"": ""SANGRUR"", ""BlockName"": """", ""Sector"": ""AGRICULTURE"", ""Sector (A)"": ""AGRICULTURE"", ""Season"": ""0"", ""QueryType"": """", ""Agri Specialist"": ""Chaitanya Sameera Sandaka"", ""latitude"": """", ""longitude"": """", ""cluster"": ""-1"", ""num_questions_in_cluster"": """", ""Date"": """", ""Source [Name and Link]"": """", ""SL No."": ""2524""}, ""excluded_embed_metadata_keys"": [], ""excluded_llm_metadata_keys"": [], ""relationships"": {""1"": {""node_id"": ""bbb3c019b47e7141d8a89555"", ""node_type"": ""4"", ""metadata"": {""Category"": """", ""Year"": ""2018"", ""Month"": ""11"", ""Day"": ""24"", ""Crop"": ""Popular"", ""State"": ""PUNJAB"", ""District"": ""SANGRUR"", ""BlockName"": """", ""Sector"": ""AGRICULTURE"", ""Sector (A)"": ""AGRICULTURE"", ""Season"": ""0"", ""QueryType"": """", ""Agri Specialist"": ""Chaitanya Sameera Sandaka"", ""latitude"": """", ""longitude"": """", ""cluster"": ""-1"", ""num_questions_in_cluster"": """", ""Date"": """", ""Source [Name and Link]"": """", ""SL No."": ""2524""}, ""hash"": ""e0c0994ab013d1f09f351b5dc9562d4ac82db6f310c0496c4fa2b6e7f8d74207"", ""class_name"": ""RelatedNodeInfo""}}, ""metadata_template"": ""{key}: {value}"", ""metadata_separator"": ""\n"", ""text"": """", ""mimetype"": ""text/plain"", ""start_char_idx"": 0, ""end_char_idx"": 1487, ""metadata_seperator"": ""\n"", ""text_template"": ""{metadata_str}\n\n{content}"", ""class_name"": ""TextNode""}",TextNode,bbb3c019b47e7141d8a89555,bbb3c019b47e7141d8a89555,bbb3c019b47e7141d8a89555,Punjab
f30c56a9-0c88-4ea0-975c-bc3b05911489,"Question: What is the seed treatment for Termites in Wheat?

Answer: Termites in Wheat attack roots and stems from below the soil, causing wilting and plant death in patches, especially in dry conditions. To control termites in wheat do seed treatment using 10 ml Thiamethoxam 30 FS or 1.2 ml Imidacloprid 600 FS as per kg of seed.",all,2009,11,19,Wheat,Kaithal,Pundri,Agriculture,Agriculture,Kharif,18,Anjali Chauhan,29.7997,76.399,978,6,5-8-2025,https://www.ppqs.gov.in/sites/default/files/1._mup_insecticide_03.04.2025.pdf,576,"{""id_"": ""f30c56a9-0c88-4ea0-975c-bc3b05911489"", ""embedding"": null, ""metadata"": {""Category"": ""0"", ""Year"": ""2009"", ""Month"": ""11"", ""Day"": ""19"", ""Crop"": ""Wheat"", ""State"": ""Haryana"", ""District"": ""Kaithal"", ""BlockName"": ""Pundri"", ""Sector"": ""AGRICULTURE"", ""Sector (A)"": ""AGRICULTURE"", ""Season"": ""Kharif"", ""QueryType"": ""18"", ""Agri Specialist"": ""Anjali Chauhan"", ""latitude"": ""29.7997"", ""longitude"": ""76.399"", ""cluster"": ""978"", ""num_questions_in_cluster"": ""6"", ""Date"": ""5-8-2025"", ""Source [Name and Link]"": ""https://www.ppqs.gov.in/sites/default/files/1._mup_insecticide_03.04.2025.pdf"", ""SL No."": ""576""}, ""excluded_embed_metadata_keys"": [], ""excluded_llm_metadata_keys"": [], ""relationships"": {""1"": {""node_id"": ""7b3a1de8068bfd27dd2e4f63"", ""node_type"": ""4"", ""metadata"": {""Category"": ""0"", ""Year"": ""2009"", ""Month"": ""11"", ""Day"": ""19"", ""Crop"": ""Wheat"", ""State"": ""Haryana"", ""District"": ""Kaithal"", ""BlockName"": ""Pundri"", ""Sector"": ""AGRICULTURE"", ""Sector (A)"": ""AGRICULTURE"", ""Season"": ""Kharif"", ""QueryType"": ""18"", ""Agri Specialist"": ""Anjali Chauhan"", ""latitude"": ""29.7997"", ""longitude"": ""76.399"", ""cluster"": ""978"", ""num_questions_in_cluster"": ""6"", ""Date"": ""5-8-2025"", ""Source [Name and Link]"": ""https://www.ppqs.gov.in/sites/default/files/1._mup_insecticide_03.04.2025.pdf"", ""SL No."": ""576""}, ""hash"": ""d3f14f93bff03589f18794f5b8533388dee25c35a37714353077308ec0a2c12d"", ""class_name"": ""RelatedNodeInfo""}}, ""metadata_template"": ""{key}: {value}"", ""metadata_separator"": ""\n"", ""text"": """", ""mimetype"": ""text/plain"", ""start_char_idx"": 0, ""end_char_idx"": 331, ""metadata_seperator"": ""\n"", ""text_template"": ""{metadata_str}\n\n{content}"", ""class_name"": ""TextNode""}",TextNode,7b3a1de8068bfd27dd2e4f63,7b3a1de8068bfd27dd2e4f63,7b3a1de8068bfd27dd2e4f63,Haryana
5fbb57e9-890c-4860-9bd3-3b586acbda8d,"Question: How to CONTROL leaf-eating caterpillar ON Citrus?

Answer: Leaf Eating Caterpillar (LEC) is a common pest that affects orange orchards by feeding on young leaves, buds, and shoots, leading to defoliation and reduced fruit yield. To control LEC, cultural practices like pruning and destroying infected plant parts can help reduce the pest population. In biological control, release Trichogramma chilonis (egg parasitoids) at 50,000–100,000 per acre at weekly intervals during the egg-laying period. Spray Bacillus thuringiensis (Bt) at 400–500 g per acre (or 1–2 g per liter) during early larval stages In severe cases, chemical control can be adopted using Spinosad 45 SC at 1 ml/liter with waiting period 5 days, Emamectin Benzoate 5 SG at 0.5 grams/liter with waiting period 7 days, or Chlorantraniliprole 18.5 SC at 0.3 ml/liter with waiting period 10 days. Spraying should be done during early morning or late evening to minimize harm to beneficial insects and ensure better pest control.",all,2009,9,26,Citrus,Amravati,all,Horticulture,Horticulture,Zaid,,Ponugoti Kavya,,,-1,,4-8-2025,https://pmhe.in/index.php/pmhe/article/view/215?utm,416,"{""id_"": ""5fbb57e9-890c-4860-9bd3-3b586acbda8d"", ""embedding"": null, ""metadata"": {""Category"": """", ""Year"": ""2009"", ""Month"": ""9"", ""Day"": ""26"", ""Crop"": ""citrus"", ""State"": ""MAHARASHTRA"", ""District"": ""AMRAVATI"", ""BlockName"": """", ""Sector"": ""HORTICULTURE"", ""Sector (A)"": ""HORTICULTURE"", ""Season"": ""JAYAD"", ""QueryType"": """", ""Agri Specialist"": ""Ponugoti Kavya"", ""latitude"": """", ""longitude"": """", ""cluster"": ""-1"", ""num_questions_in_cluster"": """", ""Date"": ""4-8-2025"", ""Source [Name and Link]"": ""https://pmhe.in/index.php/pmhe/article/view/215?utm"", ""SL No."": ""416""}, ""excluded_embed_metadata_keys"": [], ""excluded_llm_metadata_keys"": [], ""relationships"": {""1"": {""node_id"": ""97f1e5ff2a3e381df2a404d5"", ""node_type"": ""4"", ""metadata"": {""Category"": """", ""Year"": ""2009"", ""Month"": ""9"", ""Day"": ""26"", ""Crop"": ""citrus"", ""State"": ""MAHARASHTRA"", ""District"": ""AMRAVATI"", ""BlockName"": """", ""Sector"": ""HORTICULTURE"", ""Sector (A)"": ""HORTICULTURE"", ""Season"": ""JAYAD"", ""QueryType"": """", ""Agri Specialist"": ""Ponugoti Kavya"", ""latitude"": """", ""longitude"": """", ""cluster"": ""-1"", ""num_questions_in_cluster"": """", ""Date"": ""4-8-2025"", ""Source [Name and Link]"": ""https://pmhe.in/index.php/pmhe/article/view/215?utm"", ""SL No."": ""416""}, ""hash"": ""41e906119e234d7f0817744b555e8a638327cf092b90d7b2b0673399909adbaa"", ""class_name"": ""RelatedNodeInfo""}}, ""metadata_template"": ""{key}: {value}"", ""metadata_separator"": ""\n"", ""text"": """", ""mimetype"": ""text/plain"", ""start_char_idx"": 0, ""end_char_idx"": 1002, ""metadata_seperator"": ""\n"", ""text_template"": ""{metadata_str}\n\n{content}"", ""class_name"": ""TextNode""}",TextNode,97f1e5ff2a3e381df2a404d5,97f1e5ff2a3e381df2a404d5,97f1e5ff2a3e381df2a404d5,Maharashtra
a2e2d811-481f-4773-9e36-8577fd4a45e2,"Question: How should I prepare the field for sowing a new Kharif crop?

Answer: After harvesting the previous crop(Rabi crop), remove all plants stubble, debris and weeds. This is most important to prevent the carry over of pests and diseases to next crop. Use mouldboard plow or disc plow to break up compacted soil, improve aeration and water filtration in soil. If possible, conduct a soil test to determine the nutrient status and pH level of your field. This will help you decide the exact fertilizer and amendment requirements for the new crop.Apply well-decomposed Farm Yard Manure (FYM) or compost to the field. This is a crucial step as organic matter improves soil structure, water-holding capacity, and provides essential nutrients over time. It should be applied and mixed into the soil during the primary tillage. If you have time and resources, you can grow a green manure crop like sunnhemp or dhaincha in the pre-monsoon period. This crop is then incorporated back into the soil to improve fertility and soil properties.  Perform 1-2 rounds of shallow tillage using a cultivator or harrow. This breaks up the clods left from the primary tillage, create a fine and uniform seedbed. Ensure proper leveling of the field to avoid waterlogging and to ensure uniform irrigation.  Depending on the crop (e.g., maize, groundnut, cotton) and the irrigation method, you may need to form ridges and furrows or raised beds, this helps in efficient water management and drainage especially in a high rainfall environment. Apply basal dose of NPK fertilizers along with micronutrients as per soil test recommendations or crop wise local agricultural guidelines. The fertilizer should be broadcasted and mixed well into the soil before final harrowing.",all,2009,4,27,all,Damoh,all,all,all,Rabi,9999,Salim Sahaji,23.7981,79.5419,-1,,,,4531,"{""id_"": ""a2e2d811-481f-4773-9e36-8577fd4a45e2"", ""embedding"": null, ""metadata"": {""Category"": ""0"", ""Year"": ""2009"", ""Month"": ""4"", ""Day"": ""27"", ""Crop"": ""Gen"", ""State"": ""MADHYA PRADESH"", ""District"": ""DAMOH"", ""BlockName"": ""0"", ""Sector"": ""9999"", ""Sector (A)"": """", ""Season"": ""RABI"", ""QueryType"": ""9999"", ""Agri Specialist"": ""Salim Sahaji"", ""latitude"": ""23.7981"", ""longitude"": ""79.5419"", ""cluster"": ""-1"", ""num_questions_in_cluster"": """", ""Date"": """", ""Source [Name and Link]"": """", ""SL No."": ""4531""}, ""excluded_embed_metadata_keys"": [], ""excluded_llm_metadata_keys"": [], ""relationships"": {""1"": {""node_id"": ""10de1bbd25505e94b0fc84d7"", ""node_type"": ""4"", ""metadata"": {""Category"": ""0"", ""Year"": ""2009"", ""Month"": ""4"", ""Day"": ""27"", ""Crop"": ""Gen"", ""State"": ""MADHYA PRADESH"", ""District"": ""DAMOH"", ""BlockName"": ""0"", ""Sector"": ""9999"", ""Sector (A)"": """", ""Season"": ""RABI"", ""QueryType"": ""9999"", ""Agri Specialist"": ""Salim Sahaji"", ""latitude"": ""23.7981"", ""longitude"": ""79.5419"", ""cluster"": ""-1"", ""num_questions_in_cluster"": """", ""Date"": """", ""Source [Name and Link]"": """", ""SL No."": ""4531""}, ""hash"": ""b245640f936cebc77183aa6026c652b0a2756dc37386f95b6a2e4539f682ec17"", ""class_name"": ""RelatedNodeInfo""}}, ""metadata_template"": ""{key}: {value}"", ""metadata_separator"": ""\n"", ""text"": """", ""mimetype"": ""text/plain"", ""start_char_idx"": 0, ""end_char_idx"": 1753, ""metadata_seperator"": ""\n"", ""text_template"": ""{metadata_str}\n\n{content}"", ""class_name"": ""TextNode""}",TextNode,10de1bbd25505e94b0fc84d7,10de1bbd25505e94b0fc84d7,10de1bbd25505e94b0fc84d7,Madhya Pradesh
310ecde1-881c-43c5-88dc-8132217fe5de,"Question: How to control broad leaf weeds in Wheat crop?

Answer: If broadleaf weeds are seen in wheat, spray 2,4-D Amine Salt 58% SL at 345 g per acre mixed in 200 litres of water. Apply this herbicide 20–30 days after sowing, when the wheat crop is at 3–4 leaf stage and weeds are still young for best control. Always spray on a clear, dry day with no wind or rain forecast. Use a fan-type flat nozzle for even coverage on the weed foliage. Avoid spraying during strong wind or rainy weather to prevent drift and poor result. Clean the sprayer properly before and after use. Early and timely spraying gives best weed control and ensures good crop growth. As a important note: Avoid spray drift to nearby crops like mustard or vegetables, as they are sensitive to 2,4-D.",all,2009,12,28,Wheat,Sirsa,all,Agriculture,Agriculture,all,22,Satarupa Saha,29.6063,74.9037,1767,38,5-8-2025,https://ppqs.gov.in/sites/default/files/2._chemical_mup_as_on_31.03.2025.pdf / https://www.apnikheti.com/en/pn/agriculture/crops/cereals/wheat-kanak-gehu,240,"{""id_"": ""310ecde1-881c-43c5-88dc-8132217fe5de"", ""embedding"": null, ""metadata"": {""Category"": ""0"", ""Year"": ""2009"", ""Month"": ""12"", ""Day"": ""28"", ""Crop"": ""Wheat"", ""State"": ""Haryana"", ""District"": ""Sirsa"", ""BlockName"": """", ""Sector"": ""AGRICULTURE"", ""Sector (A)"": ""AGRICULTURE"", ""Season"": """", ""QueryType"": ""22"", ""Agri Specialist"": ""Satarupa Saha"", ""latitude"": ""29.6063"", ""longitude"": ""74.9037"", ""cluster"": ""1767"", ""num_questions_in_cluster"": ""38"", ""Date"": ""5-8-2025"", ""Source [Name and Link]"": ""https://ppqs.gov.in/sites/default/files/2._chemical_mup_as_on_31.03.2025.pdf / https://www.apnikheti.com/en/pn/agriculture/crops/cereals/wheat-kanak-gehu"", ""SL No."": ""240""}, ""excluded_embed_metadata_keys"": [], ""excluded_llm_metadata_keys"": [], ""relationships"": {""1"": {""node_id"": ""e01236d3752bfdb0cec05116"", ""node_type"": ""4"", ""metadata"": {""Category"": ""0"", ""Year"": ""2009"", ""Month"": ""12"", ""Day"": ""28"", ""Crop"": ""Wheat"", ""State"": ""Haryana"", ""District"": ""Sirsa"", ""BlockName"": """", ""Sector"": ""AGRICULTURE"", ""Sector (A)"": ""AGRICULTURE"", ""Season"": """", ""QueryType"": ""22"", ""Agri Specialist"": ""Satarupa Saha"", ""latitude"": ""29.6063"", ""longitude"": ""74.9037"", ""cluster"": ""1767"", ""num_questions_in_cluster"": ""38"", ""Date"": ""5-8-2025"", ""Source [Name and Link]"": ""https://ppqs.gov.in/sites/default/files/2._chemical_mup_as_on_31.03.2025.pdf / https://www.apnikheti.com/en/pn/agriculture/crops/cereals/wheat-kanak-gehu"", ""SL No."": ""240""}, ""hash"": ""22c1203c0e89585cef371c267c41dc13e62717d1d9f10a9e29805f9d27ab4636"", ""class_name"": ""RelatedNodeInfo""}}, ""metadata_template"": ""{key}: {value}"", ""metadata_separator"": ""\n"", ""text"": """", ""mimetype"": ""text/plain"", ""start_char_idx"": 0, ""end_char_idx"": 771, ""metadata_seperator"": ""\n"", ""text_template"": ""{metadata_str}\n\n{content}"", ""class_name"": ""TextNode""}",TextNode,e01236d3752bfdb0cec05116,e01236d3752bfdb0cec05116,e01236d3752bfdb0cec05116,Haryana
89151c81-e7f2-4532-91a6-46ad669b53a8,"Question: how to control aphid in coriander?

Answer: Aphids are small sap-sucking insects that attack coriander crop. They make leaves curl, plants look weak, and release a sticky honeydew which brings black sooty mold, reducing seed and leaf yield badly. If not managed in time, bhai, they can spoil the whole crop. If want to manage it first keep the field clean, remove old residues, do crop rotation with cereals or pulses, and use mulching or intercrop with marigold to reduce landing of aphids, keep proper spacing (30 cm row to row, 10–15 cm plant to plant) so airflow is good. To protect natural friends like ladybird and lacewing which eat aphids. You can also use bio solutions like Lecanicillium 0.5–1 kg or Beauveria bassiana 1–2 kg in 200 litre water, no PHI, fully safe and works well in humid conditions. Also you can spray Neem-based Azadirachtin (10,000 ppm) – 200 ml per acre in 200 litres water, which is safe and eco-friendly or Trichogramma 1–2 lakh ( 100,000 to 200,000 parasitoids) per acre release is also good which controls eggs, used as biocontrol agent, released directly. If attack becomes high then go for chemical spray like Spinosad 75 ml or Imidacloprid 40-60 ml mixed in 200 litres water, sprayed when aphid population crosses economic threshold (~5 aphids/plant). As an alternatively you may use Thiamethoxam 25% WG @ 40 g per acre mixed in 200 litres water is another effective option. For safer option you may use Azadirachtin 10,000 ppm (Neem based) @ 200 ml per acre in 200 litres water for eco-friendly control, and spray in morning or evening when aphids are active and repeat sprays at 30-35 days interval or as per pest monitoring.. For extra safety, do seed treatment with Thiamethoxam 5 FS @ 5 g/kg seed with polymer coating and beneficial microbes like Azospirillum (120 g/kg seed) and Trichoderma viride (4 g/kg seed) provides early protection. Aftter chemical spray wait at least for Spinosad 45% SC and Azadirachtin 10,000 ppm (Neem based), Imidacloprid 17.8% SL 7days and for Thiamethoxam 25% WG keep15 days gap before harvest, don’t allow excess moisture in field, and apply balanced fertilizer as per soil test so that plants stay strong. If you follow this, aphid damage will remain very low and you will get healthy seed and fresh green leaves of coriander with good profit.",all,2025,8,25,Coriander,SAGAR,all,Horticulture,Horticulture,Kharif,3,Satarupa Saha,23.8083,78.7583,76,28,,,2942,"{""id_"": ""89151c81-e7f2-4532-91a6-46ad669b53a8"", ""embedding"": null, ""metadata"": {""Category"": ""0"", ""Year"": ""2025"", ""Month"": ""8"", ""Day"": ""25"", ""Crop"": ""Coriander"", ""State"": ""MADHYA PRADESH"", ""District"": ""SAGAR"", ""BlockName"": ""0"", ""Sector"": ""hoticulture"", ""Sector (A)"": ""HORTICULTURE"", ""Season"": ""KHARIF"", ""QueryType"": ""3"", ""Agri Specialist"": ""Satarupa Saha"", ""latitude"": ""23.8083"", ""longitude"": ""78.7583"", ""cluster"": ""76"", ""num_questions_in_cluster"": ""28"", ""Date"": """", ""Source [Name and Link]"": """", ""SL No."": ""2942""}, ""excluded_embed_metadata_keys"": [], ""excluded_llm_metadata_keys"": [], ""relationships"": {""1"": {""node_id"": ""392dfa8e151d32c62ab2ca0c"", ""node_type"": ""4"", ""metadata"": {""Category"": ""0"", ""Year"": ""2025"", ""Month"": ""8"", ""Day"": ""25"", ""Crop"": ""Coriander"", ""State"": ""MADHYA PRADESH"", ""District"": ""SAGAR"", ""BlockName"": ""0"", ""Sector"": ""hoticulture"", ""Sector (A)"": ""HORTICULTURE"", ""Season"": ""KHARIF"", ""QueryType"": ""3"", ""Agri Specialist"": ""Satarupa Saha"", ""latitude"": ""23.8083"", ""longitude"": ""78.7583"", ""cluster"": ""76"", ""num_questions_in_cluster"": ""28"", ""Date"": """", ""Source [Name and Link]"": """", ""SL No."": ""2942""}, ""hash"": ""6f17770f233d6855e85f39bb887410e8417df0804ec5e5497eb3d959406f2699"", ""class_name"": ""RelatedNodeInfo""}}, ""metadata_template"": ""{key}: {value}"", ""metadata_separator"": ""\n"", ""text"": """", ""mimetype"": ""text/plain"", ""start_char_idx"": 0, ""end_char_idx"": 2329, ""metadata_seperator"": ""\n"", ""text_template"": ""{metadata_str}\n\n{content}"", ""class_name"": ""TextNode""}",TextNode,392dfa8e151d32c62ab2ca0c,392dfa8e151d32c62ab2ca0c,392dfa8e151d32c62ab2ca0c,Madhya Pradesh
49cee9dd-e8eb-45a6-917d-0229e7ffea93,"Question: How can I control Tur Pod bug in Arhar?

Answer: Pigeon pea (Arhar) is grown in the Kharif season in Madhya Pradesh because it needs warm weather and monsoon rains for good growth and flowering. In the Zaid season, there is high heat with very little rainfall, which does not support its growth. For managing the Tur pod bug (Clavigralla gibbosa), you should implement cultural practices like timely sowing of short-duration varieties, avoiding dense planting, and deep summer ploughing every 2–3 years to destroy pupae. In the field, install 20 bird perches per acre to attract predatory birds and utilize light traps (1 per 5 acres) to kill adult moths. Biological control involves applying a 5% Neem Seed Kernel Extract (NSKE) spray during the flowering and pod formation stages or spray neem oil (10, 000 ppm) at a dose of 1 liter per acre. If the pest population exceeds the economic threshold (ETL), which is 10% affected pods, chemical intervention is necessary, with options including Flonicamid 50 WG at 80 g/acre (Pre-Harvest Interval : 7 days) or Acephate 75 SP at 200-240 g/acre (Pre-Harvest Interval: 7-14 days), sprayed by mixing in 150-200 litres of water for full plant coverage. Always rotate chemical insecticides from different groups to prevent resistance and, for best results, apply chemical sprays in the early instar stage of the pest.",all,2010,12,8,Pigeon Pea,NARSIMPUR,all,Agriculture,Agriculture,Zaid,3,Anjali Chauhan,23.8143,77.5341,170,12,23-8-2025,,3088,"{""id_"": ""49cee9dd-e8eb-45a6-917d-0229e7ffea93"", ""embedding"": null, ""metadata"": {""Category"": ""0"", ""Year"": ""2010"", ""Month"": ""12"", ""Day"": ""8"", ""Crop"": ""Pigeon pea (Arhar)"", ""State"": ""MADHYA PRADESH"", ""District"": ""NARSIMPUR"", ""BlockName"": ""0"", ""Sector"": ""AGRICULTURE"", ""Sector (A)"": ""AGRICULTURE"", ""Season"": ""JAYAD"", ""QueryType"": ""3"", ""Agri Specialist"": ""Anjali Chauhan"", ""latitude"": ""23.8143"", ""longitude"": ""77.5341"", ""cluster"": ""170"", ""num_questions_in_cluster"": ""12"", ""Date"": ""23-8-2025"", ""Source [Name and Link]"": """", ""SL No."": ""3088""}, ""excluded_embed_metadata_keys"": [], ""excluded_llm_metadata_keys"": [], ""relationships"": {""1"": {""node_id"": ""0da886b7b4d7da48d28f474c"", ""node_type"": ""4"", ""metadata"": {""Category"": ""0"", ""Year"": ""2010"", ""Month"": ""12"", ""Day"": ""8"", ""Crop"": ""Pigeon pea (Arhar)"", ""State"": ""MADHYA PRADESH"", ""District"": ""NARSIMPUR"", ""BlockName"": ""0"", ""Sector"": ""AGRICULTURE"", ""Sector (A)"": ""AGRICULTURE"", ""Season"": ""JAYAD"", ""QueryType"": ""3"", ""Agri Specialist"": ""Anjali Chauhan"", ""latitude"": ""23.8143"", ""longitude"": ""77.5341"", ""cluster"": ""170"", ""num_questions_in_cluster"": ""12"", ""Date"": ""23-8-2025"", ""Source [Name and Link]"": """", ""SL No."": ""3088""}, ""hash"": ""369f452d1d5e375524560456276cb0319d80bf5c07c15fd08c1c9230bfffac11"", ""class_name"": ""RelatedNodeInfo""}}, ""metadata_template"": ""{key}: {value}"", ""metadata_separator"": ""\n"", ""text"": """", ""mimetype"": ""text/plain"", ""start_char_idx"": 0, ""end_char_idx"": 1369, ""metadata_seperator"": ""\n"", ""text_template"": ""{metadata_str}\n\n{content}"", ""class_name"": ""TextNode""}",TextNode,0da886b7b4d7da48d28f474c,0da886b7b4d7da48d28f474c,0da886b7b4d7da48d28f474c,Madhya Pradesh
6bc6db48-99c7-4556-bbe3-3ae2b9d06c25,"Question: How to control Whitefly in Uradbean(Black gram)?

Answer: Whiteflies are present on the lower surface of the leaves and suck the juice, due to which the plants become weak and start drying. They transfer the virus to the plants through their saliva and spread a disease called Mungbean Yellow Mosaic Virus (MYMV). Yellow mosaic disease is very destructive, so it is essential to control whiteflies at an early stage. For effective control, an Integrated Pest Management (IPM) combining cultural, mechanical, biological, and chemical measures is recommended. Uproot and destroy the yellow mosaic disease-affected plants, choose black gram varieties that are tolerant or resistant to yellow mosaic virus (YMV) such as Pant U-30, install yellow sticky traps at 8-10 per acre to monitor and attract whitefly, and keep the field and surrounding area weed-free. Encourage natural predators like ladybird beetles, lacewings, and minute pirate bugs, spray biopesticides like Verticillium lecanii or Beauveria bassiana and neem seed kernel extract @ 5%. Chemical control should be used when the whitefly population reaches the economic threshold level (ETL), which is typically 5-10 adults per leaf or the yellow mosaic symptom. The recommended chemical insecticides for controlling whiteflies are: Imidacloprid 17.8 SL @ 60 ml per acre in 200 litres of water or Thiamethoxam 25 WG @ 40 grams per acre in 200 litres of water or Dimethoate 30 EC @ 200 ml per acre in 200 litres of water. Rotate insecticide to prevent resistance, always spray during early morning or late afternoon and maintain a PHI(Pre Harvest Interval) period of 21 days for these chemical.",Pulses,2017,8,13,Black Gram,Dindori,Bajag,Agriculture,Agriculture,all,Field Preparation,Salim Sahaji,22.9071,80.8847,796,56,,https://mpkrishi.mp.gov.in/hindisite_New/krishi_capsules_urad_New.aspx,3689,"{""id_"": ""6bc6db48-99c7-4556-bbe3-3ae2b9d06c25"", ""embedding"": null, ""metadata"": {""Category"": ""Pulses"", ""Year"": ""2017"", ""Month"": ""8"", ""Day"": ""13"", ""Crop"": ""Black Gram urd bean"", ""State"": ""MADHYA PRADESH"", ""District"": ""DINDORI"", ""BlockName"": ""BAJAG"", ""Sector"": ""AGRICULTURE"", ""Sector (A)"": ""AGRICULTURE"", ""Season"": """", ""QueryType"": ""Field Preparation"", ""Agri Specialist"": ""Salim Sahaji"", ""latitude"": ""22.9071"", ""longitude"": ""80.8847"", ""cluster"": ""796"", ""num_questions_in_cluster"": ""56"", ""Date"": """", ""Source [Name and Link]"": ""https://mpkrishi.mp.gov.in/hindisite_New/krishi_capsules_urad_New.aspx"", ""SL No."": ""3689""}, ""excluded_embed_metadata_keys"": [], ""excluded_llm_metadata_keys"": [], ""relationships"": {""1"": {""node_id"": ""9dafaa68095eb686e880d5b9"", ""node_type"": ""4"", ""metadata"": {""Category"": ""Pulses"", ""Year"": ""2017"", ""Month"": ""8"", ""Day"": ""13"", ""Crop"": ""Black Gram urd bean"", ""State"": ""MADHYA PRADESH"", ""District"": ""DINDORI"", ""BlockName"": ""BAJAG"", ""Sector"": ""AGRICULTURE"", ""Sector (A)"": ""AGRICULTURE"", ""Season"": """", ""QueryType"": ""Field Preparation"", ""Agri Specialist"": ""Salim Sahaji"", ""latitude"": ""22.9071"", ""longitude"": ""80.8847"", ""cluster"": ""796"", ""num_questions_in_cluster"": ""56"", ""Date"": """", ""Source [Name and Link]"": ""https://mpkrishi.mp.gov.in/hindisite_New/krishi_capsules_urad_New.aspx"", ""SL No."": ""3689""}, ""hash"": ""191847fff9e36515253ca3a8d7aa89aedfb5d23b9f5946b14785010e40f6741a"", ""class_name"": ""RelatedNodeInfo""}}, ""metadata_template"": ""{key}: {value}"", ""metadata_separator"": ""\n"", ""text"": """", ""mimetype"": ""text/plain"", ""start_char_idx"": 0, ""end_char_idx"": 1660, ""metadata_seperator"": ""\n"", ""text_template"": ""{metadata_str}\n\n{content}"", ""class_name"": ""TextNode""}",TextNode,9dafaa68095eb686e880d5b9,9dafaa68095eb686e880d5b9,9dafaa68095eb686e880d5b9,Madhya Pradesh
3ecc75ef-401d-4478-b4d4-6c76b120ece1,"Question: What is the proper way to apply Chloro 20 (1 litre) mixed with 10 kg during irrigation?

Answer: Chloro 20 (Chlorpyrifos 20% EC) is a banned pesticide for Ber, Citrus and Tobacco for its high level of toxicity. which is widely used for termite, soil insect, and sometimes cutworm control. The method and dose of application matter a lot for effectiveness and safety.

The proper way to apply Chloro 20 (Chlorpyrifos 20% EC) during irrigation is to take 1 litre of the formulation, mix it thoroughly with about 10–15 kg of clean sand or well-decomposed farmyard manure (FYM), and then apply this mixture directly into the irrigation channel so that it flows evenly with the water into the crop’s root zone. This method ensures uniform distribution of the chemical in the soil and provides effective protection against soil insects such as termites and cutworms. Care should be taken to use protective clothing while handling, avoid contaminating fish ponds and drinking water, and to observe the recommended pre harvest interval of 30 days.",all,2016,7,27,Paddy,Jalandhar,all,Agriculture,Agriculture,Kharif,Plant Protection,Adheena Victor,,,-1,,,https://niphm.gov.in/IPMPackages/Rice.pdf,2317,"{""id_"": ""3ecc75ef-401d-4478-b4d4-6c76b120ece1"", ""embedding"": null, ""metadata"": {""Category"": """", ""Year"": ""2016"", ""Month"": ""7"", ""Day"": ""27"", ""Crop"": ""Paddy Dhan"", ""State"": ""PUNJAB"", ""District"": ""JALANDHAR"", ""BlockName"": """", ""Sector"": ""AGRICULTURE"", ""Sector (A)"": ""AGRICULTURE"", ""Season"": ""KHARIF"", ""QueryType"": ""Plant Protection"", ""Agri Specialist"": ""Adheena Victor"", ""latitude"": """", ""longitude"": """", ""cluster"": ""-1"", ""num_questions_in_cluster"": """", ""Date"": """", ""Source [Name and Link]"": ""https://niphm.gov.in/IPMPackages/Rice.pdf"", ""SL No."": ""2317""}, ""excluded_embed_metadata_keys"": [], ""excluded_llm_metadata_keys"": [], ""relationships"": {""1"": {""node_id"": ""274d7833b3247269b0ad8e7e"", ""node_type"": ""4"", ""metadata"": {""Category"": """", ""Year"": ""2016"", ""Month"": ""7"", ""Day"": ""27"", ""Crop"": ""Paddy Dhan"", ""State"": ""PUNJAB"", ""District"": ""JALANDHAR"", ""BlockName"": """", ""Sector"": ""AGRICULTURE"", ""Sector (A)"": ""AGRICULTURE"", ""Season"": ""KHARIF"", ""QueryType"": ""Plant Protection"", ""Agri Specialist"": ""Adheena Victor"", ""latitude"": """", ""longitude"": """", ""cluster"": ""-1"", ""num_questions_in_cluster"": """", ""Date"": """", ""Source [Name and Link]"": ""https://niphm.gov.in/IPMPackages/Rice.pdf"", ""SL No."": ""2317""}, ""hash"": ""97cfa2fc94dd7dfcd6e4d16b4075e7bd48588bd2c1343247b993d99d850e8177"", ""class_name"": ""RelatedNodeInfo""}}, ""metadata_template"": ""{key}: {value}"", ""metadata_separator"": ""\n"", ""text"": """", ""mimetype"": ""text/plain"", ""start_char_idx"": 0, ""end_char_idx"": 1049, ""metadata_seperator"": ""\n"", ""text_template"": ""{metadata_str}\n\n{content}"", ""class_name"": ""TextNode""}",TextNode,274d7833b3247269b0ad8e7e,274d7833b3247269b0ad8e7e,274d7833b3247269b0ad8e7e,Punjab
0956094d-a699-49a6-85a9-829d2782a801,"Question: Guidance on plant growth in Bathinda region of Punjab?

Answer: Plant growth is the increase in size and development of a plant from germination to maturity, influenced by factors like sunlight, water, nutrients, temperature, and air quality. In Punjab, managing these factors at key growth stages is vital for crop success. For example, wheat requires irrigation around 20–25 days after sowing during the Crown Root Initiation stage to ensure strong root development and good tillering. Balanced fertilization, especially split application of nitrogen, phosphorus, and potassium based on soil testing, supports healthy growth. Using growth regulators like gibberellic acid and biostimulants such as seaweed extract can further enhance crop vigor. Timely weed control and pest management are essential to reduce competition and damage. Incorporating organic matter and amendments like gypsum improves soil fertility, especially in problematic soils.  managing growth through irrigation at critical growth stages for the main local crop, Wheat (e.g., the Crown Root Initiation stage), or using a specific plant growth regulator in a crop like Cotton. By following such integrated practices adapted to Punjab’s climate and soils, farmers can promote robust plant growth and improve yields.",all,2016,3,4,all,Bathinda,all,Agriculture,Agriculture,Rabi,,Ponugoti Kavya,,,-1,,,,2353,"{""id_"": ""0956094d-a699-49a6-85a9-829d2782a801"", ""embedding"": null, ""metadata"": {""Category"": """", ""Year"": ""2016"", ""Month"": ""3"", ""Day"": ""4"", ""Crop"": ""GENERAL"", ""State"": ""PUNJAB"", ""District"": ""BHATINDA"", ""BlockName"": """", ""Sector"": ""AGRICULTURE"", ""Sector (A)"": ""AGRICULTURE"", ""Season"": ""RABI"", ""QueryType"": """", ""Agri Specialist"": ""Ponugoti Kavya"", ""latitude"": """", ""longitude"": """", ""cluster"": ""-1"", ""num_questions_in_cluster"": """", ""Date"": """", ""Source [Name and Link]"": """", ""SL No."": ""2353""}, ""excluded_embed_metadata_keys"": [], ""excluded_llm_metadata_keys"": [], ""relationships"": {""1"": {""node_id"": ""6f4a514fae41d045883e8d0f"", ""node_type"": ""4"", ""metadata"": {""Category"": """", ""Year"": ""2016"", ""Month"": ""3"", ""Day"": ""4"", ""Crop"": ""GENERAL"", ""State"": ""PUNJAB"", ""District"": ""BHATINDA"", ""BlockName"": """", ""Sector"": ""AGRICULTURE"", ""Sector (A)"": ""AGRICULTURE"", ""Season"": ""RABI"", ""QueryType"": """", ""Agri Specialist"": ""Ponugoti Kavya"", ""latitude"": """", ""longitude"": """", ""cluster"": ""-1"", ""num_questions_in_cluster"": """", ""Date"": """", ""Source [Name and Link]"": """", ""SL No."": ""2353""}, ""hash"": ""18f0b20a2583450f485bfba8493b9d0cf9f39e338fad77918c617c6284635ac6"", ""class_name"": ""RelatedNodeInfo""}}, ""metadata_template"": ""{key}: {value}"", ""metadata_separator"": ""\n"", ""text"": """", ""mimetype"": ""text/plain"", ""start_char_idx"": 0, ""end_char_idx"": 1297, ""metadata_seperator"": ""\n"", ""text_template"": ""{metadata_str}\n\n{content}"", ""class_name"": ""TextNode""}",TextNode,6f4a514fae41d045883e8d0f,6f4a514fae41d045883e8d0f,6f4a514fae41d045883e8d0f,Punjab
b3105b46-db13-40fb-8d47-3aeaadd68cd8,"Question: Is bloating a serious problem in cattle?

Answer: Bloating is a serious problem in animals like cows and buffaloes when too much gas builds up in the stomach, especially on the left side. There are two types of bloat. The first is free-gas bloat, where gas is trapped and can usually be removed using a stomach tube. The second is frothy bloat, where the gas forms bubbles and foam, and a tube does not help. In this case, an anti-foaming liquid, like a commercial drench or even vegetable oil, should be given to break the foam. Bloating is often caused by eating too much green grass, spoiled food, or eating too fast. The animal may look uncomfortable, stop eating, or have trouble breathing. As first aid, the farmer should make the animal stand, walk slowly, and gently massage the swollen left side while waiting for the vet. To prevent bloat, animals should be given a balanced diet of green and dry fodder and should not be overfed. Immediate care and correct treatment are very important to save the animal.",all,2011,10,7,Cattle,MUKTSAR,all,Animal Husbandry,Animal Husbandry,Zaid,,Ponugoti Kavya,,,-1,,8-8-2025,https://www.msdvetmanual.com/digestive-system/diseases-of-the-ruminant-forestomach/bloat-in-ruminants?,1151,"{""id_"": ""b3105b46-db13-40fb-8d47-3aeaadd68cd8"", ""embedding"": null, ""metadata"": {""Category"": """", ""Year"": ""2011"", ""Month"": ""10"", ""Day"": ""7"", ""Crop"": ""BovineCowBuffalo"", ""State"": ""PUNJAB"", ""District"": ""MUKTSAR"", ""BlockName"": """", ""Sector"": ""ANIMAL HUSBANDRY"", ""Sector (A)"": ""ANIMAL HUSBANDRY"", ""Season"": ""JAYAD"", ""QueryType"": """", ""Agri Specialist"": ""Ponugoti Kavya"", ""latitude"": """", ""longitude"": """", ""cluster"": ""-1"", ""num_questions_in_cluster"": """", ""Date"": ""8-8-2025"", ""Source [Name and Link]"": ""https://www.msdvetmanual.com/digestive-system/diseases-of-the-ruminant-forestomach/bloat-in-ruminants?"", ""SL No."": ""1151""}, ""excluded_embed_metadata_keys"": [], ""excluded_llm_metadata_keys"": [], ""relationships"": {""1"": {""node_id"": ""5eb908197b521dd714591894"", ""node_type"": ""4"", ""metadata"": {""Category"": """", ""Year"": ""2011"", ""Month"": ""10"", ""Day"": ""7"", ""Crop"": ""BovineCowBuffalo"", ""State"": ""PUNJAB"", ""District"": ""MUKTSAR"", ""BlockName"": """", ""Sector"": ""ANIMAL HUSBANDRY"", ""Sector (A)"": ""ANIMAL HUSBANDRY"", ""Season"": ""JAYAD"", ""QueryType"": """", ""Agri Specialist"": ""Ponugoti Kavya"", ""latitude"": """", ""longitude"": """", ""cluster"": ""-1"", ""num_questions_in_cluster"": """", ""Date"": ""8-8-2025"", ""Source [Name and Link]"": ""https://www.msdvetmanual.com/digestive-system/diseases-of-the-ruminant-forestomach/bloat-in-ruminants?"", ""SL No."": ""1151""}, ""hash"": ""350ab31ce659f8271aaf7be48856b9bc1e46f412617ecf2e867f6b1183499e91"", ""class_name"": ""RelatedNodeInfo""}}, ""metadata_template"": ""{key}: {value}"", ""metadata_separator"": ""\n"", ""text"": """", ""mimetype"": ""text/plain"", ""start_char_idx"": 0, ""end_char_idx"": 1026, ""metadata_seperator"": ""\n"", ""text_template"": ""{metadata_str}\n\n{content}"", ""class_name"": ""TextNode""}",TextNode,5eb908197b521dd714591894,5eb908197b521dd714591894,5eb908197b521dd714591894,Punjab
a72bd61a-015e-473d-b389-9dadd1814416,"Question: How to control karnal smut in wheat?

Answer: To control Karnal Smut (Karnal smut) of wheat is a major seed-borne fungal disease that severely affects wheat grain quality and marketability. It is not a problem in kharif, because wheat is a Rabi season. Symptoms are Black powdery smut in few grains per spike, use crop rotation, use resistant varieties like WH1105, chemical control like Fungicide seed treatment Tebuconazole 2% DS @3 g per kg seed at before sowing can prevent the diseases. and use certified disease-free seed. quarantine-significant disease because it can have serious implications for international trade, seed movement, and crop productivity.",all,2010,2,22,Wheat,Hisar,Uklana,Agriculture,Agriculture,Kharif,2,Gonnabathula Girishma,29.8573,76.4545,578,13,4-8-2025,https://agriculture.hp.gov.in/en/disease-control/,674,"{""id_"": ""a72bd61a-015e-473d-b389-9dadd1814416"", ""embedding"": null, ""metadata"": {""Category"": ""0"", ""Year"": ""2010"", ""Month"": ""2"", ""Day"": ""22"", ""Crop"": ""Wheat"", ""State"": ""Haryana"", ""District"": ""Hissar"", ""BlockName"": ""Uklana"", ""Sector"": ""AGRICULTURE"", ""Sector (A)"": ""AGRICULTURE"", ""Season"": ""Kharif"", ""QueryType"": ""2"", ""Agri Specialist"": ""Gonnabathula Girishma"", ""latitude"": ""29.8573"", ""longitude"": ""76.4545"", ""cluster"": ""578"", ""num_questions_in_cluster"": ""13"", ""Date"": ""4-8-2025"", ""Source [Name and Link]"": ""https://agriculture.hp.gov.in/en/disease-control/"", ""SL No."": ""674""}, ""excluded_embed_metadata_keys"": [], ""excluded_llm_metadata_keys"": [], ""relationships"": {""1"": {""node_id"": ""5dd57bf5a3b405e0545330d0"", ""node_type"": ""4"", ""metadata"": {""Category"": ""0"", ""Year"": ""2010"", ""Month"": ""2"", ""Day"": ""22"", ""Crop"": ""Wheat"", ""State"": ""Haryana"", ""District"": ""Hissar"", ""BlockName"": ""Uklana"", ""Sector"": ""AGRICULTURE"", ""Sector (A)"": ""AGRICULTURE"", ""Season"": ""Kharif"", ""QueryType"": ""2"", ""Agri Specialist"": ""Gonnabathula Girishma"", ""latitude"": ""29.8573"", ""longitude"": ""76.4545"", ""cluster"": ""578"", ""num_questions_in_cluster"": ""13"", ""Date"": ""4-8-2025"", ""Source [Name and Link]"": ""https://agriculture.hp.gov.in/en/disease-control/"", ""SL No."": ""674""}, ""hash"": ""538012f90071fbf6d06ec02366e7f50545b12d52b57f87066354a680577663a0"", ""class_name"": ""RelatedNodeInfo""}}, ""metadata_template"": ""{key}: {value}"", ""metadata_separator"": ""\n"", ""text"": """", ""mimetype"": ""text/plain"", ""start_char_idx"": 0, ""end_char_idx"": 673, ""metadata_seperator"": ""\n"", ""text_template"": ""{metadata_str}\n\n{content}"", ""class_name"": ""TextNode""}",TextNode,5dd57bf5a3b405e0545330d0,5dd57bf5a3b405e0545330d0,5dd57bf5a3b405e0545330d0,Haryana
b5957b49-bca8-4333-b485-d01981988ca5,"Question: How to establish a Farmer Producer Organization(FPO) group?

Answer: To form a Farmer Producer Organization (FPO) in Arunachal Pradesh, gather a group of minimum10-20 interested farmers, then register as a Producer Company under Section 465–581A of the Companies Act, 2013. Next, prepare all necessary documents, including identity proofs, residency certificates, landholding details, and a business plan, along with drafting bylaws or a memorandum of association. Submit the registration application and documents to the appropriate authority and open a bank account in the FPO’s name. After registration, approach the District Agricultural Office or relevant state agencies to apply for government support under the Central Sector Scheme for Formation and Promotion of 10,000 FPOs, submit proposals to avail financial assistance such as infrastructure funding, subsidies, equity grants, training, and market linkages. Finally, set up operations by establishing physical infrastructure, begin collective activities like input procurement, production, value addition, and marketing, and ensure compliance with governance, reporting, and audit requirements. Throughout the formation process, local Krishi Vigyan Kendras (KVKs) and the state agriculture department frequently offer direction and assistance.",all,2024,11,12,all,WEST SIANG,all,Agriculture,Agriculture,all,,Salim Sahaji,,,-1,,9-8-2025,https://www.nabard.org/demo/auth/writereaddata/File/FARMER%20PRODUCER%20ORGANISATIONS.pdf,707,"{""id_"": ""b5957b49-bca8-4333-b485-d01981988ca5"", ""embedding"": null, ""metadata"": {""Category"": """", ""Year"": ""2024"", ""Month"": ""11"", ""Day"": ""12"", ""Crop"": ""GEN"", ""State"": ""ARUNACHAL PRADESH"", ""District"": ""WEST SIANG"", ""BlockName"": """", ""Sector"": ""AGRICULTURE"", ""Sector (A)"": ""AGRICULTURE"", ""Season"": """", ""QueryType"": """", ""Agri Specialist"": ""Salim Sahaji"", ""latitude"": """", ""longitude"": """", ""cluster"": ""-1"", ""num_questions_in_cluster"": """", ""Date"": ""9-8-2025"", ""Source [Name and Link]"": ""https://www.nabard.org/demo/auth/writereaddata/File/FARMER%20PRODUCER%20ORGANISATIONS.pdf"", ""SL No."": ""707""}, ""excluded_embed_metadata_keys"": [], ""excluded_llm_metadata_keys"": [], ""relationships"": {""1"": {""node_id"": ""96b5e2e7ba1b69bf6f9a3f60"", ""node_type"": ""4"", ""metadata"": {""Category"": """", ""Year"": ""2024"", ""Month"": ""11"", ""Day"": ""12"", ""Crop"": ""GEN"", ""State"": ""ARUNACHAL PRADESH"", ""District"": ""WEST SIANG"", ""BlockName"": """", ""Sector"": ""AGRICULTURE"", ""Sector (A)"": ""AGRICULTURE"", ""Season"": """", ""QueryType"": """", ""Agri Specialist"": ""Salim Sahaji"", ""latitude"": """", ""longitude"": """", ""cluster"": ""-1"", ""num_questions_in_cluster"": """", ""Date"": ""9-8-2025"", ""Source [Name and Link]"": ""https://www.nabard.org/demo/auth/writereaddata/File/FARMER%20PRODUCER%20ORGANISATIONS.pdf"", ""SL No."": ""707""}, ""hash"": ""df47a6c47829dca41e42712db0b6e986fd4ea73d06fca712489f90ae38729cf6"", ""class_name"": ""RelatedNodeInfo""}}, ""metadata_template"": ""{key}: {value}"", ""metadata_separator"": ""\n"", ""text"": """", ""mimetype"": ""text/plain"", ""start_char_idx"": 0, ""end_char_idx"": 1315, ""metadata_seperator"": ""\n"", ""text_template"": ""{metadata_str}\n\n{content}"", ""class_name"": ""TextNode""}",TextNode,96b5e2e7ba1b69bf6f9a3f60,96b5e2e7ba1b69bf6f9a3f60,96b5e2e7ba1b69bf6f9a3f60,Arunachal Pradesh
3a5fbc1f-5058-4f44-8bd1-b00f84b3d054,"Question: What soyabean varieties are good for Hoshangabad, Madhya Pradesh?

Answer: For the cultivation of soybean in Madhya Pradesh use varieties like J.S-335 with average yield of 10-12 quintals/acre, J.S. 93-05 with average yield of 8-10 quintals/acre, J.S. 95-60 with average yield of 8-10 quintals/acre, J.S. 97-52 with average yield of 10-12 quintals/acre, J.S. 20-29 with average yield of 10-12 quintals/acre, J.S. 20-34 with average yield of 8.8-10 quintals/acre, NRC-7 with average yield of 10-14 quintals/acre, NRC-12 with average yield of 10-12 quintals/acre or NRC-86 with average yield of 8-10 quintals/acre. For sowing, determine the quantity of seeds according to the size of the grains. For small grain varieties, use 24-28 kg of seeds per acre. For large grain varieties, determine the quantity of seeds at 32-36 kg per acre. During sowing, maintain a row spacing of 40 cm for less-spreading varieties such as JS-93-05 and JS-95-60, and 45 cm for more-spreading varieties like JS-335, NRC-7, and JS-97-52, which helps plants grow well, reduces competition, and ensures better yields.",all,2010,5,5,Soybean,Narmadapuram,all,Agriculture,Agriculture,Kharif,5,Anjali Chauhan,22.7546,77.7198,142,18,25-8-2025,,3096,"{""id_"": ""3a5fbc1f-5058-4f44-8bd1-b00f84b3d054"", ""embedding"": null, ""metadata"": {""Category"": ""0"", ""Year"": ""2010"", ""Month"": ""5"", ""Day"": ""5"", ""Crop"": ""Soybean"", ""State"": ""MADHYA PRADESH"", ""District"": ""HOSHANGABAD"", ""BlockName"": ""0"", ""Sector"": ""AGRICULTURE"", ""Sector (A)"": ""AGRICULTURE"", ""Season"": ""Kharif"", ""QueryType"": ""5"", ""Agri Specialist"": ""Anjali Chauhan"", ""latitude"": ""22.7546"", ""longitude"": ""77.7198"", ""cluster"": ""142"", ""num_questions_in_cluster"": ""18"", ""Date"": ""25-8-2025"", ""Source [Name and Link]"": """", ""SL No."": ""3096""}, ""excluded_embed_metadata_keys"": [], ""excluded_llm_metadata_keys"": [], ""relationships"": {""1"": {""node_id"": ""1d0d9c441a5a4241310f2cb2"", ""node_type"": ""4"", ""metadata"": {""Category"": ""0"", ""Year"": ""2010"", ""Month"": ""5"", ""Day"": ""5"", ""Crop"": ""Soybean"", ""State"": ""MADHYA PRADESH"", ""District"": ""HOSHANGABAD"", ""BlockName"": ""0"", ""Sector"": ""AGRICULTURE"", ""Sector (A)"": ""AGRICULTURE"", ""Season"": ""Kharif"", ""QueryType"": ""5"", ""Agri Specialist"": ""Anjali Chauhan"", ""latitude"": ""22.7546"", ""longitude"": ""77.7198"", ""cluster"": ""142"", ""num_questions_in_cluster"": ""18"", ""Date"": ""25-8-2025"", ""Source [Name and Link]"": """", ""SL No."": ""3096""}, ""hash"": ""41a08c22934b98ea31f9aec10dd9ece9a7d7c952fabda11bf9638235b38b541a"", ""class_name"": ""RelatedNodeInfo""}}, ""metadata_template"": ""{key}: {value}"", ""metadata_separator"": ""\n"", ""text"": """", ""mimetype"": ""text/plain"", ""start_char_idx"": 0, ""end_char_idx"": 1101, ""metadata_seperator"": ""\n"", ""text_template"": ""{metadata_str}\n\n{content}"", ""class_name"": ""TextNode""}",TextNode,1d0d9c441a5a4241310f2cb2,1d0d9c441a5a4241310f2cb2,1d0d9c441a5a4241310f2cb2,Madhya Pradesh
0dab4ddf-3fbd-4e4e-b50f-ce3983ad2501,"Question: What is the recommended dose of fertilizers for Soybean in Madhya Pradesh?

Answer: Soybean is mainly grown in the Kharif season (June–October) because it needs warm weather (25–30°C), good soil moisture, and regular rainfall for germination and pod development. In the Zaid season (March–June), high temperatures and lack of sufficient water make conditions unsuitable for soybean growth and reduce yields. Apply 4-8 tons of well rotten Farm Yard Manure per acre at the time of last ploughing. Then apply 18 kg urea, 160-200 kg Single Super Phosphate (SSP) and 27 kg Muriate of Potash per acre before sowing. If the soil is deficient in Zinc, then apply 10 Kg Zinc Sulphate per acre at the time of sowing.",Oilseeds,2012,6,3,Soybean,Damoh,Jabera,Agriculture,Agriculture,Zaid,Fertilizer Use and Availability,Anjali Chauhan,23.7981,79.5419,391,35,28-8-2025,https://mpkrishi.mp.gov.in/hindisite_New/krishi_capsules_soyabean_New.aspx,3280,"{""id_"": ""0dab4ddf-3fbd-4e4e-b50f-ce3983ad2501"", ""embedding"": null, ""metadata"": {""Category"": ""Oilseeds"", ""Year"": ""2012"", ""Month"": ""6"", ""Day"": ""3"", ""Crop"": ""Soybean"", ""State"": ""MADHYA PRADESH"", ""District"": ""DAMOH"", ""BlockName"": ""JABERA"", ""Sector"": ""AGRICULTURE"", ""Sector (A)"": ""AGRICULTURE"", ""Season"": ""JAYAD"", ""QueryType"": ""Fertilizer Use and Availability"", ""Agri Specialist"": ""Anjali Chauhan"", ""latitude"": ""23.7981"", ""longitude"": ""79.5419"", ""cluster"": ""391"", ""num_questions_in_cluster"": ""35"", ""Date"": ""28-8-2025"", ""Source [Name and Link]"": ""https://mpkrishi.mp.gov.in/hindisite_New/krishi_capsules_soyabean_New.aspx"", ""SL No."": ""3280""}, ""excluded_embed_metadata_keys"": [], ""excluded_llm_metadata_keys"": [], ""relationships"": {""1"": {""node_id"": ""d1452080997086249436f10d"", ""node_type"": ""4"", ""metadata"": {""Category"": ""Oilseeds"", ""Year"": ""2012"", ""Month"": ""6"", ""Day"": ""3"", ""Crop"": ""Soybean"", ""State"": ""MADHYA PRADESH"", ""District"": ""DAMOH"", ""BlockName"": ""JABERA"", ""Sector"": ""AGRICULTURE"", ""Sector (A)"": ""AGRICULTURE"", ""Season"": ""JAYAD"", ""QueryType"": ""Fertilizer Use and Availability"", ""Agri Specialist"": ""Anjali Chauhan"", ""latitude"": ""23.7981"", ""longitude"": ""79.5419"", ""cluster"": ""391"", ""num_questions_in_cluster"": ""35"", ""Date"": ""28-8-2025"", ""Source [Name and Link]"": ""https://mpkrishi.mp.gov.in/hindisite_New/krishi_capsules_soyabean_New.aspx"", ""SL No."": ""3280""}, ""hash"": ""cff3fa26099476cb15c08c8e9ddce21ac9be5120edc53010d78ad825ea54824d"", ""class_name"": ""RelatedNodeInfo""}}, ""metadata_template"": ""{key}: {value}"", ""metadata_separator"": ""\n"", ""text"": """", ""mimetype"": ""text/plain"", ""start_char_idx"": 0, ""end_char_idx"": 716, ""metadata_seperator"": ""\n"", ""text_template"": ""{metadata_str}\n\n{content}"", ""class_name"": ""TextNode""}",TextNode,d1452080997086249436f10d,d1452080997086249436f10d,d1452080997086249436f10d,Madhya Pradesh
b1e6fb2d-f9e2-4b43-a968-6a37fdfe9712,"Question: How to control fruit dropping in Aonla (Indian Gooseberry)?

Answer: To control fruit dropping in Aonla (Gooseberry), it is important to understand the causes: Environmental stress - Nutrient deficiencies (Zinc, Calcium, Boron), Hormonal imbalances, Pest and disease pressure. Management / Control Measures- Foliar spray at fruit set stage: Zinc sulfate – 0.2–0.3%, Boric acid – 0.1%, Calcium nitrate – 2%, Gibberellic acid (GA₃) – 40 ppm. Follow-up spray: NAA (Naphthalene Acetic Acid) 20 ppm, 10 days later and These sprays improve pollination and fruit set, and hormonal sprays help prevent premature fruit drop, which has been shown to increase fruit retention and yield in Aonla.",all,2009,10,9,Aonla,Jind,all,Horticulture,Horticulture,Zaid,2,Gonnabathula Girishma,29.314,76.3179,1275,8,6-8-2025,https://nhb.gov.in/model-project-reports/Horticulture%20Crops/Aonla/Aonla1.htm,668,"{""id_"": ""b1e6fb2d-f9e2-4b43-a968-6a37fdfe9712"", ""embedding"": null, ""metadata"": {""Category"": ""0"", ""Year"": ""2009"", ""Month"": ""10"", ""Day"": ""9"", ""Crop"": ""Aonla"", ""State"": ""Haryana"", ""District"": ""Jind"", ""BlockName"": """", ""Sector"": ""HORTICULTURE"", ""Sector (A)"": ""HORTICULTURE"", ""Season"": ""Jayad"", ""QueryType"": ""2"", ""Agri Specialist"": ""Gonnabathula Girishma"", ""latitude"": ""29.314"", ""longitude"": ""76.3179"", ""cluster"": ""1275"", ""num_questions_in_cluster"": ""8"", ""Date"": ""6-8-2025"", ""Source [Name and Link]"": ""https://nhb.gov.in/model-project-reports/Horticulture%20Crops/Aonla/Aonla1.htm"", ""SL No."": ""668""}, ""excluded_embed_metadata_keys"": [], ""excluded_llm_metadata_keys"": [], ""relationships"": {""1"": {""node_id"": ""ba7463112aa96465d11616be"", ""node_type"": ""4"", ""metadata"": {""Category"": ""0"", ""Year"": ""2009"", ""Month"": ""10"", ""Day"": ""9"", ""Crop"": ""Aonla"", ""State"": ""Haryana"", ""District"": ""Jind"", ""BlockName"": """", ""Sector"": ""HORTICULTURE"", ""Sector (A)"": ""HORTICULTURE"", ""Season"": ""Jayad"", ""QueryType"": ""2"", ""Agri Specialist"": ""Gonnabathula Girishma"", ""latitude"": ""29.314"", ""longitude"": ""76.3179"", ""cluster"": ""1275"", ""num_questions_in_cluster"": ""8"", ""Date"": ""6-8-2025"", ""Source [Name and Link]"": ""https://nhb.gov.in/model-project-reports/Horticulture%20Crops/Aonla/Aonla1.htm"", ""SL No."": ""668""}, ""hash"": ""713df8f4fd9c6ea66d47e5859ba869e6b539621bade8385cf84685133a4d1dc3"", ""class_name"": ""RelatedNodeInfo""}}, ""metadata_template"": ""{key}: {value}"", ""metadata_separator"": ""\n"", ""text"": """", ""mimetype"": ""text/plain"", ""start_char_idx"": 0, ""end_char_idx"": 694, ""metadata_seperator"": ""\n"", ""text_template"": ""{metadata_str}\n\n{content}"", ""class_name"": ""TextNode""}",TextNode,ba7463112aa96465d11616be,ba7463112aa96465d11616be,ba7463112aa96465d11616be,Haryana
72a5ab33-f2e7-4941-b7f8-5a1acda8c17e,"Question: Give information regarding paddy (pr 123) variety in moga region ?

Answer: https://www.apnikheti.com/en/pn/agriculture/crops/cereals/rice#20MAY-5JUNE           PR 123 is an improved variety of Paddy .It is semi dwarf, stiff strewed variety with dark green and erect leaves. Its grains are long, slender and translucent. It is moderately resistant to bacterial blight pathogen. It gives average yield of 29 qtl/acre.PAU-recommended varieties such as PR 126, PR 131, or PR 121.",all,2014,5,7,Paddy,MOGA,all,Agriculture,Agriculture,Kharif,,Ponugoti Kavya,,,-1,,19-8-2025,,2087,"{""id_"": ""72a5ab33-f2e7-4941-b7f8-5a1acda8c17e"", ""embedding"": null, ""metadata"": {""Category"": """", ""Year"": ""2014"", ""Month"": ""5"", ""Day"": ""7"", ""Crop"": ""Paddy Dhan"", ""State"": ""PUNJAB"", ""District"": ""MOGA"", ""BlockName"": """", ""Sector"": ""AGRICULTURE"", ""Sector (A)"": ""AGRICULTURE"", ""Season"": ""KHARIF"", ""QueryType"": """", ""Agri Specialist"": ""Ponugoti Kavya"", ""latitude"": """", ""longitude"": """", ""cluster"": ""-1"", ""num_questions_in_cluster"": """", ""Date"": ""19-8-2025"", ""Source [Name and Link]"": """", ""SL No."": ""2087""}, ""excluded_embed_metadata_keys"": [], ""excluded_llm_metadata_keys"": [], ""relationships"": {""1"": {""node_id"": ""d70e98d351656080533b11a6"", ""node_type"": ""4"", ""metadata"": {""Category"": """", ""Year"": ""2014"", ""Month"": ""5"", ""Day"": ""7"", ""Crop"": ""Paddy Dhan"", ""State"": ""PUNJAB"", ""District"": ""MOGA"", ""BlockName"": """", ""Sector"": ""AGRICULTURE"", ""Sector (A)"": ""AGRICULTURE"", ""Season"": ""KHARIF"", ""QueryType"": """", ""Agri Specialist"": ""Ponugoti Kavya"", ""latitude"": """", ""longitude"": """", ""cluster"": ""-1"", ""num_questions_in_cluster"": """", ""Date"": ""19-8-2025"", ""Source [Name and Link]"": """", ""SL No."": ""2087""}, ""hash"": ""fae22801524148033e7d5f05fd9b53ff9d68fbba3491ebf31bce8aba3c99f9c0"", ""class_name"": ""RelatedNodeInfo""}}, ""metadata_template"": ""{key}: {value}"", ""metadata_separator"": ""\n"", ""text"": """", ""mimetype"": ""text/plain"", ""start_char_idx"": 0, ""end_char_idx"": 486, ""metadata_seperator"": ""\n"", ""text_template"": ""{metadata_str}\n\n{content}"", ""class_name"": ""TextNode""}",TextNode,d70e98d351656080533b11a6,d70e98d351656080533b11a6,d70e98d351656080533b11a6,Punjab
a6ccd84c-f02e-4d8a-8997-e10649501cec,"Question: How can I control purple blotch in Onion?

Answer: Purple blotch in onion, caused by the fungus Alternaria porri, is a serious disease in Ludhiana, Punjab, especially during humid or cloudy weather in the Rabi season. It appears as small, water-soaked lesions on leaves that turn purplish-brown with yellow margins, leading to drying of the leaf tips and reduced bulb size. Practice a rotation of 2-3 years or longer with non-host crops like small grains or corn to break the disease cycle and reduce pathogen buildup in the soil. Avoid dense plantings, as this can increase humidity and promote disease development. For chemical control, fungicides like Mancozeb 75% WP (600–800 g/acre), Propiconazole 25% EC (200 ml/acre), or Azoxystrobin + Tebuconazole (200 ml/acre) can be sprayed using 200 litres of water per acre. These should be applied at intervals of 10–14 days depending on disease pressure, and always with respect to the Pre-Harvest Interval (PHI), which is 7–14 days based on the chemical used. Rotating fungicides is important to prevent resistance development and ensure long-term effectiveness.",all,2014,3,28,Onion,LUDHIANA,all,Horticulture,Horticulture,Rabi,,Chaitanya Sameera Sandaka,,,-1,,16-8-2025,,1916,"{""id_"": ""a6ccd84c-f02e-4d8a-8997-e10649501cec"", ""embedding"": null, ""metadata"": {""Category"": """", ""Year"": ""2014"", ""Month"": ""3"", ""Day"": ""28"", ""Crop"": ""Onion"", ""State"": ""PUNJAB"", ""District"": ""LUDHIANA"", ""BlockName"": """", ""Sector"": ""HORTICULTURE"", ""Sector (A)"": ""HORTICULTURE"", ""Season"": ""RABI"", ""QueryType"": """", ""Agri Specialist"": ""Chaitanya Sameera Sandaka"", ""latitude"": """", ""longitude"": """", ""cluster"": ""-1"", ""num_questions_in_cluster"": """", ""Date"": ""16-8-2025"", ""Source [Name and Link]"": """", ""SL No."": ""1916""}, ""excluded_embed_metadata_keys"": [], ""excluded_llm_metadata_keys"": [], ""relationships"": {""1"": {""node_id"": ""dd7d1a5cc8fa25bd131c9f81"", ""node_type"": ""4"", ""metadata"": {""Category"": """", ""Year"": ""2014"", ""Month"": ""3"", ""Day"": ""28"", ""Crop"": ""Onion"", ""State"": ""PUNJAB"", ""District"": ""LUDHIANA"", ""BlockName"": """", ""Sector"": ""HORTICULTURE"", ""Sector (A)"": ""HORTICULTURE"", ""Season"": ""RABI"", ""QueryType"": """", ""Agri Specialist"": ""Chaitanya Sameera Sandaka"", ""latitude"": """", ""longitude"": """", ""cluster"": ""-1"", ""num_questions_in_cluster"": """", ""Date"": ""16-8-2025"", ""Source [Name and Link]"": """", ""SL No."": ""1916""}, ""hash"": ""1e5e122c98b70d41b6daaecd6d07335171befb59395ca95cd6eae95d827d653b"", ""class_name"": ""RelatedNodeInfo""}}, ""metadata_template"": ""{key}: {value}"", ""metadata_separator"": ""\n"", ""text"": """", ""mimetype"": ""text/plain"", ""start_char_idx"": 0, ""end_char_idx"": 1121, ""metadata_seperator"": ""\n"", ""text_template"": ""{metadata_str}\n\n{content}"", ""class_name"": ""TextNode""}",TextNode,dd7d1a5cc8fa25bd131c9f81,dd7d1a5cc8fa25bd131c9f81,dd7d1a5cc8fa25bd131c9f81,Punjab
843f3ffa-a224-4f7a-8f35-4b4c9576e1eb,"Question: Which improved varieties of wheat are suitable in CHHINDWARA region under MP district?

Answer: In Madhya Pradesh wheat farming gives best result only when you sow on right time with right variety, so remember sowing time is Rabi season from 15 October to 15 November, this window gives best yield and also saves crop from diseases, late sowing till November end is possible if irrigation is there but early sowing always gives better crop, for varieties government recommends Lok-1, HI-8663 (Poshan), HI-1531 (Harshita), GW-322, JW-3173, JW-3382, JW-3211, Sujata, C-306, Amar, Amrita, Malavshree, Malav Shakti, HD-4728, HI-8759 (Pusa Tejas), HI-8737 (Pusa Anmol) and among them Lok-1 and GW-322 are famous for high yield and drought tolerance, Sujata is sharbati wheat with high protein, and HI-8663 (Poshan) is special bio-fortified for good nutrition, seed rate should be 40 kg per acre with spacing of 22–23 cm row to row and for late sown wheat reduce the line spacing to 15-18 cm and depth of 4–6 cm, crop gets ready in 120–140 days around March-April, with good management and MP govt varieties you can easily get 18–22 quintal per acre, so just follow certified seed, timely sowing, proper spacing, soil test for balanced fertilizer and crop rotation with pulses and you will get healthy wheat crop and strong income for your family.",Cereals,2012,10,29,Wheat,Chhindwara,Chaurai,Agriculture,Agriculture,Kharif,5,Satarupa Saha,22.2072,78.7988,494,9,28-8-2025,https://mpkrishi.mp.gov.in/hindisite_New/krishi_capsules_wheat_New.aspx/ https://agriculture.vikaspedia.in/viewcontent/agriculture/crop-production/package-of-practices/cereals-and-millets/wheat?lgn=en,3409,"{""id_"": ""843f3ffa-a224-4f7a-8f35-4b4c9576e1eb"", ""embedding"": null, ""metadata"": {""Category"": ""Cereals"", ""Year"": ""2012"", ""Month"": ""10"", ""Day"": ""29"", ""Crop"": ""Wheat"", ""State"": ""MADHYA PRADESH"", ""District"": ""CHHINDWARA"", ""BlockName"": ""CHAURAI"", ""Sector"": ""AGRICULTURE"", ""Sector (A)"": ""AGRICULTURE"", ""Season"": ""KHARIF"", ""QueryType"": ""5"", ""Agri Specialist"": ""Satarupa Saha"", ""latitude"": ""22.2072"", ""longitude"": ""78.7988"", ""cluster"": ""494"", ""num_questions_in_cluster"": ""9"", ""Date"": ""28-8-2025"", ""Source [Name and Link]"": ""https://mpkrishi.mp.gov.in/hindisite_New/krishi_capsules_wheat_New.aspx/ https://agriculture.vikaspedia.in/viewcontent/agriculture/crop-production/package-of-practices/cereals-and-millets/wheat?lgn=en"", ""SL No."": ""3409""}, ""excluded_embed_metadata_keys"": [], ""excluded_llm_metadata_keys"": [], ""relationships"": {""1"": {""node_id"": ""af50b1c1df118625db4c3d2e"", ""node_type"": ""4"", ""metadata"": {""Category"": ""Cereals"", ""Year"": ""2012"", ""Month"": ""10"", ""Day"": ""29"", ""Crop"": ""Wheat"", ""State"": ""MADHYA PRADESH"", ""District"": ""CHHINDWARA"", ""BlockName"": ""CHAURAI"", ""Sector"": ""AGRICULTURE"", ""Sector (A)"": ""AGRICULTURE"", ""Season"": ""KHARIF"", ""QueryType"": ""5"", ""Agri Specialist"": ""Satarupa Saha"", ""latitude"": ""22.2072"", ""longitude"": ""78.7988"", ""cluster"": ""494"", ""num_questions_in_cluster"": ""9"", ""Date"": ""28-8-2025"", ""Source [Name and Link]"": ""https://mpkrishi.mp.gov.in/hindisite_New/krishi_capsules_wheat_New.aspx/ https://agriculture.vikaspedia.in/viewcontent/agriculture/crop-production/package-of-practices/cereals-and-millets/wheat?lgn=en"", ""SL No."": ""3409""}, ""hash"": ""61dad0aad6f72fd69a98c1d69ef08b4b1864fee1b1931502709f38f1821b7952"", ""class_name"": ""RelatedNodeInfo""}}, ""metadata_template"": ""{key}: {value}"", ""metadata_separator"": ""\n"", ""text"": """", ""mimetype"": ""text/plain"", ""start_char_idx"": 0, ""end_char_idx"": 1351, ""metadata_seperator"": ""\n"", ""text_template"": ""{metadata_str}\n\n{content}"", ""class_name"": ""TextNode""}",TextNode,af50b1c1df118625db4c3d2e,af50b1c1df118625db4c3d2e,af50b1c1df118625db4c3d2e,Madhya Pradesh
211822f0-ea6f-4e96-b9eb-9cda4af89dc5,"Question: How can I control flower drop in cotton crop?

Answer: Flower drop is a significant problem in cotton cultivation that can severely reduce yield. While a certain amount of flower dropping (around 30-40%) is a normal physiological process for the cotton plant to manage its fruit load, but excessive shedding needs to mange. Flower drops occur in cotton may be due to several reason such as lack of water or excessive water application, high temperatures, nutrient imbalance(especially Nitrogen, Boron and Calcium), and pest and disease incidence. To control flower dropping in cotton, maintain optimal soil moisture, avoid waterlogging conditions by providing proper drainage, and apply NPK fertilizer based on soil test results. For severe flower drop, spray Planofix(Naphthalene Acetic Acid ) 4.5 SL @ 5 ml per 10 litres of water before flowering stage and repeat after 15-20 days if needed, which is very effective for controlling flower drop in cotton. Pests and diseases can contribute to flower dropping in cotton crops. Monitor your crop regularly and implement integrated pest management (IPM) practices to minimize pest populations and also identify and manage diseases promptly to prevent flower drop.",Fiber Crops,2012,9,20,Cotton,Khandwa (East Nimar),Khandwa,Agriculture,Agriculture,Kharif,26,Salim Sahaji,21.75,76.5833,450,25,,https://cicr.org.in/wp-content/uploads/Cotton_Crop_Protection_Strategies_2018.pdfhttps://agrostar.in/article/effective-way-to-ovrecome-from-flower-dropping-issue-in-cotton/598aed6c8616e2a482c833b7?language=en&state=maharashtra,3371,"{""id_"": ""211822f0-ea6f-4e96-b9eb-9cda4af89dc5"", ""embedding"": null, ""metadata"": {""Category"": ""Fiber Crops"", ""Year"": ""2012"", ""Month"": ""9"", ""Day"": ""20"", ""Crop"": ""Cotton Kapas"", ""State"": ""MADHYA PRADESH"", ""District"": ""EAST NIMAR"", ""BlockName"": ""KHANDWA"", ""Sector"": ""AGRICULTURE"", ""Sector (A)"": ""AGRICULTURE"", ""Season"": ""KHARIF"", ""QueryType"": ""26"", ""Agri Specialist"": ""Salim Sahaji"", ""latitude"": ""21.75"", ""longitude"": ""76.5833"", ""cluster"": ""450"", ""num_questions_in_cluster"": ""25"", ""Date"": """", ""Source [Name and Link]"": ""https://cicr.org.in/wp-content/uploads/Cotton_Crop_Protection_Strategies_2018.pdfhttps://agrostar.in/article/effective-way-to-ovrecome-from-flower-dropping-issue-in-cotton/598aed6c8616e2a482c833b7?language=en&state=maharashtra"", ""SL No."": ""3371""}, ""excluded_embed_metadata_keys"": [], ""excluded_llm_metadata_keys"": [], ""relationships"": {""1"": {""node_id"": ""fc979380b986e2a9cceb253e"", ""node_type"": ""4"", ""metadata"": {""Category"": ""Fiber Crops"", ""Year"": ""2012"", ""Month"": ""9"", ""Day"": ""20"", ""Crop"": ""Cotton Kapas"", ""State"": ""MADHYA PRADESH"", ""District"": ""EAST NIMAR"", ""BlockName"": ""KHANDWA"", ""Sector"": ""AGRICULTURE"", ""Sector (A)"": ""AGRICULTURE"", ""Season"": ""KHARIF"", ""QueryType"": ""26"", ""Agri Specialist"": ""Salim Sahaji"", ""latitude"": ""21.75"", ""longitude"": ""76.5833"", ""cluster"": ""450"", ""num_questions_in_cluster"": ""25"", ""Date"": """", ""Source [Name and Link]"": ""https://cicr.org.in/wp-content/uploads/Cotton_Crop_Protection_Strategies_2018.pdfhttps://agrostar.in/article/effective-way-to-ovrecome-from-flower-dropping-issue-in-cotton/598aed6c8616e2a482c833b7?language=en&state=maharashtra"", ""SL No."": ""3371""}, ""hash"": ""b502a3ee25cf96ff3b8eee6d95d0a07810b9a194be123e6aeeba2d12bb067462"", ""class_name"": ""RelatedNodeInfo""}}, ""metadata_template"": ""{key}: {value}"", ""metadata_separator"": ""\n"", ""text"": """", ""mimetype"": ""text/plain"", ""start_char_idx"": 0, ""end_char_idx"": 1221, ""metadata_seperator"": ""\n"", ""text_template"": ""{metadata_str}\n\n{content}"", ""class_name"": ""TextNode""}",TextNode,fc979380b986e2a9cceb253e,fc979380b986e2a9cceb253e,fc979380b986e2a9cceb253e,Madhya Pradesh
11f7389e-1385-40bf-a66e-a7b2bb96d670,"Question: What is the SMAM scheme and how can I apply it?

Answer: The Sub-Mission on Agricultural Mechanization (SMAM) is a centrally sponsored scheme that promotes agricultural mechanization across India, including Arunachal Pradesh. It generally provides a 40% subsidy for individual farmers (50% for SC/ST, women). In the North Eastern region, including Arunachal Pradesh, subsidy rates can go up to 80–90% for certain equipment, and approved farmer groups or entrepreneurs can receive financial assistance of up to ₹10 lakh for setting up Custom Hiring Centres. If you want to apply, visit https://agrimachinery.nic.in and submit the required documents such as Aadhaar, land records, bank details, and ID proof. It is also recommended to visit your District Agriculture Office and check the Arunachal Pradesh state agriculture portal for the latest NE-specific higher subsidy rates and updated guidelines.",all,2024,7,15,all,PAPUMPARE,all,Agriculture,Agriculture,Kharif,,Salim Sahaji,,,-1,,7-8-2025,https://agrimachinery.nic.in/GraphReport/SMAMFmtti/SMAMFmtti.aspx,636,"{""id_"": ""11f7389e-1385-40bf-a66e-a7b2bb96d670"", ""embedding"": null, ""metadata"": {""Category"": """", ""Year"": ""2024"", ""Month"": ""7"", ""Day"": ""15"", ""Crop"": ""GEN"", ""State"": ""ARUNACHAL PRADESH"", ""District"": ""PAPUMPARE"", ""BlockName"": """", ""Sector"": ""AGRICULTURE"", ""Sector (A)"": ""AGRICULTURE"", ""Season"": ""KHARIF"", ""QueryType"": """", ""Agri Specialist"": ""Salim Sahaji"", ""latitude"": """", ""longitude"": """", ""cluster"": ""-1"", ""num_questions_in_cluster"": """", ""Date"": ""7-8-2025"", ""Source [Name and Link]"": ""https://agrimachinery.nic.in/GraphReport/SMAMFmtti/SMAMFmtti.aspx"", ""SL No."": ""636""}, ""excluded_embed_metadata_keys"": [], ""excluded_llm_metadata_keys"": [], ""relationships"": {""1"": {""node_id"": ""bb5f89f61478e55dc3e4d6f3"", ""node_type"": ""4"", ""metadata"": {""Category"": """", ""Year"": ""2024"", ""Month"": ""7"", ""Day"": ""15"", ""Crop"": ""GEN"", ""State"": ""ARUNACHAL PRADESH"", ""District"": ""PAPUMPARE"", ""BlockName"": """", ""Sector"": ""AGRICULTURE"", ""Sector (A)"": ""AGRICULTURE"", ""Season"": ""KHARIF"", ""QueryType"": """", ""Agri Specialist"": ""Salim Sahaji"", ""latitude"": """", ""longitude"": """", ""cluster"": ""-1"", ""num_questions_in_cluster"": """", ""Date"": ""7-8-2025"", ""Source [Name and Link]"": ""https://agrimachinery.nic.in/GraphReport/SMAMFmtti/SMAMFmtti.aspx"", ""SL No."": ""636""}, ""hash"": ""947edda5bbbf04bfaf2b0bdd9a4dc57b56c464dab0f715c2d8d32b46757cf5bd"", ""class_name"": ""RelatedNodeInfo""}}, ""metadata_template"": ""{key}: {value}"", ""metadata_separator"": ""\n"", ""text"": """", ""mimetype"": ""text/plain"", ""start_char_idx"": 0, ""end_char_idx"": 910, ""metadata_seperator"": ""\n"", ""text_template"": ""{metadata_str}\n\n{content}"", ""class_name"": ""TextNode""}",TextNode,bb5f89f61478e55dc3e4d6f3,bb5f89f61478e55dc3e4d6f3,bb5f89f61478e55dc3e4d6f3,Arunachal Pradesh
f8c1478d-7ae8-469b-b2fa-907fe970ec24,"Question: Give information regarding RRTC?

Answer: The Regional Research and Training Centre (RRTC) in Tarn Taran is located at Booh village and is affiliated with Guru Angad Dev Veterinary and Animal Sciences University (GADVASU), Ludhiana. It is established to support farmers in the region, and focuses on training, research, and technology transfer related to veterinary and animal sciences, dairy, fisheries, and allied sectors. It also organizes various training programs, demonstrations, and welfare camps to benefit the local farming community. Farmer can directly visit the RRTC/KVK campus at Village Booh, Tarn Taran, where the Deputy Director or Programme Coordinator can be contacted for guidance and assistance.",all,2014,11,12,all,TARN TARAN,all,Animal Husbandry,Animal Husbandry,all,,Salim Sahaji,,,-1,,,,2118,"{""id_"": ""f8c1478d-7ae8-469b-b2fa-907fe970ec24"", ""embedding"": null, ""metadata"": {""Category"": """", ""Year"": ""2014"", ""Month"": ""11"", ""Day"": ""12"", ""Crop"": ""GEN"", ""State"": ""PUNJAB"", ""District"": ""TARN TARAN"", ""BlockName"": """", ""Sector"": ""ANMAL HUSBANDRY"", ""Sector (A)"": ""ANIMAL HUSBANDRY"", ""Season"": """", ""QueryType"": """", ""Agri Specialist"": ""Salim Sahaji"", ""latitude"": """", ""longitude"": """", ""cluster"": ""-1"", ""num_questions_in_cluster"": """", ""Date"": """", ""Source [Name and Link]"": """", ""SL No."": ""2118""}, ""excluded_embed_metadata_keys"": [], ""excluded_llm_metadata_keys"": [], ""relationships"": {""1"": {""node_id"": ""df2ca444bfdb00a893fcf098"", ""node_type"": ""4"", ""metadata"": {""Category"": """", ""Year"": ""2014"", ""Month"": ""11"", ""Day"": ""12"", ""Crop"": ""GEN"", ""State"": ""PUNJAB"", ""District"": ""TARN TARAN"", ""BlockName"": """", ""Sector"": ""ANMAL HUSBANDRY"", ""Sector (A)"": ""ANIMAL HUSBANDRY"", ""Season"": """", ""QueryType"": """", ""Agri Specialist"": ""Salim Sahaji"", ""latitude"": """", ""longitude"": """", ""cluster"": ""-1"", ""num_questions_in_cluster"": """", ""Date"": """", ""Source [Name and Link]"": """", ""SL No."": ""2118""}, ""hash"": ""7bf25e8fc52527661dd4be9c2a4c7f13669401b7841bc7670964c28b7a81c80e"", ""class_name"": ""RelatedNodeInfo""}}, ""metadata_template"": ""{key}: {value}"", ""metadata_separator"": ""\n"", ""text"": """", ""mimetype"": ""text/plain"", ""start_char_idx"": 0, ""end_char_idx"": 725, ""metadata_seperator"": ""\n"", ""text_template"": ""{metadata_str}\n\n{content}"", ""class_name"": ""TextNode""}",TextNode,df2ca444bfdb00a893fcf098,df2ca444bfdb00a893fcf098,df2ca444bfdb00a893fcf098,Punjab
0ea3a2cb-9dda-47d3-a83f-ccf12ea5f69e,"Question: How to control insect pests in Beans?

Answer: Beans in Madhya Pradesh are highly susceptible to several insect pests that can cause significant damage. The most common and destructive insects are the borers, jassids, aphids, and whiteflies. An Integrated Pest Management (IPM) approach is the most effective way to control these pests, combining cultural and chemical methods. Remove and destroy any old crop debris and weeds from the field, as they can harbor pests and their eggs. Summer deep ploughing helps to expose and kill pupae of pests like the shoot and fruit borer in the soil. For monitoring and mass trapping of the shoot and fruit borer moths, install 4-5 pheromone traps per acre. Place 15-20 yellow sticky traps per acre to monitor and trap sucking pests like whiteflies and jassids. When the pest population reaches the economic threshold level, chemical intervention is necessary. For the Shoot and Fruit Borer, you can use Chlorantraniliprole 18.5% SC @ 60 ml per acre (PHI: 3 days), Flubendiamide 39.35% SC @ 60-70 ml per acre (PHI: 7 days), Emamectin Benzoate 5% SG @ 60-80 ml per acre (PHI: 3 days). For Sucking Pests (Whiteflies, Aphids, Jassids), you can use Imidacloprid 17.8% SL @ 40-50 ml per acre (PHI: 7 days), Acetamiprid 20% SP @ 40-60 grams per acre (PHI: 5-7 days), Spiromesifen 22.9% SC @ 250 ml per acre (PHI: 7 days). Use a high volume of water, typically 200-250 liters per acre, to ensure the spray reaches all parts of the plant, especially the underside of the leaves.  To prevent insecticide resistance, do not use the same chemical class repeatedly. Apply the spray in the early morning or late afternoon when temperatures are lower and the wind is calm.",Vegetables,2016,3,29,Bean,Chhindwara,Amarwara,Horticulture,Horticulture,all,Plant Protection,Souvik Roy,22.2072,78.7988,699,3283,,,3625,"{""id_"": ""0ea3a2cb-9dda-47d3-a83f-ccf12ea5f69e"", ""embedding"": null, ""metadata"": {""Category"": ""Vegetables"", ""Year"": ""2016"", ""Month"": ""3"", ""Day"": ""29"", ""Crop"": ""Beans"", ""State"": ""MADHYA PRADESH"", ""District"": ""CHHINDWARA"", ""BlockName"": ""AMARWARA"", ""Sector"": ""HORTICULTURE"", ""Sector (A)"": ""HORTICULTURE"", ""Season"": """", ""QueryType"": ""Plant Protection"", ""Agri Specialist"": ""Khaja Suhaib Khaja Azharuddin"", ""latitude"": ""22.2072"", ""longitude"": ""78.7988"", ""cluster"": ""699"", ""num_questions_in_cluster"": ""3283"", ""Date"": """", ""Source [Name and Link]"": """", ""SL No."": ""3625""}, ""excluded_embed_metadata_keys"": [], ""excluded_llm_metadata_keys"": [], ""relationships"": {""1"": {""node_id"": ""1c9d2c52ca268a59b95d4dd8"", ""node_type"": ""4"", ""metadata"": {""Category"": ""Vegetables"", ""Year"": ""2016"", ""Month"": ""3"", ""Day"": ""29"", ""Crop"": ""Beans"", ""State"": ""MADHYA PRADESH"", ""District"": ""CHHINDWARA"", ""BlockName"": ""AMARWARA"", ""Sector"": ""HORTICULTURE"", ""Sector (A)"": ""HORTICULTURE"", ""Season"": """", ""QueryType"": ""Plant Protection"", ""Agri Specialist"": ""Khaja Suhaib Khaja Azharuddin"", ""latitude"": ""22.2072"", ""longitude"": ""78.7988"", ""cluster"": ""699"", ""num_questions_in_cluster"": ""3283"", ""Date"": """", ""Source [Name and Link]"": """", ""SL No."": ""3625""}, ""hash"": ""561a4625fa5bab970fe3f47229f34b97892599db604f2d0bb307e0dea19741ce"", ""class_name"": ""RelatedNodeInfo""}}, ""metadata_template"": ""{key}: {value}"", ""metadata_separator"": ""\n"", ""text"": """", ""mimetype"": ""text/plain"", ""start_char_idx"": 0, ""end_char_idx"": 1707, ""metadata_seperator"": ""\n"", ""text_template"": ""{metadata_str}\n\n{content}"", ""class_name"": ""TextNode""}",TextNode,1c9d2c52ca268a59b95d4dd8,1c9d2c52ca268a59b95d4dd8,1c9d2c52ca268a59b95d4dd8,Madhya Pradesh
73637a61-4a82-488e-bd90-a3b18dd403e2,"Question: Can I get the contact number of the Director of Extension Education in Ferozepur, Punjab?

Answer: if you want direct and trusted advice for your farming problems, the best place is Punjab Agricultural University (PAU), Ludhiana. Here the Director of Extension Education office is fully for farmers like us. They guide on varieties, fertilizer doses, pesticides, seed treatment, crop rotation, water use, and everything which is PAU-approved and safe. You can call Director of Extension Education, at 0161-2401644 (office) or mail him at directorext@pau.edu. If needed, you can also reach Additional Director, at 94176-26843 or adee@pau.edu. Call them in office hours, they give practical, field-ready solutions directly suited for Punjab soils and crops.",all,2017,4,3,all,Ferozepur,all,Agriculture,Agriculture,all,,Satarupa Saha,,,-1,,,,2418,"{""id_"": ""73637a61-4a82-488e-bd90-a3b18dd403e2"", ""embedding"": null, ""metadata"": {""Category"": """", ""Year"": ""2017"", ""Month"": ""4"", ""Day"": ""3"", ""Crop"": ""GENERAL"", ""State"": ""PUNJAB"", ""District"": ""FEROZPUR"", ""BlockName"": """", ""Sector"": ""AGRICULTURE"", ""Sector (A)"": ""AGRICULTURE"", ""Season"": """", ""QueryType"": """", ""Agri Specialist"": ""Satarupa Saha"", ""latitude"": """", ""longitude"": """", ""cluster"": ""-1"", ""num_questions_in_cluster"": """", ""Date"": """", ""Source [Name and Link]"": """", ""SL No."": ""2418""}, ""excluded_embed_metadata_keys"": [], ""excluded_llm_metadata_keys"": [], ""relationships"": {""1"": {""node_id"": ""2bff8ff42cdfc71d7be13143"", ""node_type"": ""4"", ""metadata"": {""Category"": """", ""Year"": ""2017"", ""Month"": ""4"", ""Day"": ""3"", ""Crop"": ""GENERAL"", ""State"": ""PUNJAB"", ""District"": ""FEROZPUR"", ""BlockName"": """", ""Sector"": ""AGRICULTURE"", ""Sector (A)"": ""AGRICULTURE"", ""Season"": """", ""QueryType"": """", ""Agri Specialist"": ""Satarupa Saha"", ""latitude"": """", ""longitude"": """", ""cluster"": ""-1"", ""num_questions_in_cluster"": """", ""Date"": """", ""Source [Name and Link]"": """", ""SL No."": ""2418""}, ""hash"": ""6cdc5e9d861d1e4f229859548759cf6c449e7e2f6002360a00bbe4e18dbd1aa0"", ""class_name"": ""RelatedNodeInfo""}}, ""metadata_template"": ""{key}: {value}"", ""metadata_separator"": ""\n"", ""text"": """", ""mimetype"": ""text/plain"", ""start_char_idx"": 0, ""end_char_idx"": 765, ""metadata_seperator"": ""\n"", ""text_template"": ""{metadata_str}\n\n{content}"", ""class_name"": ""TextNode""}",TextNode,2bff8ff42cdfc71d7be13143,2bff8ff42cdfc71d7be13143,2bff8ff42cdfc71d7be13143,Punjab
31ca3985-28fc-45e2-8b1a-881ec0beb483,"Question: How to use Ziam in paddy?

Answer: In Punjab’s paddy (dhaan) fields,  Ziam is a ready-mix fungicide containing Hexaconazole 4% + Zineb 68% WP, and it works very well against stem rot caused by Sclerotium oryzae, plus it also helps control sheath blight and other fungal problems. The benefit is double — Hexaconazole stops the fungus inside the plant, and Zineb protects the plant surface so the disease doesn’t spread further. For stem rot, as soon as you see the first signs — black rotting at the stem base, white fungus growth, and mustard-like sclerotia — dissolve 300–400 g Ziam per acre in about 200 litres of water and spray with a knapsack or power sprayer, ensuring the spray is directed at the base of the tillers. Cover the plants evenly, but don’t spray in strong midday sun; early morning or late afternoon is best. If needed, repeat after 10–12 days, and always keep a 15-day PHI before harvesting for safe grain. In badly infected fields, drain out extra water for 4–5 days and avoid giving too much nitrogen, as stem rot loves wet, humid conditions. As an alternative, you can use other Punjab-approved fungicides like Hexaconazole 5% EC @ 400 ml/acre, Propiconazole 25% EC @ 200 ml/acre, or Validamycin 3% L @ 400 ml/acre in 200 litres water. For longer-term control, mix Trichoderma harzianum @ 1 kg/acre with FYM and apply at puddling or transplanting to cut down fungus in the soil. By using Ziam or its alternatives on time, along with resistant varieties like PR 126, PR 127, PR 128, proper water management, and removing old crop residue, you can keep stem rot under control, protect your yield, and get clean, good-quality grain for a better mandi rate.",all,2012,8,17,Paddy,Bathinda,all,Agriculture,Agriculture,Kharif,,Satarupa Saha,,,-1,,,,1294,"{""id_"": ""31ca3985-28fc-45e2-8b1a-881ec0beb483"", ""embedding"": null, ""metadata"": {""Category"": """", ""Year"": ""2012"", ""Month"": ""8"", ""Day"": ""17"", ""Crop"": ""Paddy"", ""State"": ""PUNJAB"", ""District"": ""BHATINDA"", ""BlockName"": """", ""Sector"": ""AGRICULTURE"", ""Sector (A)"": ""AGRICULTURE"", ""Season"": ""KHARIF"", ""QueryType"": """", ""Agri Specialist"": ""Satarupa Saha"", ""latitude"": """", ""longitude"": """", ""cluster"": ""-1"", ""num_questions_in_cluster"": """", ""Date"": """", ""Source [Name and Link]"": """", ""SL No."": ""1294""}, ""excluded_embed_metadata_keys"": [], ""excluded_llm_metadata_keys"": [], ""relationships"": {""1"": {""node_id"": ""f5a339b6643f42acc222e11a"", ""node_type"": ""4"", ""metadata"": {""Category"": """", ""Year"": ""2012"", ""Month"": ""8"", ""Day"": ""17"", ""Crop"": ""Paddy"", ""State"": ""PUNJAB"", ""District"": ""BHATINDA"", ""BlockName"": """", ""Sector"": ""AGRICULTURE"", ""Sector (A)"": ""AGRICULTURE"", ""Season"": ""KHARIF"", ""QueryType"": """", ""Agri Specialist"": ""Satarupa Saha"", ""latitude"": """", ""longitude"": """", ""cluster"": ""-1"", ""num_questions_in_cluster"": """", ""Date"": """", ""Source [Name and Link]"": """", ""SL No."": ""1294""}, ""hash"": ""f74d6ce3b1325ddd146927a365f745df9bc10fbb30c2c0fe72057382131ae560"", ""class_name"": ""RelatedNodeInfo""}}, ""metadata_template"": ""{key}: {value}"", ""metadata_separator"": ""\n"", ""text"": """", ""mimetype"": ""text/plain"", ""start_char_idx"": 0, ""end_char_idx"": 1688, ""metadata_seperator"": ""\n"", ""text_template"": ""{metadata_str}\n\n{content}"", ""class_name"": ""TextNode""}",TextNode,f5a339b6643f42acc222e11a,f5a339b6643f42acc222e11a,f5a339b6643f42acc222e11a,Punjab
b8d8355d-1604-4108-984a-d27afb116441,"Question: How should I treat Basmati rice nursery before transplanting?

Answer: Basmati paddy is a Kharif season crop, nursery is raised in June for transplanting in July. Nursery management plays a very important role in getting a healthy and uniform crop later. To grow healthy and uniform Basmati seedlings, it is very important to protect the nursery from diseases right from the start. For fungal diseases like blast and sheath blight, you can either drench the seedbed with a solution of Carbendazim 50 WP at 2 g per litre of water, or treat your seed with Trichoderma harzianum at 5 g per kg of seed before sowing. This will help prevent harmful fungi from attacking young plants. For bacterial blight prevention, mix Bleaching powder at 10 g per square metre of the nursery bed into the moist soil before sowing or dip the root of the seedlings in Streptocycline 0.02% solution for 30 minutes before transplanting. This reduces the risk of bacterial diseases. By following these steps, your seedlings will grow strong, disease-free, and ready for successful transplanting, helping you get a better quality and higher yield of Basmati rice.",all,2012,6,28,Basmati - Paddy,Amritsar,all,Agriculture,Agriculture,Zaid,,Anjali Chauhan,,,-1,,9-8-2025,,1241,"{""id_"": ""b8d8355d-1604-4108-984a-d27afb116441"", ""embedding"": null, ""metadata"": {""Category"": """", ""Year"": ""2012"", ""Month"": ""6"", ""Day"": ""28"", ""Crop"": ""Basmati"", ""State"": ""PUNJAB"", ""District"": ""AMRITSAR"", ""BlockName"": """", ""Sector"": ""AGRICULTURE"", ""Sector (A)"": ""AGRICULTURE"", ""Season"": ""JAYAD"", ""QueryType"": """", ""Agri Specialist"": ""Anjali Chauhan"", ""latitude"": """", ""longitude"": """", ""cluster"": ""-1"", ""num_questions_in_cluster"": """", ""Date"": ""9-8-2025"", ""Source [Name and Link]"": """", ""SL No."": ""1241""}, ""excluded_embed_metadata_keys"": [], ""excluded_llm_metadata_keys"": [], ""relationships"": {""1"": {""node_id"": ""19e6e7ede9653fb7e0d467b1"", ""node_type"": ""4"", ""metadata"": {""Category"": """", ""Year"": ""2012"", ""Month"": ""6"", ""Day"": ""28"", ""Crop"": ""Basmati"", ""State"": ""PUNJAB"", ""District"": ""AMRITSAR"", ""BlockName"": """", ""Sector"": ""AGRICULTURE"", ""Sector (A)"": ""AGRICULTURE"", ""Season"": ""JAYAD"", ""QueryType"": """", ""Agri Specialist"": ""Anjali Chauhan"", ""latitude"": """", ""longitude"": """", ""cluster"": ""-1"", ""num_questions_in_cluster"": """", ""Date"": ""9-8-2025"", ""Source [Name and Link]"": """", ""SL No."": ""1241""}, ""hash"": ""b408a0b699938916e9166f353c00bb4b6d0034dadc17d62dd9453662d82b59fb"", ""class_name"": ""RelatedNodeInfo""}}, ""metadata_template"": ""{key}: {value}"", ""metadata_separator"": ""\n"", ""text"": """", ""mimetype"": ""text/plain"", ""start_char_idx"": 0, ""end_char_idx"": 1148, ""metadata_seperator"": ""\n"", ""text_template"": ""{metadata_str}\n\n{content}"", ""class_name"": ""TextNode""}",TextNode,19e6e7ede9653fb7e0d467b1,19e6e7ede9653fb7e0d467b1,19e6e7ede9653fb7e0d467b1,Punjab
b37e1959-1e73-4966-b0c5-f8b606612fbe,"Question: How to prepare urea in erode Tamil Nadu?

Answer: To prepare Urea Karaisal for the Kharif season in Erode, Tamil Nadu, dissolve 1 kg of urea in 100 liters of water to create a 1% urea solution. Apply this solution as a foliar spray at the early vegetative stage of crops like pulses, vegetables, or cereals. Use 10 g of urea per liter of water to ensure proper nitrogen uptake. Foliar sprays are most effective when applied in the early morning or late evening, avoiding the intense midday sun to prevent evaporation and minimize leaf burn. This method provides essential nitrogen to boost plant growth, enhancing leaf and root development, without the need for sugar or jaggery, which may promote microbial contamination.",all,2009,2,15,all,Erode,all,Agriculture,Agriculture,Kharif,,Chaitanya Sameera Sandaka,,,-1,,8-8-2025,"Sources:
https://dir.indiamart.com/erode/urea.html 
https://www.youtube.com/watch?v=vubEkywfsRI",2724,"{""id_"": ""b37e1959-1e73-4966-b0c5-f8b606612fbe"", ""embedding"": null, ""metadata"": {""Category"": """", ""Year"": ""2009"", ""Month"": ""2"", ""Day"": ""15"", ""Crop"": ""Gen"", ""State"": ""TAMILNADU"", ""District"": ""ERODE"", ""BlockName"": """", ""Sector"": ""AGRICULTURE"", ""Sector (A)"": ""AGRICULTURE"", ""Season"": ""KHARIF"", ""QueryType"": """", ""Agri Specialist"": ""Chaitanya Sameera Sandaka"", ""latitude"": """", ""longitude"": """", ""cluster"": ""-1"", ""num_questions_in_cluster"": """", ""Date"": ""8-8-2025"", ""Source [Name and Link]"": ""Sources:\nhttps://dir.indiamart.com/erode/urea.html \nhttps://www.youtube.com/watch?v=vubEkywfsRI"", ""SL No."": ""2724""}, ""excluded_embed_metadata_keys"": [], ""excluded_llm_metadata_keys"": [], ""relationships"": {""1"": {""node_id"": ""7e628066c989e6e378a7eed0"", ""node_type"": ""4"", ""metadata"": {""Category"": """", ""Year"": ""2009"", ""Month"": ""2"", ""Day"": ""15"", ""Crop"": ""Gen"", ""State"": ""TAMILNADU"", ""District"": ""ERODE"", ""BlockName"": """", ""Sector"": ""AGRICULTURE"", ""Sector (A)"": ""AGRICULTURE"", ""Season"": ""KHARIF"", ""QueryType"": """", ""Agri Specialist"": ""Chaitanya Sameera Sandaka"", ""latitude"": """", ""longitude"": """", ""cluster"": ""-1"", ""num_questions_in_cluster"": """", ""Date"": ""8-8-2025"", ""Source [Name and Link]"": ""Sources:\nhttps://dir.indiamart.com/erode/urea.html \nhttps://www.youtube.com/watch?v=vubEkywfsRI"", ""SL No."": ""2724""}, ""hash"": ""c799fc6f8abd5a83b5c4d9dbfe9262826f6fe9e589a9f833a9a5cf184f0a1760"", ""class_name"": ""RelatedNodeInfo""}}, ""metadata_template"": ""{key}: {value}"", ""metadata_separator"": ""\n"", ""text"": """", ""mimetype"": ""text/plain"", ""start_char_idx"": 0, ""end_char_idx"": 732, ""metadata_seperator"": ""\n"", ""text_template"": ""{metadata_str}\n\n{content}"", ""class_name"": ""TextNode""}",TextNode,7e628066c989e6e378a7eed0,7e628066c989e6e378a7eed0,7e628066c989e6e378a7eed0,Tamil Nadu
cc8fc785-ed04-4ed7-9153-7fba769c431c,"Question: What are the best methods to control termite attack in Cotton crop?

Answer: In cotton during the zaid season, termites attack young plants by feeding on roots and stems near the soil surface, causing plants to wilt and die. Early signs include wilting seedlings and visible termite tunnels around roots. If infestation is noticed, apply imidacloprid 30.5% SC @ 2.1 ml/L around plant base or use fipronil 5% SC @ 1 ml/L as soil drenching, before sowing. Maintaining field hygiene by removing old crop residues and stubbles helps reduce termite habitats. Also, avoid excessive irrigation, as moist soil encourages termite activity. These measures together help protect cotton crops from termite damage effectively.",all,2010,7,23,Cotton,Hisar,Agroha,Agriculture,Agriculture,Zaid,3,Chaitanya Sameera Sandaka,29.8573,76.4545,1550,35,4-8-2025,https://www.researchgate.net/publication/351577912_Termites_in_Important_Crops_and_Their_Management,288,"{""id_"": ""cc8fc785-ed04-4ed7-9153-7fba769c431c"", ""embedding"": null, ""metadata"": {""Category"": ""0"", ""Year"": ""2010"", ""Month"": ""7"", ""Day"": ""23"", ""Crop"": ""Cotton"", ""State"": ""Haryana"", ""District"": ""Hissar"", ""BlockName"": ""Agroha"", ""Sector"": ""AGRICULTURE"", ""Sector (A)"": ""AGRICULTURE"", ""Season"": ""Jayad"", ""QueryType"": ""3"", ""Agri Specialist"": ""Chaitanya Sameera Sandaka"", ""latitude"": ""29.8573"", ""longitude"": ""76.4545"", ""cluster"": ""1550"", ""num_questions_in_cluster"": ""35"", ""Date"": ""4-8-2025"", ""Source [Name and Link]"": ""https://www.researchgate.net/publication/351577912_Termites_in_Important_Crops_and_Their_Management"", ""SL No."": ""288""}, ""excluded_embed_metadata_keys"": [], ""excluded_llm_metadata_keys"": [], ""relationships"": {""1"": {""node_id"": ""9cefa4cc711111a0d5e59fbb"", ""node_type"": ""4"", ""metadata"": {""Category"": ""0"", ""Year"": ""2010"", ""Month"": ""7"", ""Day"": ""23"", ""Crop"": ""Cotton"", ""State"": ""Haryana"", ""District"": ""Hissar"", ""BlockName"": ""Agroha"", ""Sector"": ""AGRICULTURE"", ""Sector (A)"": ""AGRICULTURE"", ""Season"": ""Jayad"", ""QueryType"": ""3"", ""Agri Specialist"": ""Chaitanya Sameera Sandaka"", ""latitude"": ""29.8573"", ""longitude"": ""76.4545"", ""cluster"": ""1550"", ""num_questions_in_cluster"": ""35"", ""Date"": ""4-8-2025"", ""Source [Name and Link]"": ""https://www.researchgate.net/publication/351577912_Termites_in_Important_Crops_and_Their_Management"", ""SL No."": ""288""}, ""hash"": ""13600a4481b1bbb49384a94c048b1653c16b2deb4652589ea9d3cf19a47c7f48"", ""class_name"": ""RelatedNodeInfo""}}, ""metadata_template"": ""{key}: {value}"", ""metadata_separator"": ""\n"", ""text"": """", ""mimetype"": ""text/plain"", ""start_char_idx"": 0, ""end_char_idx"": 723, ""metadata_seperator"": ""\n"", ""text_template"": ""{metadata_str}\n\n{content}"", ""class_name"": ""TextNode""}",TextNode,9cefa4cc711111a0d5e59fbb,9cefa4cc711111a0d5e59fbb,9cefa4cc711111a0d5e59fbb,Haryana
5561f21b-e19e-4a09-873f-4cc1bf1cf0ea,"Question: Give information regarding kesar (saffron)?

Answer: Saffron (locally known as Kesar) is a very high-value spice crop, but unfortunately the climate of Punjab is not suitable for its successful cultivation. Saffron requires a cold and dry climate with warm summers and very cold winters, which is naturally found in areas like Kashmir and some hilly regions. In Punjab, the winters are not cold enough and summers are too humid, which leads to rotting of saffron corms and very low flower yield. If you are interested in saffron farming, it is better to consider contract farming or joint ventures in Jammu & Kashmir or Himachal Pradesh where the climate is suitable. For farmers in Punjab, experts recommend going for other high-value alternatives such as marigold, chrysanthemum for flowers, or aromatic crops like mentha, lemongrass, or stevia, which are well adapted to Punjab’s climate and also give good returns.",all,2014,1,19,Saffron,PATIALA,all,Agriculture,Agriculture,Zaid,,Anjali Chauhan,,,-1,,16-8-2025,,2009,"{""id_"": ""5561f21b-e19e-4a09-873f-4cc1bf1cf0ea"", ""embedding"": null, ""metadata"": {""Category"": """", ""Year"": ""2014"", ""Month"": ""1"", ""Day"": ""19"", ""Crop"": ""KESAR"", ""State"": ""PUNJAB"", ""District"": ""PATIALA"", ""BlockName"": """", ""Sector"": ""AGRICULTURE"", ""Sector (A)"": ""AGRICULTURE"", ""Season"": ""JAYAD"", ""QueryType"": """", ""Agri Specialist"": ""Anjali Chauhan"", ""latitude"": """", ""longitude"": """", ""cluster"": ""-1"", ""num_questions_in_cluster"": """", ""Date"": ""16-8-2025"", ""Source [Name and Link]"": """", ""SL No."": ""2009""}, ""excluded_embed_metadata_keys"": [], ""excluded_llm_metadata_keys"": [], ""relationships"": {""1"": {""node_id"": ""bf517543eb4ddf9ede5c1b24"", ""node_type"": ""4"", ""metadata"": {""Category"": """", ""Year"": ""2014"", ""Month"": ""1"", ""Day"": ""19"", ""Crop"": ""KESAR"", ""State"": ""PUNJAB"", ""District"": ""PATIALA"", ""BlockName"": """", ""Sector"": ""AGRICULTURE"", ""Sector (A)"": ""AGRICULTURE"", ""Season"": ""JAYAD"", ""QueryType"": """", ""Agri Specialist"": ""Anjali Chauhan"", ""latitude"": """", ""longitude"": """", ""cluster"": ""-1"", ""num_questions_in_cluster"": """", ""Date"": ""16-8-2025"", ""Source [Name and Link]"": """", ""SL No."": ""2009""}, ""hash"": ""fcf08ddf75fafdd137744070494b19216d5c43ebbcd9de30f1e12d1ba7c7ca1d"", ""class_name"": ""RelatedNodeInfo""}}, ""metadata_template"": ""{key}: {value}"", ""metadata_separator"": ""\n"", ""text"": """", ""mimetype"": ""text/plain"", ""start_char_idx"": 0, ""end_char_idx"": 928, ""metadata_seperator"": ""\n"", ""text_template"": ""{metadata_str}\n\n{content}"", ""class_name"": ""TextNode""}",TextNode,bf517543eb4ddf9ede5c1b24,bf517543eb4ddf9ede5c1b24,bf517543eb4ddf9ede5c1b24,Punjab
c6242f8c-1666-4f49-b5c9-f7457f41a598,"Question: How to control Fruit blast/Orange blast?

Answer: Citrus scab(Orange blast) affected fruits show water-soaked brown spots on the fruit's surface that turn into large black or brown spots and may drop prematurely. Orange blast is vulnerable during cool, wet, and windy conditions, so proper control measures should be adapted to reduce yield loss. To control and treat citrus scab (fruit blast) in orange, regularly prune out dead, infected twigs, collect and destroy infected fruits and plant debris, sanitize pruning tools between cuts to stop the spread, plant windbreak around the orchard field to protect it from strong winds, avoid the use of excessive nitrogen fertilizer in late season, ensure proper drainage to avoid waterlogging. Apply Copper Oxychloride 50 WP @ 600 grams in 200 litres of water or Bordeaux mixture 1% (1 kg copper sulphate+1 kg quick lime+100 litres water) immediately after fruit harvest and before the onset of the rainy season and repeat spray in April against in July, to August for effective control. The PHI(Pre-Harvest Interval) period for copper oxychloride and Bordeaux mixture is 7-14 days.",all,2012,10,25,Citrus,PATIALA,all,Horticulture,Horticulture,Rabi,,Salim Sahaji,,,-1,,14-8-2025,https://ipm.ucanr.edu/agriculture/citrus/bacterial-blast-citrus-blast/,1323,"{""id_"": ""c6242f8c-1666-4f49-b5c9-f7457f41a598"", ""embedding"": null, ""metadata"": {""Category"": """", ""Year"": ""2012"", ""Month"": ""10"", ""Day"": ""25"", ""Crop"": ""Orange"", ""State"": ""PUNJAB"", ""District"": ""PATIALA"", ""BlockName"": """", ""Sector"": ""HORTICULTURE"", ""Sector (A)"": ""HORTICULTURE"", ""Season"": ""RABI"", ""QueryType"": """", ""Agri Specialist"": ""Salim Sahaji"", ""latitude"": """", ""longitude"": """", ""cluster"": ""-1"", ""num_questions_in_cluster"": """", ""Date"": ""14-8-2025"", ""Source [Name and Link]"": ""https://ipm.ucanr.edu/agriculture/citrus/bacterial-blast-citrus-blast/"", ""SL No."": ""1323""}, ""excluded_embed_metadata_keys"": [], ""excluded_llm_metadata_keys"": [], ""relationships"": {""1"": {""node_id"": ""af43fea22d804c6e155d954f"", ""node_type"": ""4"", ""metadata"": {""Category"": """", ""Year"": ""2012"", ""Month"": ""10"", ""Day"": ""25"", ""Crop"": ""Orange"", ""State"": ""PUNJAB"", ""District"": ""PATIALA"", ""BlockName"": """", ""Sector"": ""HORTICULTURE"", ""Sector (A)"": ""HORTICULTURE"", ""Season"": ""RABI"", ""QueryType"": """", ""Agri Specialist"": ""Salim Sahaji"", ""latitude"": """", ""longitude"": """", ""cluster"": ""-1"", ""num_questions_in_cluster"": """", ""Date"": ""14-8-2025"", ""Source [Name and Link]"": ""https://ipm.ucanr.edu/agriculture/citrus/bacterial-blast-citrus-blast/"", ""SL No."": ""1323""}, ""hash"": ""16cbaa1e220af2ff0881fb27394175dc996de19457e0cffdc630469585829915"", ""class_name"": ""RelatedNodeInfo""}}, ""metadata_template"": ""{key}: {value}"", ""metadata_separator"": ""\n"", ""text"": """", ""mimetype"": ""text/plain"", ""start_char_idx"": 0, ""end_char_idx"": 1138, ""metadata_seperator"": ""\n"", ""text_template"": ""{metadata_str}\n\n{content}"", ""class_name"": ""TextNode""}",TextNode,af43fea22d804c6e155d954f,af43fea22d804c6e155d954f,af43fea22d804c6e155d954f,Punjab
1463d3fb-8e6a-428c-989f-4521c0abbcfa,"Question: What is the difference between MOP and SOP?

Answer: MOP (muriate of potash) and SOP (sulphate of potash) are highly demanded by farmers. MOP contains 60-61% K₂O (potassium oxide) 0-0-60 (0% nitrogen, 0% phosphorus, and 60% potassium) (10-20 kg/acre for fertigation for vegetables crops) and is preferred as a mid-range fertilizer, which is better for root development and fruit formation, reduces seedling damage, and is cheaper. MOP is mostly used in cereal crops like maize, wheat, groundnut, rice, etc., whereas SOP (0-0-50-46, with 0% nitrogen, 0% phosphorus, 50% potassium, and 46% sulfur) (15-25 kg/acre) is widely used for growing sensitive crops like fruits, vegetables, tobacco, etc. It is suitable for saline soils.",all,2009,7,22,all,SATARA,all,Agriculture,Agriculture,Zaid,,Tejas R. Dange,,,-1,,6-8-2025,"https://kvk.icar.gov.in/API/Content/PPupload/p2984_49.pdf
https://www.iiss.icar.gov.in/
https://www.maharashtraagriculture.gov.in/Fertilizer/Guidelines.pdf
https://soilhealth.dac.gov.in
https://www.ncof.dac.gov.in",394,"{""id_"": ""1463d3fb-8e6a-428c-989f-4521c0abbcfa"", ""embedding"": null, ""metadata"": {""Category"": """", ""Year"": ""2009"", ""Month"": ""7"", ""Day"": ""22"", ""Crop"": ""GEN"", ""State"": ""MAHARASHTRA"", ""District"": ""SATARA"", ""BlockName"": """", ""Sector"": ""AGRICULTURE"", ""Sector (A)"": ""AGRICULTURE"", ""Season"": ""JAYAD"", ""QueryType"": """", ""Agri Specialist"": ""Tejas R. Dange"", ""latitude"": """", ""longitude"": """", ""cluster"": ""-1"", ""num_questions_in_cluster"": """", ""Date"": ""6-8-2025"", ""Source [Name and Link]"": ""https://kvk.icar.gov.in/API/Content/PPupload/p2984_49.pdf\nhttps://www.iiss.icar.gov.in/\nhttps://www.maharashtraagriculture.gov.in/Fertilizer/Guidelines.pdf\nhttps://soilhealth.dac.gov.in\nhttps://www.ncof.dac.gov.in"", ""SL No."": ""394""}, ""excluded_embed_metadata_keys"": [], ""excluded_llm_metadata_keys"": [], ""relationships"": {""1"": {""node_id"": ""0626ef646179beda6e7403bc"", ""node_type"": ""4"", ""metadata"": {""Category"": """", ""Year"": ""2009"", ""Month"": ""7"", ""Day"": ""22"", ""Crop"": ""GEN"", ""State"": ""MAHARASHTRA"", ""District"": ""SATARA"", ""BlockName"": """", ""Sector"": ""AGRICULTURE"", ""Sector (A)"": ""AGRICULTURE"", ""Season"": ""JAYAD"", ""QueryType"": """", ""Agri Specialist"": ""Tejas R. Dange"", ""latitude"": """", ""longitude"": """", ""cluster"": ""-1"", ""num_questions_in_cluster"": """", ""Date"": ""6-8-2025"", ""Source [Name and Link]"": ""https://kvk.icar.gov.in/API/Content/PPupload/p2984_49.pdf\nhttps://www.iiss.icar.gov.in/\nhttps://www.maharashtraagriculture.gov.in/Fertilizer/Guidelines.pdf\nhttps://soilhealth.dac.gov.in\nhttps://www.ncof.dac.gov.in"", ""SL No."": ""394""}, ""hash"": ""fbbc7adfc75a4e70540a0d7ff2236879fa583727cdf60b248ed573dc0cffdea9"", ""class_name"": ""RelatedNodeInfo""}}, ""metadata_template"": ""{key}: {value}"", ""metadata_separator"": ""\n"", ""text"": """", ""mimetype"": ""text/plain"", ""start_char_idx"": 0, ""end_char_idx"": 736, ""metadata_seperator"": ""\n"", ""text_template"": ""{metadata_str}\n\n{content}"", ""class_name"": ""TextNode""}",TextNode,0626ef646179beda6e7403bc,0626ef646179beda6e7403bc,0626ef646179beda6e7403bc,Maharashtra
f9534971-5c92-4a44-acbb-0235043f38fb,"Question: Can you give me the information about Fisheries?

Answer: Fisheries in Chhatarpur district, Madhya Pradesh, are an important part of the local economy and food supply, driven by the district's various water bodies like dams, rivers, and ponds. The government's Department of Fisheries and various schemes aim to promote fish farming and support the local fishing community. Chhatarpur, like other parts of the Bundelkhand region, has a mix of dams, reservoirs, and ponds that are used for fish farming and fishing. The Rangwan Dam and Banisagar Dam are notable examples where a rich variety of fish species, both indigenous and cultured, are found. A study of the Rangwan Dam found a high fish diversity, with over 27 species. The fisheries in Chhatarpur and the broader region primarily focus on cultivating and catching commercially important fish. The main species include: Indian Major Carps (IMCs), Exotic Carps, and Catfishes. The Department of Fisheries in Madhya Pradesh implements several central and state-level schemes to develop the fisheries sector in districts like Chhatarpur. These schemes provide financial and technical support to fish farmers and fisher communities, such as Pradhan Mantri Matsya Sampada Yojana (PMMSY), Mukhyamantri Machhua Samridhi Yojana, and National Agricultural Development Scheme (Rashtriya Krishi Vikas Yojana). The Department of Fisheries in Chhatarpur is responsible for implementing these schemes, providing training, and offering technical assistance to local fish farmers. For specific details on schemes or registration, farmers in Chhatarpur should contact the local fisheries office.",Inland,2019,7,17,Fishery,Chhatarpur,Chhatarpur,Fishery,FIshery,all,Tank Pond and Reservoir Management,Souvik Roy,24.7606,79.6782,890,9,2-9-2025,"https://nfdb.gov.in/welcome/PMMSY?hl=en-IN#:~:text=Pradhan%20Mantri%20Matsya%20Sampada%20Yojana,on%20PMMSY%20on%2026.05.2020  https://rewadivisionmp.nic.in/en/fisheries/?hl=en-IN#:~:text=The%20department%20mainly%20operates%20fishery,Last%20Updated%3A%20Apr%2025%2C%202025  https://www.researchgate.net/publication/341542025_Role_of_biodiversity_in_human_and_environmental_challenges_Fish_diversity_in_Rangwan_Dam_at_Chhatarpur_in_Madhya_Pradesh_India?hl=en-IN",3844,"{""id_"": ""f9534971-5c92-4a44-acbb-0235043f38fb"", ""embedding"": null, ""metadata"": {""Category"": ""Inland"", ""Year"": ""2019"", ""Month"": ""7"", ""Day"": ""17"", ""Crop"": ""Fish"", ""State"": ""MADHYA PRADESH"", ""District"": ""CHHATARPUR"", ""BlockName"": ""CHHATARPUR"", ""Sector"": ""FISHERIES"", ""Sector (A)"": ""FISHERY"", ""Season"": """", ""QueryType"": ""Tank Pond and Reservoir Management"", ""Agri Specialist"": ""Khaja Suhaib Khaja Azharuddin"", ""latitude"": ""24.7606"", ""longitude"": ""79.6782"", ""cluster"": ""890"", ""num_questions_in_cluster"": ""9"", ""Date"": ""2-9-2025"", ""Source [Name and Link]"": ""https://nfdb.gov.in/welcome/PMMSY?hl=en-IN#:~:text=Pradhan%20Mantri%20Matsya%20Sampada%20Yojana,on%20PMMSY%20on%2026.05.2020  https://rewadivisionmp.nic.in/en/fisheries/?hl=en-IN#:~:text=The%20department%20mainly%20operates%20fishery,Last%20Updated%3A%20Apr%2025%2C%202025  https://www.researchgate.net/publication/341542025_Role_of_biodiversity_in_human_and_environmental_challenges_Fish_diversity_in_Rangwan_Dam_at_Chhatarpur_in_Madhya_Pradesh_India?hl=en-IN"", ""SL No."": ""3844""}, ""excluded_embed_metadata_keys"": [], ""excluded_llm_metadata_keys"": [], ""relationships"": {""1"": {""node_id"": ""a1331489166b71ba5ef291b3"", ""node_type"": ""4"", ""metadata"": {""Category"": ""Inland"", ""Year"": ""2019"", ""Month"": ""7"", ""Day"": ""17"", ""Crop"": ""Fish"", ""State"": ""MADHYA PRADESH"", ""District"": ""CHHATARPUR"", ""BlockName"": ""CHHATARPUR"", ""Sector"": ""FISHERIES"", ""Sector (A)"": ""FISHERY"", ""Season"": """", ""QueryType"": ""Tank Pond and Reservoir Management"", ""Agri Specialist"": ""Khaja Suhaib Khaja Azharuddin"", ""latitude"": ""24.7606"", ""longitude"": ""79.6782"", ""cluster"": ""890"", ""num_questions_in_cluster"": ""9"", ""Date"": ""2-9-2025"", ""Source [Name and Link]"": ""https://nfdb.gov.in/welcome/PMMSY?hl=en-IN#:~:text=Pradhan%20Mantri%20Matsya%20Sampada%20Yojana,on%20PMMSY%20on%2026.05.2020  https://rewadivisionmp.nic.in/en/fisheries/?hl=en-IN#:~:text=The%20department%20mainly%20operates%20fishery,Last%20Updated%3A%20Apr%2025%2C%202025  https://www.researchgate.net/publication/341542025_Role_of_biodiversity_in_human_and_environmental_challenges_Fish_diversity_in_Rangwan_Dam_at_Chhatarpur_in_Madhya_Pradesh_India?hl=en-IN"", ""SL No."": ""3844""}, ""hash"": ""ae21733056602382d3ffa0619c04140c0f7d9e300f2f73de567e030d23c3c7c7"", ""class_name"": ""RelatedNodeInfo""}}, ""metadata_template"": ""{key}: {value}"", ""metadata_separator"": ""\n"", ""text"": """", ""mimetype"": ""text/plain"", ""start_char_idx"": 0, ""end_char_idx"": 1645, ""metadata_seperator"": ""\n"", ""text_template"": ""{metadata_str}\n\n{content}"", ""class_name"": ""TextNode""}",TextNode,a1331489166b71ba5ef291b3,a1331489166b71ba5ef291b3,a1331489166b71ba5ef291b3,Madhya Pradesh
78e5852e-31c6-4abd-9350-6678f3c96652,"Question: Which improved varieties of Gram (Chana) are suitable for cultivation in Haryana?

Answer: Gram (chickpea) is a Rabi season crop and is not suitable for Kharif cultivation due to unfavourable climatic conditions such as high humidity and rainfall. Choose high-yielding varieties like HC-5, HC-1, and GNG-158. HC-5 and HC-1 varieties have been developed and released by Chaudhary Charan Singh Haryana Agricultural University (CCS HAU), Hisar, and are well suitable.GNG-158, developed in Rajasthan, but has excellent adaptability. these varieties give yield 10–12 quintals /ac under proper irrigated conditions.",all,2009,11,25,Bengal Gram - Chick Pea,Fatehabad,all,Agriculture,Agriculture,Kharif,5,Ponugoti Kavya,29.5359,75.5753,846,21,4-8-2025,https://www.apnikheti.com/en/pn/agriculture/crops/pulses/bengal-gram-chickpea,214,"{""id_"": ""78e5852e-31c6-4abd-9350-6678f3c96652"", ""embedding"": null, ""metadata"": {""Category"": ""0"", ""Year"": ""2009"", ""Month"": ""11"", ""Day"": ""25"", ""Crop"": ""Bengal gram"", ""State"": ""Haryana"", ""District"": ""Fatehabad"", ""BlockName"": """", ""Sector"": ""AGRICULTURE"", ""Sector (A)"": ""AGRICULTURE"", ""Season"": ""Kharif"", ""QueryType"": ""5"", ""Agri Specialist"": ""Ponugoti Kavya"", ""latitude"": ""29.5359"", ""longitude"": ""75.5753"", ""cluster"": ""846"", ""num_questions_in_cluster"": ""21"", ""Date"": ""4-8-2025"", ""Source [Name and Link]"": ""https://www.apnikheti.com/en/pn/agriculture/crops/pulses/bengal-gram-chickpea"", ""SL No."": ""214""}, ""excluded_embed_metadata_keys"": [], ""excluded_llm_metadata_keys"": [], ""relationships"": {""1"": {""node_id"": ""4a1028c0b661a7b71e3601f0"", ""node_type"": ""4"", ""metadata"": {""Category"": ""0"", ""Year"": ""2009"", ""Month"": ""11"", ""Day"": ""25"", ""Crop"": ""Bengal gram"", ""State"": ""Haryana"", ""District"": ""Fatehabad"", ""BlockName"": """", ""Sector"": ""AGRICULTURE"", ""Sector (A)"": ""AGRICULTURE"", ""Season"": ""Kharif"", ""QueryType"": ""5"", ""Agri Specialist"": ""Ponugoti Kavya"", ""latitude"": ""29.5359"", ""longitude"": ""75.5753"", ""cluster"": ""846"", ""num_questions_in_cluster"": ""21"", ""Date"": ""4-8-2025"", ""Source [Name and Link]"": ""https://www.apnikheti.com/en/pn/agriculture/crops/pulses/bengal-gram-chickpea"", ""SL No."": ""214""}, ""hash"": ""3bf49cab43ef0c27e06ff685954e579f709bf2dd6bfc8bdcab6008b06b8d84e0"", ""class_name"": ""RelatedNodeInfo""}}, ""metadata_template"": ""{key}: {value}"", ""metadata_separator"": ""\n"", ""text"": """", ""mimetype"": ""text/plain"", ""start_char_idx"": 0, ""end_char_idx"": 619, ""metadata_seperator"": ""\n"", ""text_template"": ""{metadata_str}\n\n{content}"", ""class_name"": ""TextNode""}",TextNode,4a1028c0b661a7b71e3601f0,4a1028c0b661a7b71e3601f0,4a1028c0b661a7b71e3601f0,Haryana
86483a87-f341-47fe-99d6-0a90b3e3721a,"Question: How much time does the effect of Coragen stays?

Answer: Coragen insecticide, containing Chlorantraniliprole 18.5% SC, is widely used for pest control in sugarcane crops.
It controls pests like shoot borers, top borers, stem borers, pyrilla, armyworms, etc. 
The protective effect of Coragen typically lasts for 10 to 14 days after application under normal field conditions. For proper dilution, use 1 to 1.5 ml of Coragen per liter of water when preparing the spray solution. The recommended application rate is 150 ml/acre, mixed in 200-250 liters of water for thorough coverage.
If pest pressure continues, a second application may be needed after 15 days, but limit to two applications per season.
The spray becomes rain-resistant approximately 2 hours after application, providing reliable protection. Coragen has a pre-harvest interval of 108-117 days, meaning no applications should be made within two weeks of harvest.",all,2013,6,8,all,Gurdaspur,all,Agriculture,Agriculture,Kharif,,Tejas R. Dange,,,-1,,18-8-2025,"https://kvk.icar.gov.in/API/Content/PPupload/p2984_49.pdf
https://ppqs.gov.in/registered-products
https://www.maharashtraagriculture.gov.in/Crops/Sugarcane.html
https://www.iisr.nic.in/sugarcane-pest-management
https://agritech.tnau.ac.in/agriculture/agri_commercial_sugarcane.html",1624,"{""id_"": ""86483a87-f341-47fe-99d6-0a90b3e3721a"", ""embedding"": null, ""metadata"": {""Category"": """", ""Year"": ""2013"", ""Month"": ""6"", ""Day"": ""8"", ""Crop"": ""Gen"", ""State"": ""PUNJAB"", ""District"": ""GURDASPUR"", ""BlockName"": """", ""Sector"": ""AGRICULTURE"", ""Sector (A)"": ""AGRICULTURE"", ""Season"": ""Kharif"", ""QueryType"": """", ""Agri Specialist"": ""Tejas R. Dange"", ""latitude"": """", ""longitude"": """", ""cluster"": ""-1"", ""num_questions_in_cluster"": """", ""Date"": ""18-8-2025"", ""Source [Name and Link]"": ""https://kvk.icar.gov.in/API/Content/PPupload/p2984_49.pdf\nhttps://ppqs.gov.in/registered-products\nhttps://www.maharashtraagriculture.gov.in/Crops/Sugarcane.html\nhttps://www.iisr.nic.in/sugarcane-pest-management\nhttps://agritech.tnau.ac.in/agriculture/agri_commercial_sugarcane.html"", ""SL No."": ""1624""}, ""excluded_embed_metadata_keys"": [], ""excluded_llm_metadata_keys"": [], ""relationships"": {""1"": {""node_id"": ""2ce8baca4840a3251e8bcd4f"", ""node_type"": ""4"", ""metadata"": {""Category"": """", ""Year"": ""2013"", ""Month"": ""6"", ""Day"": ""8"", ""Crop"": ""Gen"", ""State"": ""PUNJAB"", ""District"": ""GURDASPUR"", ""BlockName"": """", ""Sector"": ""AGRICULTURE"", ""Sector (A)"": ""AGRICULTURE"", ""Season"": ""Kharif"", ""QueryType"": """", ""Agri Specialist"": ""Tejas R. Dange"", ""latitude"": """", ""longitude"": """", ""cluster"": ""-1"", ""num_questions_in_cluster"": """", ""Date"": ""18-8-2025"", ""Source [Name and Link]"": ""https://kvk.icar.gov.in/API/Content/PPupload/p2984_49.pdf\nhttps://ppqs.gov.in/registered-products\nhttps://www.maharashtraagriculture.gov.in/Crops/Sugarcane.html\nhttps://www.iisr.nic.in/sugarcane-pest-management\nhttps://agritech.tnau.ac.in/agriculture/agri_commercial_sugarcane.html"", ""SL No."": ""1624""}, ""hash"": ""92b67d1bdb690adcdb017834a429ebb19e74b1e71c3815929eb0d861bc3a41e6"", ""class_name"": ""RelatedNodeInfo""}}, ""metadata_template"": ""{key}: {value}"", ""metadata_separator"": ""\n"", ""text"": """", ""mimetype"": ""text/plain"", ""start_char_idx"": 0, ""end_char_idx"": 936, ""metadata_seperator"": ""\n"", ""text_template"": ""{metadata_str}\n\n{content}"", ""class_name"": ""TextNode""}",TextNode,2ce8baca4840a3251e8bcd4f,2ce8baca4840a3251e8bcd4f,2ce8baca4840a3251e8bcd4f,Punjab
13a0a22f-e9f8-4b1e-b732-3482f05c20e4,"Question: What is the estimated yield of Alphanso in tamil nadu?

Answer: Alphonso mango is a fast growing variety of mango. The seed rate is 60 saplings in an acre under 8m x 8m spacing.

Usually propagated by grafting . 

Alphoso trees start bearing fruits from the 5th year of planting. The yield, however, varies depending on the variety and climatic conditions. The first-year the yield is generally low later the yield reaches around in a acre it is 88-100 quintals in an acre from 5th year onwards.",all,2009,6,25,Mango,NAGAPATTINAM,all,Horticulture,Horticulture,Kharif,,Adheena Victor,,,-1,,,,2871,"{""id_"": ""13a0a22f-e9f8-4b1e-b732-3482f05c20e4"", ""embedding"": null, ""metadata"": {""Category"": """", ""Year"": ""2009"", ""Month"": ""6"", ""Day"": ""25"", ""Crop"": ""Mango"", ""State"": ""TAMILNADU"", ""District"": ""NAGAPATTINAM"", ""BlockName"": """", ""Sector"": ""HORTICULTURE"", ""Sector (A)"": ""HORTICULTURE"", ""Season"": ""KHARIF"", ""QueryType"": """", ""Agri Specialist"": ""Adheena Victor"", ""latitude"": """", ""longitude"": """", ""cluster"": ""-1"", ""num_questions_in_cluster"": """", ""Date"": """", ""Source [Name and Link]"": """", ""SL No."": ""2871""}, ""excluded_embed_metadata_keys"": [], ""excluded_llm_metadata_keys"": [], ""relationships"": {""1"": {""node_id"": ""bb6c10c898083890ec558fb4"", ""node_type"": ""4"", ""metadata"": {""Category"": """", ""Year"": ""2009"", ""Month"": ""6"", ""Day"": ""25"", ""Crop"": ""Mango"", ""State"": ""TAMILNADU"", ""District"": ""NAGAPATTINAM"", ""BlockName"": """", ""Sector"": ""HORTICULTURE"", ""Sector (A)"": ""HORTICULTURE"", ""Season"": ""KHARIF"", ""QueryType"": """", ""Agri Specialist"": ""Adheena Victor"", ""latitude"": """", ""longitude"": """", ""cluster"": ""-1"", ""num_questions_in_cluster"": """", ""Date"": """", ""Source [Name and Link]"": """", ""SL No."": ""2871""}, ""hash"": ""e7a3494292ab4c94b6b1cfdfdd31c5f22c32e33db3c0e9f61ad9ec19dd13e7f2"", ""class_name"": ""RelatedNodeInfo""}}, ""metadata_template"": ""{key}: {value}"", ""metadata_separator"": ""\n"", ""text"": """", ""mimetype"": ""text/plain"", ""start_char_idx"": 0, ""end_char_idx"": 505, ""metadata_seperator"": ""\n"", ""text_template"": ""{metadata_str}\n\n{content}"", ""class_name"": ""TextNode""}",TextNode,bb6c10c898083890ec558fb4,bb6c10c898083890ec558fb4,bb6c10c898083890ec558fb4,Tamil Nadu
98f2e10a-a611-4fc4-96e6-10b1197e9c7f,"Question: What should be done if a cow does not drop the placenta after calving?

Answer: If a cow does not drop the placenta after calving,  it's a condition known as a retained placenta or retained fetal membranes. This is a common issue in cattle and requires specific management to prevent serious health problems. Do not manually remove the placenta, as this can lead to uterine damage and infection, trim excessive tissue hanging from the vulva if it causes contamination or distress, but do not attempt to pull or forcibly remove retained membranes and monitor the cow for signs of illness such as fever, loss of appetite, reduced milk yield, or abnormal discharge, massage the abdomen carefully to help release the placenta, walk the cow gently to stimulate uterine contractions and keep the cow in a clean and dry area to prevent infection. Ensure the cow receives adequate nutrition, especially Vitamin E and Selenium, which can help prevent and manage retained placenta, systemic antibiotics such as Penicillin or Oxytetracycline may be given if there are signs of uterine infection or systemic illness, consider giving a dose of oxytocin if the cow calved within the last 24 hours and is not experiencing contractions but this should only be done under veterinary guidance. Most cows will release the placenta naturally so avoid unnecessary intrauterine administrations or repeated antibiotics unless infection is present. If the cow shows any signs of illness, such as a high fever, foul-smelling discharge, or loss of appetite or does not expel the placenta within 24-48 hours, then immediately called a veterinarian .",all,2009,10,5,Cattle,SAGAR,all,Animal Husbandry,Animal Husbandry,Zaid,45,Salim Sahaji,23.8083,78.7583,-1,,,https://www.thecattlesite.com/diseaseinfo/232/retained-placenta,4381,"{""id_"": ""98f2e10a-a611-4fc4-96e6-10b1197e9c7f"", ""embedding"": null, ""metadata"": {""Category"": ""0"", ""Year"": ""2009"", ""Month"": ""10"", ""Day"": ""5"", ""Crop"": ""BovineCowBuffalo"", ""State"": ""MADHYA PRADESH"", ""District"": ""SAGAR"", ""BlockName"": ""0"", ""Sector"": ""ANIMAL HUSBANDRY"", ""Sector (A)"": ""ANIMAL HUSBANDRY"", ""Season"": ""JAYAD"", ""QueryType"": ""45"", ""Agri Specialist"": ""Salim Sahaji"", ""latitude"": ""23.8083"", ""longitude"": ""78.7583"", ""cluster"": ""-1"", ""num_questions_in_cluster"": """", ""Date"": """", ""Source [Name and Link]"": ""https://www.thecattlesite.com/diseaseinfo/232/retained-placenta"", ""SL No."": ""4381""}, ""excluded_embed_metadata_keys"": [], ""excluded_llm_metadata_keys"": [], ""relationships"": {""1"": {""node_id"": ""8d67e80f8b3d53679e1bc1b4"", ""node_type"": ""4"", ""metadata"": {""Category"": ""0"", ""Year"": ""2009"", ""Month"": ""10"", ""Day"": ""5"", ""Crop"": ""BovineCowBuffalo"", ""State"": ""MADHYA PRADESH"", ""District"": ""SAGAR"", ""BlockName"": ""0"", ""Sector"": ""ANIMAL HUSBANDRY"", ""Sector (A)"": ""ANIMAL HUSBANDRY"", ""Season"": ""JAYAD"", ""QueryType"": ""45"", ""Agri Specialist"": ""Salim Sahaji"", ""latitude"": ""23.8083"", ""longitude"": ""78.7583"", ""cluster"": ""-1"", ""num_questions_in_cluster"": """", ""Date"": """", ""Source [Name and Link]"": ""https://www.thecattlesite.com/diseaseinfo/232/retained-placenta"", ""SL No."": ""4381""}, ""hash"": ""106cd26e16a28458899501059d47dfc930e5aa8ca6582201f411055e2cdd944d"", ""class_name"": ""RelatedNodeInfo""}}, ""metadata_template"": ""{key}: {value}"", ""metadata_separator"": ""\n"", ""text"": """", ""mimetype"": ""text/plain"", ""start_char_idx"": 0, ""end_char_idx"": 1632, ""metadata_seperator"": ""\n"", ""text_template"": ""{metadata_str}\n\n{content}"", ""class_name"": ""TextNode""}",TextNode,8d67e80f8b3d53679e1bc1b4,8d67e80f8b3d53679e1bc1b4,8d67e80f8b3d53679e1bc1b4,Madhya Pradesh
3536f34b-97f1-4863-a25d-df473a2fde97,"Question: Information regarding mandi rate of Wheat crop

Answer: You can directly check the latest government-approved rates on the Haryana State Agricultural Marketing Board (HSAMB) website. This site updates daily rates for Wheat and other crops from various mandis in Haryana. You can also use the e-NAM (National Agriculture Market) portal or Agmarknet app on your phone for live mandi prices across India. If you still need help, you can call the Kisan Call Centre (KCC) at 1800-180-1551—this is a free, government helpline where experts speak in local language and give you mandi rates and full agricultural advice. Always check rates yourself so that you can make the best selling decision and avoid middlemen losses.",all,2009,4,10,Wheat,Fatehabad,all,Agriculture,Agriculture,Kharif,6,Anjali Chauhan,29.5359,75.5753,787,8,5-8-2025,https://hsamb.org.in/,716,"{""id_"": ""3536f34b-97f1-4863-a25d-df473a2fde97"", ""embedding"": null, ""metadata"": {""Category"": ""0"", ""Year"": ""2009"", ""Month"": ""4"", ""Day"": ""10"", ""Crop"": ""Wheat"", ""State"": ""Haryana"", ""District"": ""Fatehabad"", ""BlockName"": """", ""Sector"": ""AGRICULTURE"", ""Sector (A)"": ""AGRICULTURE"", ""Season"": ""Kharif"", ""QueryType"": ""6"", ""Agri Specialist"": ""Anjali Chauhan"", ""latitude"": ""29.5359"", ""longitude"": ""75.5753"", ""cluster"": ""787"", ""num_questions_in_cluster"": ""8"", ""Date"": ""5-8-2025"", ""Source [Name and Link]"": ""https://hsamb.org.in/"", ""SL No."": ""716""}, ""excluded_embed_metadata_keys"": [], ""excluded_llm_metadata_keys"": [], ""relationships"": {""1"": {""node_id"": ""486d242386c88e29abe8ad61"", ""node_type"": ""4"", ""metadata"": {""Category"": ""0"", ""Year"": ""2009"", ""Month"": ""4"", ""Day"": ""10"", ""Crop"": ""Wheat"", ""State"": ""Haryana"", ""District"": ""Fatehabad"", ""BlockName"": """", ""Sector"": ""AGRICULTURE"", ""Sector (A)"": ""AGRICULTURE"", ""Season"": ""Kharif"", ""QueryType"": ""6"", ""Agri Specialist"": ""Anjali Chauhan"", ""latitude"": ""29.5359"", ""longitude"": ""75.5753"", ""cluster"": ""787"", ""num_questions_in_cluster"": ""8"", ""Date"": ""5-8-2025"", ""Source [Name and Link]"": ""https://hsamb.org.in/"", ""SL No."": ""716""}, ""hash"": ""1ae20acc914f0548c54541b81a5d890fe4aacef01f5f1f885867c34d01c407d8"", ""class_name"": ""RelatedNodeInfo""}}, ""metadata_template"": ""{key}: {value}"", ""metadata_separator"": ""\n"", ""text"": """", ""mimetype"": ""text/plain"", ""start_char_idx"": 0, ""end_char_idx"": 725, ""metadata_seperator"": ""\n"", ""text_template"": ""{metadata_str}\n\n{content}"", ""class_name"": ""TextNode""}",TextNode,486d242386c88e29abe8ad61,486d242386c88e29abe8ad61,486d242386c88e29abe8ad61,Haryana
d5036e05-404f-41a3-bf89-150a48698537,"Question: How can I make Rose oil from Rose flowers?

Answer: Approximately 3,000 to 4,000 kg of fresh rose petals are required to produce 1 kg of pure rose oil. For small-scale production, a basic stainless-steel steam distillation unit (100–150 L capacity) suitable for small farmers or entrepreneurs can cost around ₹1.5–3 lakh, while larger commercial units may exceed ₹10 lakh. First you have to harvest fresh rose petals early in the morning → then separate petals from flowers → then gently crush or bruise them manually or mechanically to rupture cell walls (optionally mix with a little salt to aid rupture) → then load the crushed petals into a steam distillation or solvent extraction unit → then run the distillation/solvent process to release and collect oil vapours → then condense and separate oil from water or solvent → then purify the oil by filtration or vacuum distillation → and finally store the pure rose oil in airtight, dark glass bottles. Recommended rose types used to extract high-quality rose oil are: Rosa damascena (Pink Damask Rose), Rosa centifolia, Rosa rugosa, Rosa alba, and Rosa bourboniana.",all,2012,6,18,Rose,PATIALA,all,Horticulture,Horticulture,Zaid,,Salim Sahaji,,,-1,,14-8-2025,https://www.instructables.com/How-to-Make-Rose-Oil/,1314,"{""id_"": ""d5036e05-404f-41a3-bf89-150a48698537"", ""embedding"": null, ""metadata"": {""Category"": """", ""Year"": ""2012"", ""Month"": ""6"", ""Day"": ""18"", ""Crop"": ""Rose"", ""State"": ""PUNJAB"", ""District"": ""PATIALA"", ""BlockName"": """", ""Sector"": ""HORTICULTURE"", ""Sector (A)"": ""HORTICULTURE"", ""Season"": ""JAYAD"", ""QueryType"": """", ""Agri Specialist"": ""Salim Sahaji"", ""latitude"": """", ""longitude"": """", ""cluster"": ""-1"", ""num_questions_in_cluster"": """", ""Date"": ""14-8-2025"", ""Source [Name and Link]"": ""https://www.instructables.com/How-to-Make-Rose-Oil/"", ""SL No."": ""1314""}, ""excluded_embed_metadata_keys"": [], ""excluded_llm_metadata_keys"": [], ""relationships"": {""1"": {""node_id"": ""547c11ff169bff2450d9c04a"", ""node_type"": ""4"", ""metadata"": {""Category"": """", ""Year"": ""2012"", ""Month"": ""6"", ""Day"": ""18"", ""Crop"": ""Rose"", ""State"": ""PUNJAB"", ""District"": ""PATIALA"", ""BlockName"": """", ""Sector"": ""HORTICULTURE"", ""Sector (A)"": ""HORTICULTURE"", ""Season"": ""JAYAD"", ""QueryType"": """", ""Agri Specialist"": ""Salim Sahaji"", ""latitude"": """", ""longitude"": """", ""cluster"": ""-1"", ""num_questions_in_cluster"": """", ""Date"": ""14-8-2025"", ""Source [Name and Link]"": ""https://www.instructables.com/How-to-Make-Rose-Oil/"", ""SL No."": ""1314""}, ""hash"": ""6aea1ce7a2a8543b5665550d2eec3303ecef982b5b0c835a71726571953b52cc"", ""class_name"": ""RelatedNodeInfo""}}, ""metadata_template"": ""{key}: {value}"", ""metadata_separator"": ""\n"", ""text"": """", ""mimetype"": ""text/plain"", ""start_char_idx"": 0, ""end_char_idx"": 1128, ""metadata_seperator"": ""\n"", ""text_template"": ""{metadata_str}\n\n{content}"", ""class_name"": ""TextNode""}",TextNode,547c11ff169bff2450d9c04a,547c11ff169bff2450d9c04a,547c11ff169bff2450d9c04a,Punjab
bc6ecf43-0452-43e2-acab-6585e04549af,"For keeping your orchard weed-free you can go for two types of spray – pre-emergence and post-emergence; in pre-emergence, just after first showers of June, spray Diuron 1.2 kg per acre or Simazine 1.62 kg per acre, mixed in 200-250 littres of water and repeat again after 120 days around September. this will keep the garden clean almost 10 months; in post-emergence, when weeds already come, spray Glyphosate 1.62 liters per acre or Paraquat 0.81 liter per acre mixed in 200-250 liters of water per acre, but spray carefully before flowering and never let the chemical touch the main orange plants, this way weeds are fully controlled, trees grow healthy, and fruits come big and good in quality. Stop irrigation 1–2 months before flowering to improve flowering and fruit set, if flowering is poor spray CCC 1500–2000 ppm or paclobutrazol, prune unwanted branches to keep a healthy canopy, mulch the base with 8 cm layer of dry leaves or paddy husk to save moisture and improve fruit size, in young orchards take intercrops like pulses to use space and earn extra, and if you follow these steps properly you will get bigger fruit size, better yield.",Fruits,2020,9,13,Citrus,Betul,Betul,Horticulture,Horticulture,all,Nutrient Management,Satarupa Saha,21.8797,77.8754,954,9,,https://mpkrishi.mp.gov.in/hindisite_New/krishi_capsules_orange_New.aspx / https://nhb.gov.in/report_files/orange/orange.htm,3934,"{""id_"": ""bc6ecf43-0452-43e2-acab-6585e04549af"", ""embedding"": null, ""metadata"": {""Category"": ""Fruits"", ""Year"": ""2020"", ""Month"": ""9"", ""Day"": ""13"", ""Crop"": ""Orange"", ""State"": ""MADHYA PRADESH"", ""District"": ""BETUL"", ""BlockName"": ""BETUL"", ""Sector"": ""HORTICULTURE"", ""Sector (A)"": ""HORTICULTURE"", ""Season"": """", ""QueryType"": ""Nutrient Management"", ""Agri Specialist"": ""Satarupa Saha"", ""latitude"": ""21.8797"", ""longitude"": ""77.8754"", ""cluster"": ""954"", ""num_questions_in_cluster"": ""9"", ""Date"": """", ""Source [Name and Link]"": ""https://mpkrishi.mp.gov.in/hindisite_New/krishi_capsules_orange_New.aspx / https://nhb.gov.in/report_files/orange/orange.htm"", ""SL No."": ""3934""}, ""excluded_embed_metadata_keys"": [], ""excluded_llm_metadata_keys"": [], ""relationships"": {""1"": {""node_id"": ""1a2af54fefbfa111cad95332"", ""node_type"": ""4"", ""metadata"": {""Category"": ""Fruits"", ""Year"": ""2020"", ""Month"": ""9"", ""Day"": ""13"", ""Crop"": ""Orange"", ""State"": ""MADHYA PRADESH"", ""District"": ""BETUL"", ""BlockName"": ""BETUL"", ""Sector"": ""HORTICULTURE"", ""Sector (A)"": ""HORTICULTURE"", ""Season"": """", ""QueryType"": ""Nutrient Management"", ""Agri Specialist"": ""Satarupa Saha"", ""latitude"": ""21.8797"", ""longitude"": ""77.8754"", ""cluster"": ""954"", ""num_questions_in_cluster"": ""9"", ""Date"": """", ""Source [Name and Link]"": ""https://mpkrishi.mp.gov.in/hindisite_New/krishi_capsules_orange_New.aspx / https://nhb.gov.in/report_files/orange/orange.htm"", ""SL No."": ""3934""}, ""hash"": ""50fe83836da436230972e3f36259c1a2b1c738df321bc7e38385019016ced198"", ""class_name"": ""RelatedNodeInfo""}, ""2"": {""node_id"": ""837cadae-a9d8-482c-8532-bb6d8bd68979"", ""node_type"": ""1"", ""metadata"": {""Category"": ""Fruits"", ""Year"": ""2020"", ""Month"": ""9"", ""Day"": ""13"", ""Crop"": ""Orange"", ""State"": ""MADHYA PRADESH"", ""District"": ""BETUL"", ""BlockName"": ""BETUL"", ""Sector"": ""HORTICULTURE"", ""Sector (A)"": ""HORTICULTURE"", ""Season"": """", ""QueryType"": ""Nutrient Management"", ""Agri Specialist"": ""Satarupa Saha"", ""latitude"": ""21.8797"", ""longitude"": ""77.8754"", ""cluster"": ""954"", ""num_questions_in_cluster"": ""9"", ""Date"": """", ""Source [Name and Link]"": ""https://mpkrishi.mp.gov.in/hindisite_New/krishi_capsules_orange_New.aspx / https://nhb.gov.in/report_files/orange/orange.htm"", ""SL No."": ""3934""}, ""hash"": ""574884d3787cb831d24cc446719d71a88143134f0eb5f9ff8cc23a8eec15ea6b"", ""class_name"": ""RelatedNodeInfo""}}, ""metadata_template"": ""{key}: {value}"", ""metadata_separator"": ""\n"", ""text"": """", ""mimetype"": ""text/plain"", ""start_char_idx"": 2187, ""end_char_idx"": 3338, ""metadata_seperator"": ""\n"", ""text_template"": ""{metadata_str}\n\n{content}"", ""class_name"": ""TextNode""}",TextNode,1a2af54fefbfa111cad95332,1a2af54fefbfa111cad95332,1a2af54fefbfa111cad95332,Madhya Pradesh
5683e20f-2ecb-4646-a0c2-557f9c090ecc,"Question: What causes bunchy top disease in banana plants?

Answer: Bunchy Top in banana is a viral disease spread by aphids, causing leaves to bunch up and plants to become stunted, reducing yield. To manage this problem, first use only healthy, disease-free planting material from trusted sources. Remove and destroy any infected plants immediately to stop the virus from spreading. Uproot Heliconia and destroy ant nests to reduce aphid reservoirs. To control the aphids, use Neem oil 3000 ppm (400-600 ml/acre) and if the infestation is severe then spray insecticides like Imidacloprid 17.8 SL at 40-60 ml per acre or Thiamethoxam 25 WG at 40 grams per acre, mixed in 200 liters of water. Maintain good field hygiene by keeping the orchard clean and removing weeds. Crop rotation and proper spacing also help reduce disease spread. Pre-Harvest Interval (PHI): Imidacloprid and Thiamethoxam have a PHI of 7 days. Please wait this time after spraying before harvesting.",all,2012,8,9,Banana,Kapurthala,all,Horticulture,Horticulture,all,,Anjali Chauhan,,,-1,,11-8-2025,,1281,"{""id_"": ""5683e20f-2ecb-4646-a0c2-557f9c090ecc"", ""embedding"": null, ""metadata"": {""Category"": """", ""Year"": ""2012"", ""Month"": ""8"", ""Day"": ""9"", ""Crop"": ""Banana"", ""State"": ""PUNJAB"", ""District"": ""KAPURTHALA"", ""BlockName"": """", ""Sector"": ""HORTICULTURE"", ""Sector (A)"": ""HORTICULTURE"", ""Season"": """", ""QueryType"": """", ""Agri Specialist"": ""Anjali Chauhan"", ""latitude"": """", ""longitude"": """", ""cluster"": ""-1"", ""num_questions_in_cluster"": """", ""Date"": ""11-8-2025"", ""Source [Name and Link]"": """", ""SL No."": ""1281""}, ""excluded_embed_metadata_keys"": [], ""excluded_llm_metadata_keys"": [], ""relationships"": {""1"": {""node_id"": ""5ebaa16d71923312dcf725b4"", ""node_type"": ""4"", ""metadata"": {""Category"": """", ""Year"": ""2012"", ""Month"": ""8"", ""Day"": ""9"", ""Crop"": ""Banana"", ""State"": ""PUNJAB"", ""District"": ""KAPURTHALA"", ""BlockName"": """", ""Sector"": ""HORTICULTURE"", ""Sector (A)"": ""HORTICULTURE"", ""Season"": """", ""QueryType"": """", ""Agri Specialist"": ""Anjali Chauhan"", ""latitude"": """", ""longitude"": """", ""cluster"": ""-1"", ""num_questions_in_cluster"": """", ""Date"": ""11-8-2025"", ""Source [Name and Link]"": """", ""SL No."": ""1281""}, ""hash"": ""9d1fcc237fe484e1e79fccab55669d020837b99e53b6df0354a3d6296a9aaeff"", ""class_name"": ""RelatedNodeInfo""}}, ""metadata_template"": ""{key}: {value}"", ""metadata_separator"": ""\n"", ""text"": """", ""mimetype"": ""text/plain"", ""start_char_idx"": 0, ""end_char_idx"": 971, ""metadata_seperator"": ""\n"", ""text_template"": ""{metadata_str}\n\n{content}"", ""class_name"": ""TextNode""}",TextNode,5ebaa16d71923312dcf725b4,5ebaa16d71923312dcf725b4,5ebaa16d71923312dcf725b4,Punjab
1b155c8b-1d68-436d-baf0-b57aa7eaae0f,"Question: How can I protect my wheat crop from Karnal bunt disease in Ferozepur, Punjab?

Answer: In Wheat, Karnal bunt symptoms appear as few grains of ear is infected and partially filled with black powdery spores and often produce fishy odour. To control this, use karnal bunt resistance variety such as PBW 343, PBW 502, WHD 943, PDW 291, practice crop rotation withy non host crops such as maize, pulses, and collect, destroy bunt infected grains. Treat seed before sowing with Carboxin 37.5% + Thiram 37.5% DS @ 2 gram per kg or Carboxin 75% WP @ 2 gram per kg, and apply single spray of Propiconazole 25% EC @ 200 ml per acre in 200 litres of water at ear emergence stage. A PHI(Pre Harvest Interval) period of 30 days should be followed for Propiconazole on wheat if it is apply to control karnal bunt disease.",all,2018,1,20,Wheat,Ferozepur,all,Agriculture,Agriculture,Rabi,,Salim Sahaji,,,-1,,,,2483,"{""id_"": ""1b155c8b-1d68-436d-baf0-b57aa7eaae0f"", ""embedding"": null, ""metadata"": {""Category"": """", ""Year"": ""2018"", ""Month"": ""1"", ""Day"": ""20"", ""Crop"": ""Wheat"", ""State"": ""PUNJAB"", ""District"": ""FEROZPUR"", ""BlockName"": """", ""Sector"": ""AGRICULTURE"", ""Sector (A)"": ""AGRICULTURE"", ""Season"": ""Rabi"", ""QueryType"": """", ""Agri Specialist"": ""Salim Sahaji"", ""latitude"": """", ""longitude"": """", ""cluster"": ""-1"", ""num_questions_in_cluster"": """", ""Date"": """", ""Source [Name and Link]"": """", ""SL No."": ""2483""}, ""excluded_embed_metadata_keys"": [], ""excluded_llm_metadata_keys"": [], ""relationships"": {""1"": {""node_id"": ""89549e2ccaa6935621bb172a"", ""node_type"": ""4"", ""metadata"": {""Category"": """", ""Year"": ""2018"", ""Month"": ""1"", ""Day"": ""20"", ""Crop"": ""Wheat"", ""State"": ""PUNJAB"", ""District"": ""FEROZPUR"", ""BlockName"": """", ""Sector"": ""AGRICULTURE"", ""Sector (A)"": ""AGRICULTURE"", ""Season"": ""Rabi"", ""QueryType"": """", ""Agri Specialist"": ""Salim Sahaji"", ""latitude"": """", ""longitude"": """", ""cluster"": ""-1"", ""num_questions_in_cluster"": """", ""Date"": """", ""Source [Name and Link]"": """", ""SL No."": ""2483""}, ""hash"": ""73ee7a37b5436c800a54391d72dcf2b6e5fe507ab53cfc8e472aef291ff41234"", ""class_name"": ""RelatedNodeInfo""}}, ""metadata_template"": ""{key}: {value}"", ""metadata_separator"": ""\n"", ""text"": """", ""mimetype"": ""text/plain"", ""start_char_idx"": 0, ""end_char_idx"": 818, ""metadata_seperator"": ""\n"", ""text_template"": ""{metadata_str}\n\n{content}"", ""class_name"": ""TextNode""}",TextNode,89549e2ccaa6935621bb172a,89549e2ccaa6935621bb172a,89549e2ccaa6935621bb172a,Punjab
852881d0-3c1f-4346-bffb-e280d2ea599d,"Question: What is the average yield of PAC-401 Hyola?

Answer: PAC 401 Hyola is a high-yielding hybrid rapeseed-mustard. The recommended seed rate for this variety is 1.5 to 2.0 kg/acre when using standard drilling methods. For line sowing, the lower end of this range (1.5 kg/acre) is typically sufficient, while broadcast sowing may require up to 2 kg/acre to ensure proper plant density. The average yield is up to (7.2 to 8.8 q/acre) under normal conditions. With improved agronomic practices yields upto (5-6q/acre) in some cases. For best results, you should use certified seeds from authorized dealers to ensure genetic purity and good germination rates. The variety shows moderate resistance to major diseases like white rust and alternaria blight, contributing to its yield stability",all,2013,10,18,Rapeseed and Mustard,Hoshiarpur,all,Agriculture,Agriculture,Rabi,,Tejas R. Dange,,,-1,,12-8-2025,"https://www.drmr.res.in/pac-401-hyola
https://kvk.icar.gov.in/API/Content/PPupload/p2984_49.pdf
https://www.hau.ac.in/upload/Advisory/RapeseedMustard.pdf
https://www.maharashtraagriculture.gov.in/Crops/Mustard.html
https://nhb.gov.in/model-project-reports/Oilseeds/Mustard/Mustard.htm",1531,"{""id_"": ""852881d0-3c1f-4346-bffb-e280d2ea599d"", ""embedding"": null, ""metadata"": {""Category"": """", ""Year"": ""2013"", ""Month"": ""10"", ""Day"": ""18"", ""Crop"": ""Indian rapeseed/Mustard/yellow sarson"", ""State"": ""PUNJAB"", ""District"": ""HOSHIARPUR"", ""BlockName"": """", ""Sector"": ""AGRICULTURE"", ""Sector (A)"": ""AGRICULTURE"", ""Season"": ""Rabi"", ""QueryType"": """", ""Agri Specialist"": ""Tejas R. Dange"", ""latitude"": """", ""longitude"": """", ""cluster"": ""-1"", ""num_questions_in_cluster"": """", ""Date"": ""12-8-2025"", ""Source [Name and Link]"": ""https://www.drmr.res.in/pac-401-hyola\nhttps://kvk.icar.gov.in/API/Content/PPupload/p2984_49.pdf\nhttps://www.hau.ac.in/upload/Advisory/RapeseedMustard.pdf\nhttps://www.maharashtraagriculture.gov.in/Crops/Mustard.html\nhttps://nhb.gov.in/model-project-reports/Oilseeds/Mustard/Mustard.htm"", ""SL No."": ""1531""}, ""excluded_embed_metadata_keys"": [], ""excluded_llm_metadata_keys"": [], ""relationships"": {""1"": {""node_id"": ""e1fe235c41d39e8fdd1e0b81"", ""node_type"": ""4"", ""metadata"": {""Category"": """", ""Year"": ""2013"", ""Month"": ""10"", ""Day"": ""18"", ""Crop"": ""Indian rapeseed/Mustard/yellow sarson"", ""State"": ""PUNJAB"", ""District"": ""HOSHIARPUR"", ""BlockName"": """", ""Sector"": ""AGRICULTURE"", ""Sector (A)"": ""AGRICULTURE"", ""Season"": ""Rabi"", ""QueryType"": """", ""Agri Specialist"": ""Tejas R. Dange"", ""latitude"": """", ""longitude"": """", ""cluster"": ""-1"", ""num_questions_in_cluster"": """", ""Date"": ""12-8-2025"", ""Source [Name and Link]"": ""https://www.drmr.res.in/pac-401-hyola\nhttps://kvk.icar.gov.in/API/Content/PPupload/p2984_49.pdf\nhttps://www.hau.ac.in/upload/Advisory/RapeseedMustard.pdf\nhttps://www.maharashtraagriculture.gov.in/Crops/Mustard.html\nhttps://nhb.gov.in/model-project-reports/Oilseeds/Mustard/Mustard.htm"", ""SL No."": ""1531""}, ""hash"": ""db4225079f2a04b4b6372fec0a35f3fcdd9776f14d60ca1b0e22408a0baffa45"", ""class_name"": ""RelatedNodeInfo""}}, ""metadata_template"": ""{key}: {value}"", ""metadata_separator"": ""\n"", ""text"": """", ""mimetype"": ""text/plain"", ""start_char_idx"": 0, ""end_char_idx"": 792, ""metadata_seperator"": ""\n"", ""text_template"": ""{metadata_str}\n\n{content}"", ""class_name"": ""TextNode""}",TextNode,e1fe235c41d39e8fdd1e0b81,e1fe235c41d39e8fdd1e0b81,e1fe235c41d39e8fdd1e0b81,Punjab
fc9d31ac-dd32-4fce-9e16-3492f755639f,"Question: How to control Aphids in Peas?

Answer: If the attack is low, that is below 20-25 aphids per plant, then it is best to install yellow sticky traps in the field at a rate of 4-5 for an acre. If the attack continues, make sure to use a powerful water spray to remove the aphids from the stem. 

As part od Biological control release 1st instar larvae of green lacewing (Chrysoperla zastrowsillemi) @ 4000/acre.

The next step is if the attack is continuing, then use neem oil 600 ml with 150 ml of soap in 150 Liters of water. This step has to be repeated in 7-10 days. If the attack continues, a chemical insecticide is needed, and it is usually Thiamethoxam 25% WG 80 grams mixed in 200 liters of water and spread evenly in the plant.
There has to be a waiting period of 7-14 days after applying the insecticide to avoid residue contamination of the produce.",Vegetables,2015,2,9,Pea,Karnal,Karnal,Horticulture,Horticulture,Rabi,Plant Protection,Adheena Victor,29.7256,76.9107,1461,7,5-8-2025,https://niphm.gov.in/IPMPackages/Pea.pdf,243,"{""id_"": ""fc9d31ac-dd32-4fce-9e16-3492f755639f"", ""embedding"": null, ""metadata"": {""Category"": ""Vegetables"", ""Year"": ""2015"", ""Month"": ""2"", ""Day"": ""9"", ""Crop"": ""Pea"", ""State"": ""Haryana"", ""District"": ""Karnal"", ""BlockName"": ""Karnal"", ""Sector"": ""HORTICULTURE"", ""Sector (A)"": ""HORTICULTURE"", ""Season"": ""Rabi"", ""QueryType"": ""Plant Protection"", ""Agri Specialist"": ""Adheena Victor"", ""latitude"": ""29.7256"", ""longitude"": ""76.9107"", ""cluster"": ""1461"", ""num_questions_in_cluster"": ""7"", ""Date"": ""5-8-2025"", ""Source [Name and Link]"": ""https://niphm.gov.in/IPMPackages/Pea.pdf"", ""SL No."": ""243""}, ""excluded_embed_metadata_keys"": [], ""excluded_llm_metadata_keys"": [], ""relationships"": {""1"": {""node_id"": ""981f12f5f8650b766fdee913"", ""node_type"": ""4"", ""metadata"": {""Category"": ""Vegetables"", ""Year"": ""2015"", ""Month"": ""2"", ""Day"": ""9"", ""Crop"": ""Pea"", ""State"": ""Haryana"", ""District"": ""Karnal"", ""BlockName"": ""Karnal"", ""Sector"": ""HORTICULTURE"", ""Sector (A)"": ""HORTICULTURE"", ""Season"": ""Rabi"", ""QueryType"": ""Plant Protection"", ""Agri Specialist"": ""Adheena Victor"", ""latitude"": ""29.7256"", ""longitude"": ""76.9107"", ""cluster"": ""1461"", ""num_questions_in_cluster"": ""7"", ""Date"": ""5-8-2025"", ""Source [Name and Link]"": ""https://niphm.gov.in/IPMPackages/Pea.pdf"", ""SL No."": ""243""}, ""hash"": ""6f297b2423a694634c465fa7508f0e22e3eb903ede01f1398a8151cd03d99c2a"", ""class_name"": ""RelatedNodeInfo""}}, ""metadata_template"": ""{key}: {value}"", ""metadata_separator"": ""\n"", ""text"": """", ""mimetype"": ""text/plain"", ""start_char_idx"": 0, ""end_char_idx"": 868, ""metadata_seperator"": ""\n"", ""text_template"": ""{metadata_str}\n\n{content}"", ""class_name"": ""TextNode""}",TextNode,981f12f5f8650b766fdee913,981f12f5f8650b766fdee913,981f12f5f8650b766fdee913,Haryana
88d16c85-9837-40ff-bcbb-0e4938615062,"Question: How to control Aphids in Chilli?

Answer: Aphids (Aphis gossypii) are a major threat to chilli crops during the Kharif season, especially under warm, dry conditions and high nitrogen levels. To control this pest, follow Integrated Pest Management (IPM) practices such as using resistant varieties, installing traps, and practicing crop rotation. Avoid continuous chilli cropping in the same field; intercrop with onion or garlic; and use biological control methods such as releasing ladybird beetles, green lacewings, and parasitic wasps @ 2,000 per acre to reduce aphid populations. Chemical control: Thiamethoxam 12.6% + Lambda-cyhalothrin 9.5% ZC: Apply 50–80 ml per acre; PHI: 3 days. Fipronil 5% SC: Apply 320–400 ml per acre; PHI: 7 days. Economic threshold: Apply control measures when 5–10 aphids per plant are observed.",Vegetables,2015,5,30,Chilli,Hisar,Hansi-I,Horticulture,Horticulture,Kharif,Bio-Pesticides and Bio-Fertilizers,Gonnabathula Girishma,29.8573,76.4545,1408,44,5-8-2025,https://ppqs.gov.in/divisions/integrated-pest-management/ipm-packageshttps://www.pau.edu/content/ccil/pf/pp_veg.pdf,25,"{""id_"": ""88d16c85-9837-40ff-bcbb-0e4938615062"", ""embedding"": null, ""metadata"": {""Category"": ""Vegetables"", ""Year"": ""2015"", ""Month"": ""5"", ""Day"": ""30"", ""Crop"": ""Chilli"", ""State"": ""Haryana"", ""District"": ""Hissar"", ""BlockName"": ""Hansi-I"", ""Sector"": ""HORTICULTURE"", ""Sector (A)"": ""HORTICULTURE"", ""Season"": ""Kharif"", ""QueryType"": ""Bio-Pesticides and Bio-Fertilizers"", ""Agri Specialist"": ""Gonnabathula Girishma"", ""latitude"": ""29.8573"", ""longitude"": ""76.4545"", ""cluster"": ""1408"", ""num_questions_in_cluster"": ""44"", ""Date"": ""5-8-2025"", ""Source [Name and Link]"": ""https://ppqs.gov.in/divisions/integrated-pest-management/ipm-packageshttps://www.pau.edu/content/ccil/pf/pp_veg.pdf"", ""SL No."": ""25""}, ""excluded_embed_metadata_keys"": [], ""excluded_llm_metadata_keys"": [], ""relationships"": {""1"": {""node_id"": ""d1a048e95eb84dd2c0f7c7d5"", ""node_type"": ""4"", ""metadata"": {""Category"": ""Vegetables"", ""Year"": ""2015"", ""Month"": ""5"", ""Day"": ""30"", ""Crop"": ""Chilli"", ""State"": ""Haryana"", ""District"": ""Hissar"", ""BlockName"": ""Hansi-I"", ""Sector"": ""HORTICULTURE"", ""Sector (A)"": ""HORTICULTURE"", ""Season"": ""Kharif"", ""QueryType"": ""Bio-Pesticides and Bio-Fertilizers"", ""Agri Specialist"": ""Gonnabathula Girishma"", ""latitude"": ""29.8573"", ""longitude"": ""76.4545"", ""cluster"": ""1408"", ""num_questions_in_cluster"": ""44"", ""Date"": ""5-8-2025"", ""Source [Name and Link]"": ""https://ppqs.gov.in/divisions/integrated-pest-management/ipm-packageshttps://www.pau.edu/content/ccil/pf/pp_veg.pdf"", ""SL No."": ""25""}, ""hash"": ""829b62468e08cb9ba6d0b0d9aeb1623d63ba78ded25c7d997c67ba9cd7b82ba0"", ""class_name"": ""RelatedNodeInfo""}}, ""metadata_template"": ""{key}: {value}"", ""metadata_separator"": ""\n"", ""text"": """", ""mimetype"": ""text/plain"", ""start_char_idx"": 0, ""end_char_idx"": 838, ""metadata_seperator"": ""\n"", ""text_template"": ""{metadata_str}\n\n{content}"", ""class_name"": ""TextNode""}",TextNode,d1a048e95eb84dd2c0f7c7d5,d1a048e95eb84dd2c0f7c7d5,d1a048e95eb84dd2c0f7c7d5,Haryana
aafd6513-385f-4082-84b4-de51dcc3937d,"Question: How can I control Alternaria Blight in Radish?

Answer: Alternaria blight in Radish is a fungal disease that causes small dark brown to black spots on the leaves. Slowly, the leaf edges dry up, and the plant becomes weak and stunted, which reduces growth and yield. The disease spreads more during cool and moist weather and also from infected plant waste if not removed from the field. To control it, spray Mancozeb 75% WP at 600–800 g per acre in 200 litres of water at the first appearance of symptoms. This helps stop the fungus from spreading. For better and longer protection, you can also spray a mix of Azoxystrobin 11% + Tebuconazole 18.3% SC at 300 ml per acre in 200 litres of water. If the weather stays moist, repeat the spray after 10–12 days if needed. Start spraying as soon as spots appear on leaves. Avoid overhead watering like sprinklers, as wet leaves increase the disease. Keep the field clean, avoid continuous radish cropping in the same land, use certified disease-free seeds, and practice 2–3 years crop rotation for better disease management. Remove old infected plants after harvest. By following these steps, you can protect your crop and improve your yield. All sprays mentioned are safe and commonly used in radish fields.",Vegetables,2012,9,20,Radish,Rohtak,Maham,Horticulture,Horticulture,Zaid,75,Satarupa Saha,28.9011,76.5802,1054,28,6-8-2025,https://nhb.gov.in/pdf/vegetable/radish/rad002.pdf / https://niphm.gov.in/IPMPackages/Cruciferous-R.pdf / https://extension.umn.edu/disease-management/alternaria-leaf-blight,15,"{""id_"": ""aafd6513-385f-4082-84b4-de51dcc3937d"", ""embedding"": null, ""metadata"": {""Category"": ""Vegetables"", ""Year"": ""2012"", ""Month"": ""9"", ""Day"": ""20"", ""Crop"": ""Radish"", ""State"": ""Haryana"", ""District"": ""Rohtak"", ""BlockName"": ""Maham"", ""Sector"": ""HORTICULTURE"", ""Sector (A)"": ""HORTICULTURE"", ""Season"": ""Jayad"", ""QueryType"": ""75"", ""Agri Specialist"": ""Satarupa Saha"", ""latitude"": ""28.9011"", ""longitude"": ""76.5802"", ""cluster"": ""1054"", ""num_questions_in_cluster"": ""28"", ""Date"": ""6-8-2025"", ""Source [Name and Link]"": ""https://nhb.gov.in/pdf/vegetable/radish/rad002.pdf / https://niphm.gov.in/IPMPackages/Cruciferous-R.pdf / https://extension.umn.edu/disease-management/alternaria-leaf-blight"", ""SL No."": ""15""}, ""excluded_embed_metadata_keys"": [], ""excluded_llm_metadata_keys"": [], ""relationships"": {""1"": {""node_id"": ""b87767f83ced18e379206788"", ""node_type"": ""4"", ""metadata"": {""Category"": ""Vegetables"", ""Year"": ""2012"", ""Month"": ""9"", ""Day"": ""20"", ""Crop"": ""Radish"", ""State"": ""Haryana"", ""District"": ""Rohtak"", ""BlockName"": ""Maham"", ""Sector"": ""HORTICULTURE"", ""Sector (A)"": ""HORTICULTURE"", ""Season"": ""Jayad"", ""QueryType"": ""75"", ""Agri Specialist"": ""Satarupa Saha"", ""latitude"": ""28.9011"", ""longitude"": ""76.5802"", ""cluster"": ""1054"", ""num_questions_in_cluster"": ""28"", ""Date"": ""6-8-2025"", ""Source [Name and Link]"": ""https://nhb.gov.in/pdf/vegetable/radish/rad002.pdf / https://niphm.gov.in/IPMPackages/Cruciferous-R.pdf / https://extension.umn.edu/disease-management/alternaria-leaf-blight"", ""SL No."": ""15""}, ""hash"": ""b4ab1af6545146db87e7d9d9e9e3aff139972f977d01307f9831bb85e128265d"", ""class_name"": ""RelatedNodeInfo""}}, ""metadata_template"": ""{key}: {value}"", ""metadata_separator"": ""\n"", ""text"": """", ""mimetype"": ""text/plain"", ""start_char_idx"": 0, ""end_char_idx"": 1263, ""metadata_seperator"": ""\n"", ""text_template"": ""{metadata_str}\n\n{content}"", ""class_name"": ""TextNode""}",TextNode,b87767f83ced18e379206788,b87767f83ced18e379206788,b87767f83ced18e379206788,Haryana
2a391441-0850-4d7f-9cb4-00c3c6aa2aac,"Question: Where can I get Paddy Transplanter?

Answer: Paddy transplanters are available for purchase through authorized agricultural machinery dealers located across major farming districts in Madhya Pradesh. These dealers represent well-known brands such as VST Tillers, Kubota, Mahindra, John Deere, and Yanmar. Alternatively, farmers can procure these machines through the MP State Agro Industries Development Corporation Ltd. or by applying via official government schemes designed to promote agricultural mechanization. A significant subsidy is available for purchasing a paddy transplanter under the Central Sector Scheme for the promotion of agricultural mechanization. The subsidy rate is set at fifty percent of the machine's cost. This financial support is subject to a ceiling limit of one point two five lakh rupees for a standard four-row paddy transplanter. The subsidy scheme is available to individual farmers, Custom Hiring Centers, and Farmer Producer Organizations. The price of a paddy transplanter varies considerably based on its type and features. A basic manual walk-behind model typically ranges from one point five to two point five lakh rupees. A more advanced four-row riding type transplanter can cost between three point 500000 to 650000 rupees. After applying the maximum subsidy, the effective out-of-pocket cost for a four-row machine would be approximately two point seven five lakh rupees for a model priced at four lakh rupees. The area a transplanter can cover depends on its type. A manual walk-behind transplanter operated by a single person can cover approximately zero point three to zero point four acres in a full day. A four-row riding type machine is significantly more efficient, capable of transplanting two to three acres per day during an eight to ten hour operating period. The application process for the subsidy is conducted online through the official MP State Agro Portal. Farmers must first register on the portal using their personal and land details. After registration, they can log in, locate the agricultural mechanization subsidy section, and select the paddy transplanter from the list of available implements. The application requires uploading necessary documents for verification by district agricultural officers. Once approved, the subsidy amount is transferred directly to the farmer's registered bank account.",all,2009,6,16,Paddy,Damoh,all,Agriculture,Agriculture,Kharif,9999,Tejas R. Dange,23.7981,79.5419,-1,,,"https://mpagro.mp.gov.in/ 
https://agromachinery.nic.in/ 
https://farmech.dac.gov.in/ 
https://mpagro.mp.gov.in/SubsidyScheme.aspx",4558,"{""id_"": ""2a391441-0850-4d7f-9cb4-00c3c6aa2aac"", ""embedding"": null, ""metadata"": {""Category"": ""0"", ""Year"": ""2009"", ""Month"": ""6"", ""Day"": ""16"", ""Crop"": ""Paddy"", ""State"": ""MADHYA PRADESH"", ""District"": ""DAMOH"", ""BlockName"": ""0"", ""Sector"": ""AGRICULTURE"", ""Sector (A)"": ""AGRICULTURE"", ""Season"": ""KHARIF"", ""QueryType"": ""9999"", ""Agri Specialist"": ""Tejas R. Dange"", ""latitude"": ""23.7981"", ""longitude"": ""79.5419"", ""cluster"": ""-1"", ""num_questions_in_cluster"": """", ""Date"": """", ""Source [Name and Link]"": ""https://mpagro.mp.gov.in/ \nhttps://agromachinery.nic.in/ \nhttps://farmech.dac.gov.in/ \nhttps://mpagro.mp.gov.in/SubsidyScheme.aspx"", ""SL No."": ""4558""}, ""excluded_embed_metadata_keys"": [], ""excluded_llm_metadata_keys"": [], ""relationships"": {""1"": {""node_id"": ""43944e20526114610195c2ed"", ""node_type"": ""4"", ""metadata"": {""Category"": ""0"", ""Year"": ""2009"", ""Month"": ""6"", ""Day"": ""16"", ""Crop"": ""Paddy"", ""State"": ""MADHYA PRADESH"", ""District"": ""DAMOH"", ""BlockName"": ""0"", ""Sector"": ""AGRICULTURE"", ""Sector (A)"": ""AGRICULTURE"", ""Season"": ""KHARIF"", ""QueryType"": ""9999"", ""Agri Specialist"": ""Tejas R. Dange"", ""latitude"": ""23.7981"", ""longitude"": ""79.5419"", ""cluster"": ""-1"", ""num_questions_in_cluster"": """", ""Date"": """", ""Source [Name and Link]"": ""https://mpagro.mp.gov.in/ \nhttps://agromachinery.nic.in/ \nhttps://farmech.dac.gov.in/ \nhttps://mpagro.mp.gov.in/SubsidyScheme.aspx"", ""SL No."": ""4558""}, ""hash"": ""a6728ea97862f9f5611fae91b16ef65dd2f42f74fca147a0b0b680ab94b1f702"", ""class_name"": ""RelatedNodeInfo""}}, ""metadata_template"": ""{key}: {value}"", ""metadata_separator"": ""\n"", ""text"": """", ""mimetype"": ""text/plain"", ""start_char_idx"": 0, ""end_char_idx"": 2379, ""metadata_seperator"": ""\n"", ""text_template"": ""{metadata_str}\n\n{content}"", ""class_name"": ""TextNode""}",TextNode,43944e20526114610195c2ed,43944e20526114610195c2ed,43944e20526114610195c2ed,Madhya Pradesh
775c9a65-75ea-4b5e-a7fb-c5ce69d2cf9e,"Question: How can I manage prolonged heat in cattle?

Answer: In Punjab summer the long heat wave is very tough on our animals, it cuts milk, eggs and even makes buffalo, cow, goat or poultry weak. PAU experts say simple desi plus modern steps can save your animals and income. First of all, never leave them in open sun in the peak hours (12–4 pm), always keep shade or shed ready and give fresh cool water 3–4 times daily. Morning and evening give green fodder like berseem, maize or chaffed paddy straw, and if possible put fan, cooler or mist sprayer in the shed. Whitewash on walls and roof or thatch cover on poultry and goat house keeps inside temperature down, and one or two times cool water shower or spray makes animals feel fresh. For health side always add mineral mixture or electrolyte, about 50 gram per adult animal per day, in feed so body salts don’t drop. In dairy cows or buffalo, give yeast and buffer supplements as per packet to maintain digestion and milk fat. If animal shows panting or drooling, just shower with clean water, don’t panic. No medicine or injection needed, just shade, water and feed balance is the real cure. For mating, avoid the hot mid-day, best is early morning or evening service. Grazing also shift to cool hours. Always keep floor dry and bedding clean, otherwise foot rot and flies will come. And remember, if you ever use any spray or chemical, always strictly follow the specific withdrawal period mentioned on any chemical or drug’s label or as prescribed by your veterinarian before milk sale or slaughter. These small steps give us good milk, healthy goats and safe poultry even in Punjab’s loo winds.",all,2012,6,10,all,Barnala,all,Animal Husbandry,Animal Husbandry,all,,Satarupa Saha,,,-1,,,,1459,"{""id_"": ""775c9a65-75ea-4b5e-a7fb-c5ce69d2cf9e"", ""embedding"": null, ""metadata"": {""Category"": """", ""Year"": ""2012"", ""Month"": ""6"", ""Day"": ""10"", ""Crop"": ""Gen"", ""State"": ""PUNJAB"", ""District"": ""BARNALA"", ""BlockName"": """", ""Sector"": ""ANIMAL HUSBANDRY"", ""Sector (A)"": ""ANIMAL HUSBANDRY"", ""Season"": """", ""QueryType"": """", ""Agri Specialist"": ""Satarupa Saha"", ""latitude"": """", ""longitude"": """", ""cluster"": ""-1"", ""num_questions_in_cluster"": """", ""Date"": """", ""Source [Name and Link]"": """", ""SL No."": ""1459""}, ""excluded_embed_metadata_keys"": [], ""excluded_llm_metadata_keys"": [], ""relationships"": {""1"": {""node_id"": ""13144bda718f2cecf92f8cad"", ""node_type"": ""4"", ""metadata"": {""Category"": """", ""Year"": ""2012"", ""Month"": ""6"", ""Day"": ""10"", ""Crop"": ""Gen"", ""State"": ""PUNJAB"", ""District"": ""BARNALA"", ""BlockName"": """", ""Sector"": ""ANIMAL HUSBANDRY"", ""Sector (A)"": ""ANIMAL HUSBANDRY"", ""Season"": """", ""QueryType"": """", ""Agri Specialist"": ""Satarupa Saha"", ""latitude"": """", ""longitude"": """", ""cluster"": ""-1"", ""num_questions_in_cluster"": """", ""Date"": """", ""Source [Name and Link]"": """", ""SL No."": ""1459""}, ""hash"": ""41b3e3449ce52c77db8d329b234c5f280c5f0c2e961bffec583738a5f1f8adfa"", ""class_name"": ""RelatedNodeInfo""}}, ""metadata_template"": ""{key}: {value}"", ""metadata_separator"": ""\n"", ""text"": """", ""mimetype"": ""text/plain"", ""start_char_idx"": 0, ""end_char_idx"": 1657, ""metadata_seperator"": ""\n"", ""text_template"": ""{metadata_str}\n\n{content}"", ""class_name"": ""TextNode""}",TextNode,13144bda718f2cecf92f8cad,13144bda718f2cecf92f8cad,13144bda718f2cecf92f8cad,Punjab
dad14835-e523-433a-8e30-116836c4a3ae,"Question: Can we use cow urine for spraying in berseem crop?

Answer: You can safely use cow urine spray on barseem because it acts as bio-fertilizer(supply N, K and other micronutrients) and bio-pesticides helps in reducing aphids, jassids, especially when it is fermented for 7-10 days and mixed with neem extracts and trichoderma. It is eco-friendly and residue free which is best for livestock crop like barseem and also improve soil microbial activity. It is recommended not to spray fresh undiluted cow urine directly on leaves as it can harm leaves, take 1 part of cow urine with 10 part of water and spray 80-100 litre diluted solution per acre using a knapsack sprayer at a interval of 20-25 days if needed. But always remember it is a supplementary input only, not as direct substitute of recommended fertilizers, fungicides and pesticides.",all,2014,4,5,Berseem,RUPNAGAR,all,Agriculture,Agriculture,Rabi,,Salim Sahaji,,,-1,,,,2045,"{""id_"": ""dad14835-e523-433a-8e30-116836c4a3ae"", ""embedding"": null, ""metadata"": {""Category"": """", ""Year"": ""2014"", ""Month"": ""4"", ""Day"": ""5"", ""Crop"": ""Barseem"", ""State"": ""PUNJAB"", ""District"": ""RUPNAGAR"", ""BlockName"": """", ""Sector"": ""AGRICULTURE"", ""Sector (A)"": ""AGRICULTURE"", ""Season"": ""RABI"", ""QueryType"": """", ""Agri Specialist"": ""Salim Sahaji"", ""latitude"": """", ""longitude"": """", ""cluster"": ""-1"", ""num_questions_in_cluster"": """", ""Date"": """", ""Source [Name and Link]"": """", ""SL No."": ""2045""}, ""excluded_embed_metadata_keys"": [], ""excluded_llm_metadata_keys"": [], ""relationships"": {""1"": {""node_id"": ""57ed9cd5e900da5ca4b859ac"", ""node_type"": ""4"", ""metadata"": {""Category"": """", ""Year"": ""2014"", ""Month"": ""4"", ""Day"": ""5"", ""Crop"": ""Barseem"", ""State"": ""PUNJAB"", ""District"": ""RUPNAGAR"", ""BlockName"": """", ""Sector"": ""AGRICULTURE"", ""Sector (A)"": ""AGRICULTURE"", ""Season"": ""RABI"", ""QueryType"": """", ""Agri Specialist"": ""Salim Sahaji"", ""latitude"": """", ""longitude"": """", ""cluster"": ""-1"", ""num_questions_in_cluster"": """", ""Date"": """", ""Source [Name and Link]"": """", ""SL No."": ""2045""}, ""hash"": ""e74ed8c58724d93de2634a627fce5bd15756f77ce6ffd58638da562115ca9fd9"", ""class_name"": ""RelatedNodeInfo""}}, ""metadata_template"": ""{key}: {value}"", ""metadata_separator"": ""\n"", ""text"": """", ""mimetype"": ""text/plain"", ""start_char_idx"": 0, ""end_char_idx"": 850, ""metadata_seperator"": ""\n"", ""text_template"": ""{metadata_str}\n\n{content}"", ""class_name"": ""TextNode""}",TextNode,57ed9cd5e900da5ca4b859ac,57ed9cd5e900da5ca4b859ac,57ed9cd5e900da5ca4b859ac,Punjab
e94e7c77-bf32-4cd6-8318-f6f0f29ceaa5,"Question: What is the yield of HD 296 variety?

Answer: HD 296 (DBW 296/Karan Aishwarya) is a wheat variety. The potential yield of HD 296 is around 45-50 quintals per acre with three irrigations under recommended practices. If 2 irrigations are available, the expected yield will be around 30-35 quintals per acre.",all,2012,11,24,Wheat,Faridkot,all,Agriculture,Agriculture,Rabi,,Salim Sahaji,,,-1,,12-8-2025,https://www.pau.edu/content/ccil/pf/pp_rabi.pdf,1385,"{""id_"": ""e94e7c77-bf32-4cd6-8318-f6f0f29ceaa5"", ""embedding"": null, ""metadata"": {""Category"": """", ""Year"": ""2012"", ""Month"": ""11"", ""Day"": ""24"", ""Crop"": ""Wheat"", ""State"": ""PUNJAB"", ""District"": ""FARIDKOT"", ""BlockName"": """", ""Sector"": ""AGRICULTURE"", ""Sector (A)"": ""AGRICULTURE"", ""Season"": ""Rabi"", ""QueryType"": """", ""Agri Specialist"": ""Salim Sahaji"", ""latitude"": """", ""longitude"": """", ""cluster"": ""-1"", ""num_questions_in_cluster"": """", ""Date"": ""12-8-2025"", ""Source [Name and Link]"": ""https://www.pau.edu/content/ccil/pf/pp_rabi.pdf"", ""SL No."": ""1385""}, ""excluded_embed_metadata_keys"": [], ""excluded_llm_metadata_keys"": [], ""relationships"": {""1"": {""node_id"": ""ed55a4f6f6da9b74f2b54de9"", ""node_type"": ""4"", ""metadata"": {""Category"": """", ""Year"": ""2012"", ""Month"": ""11"", ""Day"": ""24"", ""Crop"": ""Wheat"", ""State"": ""PUNJAB"", ""District"": ""FARIDKOT"", ""BlockName"": """", ""Sector"": ""AGRICULTURE"", ""Sector (A)"": ""AGRICULTURE"", ""Season"": ""Rabi"", ""QueryType"": """", ""Agri Specialist"": ""Salim Sahaji"", ""latitude"": """", ""longitude"": """", ""cluster"": ""-1"", ""num_questions_in_cluster"": """", ""Date"": ""12-8-2025"", ""Source [Name and Link]"": ""https://www.pau.edu/content/ccil/pf/pp_rabi.pdf"", ""SL No."": ""1385""}, ""hash"": ""4dd3ed64aa71502966a00929dac91cbde2f0e0c425c230a4429b50010ae149f1"", ""class_name"": ""RelatedNodeInfo""}}, ""metadata_template"": ""{key}: {value}"", ""metadata_separator"": ""\n"", ""text"": """", ""mimetype"": ""text/plain"", ""start_char_idx"": 0, ""end_char_idx"": 315, ""metadata_seperator"": ""\n"", ""text_template"": ""{metadata_str}\n\n{content}"", ""class_name"": ""TextNode""}",TextNode,ed55a4f6f6da9b74f2b54de9,ed55a4f6f6da9b74f2b54de9,ed55a4f6f6da9b74f2b54de9,Punjab
51a1958e-83bf-4884-a196-bedff56f4bff,"Question: How can we increase rice production in Betul district, Madhya Pradesh?

Answer: Betul district, located on the Satpura plateau, is a significant rice-producing region in Madhya Pradesh, with a climate and soil profile that are well-suited for the crop. To increase rice production, select high-yielding and region-specific varieties such as IR-64, MTU-1010, JRH-5, and hybrid varieties recommended by local agriculture universities. Prepare field with fine tilth, proper leveling, and bunding to ensure uniform water distribution. Employ alternate wetting and drying or System of Rice Intensification (SRI) methods to save water and improve root growth. In water stress areas, choose DSR method instead of traditional transplanting. It saves labor, reduces water requirements, and can be more cost-effective. Follow soil test-based nutrient management to apply optimal quantities of nitrogen, phosphorus, potassium, and micronutrients like zinc and iron. Integrated nutrient management combining organic manures and chemical fertilizers improves soil health and productivity. Use healthy seedlings of optimum age (20-25 days) for transplantation or direct-seeding methods with appropriate spacing (20x15 cm) for better tillering and canopy development.  Monitor pest populations such as stem borers, leaf folders, and diseases like blast and bacterial blight. Implement integrated pest management with biological controls and judicious insecticide use. Timely application of herbicides like Pretilachlor or Pendimethalin in early crop stages, combined with manual weeding or mechanical weeders, reduces yield losses caused by weeds.",Cereals,2012,6,5,Paddy,Betul,Amla,Agriculture,Agriculture,Kharif,Cultural Practices,Salim Sahaji,21.8797,77.8754,438,7,,,3375,"{""id_"": ""51a1958e-83bf-4884-a196-bedff56f4bff"", ""embedding"": null, ""metadata"": {""Category"": ""Cereals"", ""Year"": ""2012"", ""Month"": ""6"", ""Day"": ""5"", ""Crop"": ""Paddy"", ""State"": ""MADHYA PRADESH"", ""District"": ""BETUL"", ""BlockName"": ""AMLA"", ""Sector"": ""AGRICULTURE"", ""Sector (A)"": ""AGRICULTURE"", ""Season"": ""KHARIF"", ""QueryType"": ""Cultural Practices"", ""Agri Specialist"": ""Salim Sahaji"", ""latitude"": ""21.8797"", ""longitude"": ""77.8754"", ""cluster"": ""438"", ""num_questions_in_cluster"": ""7"", ""Date"": """", ""Source [Name and Link]"": """", ""SL No."": ""3375""}, ""excluded_embed_metadata_keys"": [], ""excluded_llm_metadata_keys"": [], ""relationships"": {""1"": {""node_id"": ""54f4fa41e4ccc155473020c5"", ""node_type"": ""4"", ""metadata"": {""Category"": ""Cereals"", ""Year"": ""2012"", ""Month"": ""6"", ""Day"": ""5"", ""Crop"": ""Paddy"", ""State"": ""MADHYA PRADESH"", ""District"": ""BETUL"", ""BlockName"": ""AMLA"", ""Sector"": ""AGRICULTURE"", ""Sector (A)"": ""AGRICULTURE"", ""Season"": ""KHARIF"", ""QueryType"": ""Cultural Practices"", ""Agri Specialist"": ""Salim Sahaji"", ""latitude"": ""21.8797"", ""longitude"": ""77.8754"", ""cluster"": ""438"", ""num_questions_in_cluster"": ""7"", ""Date"": """", ""Source [Name and Link]"": """", ""SL No."": ""3375""}, ""hash"": ""b84844eb7d26c9b0afb060bd2b4b80a4a2acebd36af3d1eb5ed7624842ac6cfb"", ""class_name"": ""RelatedNodeInfo""}}, ""metadata_template"": ""{key}: {value}"", ""metadata_separator"": ""\n"", ""text"": """", ""mimetype"": ""text/plain"", ""start_char_idx"": 0, ""end_char_idx"": 1642, ""metadata_seperator"": ""\n"", ""text_template"": ""{metadata_str}\n\n{content}"", ""class_name"": ""TextNode""}",TextNode,54f4fa41e4ccc155473020c5,54f4fa41e4ccc155473020c5,54f4fa41e4ccc155473020c5,Madhya Pradesh
20757d3d-54cb-4b23-9a46-6fd076329688,"Question: What are the symptoms and control measures of caterpillar infestation in cashew?

Answer: Caterpillar attack in cashew young leaves , flower bunches and fruits. It is caused by Hairy caterpillar .
During the early stages when the caterpillar population is below economic threshold level that is just one caterpillar in a branch it is better to remove the caterpillar rather than spraying a chemical. 
If the population increases , spraying of insecticide like Lambda-cyhalothrin 5% EC at 120-150 ml per acre mixed in 200 liters of water or Emamectin Benzoate 5% SG at 80-100 grams per acre in 200 liters of water should be used. Rotate the chemicals to avoid resistance build up. Repeat the process in 7-14 days based on severity . Make sure to follow a waiting period of 5-7 days for both insecticides to avoid contamination.",all,2009,2,17,Cashew,Cuddalore,all,Horticulture,Horticulture,Kharif,,Adheena Victor,,,-1,,6-8-2025,,2626,"{""id_"": ""20757d3d-54cb-4b23-9a46-6fd076329688"", ""embedding"": null, ""metadata"": {""Category"": """", ""Year"": ""2009"", ""Month"": ""2"", ""Day"": ""17"", ""Crop"": ""Cashew"", ""State"": ""TAMILNADU"", ""District"": ""CUDDALORE"", ""BlockName"": """", ""Sector"": ""HORTICULTURE"", ""Sector (A)"": ""HORTICULTURE"", ""Season"": ""KHARIF"", ""QueryType"": """", ""Agri Specialist"": ""Adheena Victor"", ""latitude"": """", ""longitude"": """", ""cluster"": ""-1"", ""num_questions_in_cluster"": """", ""Date"": ""6-8-2025"", ""Source [Name and Link]"": """", ""SL No."": ""2626""}, ""excluded_embed_metadata_keys"": [], ""excluded_llm_metadata_keys"": [], ""relationships"": {""1"": {""node_id"": ""3384c0d37a62769954283ef3"", ""node_type"": ""4"", ""metadata"": {""Category"": """", ""Year"": ""2009"", ""Month"": ""2"", ""Day"": ""17"", ""Crop"": ""Cashew"", ""State"": ""TAMILNADU"", ""District"": ""CUDDALORE"", ""BlockName"": """", ""Sector"": ""HORTICULTURE"", ""Sector (A)"": ""HORTICULTURE"", ""Season"": ""KHARIF"", ""QueryType"": """", ""Agri Specialist"": ""Adheena Victor"", ""latitude"": """", ""longitude"": """", ""cluster"": ""-1"", ""num_questions_in_cluster"": """", ""Date"": ""6-8-2025"", ""Source [Name and Link]"": """", ""SL No."": ""2626""}, ""hash"": ""9ddd5f329fab32bd35b496fe21ea7ca3232ce37503d51543a6c5dac1b3696388"", ""class_name"": ""RelatedNodeInfo""}}, ""metadata_template"": ""{key}: {value}"", ""metadata_separator"": ""\n"", ""text"": """", ""mimetype"": ""text/plain"", ""start_char_idx"": 0, ""end_char_idx"": 836, ""metadata_seperator"": ""\n"", ""text_template"": ""{metadata_str}\n\n{content}"", ""class_name"": ""TextNode""}",TextNode,3384c0d37a62769954283ef3,3384c0d37a62769954283ef3,3384c0d37a62769954283ef3,Tamil Nadu
cf07729a-325a-4ceb-9b59-c6c5745345b3,"Question: What is the reason for low milk production in my buffaloes?

Answer: Low milk yield in buffaloes is a common issue caused by a combination of factors such as poor nutrition, improper management, health disorders, and low genetic potential. Nutritional deficiencies, especially in protein, energy, and minerals, directly affect milk production. Inadequate supply of clean drinking water also limits yield. Health problems like mastitis, internal parasites, or reproductive issues further contribute to reduced milk output. Stress from poor housing, extreme temperatures, and irregular milking practices can also negatively impact lactation. To improve milk yield, buffaloes should be given a balanced diet including green fodder, dry roughage, concentrate feed, and mineral mixture. Clean water should be available at all times, and milking should be done regularly with proper hygiene. Housing must be clean, ventilated, and comfortable to reduce stress. Regular deworming, vaccination, and treatment of diseases are essential for animal health. Lastly, selecting high-yielding breeds or using artificial insemination with proven bulls can enhance milk productivity in the long term",all,2009,6,24,Buffalo,SAGAR,all,Animal Husbandry,Animal Husbandry,Zaid,9999,Ponugoti Kavya,23.8083,78.7583,-1,,25-8-2025,,4243,"{""id_"": ""cf07729a-325a-4ceb-9b59-c6c5745345b3"", ""embedding"": null, ""metadata"": {""Category"": ""0"", ""Year"": ""2009"", ""Month"": ""6"", ""Day"": ""24"", ""Crop"": ""Buffallo"", ""State"": ""MADHYA PRADESH"", ""District"": ""SAGAR"", ""BlockName"": ""0"", ""Sector"": ""ANIMAL HUSBANDRY"", ""Sector (A)"": ""ANIMAL HUSBANDRY"", ""Season"": ""JAYAD"", ""QueryType"": ""9999"", ""Agri Specialist"": ""Ponugoti Kavya"", ""latitude"": ""23.8083"", ""longitude"": ""78.7583"", ""cluster"": ""-1"", ""num_questions_in_cluster"": """", ""Date"": ""25-8-2025"", ""Source [Name and Link]"": """", ""SL No."": ""4243""}, ""excluded_embed_metadata_keys"": [], ""excluded_llm_metadata_keys"": [], ""relationships"": {""1"": {""node_id"": ""16f2c4f57f1dd60fe20b644e"", ""node_type"": ""4"", ""metadata"": {""Category"": ""0"", ""Year"": ""2009"", ""Month"": ""6"", ""Day"": ""24"", ""Crop"": ""Buffallo"", ""State"": ""MADHYA PRADESH"", ""District"": ""SAGAR"", ""BlockName"": ""0"", ""Sector"": ""ANIMAL HUSBANDRY"", ""Sector (A)"": ""ANIMAL HUSBANDRY"", ""Season"": ""JAYAD"", ""QueryType"": ""9999"", ""Agri Specialist"": ""Ponugoti Kavya"", ""latitude"": ""23.8083"", ""longitude"": ""78.7583"", ""cluster"": ""-1"", ""num_questions_in_cluster"": """", ""Date"": ""25-8-2025"", ""Source [Name and Link]"": """", ""SL No."": ""4243""}, ""hash"": ""68cd40cfb1511450988820ac9ffbf3f5a3f30f3f18411f0230b3a81ad0993a60"", ""class_name"": ""RelatedNodeInfo""}}, ""metadata_template"": ""{key}: {value}"", ""metadata_separator"": ""\n"", ""text"": """", ""mimetype"": ""text/plain"", ""start_char_idx"": 0, ""end_char_idx"": 1192, ""metadata_seperator"": ""\n"", ""text_template"": ""{metadata_str}\n\n{content}"", ""class_name"": ""TextNode""}",TextNode,16f2c4f57f1dd60fe20b644e,16f2c4f57f1dd60fe20b644e,16f2c4f57f1dd60fe20b644e,Madhya Pradesh
f8bd681a-785c-4134-8dd7-e5312fd2a983,"Question: How can I control the cotton caterpillar?

Answer: Cotton crops are affected by several caterpillar pests, including the American bollworm, pink bollworm, spotted bollworm, and armyworm. An integrated pest management approach is the most effective strategy for control. Begin with cultural and mechanical practices. Use pheromone traps, placing 4 to 5 traps/acre for each pest species to monitor and trap adult moths. Practice deep summer plowing to expose and destroy pupae in the soil. Grow trap crops like marigold or okra around the field to attract pests away from the cotton. Handpick and destroy egg masses and larvae when spotted during regular field scouting. For biological control, conserve natural enemies like spiders and parasitic wasps. Release the egg parasitoid Trichogramma chilonis at 50,000 eggs/acre, making multiple releases at weekly intervals. Apply biopesticides like HaNPV at 100 larval equivalents/acre. Chemical insecticides should be used only when the pest population crosses the economic threshold level. Always rotate chemicals from different groups to prevent resistance. You should choose Chlorantraniliprole 18.5%SC should be applied at 60 to 70 ml/acre with an application interval of 12 to 15 days. Emamectin Benzoate 5%SG should be applied at 80 to 100 gm/acre with an application interval of 12 to 15 days. Spinosad 45%SC should be applied at 50 to 60 ml/acre with an application interval of 10 to 12 days. Indoxacarb 14.5%SC should be applied at 150 to 200 ml/acre with an application interval of 12 to 15 days. For best results, spray during the evening hours and ensure thorough coverage of squares, flowers, and bolls. Always wear appropriate protective gear when handling and applying chemicals.",all,2006,1,21,Cotton,NEEMUCH,all,Agriculture,Agriculture,Kharif,3,Tejas R. Dange,24.6306,75.1829,-1,,,"https://www.cicr.org.in/pest_management.html
https://ppqs.gov.in/integrated-pest-management-ipm/ipm-cotton
http://kvkkhargone.mp.gov.in/PDF/Cotton.pdf",3999,"{""id_"": ""f8bd681a-785c-4134-8dd7-e5312fd2a983"", ""embedding"": null, ""metadata"": {""Category"": ""0"", ""Year"": ""2006"", ""Month"": ""1"", ""Day"": ""21"", ""Crop"": ""Cotton"", ""State"": ""MADHYA PRADESH"", ""District"": ""NEEMUCH"", ""BlockName"": ""0"", ""Sector"": ""AGRICULTURE"", ""Sector (A)"": ""AGRICULTURE"", ""Season"": ""KHARIF"", ""QueryType"": ""3"", ""Agri Specialist"": ""Tejas R. Dange"", ""latitude"": ""24.6306"", ""longitude"": ""75.1829"", ""cluster"": ""-1"", ""num_questions_in_cluster"": """", ""Date"": """", ""Source [Name and Link]"": ""https://www.cicr.org.in/pest_management.html\nhttps://ppqs.gov.in/integrated-pest-management-ipm/ipm-cotton\nhttp://kvkkhargone.mp.gov.in/PDF/Cotton.pdf"", ""SL No."": ""3999""}, ""excluded_embed_metadata_keys"": [], ""excluded_llm_metadata_keys"": [], ""relationships"": {""1"": {""node_id"": ""0641fd23416876335812c84b"", ""node_type"": ""4"", ""metadata"": {""Category"": ""0"", ""Year"": ""2006"", ""Month"": ""1"", ""Day"": ""21"", ""Crop"": ""Cotton"", ""State"": ""MADHYA PRADESH"", ""District"": ""NEEMUCH"", ""BlockName"": ""0"", ""Sector"": ""AGRICULTURE"", ""Sector (A)"": ""AGRICULTURE"", ""Season"": ""KHARIF"", ""QueryType"": ""3"", ""Agri Specialist"": ""Tejas R. Dange"", ""latitude"": ""24.6306"", ""longitude"": ""75.1829"", ""cluster"": ""-1"", ""num_questions_in_cluster"": """", ""Date"": """", ""Source [Name and Link]"": ""https://www.cicr.org.in/pest_management.html\nhttps://ppqs.gov.in/integrated-pest-management-ipm/ipm-cotton\nhttp://kvkkhargone.mp.gov.in/PDF/Cotton.pdf"", ""SL No."": ""3999""}, ""hash"": ""63926965627c490b1b44fccd1db4e7810f5efbee11e661311e956e036c633762"", ""class_name"": ""RelatedNodeInfo""}}, ""metadata_template"": ""{key}: {value}"", ""metadata_separator"": ""\n"", ""text"": """", ""mimetype"": ""text/plain"", ""start_char_idx"": 0, ""end_char_idx"": 1749, ""metadata_seperator"": ""\n"", ""text_template"": ""{metadata_str}\n\n{content}"", ""class_name"": ""TextNode""}",TextNode,0641fd23416876335812c84b,0641fd23416876335812c84b,0641fd23416876335812c84b,Madhya Pradesh
61005287-dc8c-48d2-8cba-90fdf4f64d9b,"Question: How to control Fruit borer in Brinjal Crop?

Answer: For effective management of shoot and fruit borer in brinjal, Intercropping of brinjal (2 rows) with
coriander (one row) or fennel (1 row) should be followed. Install pheromone traps @ 4-5/acre for
monitoring and 10/acre for mass
t rapping at 10 m distance from 20 DAT, the pheromone septa should be changed at regular interval. Place the traps either at canopy level or at slightly above the canopy level for effective attraction.

As part of Biological Control Release Trichogramma chilonis at
 20,000/acre/week commencing from 21 days after transplanting (based on adult activity) till end of the crop. Trichocards should be tied to sticks placed at 4-5 m apart in the field in the evening prior to 1 day of parasitoid
adult emergence. Conserve predators such as lady bird beetle, Seven spotted ladybird beetle,
Lacewing. Spray azadirachtin 1% EC (10000
 ppm) neem based EC @ 400-600 ml in 400 l of water/acre or azadirachtin 0.03% (300 ppm) neem oil based WSP @ 1000-2000 ml in 400-600 l of
water/acre.

For chemical control  lambda cyhalothrin 4.9% CS @ 200 ml in 200 l of water/acre or lambda cyhalothrin 5% EC @ 120 ml in 160- 240 l of water/acre. As an alternative Spinosad 45% SC @ 73 ml/acre ( in 200 liters of water) can be used. A pre- harvest interval of 5 days is needed in case of  lambda cyhalothrin and 3-5 days is needed for Spinosad to avoid contamination.",Vegetables,2014,6,8,Brinjal,NARSIMPUR,Gotegaon,Horticulture,Horticulture,Rabi,Plant Protection,Adheena Victor,23.8143,77.5341,640,19,,https://niphm.gov.in/IPMPackages/Brinjal.pdf,3566,"{""id_"": ""61005287-dc8c-48d2-8cba-90fdf4f64d9b"", ""embedding"": null, ""metadata"": {""Category"": ""Vegetables"", ""Year"": ""2014"", ""Month"": ""6"", ""Day"": ""8"", ""Crop"": ""Brinjal"", ""State"": ""MADHYA PRADESH"", ""District"": ""NARSIMPUR"", ""BlockName"": ""GOTEGAON"", ""Sector"": ""HORTICULTURE"", ""Sector (A)"": ""HORTICULTURE"", ""Season"": ""RABI"", ""QueryType"": ""Plant Protection"", ""Agri Specialist"": ""Adheena Victor"", ""latitude"": ""23.8143"", ""longitude"": ""77.5341"", ""cluster"": ""640"", ""num_questions_in_cluster"": ""19"", ""Date"": """", ""Source [Name and Link]"": ""https://niphm.gov.in/IPMPackages/Brinjal.pdf"", ""SL No."": ""3566""}, ""excluded_embed_metadata_keys"": [], ""excluded_llm_metadata_keys"": [], ""relationships"": {""1"": {""node_id"": ""7be42954e8fffbbf7ba2b256"", ""node_type"": ""4"", ""metadata"": {""Category"": ""Vegetables"", ""Year"": ""2014"", ""Month"": ""6"", ""Day"": ""8"", ""Crop"": ""Brinjal"", ""State"": ""MADHYA PRADESH"", ""District"": ""NARSIMPUR"", ""BlockName"": ""GOTEGAON"", ""Sector"": ""HORTICULTURE"", ""Sector (A)"": ""HORTICULTURE"", ""Season"": ""RABI"", ""QueryType"": ""Plant Protection"", ""Agri Specialist"": ""Adheena Victor"", ""latitude"": ""23.8143"", ""longitude"": ""77.5341"", ""cluster"": ""640"", ""num_questions_in_cluster"": ""19"", ""Date"": """", ""Source [Name and Link]"": ""https://niphm.gov.in/IPMPackages/Brinjal.pdf"", ""SL No."": ""3566""}, ""hash"": ""9ec8da55a66e277e3337c3612eea1fc73b84d8895a316cf08fd49500e4160101"", ""class_name"": ""RelatedNodeInfo""}}, ""metadata_template"": ""{key}: {value}"", ""metadata_separator"": ""\n"", ""text"": """", ""mimetype"": ""text/plain"", ""start_char_idx"": 0, ""end_char_idx"": 1438, ""metadata_seperator"": ""\n"", ""text_template"": ""{metadata_str}\n\n{content}"", ""class_name"": ""TextNode""}",TextNode,7be42954e8fffbbf7ba2b256,7be42954e8fffbbf7ba2b256,7be42954e8fffbbf7ba2b256,Madhya Pradesh
d7f34999-5b74-476a-a632-9c7e06cf2cd7,"Question: What is NSFM & what are its uses?

Answer: Fisheries become the life-changing decision for many farmers, as they are getting large amounts of profit. If you want to build up your career in fisheries, you can go with the government scheme that is (Pradhan Mantri Matsya Sampada Yojana PMMSY) to promote sustainable fisheries, aquaculture, and marine development, its main aim is to enhance fish production, improve livelihoods, modernize infrastructure, and ensure sustainability. In aquaculture development you can get a 40-50% subsidy if you have a general category; if you have an SC/ST category, you can get a 60% subsidy. You have to collect all the necessary/beneficial information from District Fisheries Development Officer then you can apply for the NSFM scheme, you can apply from https://pmmsy.dof.gov.in. On this website, you verify your eligibility; after that, you have to submit the necessary documents, and then your application is reviewed by the District Fisheries Officer. After confirmation, the subsidy will be released in 2-3 installments. You can also apply at the State Fisheries Department or NCDC (National Cooperative Development Corporation).",all,2009,2,17,all,Beed,all,Agriculture,Agriculture,Zaid,,Tejas R. Dange,,,-1,,6-8-2025,"https://pmmsy.dof.gov.in
https://kvk.icar.gov.in/API/Content/PPupload/p2984_49.pdf
https://nfdb.gov.in/schemes
https://dof.gov.in/pmmsy-guidelines",339,"{""id_"": ""d7f34999-5b74-476a-a632-9c7e06cf2cd7"", ""embedding"": null, ""metadata"": {""Category"": """", ""Year"": ""2009"", ""Month"": ""2"", ""Day"": ""17"", ""Crop"": ""GEN"", ""State"": ""MAHARASHTRA"", ""District"": ""BEED"", ""BlockName"": """", ""Sector"": ""AGRICULTURE"", ""Sector (A)"": ""AGRICULTURE"", ""Season"": ""JAYAD"", ""QueryType"": """", ""Agri Specialist"": ""Tejas R. Dange"", ""latitude"": """", ""longitude"": """", ""cluster"": ""-1"", ""num_questions_in_cluster"": """", ""Date"": ""6-8-2025"", ""Source [Name and Link]"": ""https://pmmsy.dof.gov.in\nhttps://kvk.icar.gov.in/API/Content/PPupload/p2984_49.pdf\nhttps://nfdb.gov.in/schemes\nhttps://dof.gov.in/pmmsy-guidelines"", ""SL No."": ""339""}, ""excluded_embed_metadata_keys"": [], ""excluded_llm_metadata_keys"": [], ""relationships"": {""1"": {""node_id"": ""f1a310b013d3cad418c78363"", ""node_type"": ""4"", ""metadata"": {""Category"": """", ""Year"": ""2009"", ""Month"": ""2"", ""Day"": ""17"", ""Crop"": ""GEN"", ""State"": ""MAHARASHTRA"", ""District"": ""BEED"", ""BlockName"": """", ""Sector"": ""AGRICULTURE"", ""Sector (A)"": ""AGRICULTURE"", ""Season"": ""JAYAD"", ""QueryType"": """", ""Agri Specialist"": ""Tejas R. Dange"", ""latitude"": """", ""longitude"": """", ""cluster"": ""-1"", ""num_questions_in_cluster"": """", ""Date"": ""6-8-2025"", ""Source [Name and Link]"": ""https://pmmsy.dof.gov.in\nhttps://kvk.icar.gov.in/API/Content/PPupload/p2984_49.pdf\nhttps://nfdb.gov.in/schemes\nhttps://dof.gov.in/pmmsy-guidelines"", ""SL No."": ""339""}, ""hash"": ""2382a8cb1f2306135c9cec6cd4a50ca1630583a11672d2b5ab1b7e92f176d747"", ""class_name"": ""RelatedNodeInfo""}}, ""metadata_template"": ""{key}: {value}"", ""metadata_separator"": ""\n"", ""text"": """", ""mimetype"": ""text/plain"", ""start_char_idx"": 0, ""end_char_idx"": 1179, ""metadata_seperator"": ""\n"", ""text_template"": ""{metadata_str}\n\n{content}"", ""class_name"": ""TextNode""}",TextNode,f1a310b013d3cad418c78363,f1a310b013d3cad418c78363,f1a310b013d3cad418c78363,Maharashtra
